Detection_Rate,N_Detected,Mean_Abundance,Median_Abundance,SD_Abundance,CV_Percent,Min_Abundance,Max_Abundance,Gene,Accession,Description
100.0,120,5156542872.0618,5208325510.4136,1002455179.2769536,19.440450785511075,2286446186.68788,7639846928.2097,APOB,A0AAG2UUW0,Apolipoprotein B OS=Homo sapiens OX=9606 GN=APOB PE=1 SV=1
100.0,120,3271435234.619318,3209302798.617915,414549228.224746,12.671784660073982,2268739606.67136,4473818810.44653,F5,P12259,Coagulation factor V OS=Homo sapiens OX=9606 GN=F5 PE=1 SV=4
100.0,120,1547407228.9648616,1551822415.584115,362406793.6310443,23.420259828660388,483920026.97024,2625198186.04282,TLN1,Q9Y490,Talin-1 OS=Homo sapiens OX=9606 GN=TLN1 PE=1 SV=3
100.0,120,2948772000.80898,2893427531.97725,532477034.7588312,18.05758582259832,1929165702.16064,4262656164.80316,FGA,P02671,Fibrinogen alpha chain OS=Homo sapiens OX=9606 GN=FGA PE=1 SV=2
100.0,120,3296216698.197502,3218234248.9333754,674103404.2525951,20.45082183526407,1841408971.65433,5596521866.27643,C3,P01024,Complement C3 OS=Homo sapiens OX=9606 GN=C3 PE=1 SV=2
100.0,120,357497786.6329165,287367128.4216615,272264288.76344734,76.15831452489856,166363487.954267,2664621784.20191,FGB,P02675,Fibrinogen beta chain OS=Homo sapiens OX=9606 GN=FGB PE=1 SV=2
100.0,120,6533958997.685506,6499424546.246495,851436913.1140192,13.030949741429657,4547247483.82234,8560727626.4098,APOE,P02649,Apolipoprotein E OS=Homo sapiens OX=9606 GN=APOE PE=1 SV=1
100.0,120,2590785886.626571,2603166733.288845,289441527.0098769,11.171958613174128,1782903645.79954,3508192729.8197,ALB,P02768,Albumin OS=Homo sapiens OX=9606 GN=ALB PE=1 SV=2
100.0,120,1756301242.2528942,1685640387.68488,337307844.039422,19.205580223056756,1143319447.07277,3375109338.89794,KRT1,P04264,"Keratin, type II cytoskeletal 1 OS=Homo sapiens OX=9606 GN=KRT1 PE=1 SV=6"
100.0,120,2123493238.3788502,2072868412.33692,410869834.3824488,19.348770552060778,1278794251.29803,4653566876.52428,FGG,P02679,Fibrinogen gamma chain OS=Homo sapiens OX=9606 GN=FGG PE=1 SV=3
100.0,120,6333125465.418783,6332313048.40781,1027045318.3353074,16.217037289776687,3675931962.99801,8891180343.94337,KNG1,P01042,Kininogen-1 OS=Homo sapiens OX=9606 GN=KNG1 PE=1 SV=2
100.0,120,1839903879.5969458,1839472552.471205,456927769.82148427,24.834328297714123,367674126.575362,2784959756.82381,KRT2,P35908,"Keratin, type II cytoskeletal 2 epidermal OS=Homo sapiens OX=9606 GN=KRT2 PE=1 SV=2"
100.0,120,2127620589.4691858,2088949614.3188648,492771894.9596922,23.160703435504566,1085562792.58845,3255748110.46726,FLNA,P21333,Filamin-A OS=Homo sapiens OX=9606 GN=FLNA PE=1 SV=4
100.0,120,404861904.0562755,377929772.00296247,186220751.90202633,45.99611621550389,105075595.562085,1619481460.56822,FN1,P02751,Fibronectin OS=Homo sapiens OX=9606 GN=FN1 PE=1 SV=5
100.0,120,1104966839.389745,1106960677.599415,190177073.4620399,17.211111382045775,602952413.316074,1564236166.87103,KRT9,P35527,"Keratin, type I cytoskeletal 9 OS=Homo sapiens OX=9606 GN=KRT9 PE=1 SV=3"
100.0,120,879403128.0482345,873830697.6707275,187929450.71978024,21.370113970014497,356041002.917099,1367225004.21037,THBS1,P07996,Thrombospondin-1 OS=Homo sapiens OX=9606 GN=THBS1 PE=1 SV=2
100.0,120,812221536.9073558,763258654.587487,219747521.84179327,27.055121276211402,368025251.861827,1593885708.32307,ANPEP,P15144,Aminopeptidase N OS=Homo sapiens OX=9606 GN=ANPEP PE=1 SV=4
100.0,120,1553145505.4402356,1489330910.495625,486434347.9435856,31.3193030684982,575107129.900987,2718341376.3467,VTN,P04004,Vitronectin OS=Homo sapiens OX=9606 GN=VTN PE=1 SV=1
100.0,120,885196177.7288233,885163019.4657655,233280607.0209705,26.35354883925348,392769276.263374,1646352889.42596,MMRN1,Q13201,Multimerin-1 OS=Homo sapiens OX=9606 GN=MMRN1 PE=1 SV=3
100.0,120,10342650.303293666,9810806.989355475,3330920.878639031,32.205680178302885,1693512.82709921,22682747.3282329,C4A,A0A140TA44,Complement C4A (Rodgers blood group) OS=Homo sapiens OX=9606 GN=C4A PE=1 SV=1
100.0,120,409716730.08904546,424461395.851937,97389764.0496916,23.7700237499517,62617514.104165,583142747.137752,VWF,P04275,von Willebrand factor OS=Homo sapiens OX=9606 GN=VWF PE=1 SV=4
100.0,120,858775030.808819,837794125.0942326,190469451.62180007,22.179202327577045,282351153.298351,1786306569.73757,LPA,P08519,Apolipoprotein(a) OS=Homo sapiens OX=9606 GN=LPA PE=1 SV=2
100.0,120,2463036611.013986,2383569913.730965,476913129.11963505,19.36281121389011,1546824185.4229,3663154057.42003,A2M,P01023,Alpha-2-macroglobulin OS=Homo sapiens OX=9606 GN=A2M PE=1 SV=3
100.0,120,5192718867.059403,5160976531.528219,818050186.7609704,15.753793103461922,3656426750.17483,10759099826.1616,HRG,P04196,Histidine-rich glycoprotein OS=Homo sapiens OX=9606 GN=HRG PE=1 SV=1
100.0,120,1934914502.357882,1872724999.71205,497768165.92717963,25.72558970024777,892067639.661281,3101264797.11386,TF,P02787,Serotransferrin OS=Homo sapiens OX=9606 GN=TF PE=1 SV=5
100.0,120,903038404.438516,854439328.584768,290267682.0991524,32.143448237911066,332454111.239506,3183182817.16534,APOA4,P06727,Apolipoprotein A-IV OS=Homo sapiens OX=9606 GN=APOA4 PE=1 SV=4
100.0,120,877575944.1650589,828568714.6213081,281144039.9568534,32.0364342056275,90331058.3715727,1991413480.15874,CFH,P08603,Complement factor H OS=Homo sapiens OX=9606 GN=CFH PE=1 SV=4
100.0,120,1895371455.9896483,1831673162.97747,344795895.7307622,18.191468202243797,1299360096.84089,2893450774.31477,APOA1,P02647,Apolipoprotein A-I OS=Homo sapiens OX=9606 GN=APOA1 PE=1 SV=1
100.0,120,1428358129.6207526,1431541346.70837,200199782.26435378,14.016077488739423,524854013.493608,1944945237.36343,LTBP1,Q14766,Latent-transforming growth factor beta-binding protein 1 OS=Homo sapiens OX=9606 GN=LTBP1 PE=1 SV=4
100.0,120,1974696300.6273189,1964637109.021625,351141703.8927949,17.782061159543606,913274363.081023,3275655975.12319,,H0YAC1,Uncharacterized protein (Fragment) OS=Homo sapiens OX=9606 PE=3 SV=1
100.0,120,456565313.5256049,457763928.419947,104913760.9770038,22.97891624023253,228127941.345847,863564396.221354,GAPDH,P04406,Glyceraldehyde-3-phosphate dehydrogenase OS=Homo sapiens OX=9606 GN=GAPDH PE=1 SV=3
100.0,120,2316520816.1274667,2301415840.1268053,403561225.48294216,17.42100578908574,1300767222.59093,3710529208.11698,KRT14,P02533,"Keratin, type I cytoskeletal 14 OS=Homo sapiens OX=9606 GN=KRT14 PE=1 SV=4"
100.0,120,524819608.7604189,503683338.69632447,171448846.4150406,32.66814797945313,70319419.4637319,941595559.443937,MME,P08473,Neprilysin OS=Homo sapiens OX=9606 GN=MME PE=1 SV=2
100.0,120,1401104756.4935088,1378634342.398165,210667393.25808245,15.035806015341185,909066367.205412,2544524799.84936,IGHG1,P01857,Immunoglobulin heavy constant gamma 1 OS=Homo sapiens OX=9606 GN=IGHG1 PE=1 SV=2
100.0,120,1400684561.8698003,1370696180.0281749,280887367.4548246,20.053577736293658,448635792.619803,2130400473.91221,ACTB,P60709,"Actin, cytoplasmic 1 OS=Homo sapiens OX=9606 GN=ACTB PE=1 SV=1"
100.0,120,522628239.88620585,485609653.1322025,190307551.2362996,36.41356067512466,215106037.655969,1211931037.19872,DPP4,P27487,Dipeptidyl peptidase 4 OS=Homo sapiens OX=9606 GN=DPP4 PE=1 SV=2
100.0,120,623656521.3427503,577249393.4611025,206798964.97520286,33.15911209105275,355236694.998226,1993219171.45877,KRT5,P13647,"Keratin, type II cytoskeletal 5 OS=Homo sapiens OX=9606 GN=KRT5 PE=1 SV=3"
100.0,120,957948058.8898406,941259769.045369,159762295.53716797,16.677553031665973,592874376.182674,1502074515.70649,C1R,P00736,Complement C1r subcomponent OS=Homo sapiens OX=9606 GN=C1R PE=1 SV=2
100.0,120,2103633766.3834798,2030519096.35072,345198942.6037103,16.409650202428942,1382256857.72117,3094461882.27334,F12,P00748,Coagulation factor XII OS=Homo sapiens OX=9606 GN=F12 PE=1 SV=3
100.0,120,614685437.1039777,596543022.924477,169180991.27837935,27.52318195066681,237482051.541865,1297716547.44053,IGHA1,P01876,Immunoglobulin heavy constant alpha 1 OS=Homo sapiens OX=9606 GN=IGHA1 PE=1 SV=3
100.0,120,550434111.9676411,520950363.011707,168744443.11641458,30.65661074550821,112858789.993301,926533156.762891,HPR,P00739,Haptoglobin-related protein OS=Homo sapiens OX=9606 GN=HPR PE=1 SV=2
100.0,120,1318331670.267399,1280615343.37376,314720233.47028136,23.8726141962778,648960493.123895,2205544342.5227,ITIH4,Q14624,Inter-alpha-trypsin inhibitor heavy chain H4 OS=Homo sapiens OX=9606 GN=ITIH4 PE=1 SV=4
100.0,120,823566248.7749898,781405959.9642055,248474508.0826854,30.17055500420006,356561843.082393,1922251526.0049,CAVIN2,O95810,Caveolae-associated protein 2 OS=Homo sapiens OX=9606 GN=CAVIN2 PE=1 SV=3
100.0,120,1148249687.5829823,1090217179.9525099,289042143.0828724,25.172412081495448,587703807.447286,1929570417.99239,CAMP,P49913,Cathelicidin antimicrobial peptide OS=Homo sapiens OX=9606 GN=CAMP PE=1 SV=1
100.0,120,620275574.6456476,556045124.186646,213417387.28433645,34.406866239454615,342963083.855524,1229742916.1157,RAP1B,P61224,Ras-related protein Rap-1b OS=Homo sapiens OX=9606 GN=RAP1B PE=1 SV=1
100.0,120,1499851460.9857178,1433708182.70207,384194195.73233825,25.61548298121748,855719633.368551,2618977253.47477,GC,P02774,Vitamin D-binding protein OS=Homo sapiens OX=9606 GN=GC PE=1 SV=2
100.0,120,514677028.44668555,517123925.6150795,274781793.088214,53.389169887281675,99116370.1228533,1290669270.4092,HRNR,Q86YZ3,Hornerin OS=Homo sapiens OX=9606 GN=HRNR PE=1 SV=2
100.0,120,207504413.73519817,181153029.419941,128050421.58467217,61.70973391827735,54265421.9986791,876991079.550988,CP,P00450,Ceruloplasmin OS=Homo sapiens OX=9606 GN=CP PE=1 SV=2
100.0,120,3194965452.881671,3301814083.15869,688861494.0003649,21.560843275443005,1151106866.72592,4756486841.24727,IGHM,P01871,Immunoglobulin heavy constant mu OS=Homo sapiens OX=9606 GN=IGHM PE=1 SV=5
100.0,120,1170626283.2957194,1173097317.2845001,204517153.4304589,17.47074675742562,629206980.947054,1704115904.57181,,B4E1Z4,Complement C2 OS=Homo sapiens OX=9606 PE=1 SV=1
100.0,120,602884023.7479485,602778715.344363,117863687.73601168,19.549976959629582,309771255.065568,845326390.091863,APOH,P02749,Beta-2-glycoprotein 1 OS=Homo sapiens OX=9606 GN=APOH PE=1 SV=3
100.0,120,72249183.09746605,59213316.31774105,45451722.87221603,62.90967028776016,25313734.3526729,366336366.573435,BASP1,P80723,Brain acid soluble protein 1 OS=Homo sapiens OX=9606 GN=BASP1 PE=1 SV=2
100.0,120,1222013002.4054768,1169181584.28052,338562942.02503824,27.705346944639096,561140864.705278,2009503453.40348,HABP2,Q14520,Hyaluronan-binding protein 2 OS=Homo sapiens OX=9606 GN=HABP2 PE=1 SV=1
100.0,120,1423898448.3343675,1450316521.13405,434414253.70135564,30.50879465523121,484230104.892214,2265206251.85714,,A0A8I5KW61,C-X-C motif chemokine OS=Homo sapiens OX=9606 PE=1 SV=1
100.0,120,798744786.2424604,770156963.3292279,230755784.0980176,28.88980160779056,387602076.448695,2551720962.66825,TFPI,P10646,Tissue factor pathway inhibitor OS=Homo sapiens OX=9606 GN=TFPI PE=1 SV=1
100.0,120,2815441223.974938,2764993061.5192747,634610581.6028657,22.54035979152498,1522859542.48823,4433799228.97597,SAA2-SAA4,A0A096LPE2,SAA2-SAA4 readthrough OS=Homo sapiens OX=9606 GN=SAA2-SAA4 PE=3 SV=1
100.0,120,190728638.23572534,141836456.3921305,143296468.66655558,75.13107102953916,64520338.0013719,1175597472.1941,SERPINA1,P01009,Alpha-1-antitrypsin OS=Homo sapiens OX=9606 GN=SERPINA1 PE=1 SV=3
100.0,120,288145611.79700506,278806566.24398947,96964220.05442455,33.65111807523712,127330169.434112,563873751.20267,CLU,P10909,Clusterin OS=Homo sapiens OX=9606 GN=CLU PE=1 SV=1
98.33333333333333,118,7663828.354623064,7231676.405876515,2580075.1047288794,33.66561704337358,1086475.78259326,14991263.1271404,EHD1,A0A024R571,EH domain containing 1 OS=Homo sapiens OX=9606 GN=EHD1 PE=1 SV=1
100.0,120,887610437.4903605,857447225.3074131,210350921.4817955,23.698563310785755,427967688.162485,1607554606.28124,EHD1,Q9H4M9,EH domain-containing protein 1 OS=Homo sapiens OX=9606 GN=EHD1 PE=1 SV=2
100.0,120,1247831719.4327142,1182187594.32007,385633524.4172969,30.904289289313187,263743154.426159,2199145573.36867,IGFBP3,P17936,Insulin-like growth factor-binding protein 3 OS=Homo sapiens OX=9606 GN=IGFBP3 PE=1 SV=2
100.0,120,325176275.8624217,313791079.566745,73813231.27836795,22.6994515767188,225152583.73987,814422958.053486,FYB1,O15117,FYN-binding protein 1 OS=Homo sapiens OX=9606 GN=FYB1 PE=1 SV=2
100.0,120,1386165654.4280436,1322788923.4653502,354014225.26423746,25.53909946717804,628981313.87855,2495640464.61106,SERPING1,P05155,Plasma protease C1 inhibitor OS=Homo sapiens OX=9606 GN=SERPING1 PE=1 SV=2
66.66666666666666,80,397642.19027211884,349311.82578186004,183777.83193757926,46.21688453426293,163578.035547895,1126435.80208714,SERPING1,E9PGN7,Serpin family G member 1 OS=Homo sapiens OX=9606 GN=SERPING1 PE=1 SV=1
100.0,120,257066915.4637766,244197665.0591325,68736251.03447384,26.738660986563044,109923065.558496,574144853.876864,CSRP1,P21291,Cysteine and glycine-rich protein 1 OS=Homo sapiens OX=9606 GN=CSRP1 PE=1 SV=3
100.0,120,1503282538.6487162,1476249014.6027,413052170.6184319,27.476682526341317,654122896.243125,2728838256.11272,MARCKS,P29966,Myristoylated alanine-rich C-kinase substrate OS=Homo sapiens OX=9606 GN=MARCKS PE=1 SV=4
100.0,120,744479063.8334525,740496735.423085,100958935.28864704,13.56101738694865,517626547.040775,1094761977.50891,FHL1,Q5JXI8,Four and a half LIM domains 1 (Fragment) OS=Homo sapiens OX=9606 GN=FHL1 PE=1 SV=1
100.0,120,1004499616.1232152,982060997.1473765,139986341.38228172,13.93592781274996,711828707.910882,1442897830.40643,IGHG3,A0A9H3ZR93,Immunoglobulin heavy constant gamma 3 (G3m marker) (Fragment) OS=Homo sapiens OX=9606 GN=IGHG3 PE=1 SV=1
100.0,120,332347119.5823086,310412683.6653275,80708618.664609,24.28443452918834,226381506.138606,923733923.689696,BIN2,Q9UBW5,Bridging integrator 2 OS=Homo sapiens OX=9606 GN=BIN2 PE=1 SV=3
100.0,120,750456725.9767438,751260502.4837551,162504647.87136656,21.654099729716126,352601940.379921,1124446289.41503,EEF1A1,P68104,Elongation factor 1-alpha 1 OS=Homo sapiens OX=9606 GN=EEF1A1 PE=1 SV=1
100.0,120,521297255.5097764,520681623.9990695,97043889.20211269,18.61584502439275,278277984.390306,789256519.210678,PON1,P27169,Serum paraoxonase/arylesterase 1 OS=Homo sapiens OX=9606 GN=PON1 PE=1 SV=3
100.0,120,394930643.43525785,358614167.073265,137981429.97044057,34.93814224447748,203744934.514908,1266705208.5788,MAPRE2,Q15555,Microtubule-associated protein RP/EB family member 2 OS=Homo sapiens OX=9606 GN=MAPRE2 PE=1 SV=1
100.0,120,1294199630.47687,1273517063.779585,254939047.42825434,19.698587561357723,507609225.708103,1967731312.72268,C8B,A0A8Q3WL56,Complement component C8 beta chain OS=Homo sapiens OX=9606 GN=C8B PE=1 SV=1
100.0,120,1517855548.5237398,1468330892.90212,309036055.52809143,20.360043867722368,464156428.745677,2571553538.71539,CLEC3B,P05452,Tetranectin OS=Homo sapiens OX=9606 GN=CLEC3B PE=1 SV=3
99.16666666666667,119,1501603018.1555064,1448801541.09027,432633335.2204912,28.811432182116697,6054846.84352052,2786962266.38789,APOA5,Q6Q788,Apolipoprotein A-V OS=Homo sapiens OX=9606 GN=APOA5 PE=1 SV=1
100.0,120,322106725.0193846,318467367.9621515,57436207.732559286,17.831421473458132,183532988.995501,545724558.520833,C4BPA,P04003,C4b-binding protein alpha chain OS=Homo sapiens OX=9606 GN=C4BPA PE=1 SV=2
100.0,120,367527129.3350646,370059678.413011,50816846.48538103,13.826692624655928,228727802.47151,503765722.68498,ITIH2,P19823,Inter-alpha-trypsin inhibitor heavy chain H2 OS=Homo sapiens OX=9606 GN=ITIH2 PE=1 SV=2
100.0,120,356248254.92615163,347572615.83168304,62766183.87022447,17.618664232681102,228865216.366406,549793569.973877,HP,P00738,Haptoglobin OS=Homo sapiens OX=9606 GN=HP PE=1 SV=1
100.0,120,1028473023.1011691,1020523835.34319,224217580.04577595,21.801017139923566,459051602.682404,1653582249.83345,PRG4,Q92954,Proteoglycan 4 OS=Homo sapiens OX=9606 GN=PRG4 PE=1 SV=3
100.0,120,337285818.03134793,331530563.7886385,82592433.43274261,24.487372138803156,167270428.601553,552511491.388218,DSP,P15924,Desmoplakin OS=Homo sapiens OX=9606 GN=DSP PE=1 SV=3
100.0,120,959920082.6164039,975084324.4872689,215061979.78950322,22.404154646220135,232874693.428774,1527567764.81316,IGKC,P01834,Immunoglobulin kappa constant OS=Homo sapiens OX=9606 GN=IGKC PE=1 SV=2
100.0,120,587058688.3352199,584842029.6623615,101020531.75520137,17.207910173627656,205149133.816009,943525756.947238,PDIA5,Q14554,Protein disulfide-isomerase A5 OS=Homo sapiens OX=9606 GN=PDIA5 PE=1 SV=1
100.0,120,1713644762.0755289,1596443147.45725,487609052.9653887,28.45450024162577,953039033.589716,3389660909.91052,APOA2,V9GYM3,Apolipoprotein A-II OS=Homo sapiens OX=9606 GN=APOA2 PE=1 SV=1
100.0,120,836672192.531298,786004513.610472,211397620.34209988,25.266480974171014,575103157.000411,2184180474.66038,F11,P03951,Coagulation factor XI OS=Homo sapiens OX=9606 GN=F11 PE=1 SV=1
99.16666666666667,119,254632616.26965666,228290722.087741,134404540.9534568,52.783709692210834,493029.060362281,767345530.953784,WAS,P42768,Actin nucleation-promoting factor WAS OS=Homo sapiens OX=9606 GN=WAS PE=1 SV=4
100.0,120,405184042.02001345,408857078.175725,89732399.62904935,22.146084327925518,107901882.550291,577477356.169247,YARS1,P54577,"Tyrosine--tRNA ligase, cytoplasmic OS=Homo sapiens OX=9606 GN=YARS1 PE=1 SV=4"
100.0,120,2242294821.015454,2166843557.776005,434300841.19936806,19.368587802503555,1398039469.64799,3495512797.72567,IQGAP2,Q13576,Ras GTPase-activating-like protein IQGAP2 OS=Homo sapiens OX=9606 GN=IQGAP2 PE=1 SV=4
100.0,120,264684779.35546464,246208857.862432,164867160.81980798,62.288115403264555,114699114.91146,1949782835.82132,RHOA,P61586,Transforming protein RhoA OS=Homo sapiens OX=9606 GN=RHOA PE=1 SV=1
100.0,120,1225907514.5648596,1242242263.03511,130276718.66645807,10.62696142397824,699231705.004236,1677164833.70858,ILK,A0A0A0MTH3,Integrin-linked protein kinase OS=Homo sapiens OX=9606 GN=ILK PE=1 SV=1
41.66666666666667,50,419828.4821159837,325198.7526681265,361461.01630493184,86.09730680565713,1694.97896152805,2539027.44066087,C1QB,A0A8Q3SI33,Complement C1q B chain OS=Homo sapiens OX=9606 GN=C1QB PE=1 SV=1
100.0,120,430296739.53884375,431143199.817518,99265584.2275868,23.06909978773518,172159363.775029,661719655.599744,RAB8A,P61006,Ras-related protein Rab-8A OS=Homo sapiens OX=9606 GN=RAB8A PE=1 SV=1
100.0,120,523761173.9202202,504036783.8599475,121638043.331174,23.223951943734956,207832417.346125,1001664727.17568,APOL1,O14791,Apolipoprotein L1 OS=Homo sapiens OX=9606 GN=APOL1 PE=1 SV=5
100.0,120,1297982746.02551,1228751280.9337249,231743281.98686296,17.854111134872387,844760679.51103,1893630236.72226,ANTXR2,P58335,Anthrax toxin receptor 2 OS=Homo sapiens OX=9606 GN=ANTXR2 PE=1 SV=5
93.33333333333333,112,3106789.975200755,3205620.905870285,1206881.6262261667,38.84657913344079,213676.26799237,6071606.10246568,ANTXR2,J3KPY9,Anthrax toxin receptor OS=Homo sapiens OX=9606 GN=ANTXR2 PE=1 SV=1
100.0,120,918832310.2940767,923128708.1937745,116095204.15322144,12.635080727196524,441782537.230562,1230362417.00743,GGT1,P19440,Glutathione hydrolase 1 proenzyme OS=Homo sapiens OX=9606 GN=GGT1 PE=1 SV=2
100.0,120,1021112725.8546084,991483449.4552175,223017607.8313035,21.840645227944986,220202843.992177,1694085688.49233,CFL1,P23528,Cofilin-1 OS=Homo sapiens OX=9606 GN=CFL1 PE=1 SV=3
100.0,120,59771354.26018179,48554943.155141205,72640271.3589253,121.5302417989824,28084032.4640146,795118804.117951,HBB,P68871,Hemoglobin subunit beta OS=Homo sapiens OX=9606 GN=HBB PE=1 SV=2
100.0,120,1072056272.1512235,1051338912.30971,137987299.5880394,12.871273940793193,831904816.368101,1516445964.79176,APOC1,P02654,Apolipoprotein C-I OS=Homo sapiens OX=9606 GN=APOC1 PE=1 SV=1
100.0,120,974220616.3398348,943056635.45163,204050829.5286904,20.945032994201377,541055952.070752,1481110447.34406,ZYX,Q15942,Zyxin OS=Homo sapiens OX=9606 GN=ZYX PE=1 SV=1
100.0,120,721750432.6723849,654129419.3460491,245595480.52997166,34.02775660564817,325257915.173403,1545716657.76917,LIMS1,P48059,LIM and senescent cell antigen-like-containing domain protein 1 OS=Homo sapiens OX=9606 GN=LIMS1 PE=1 SV=4
100.0,120,663572636.1745931,595483972.7993486,272767844.06625193,41.105951209610126,241301944.326147,1503786697.92743,APOD,C9JF17,Apolipoprotein D (Fragment) OS=Homo sapiens OX=9606 GN=APOD PE=1 SV=1
100.0,120,575652735.0264752,561851910.78282,97810368.51355423,16.99121059662051,316305315.310842,823426564.148541,SELL,P14151,L-selectin OS=Homo sapiens OX=9606 GN=SELL PE=1 SV=2
100.0,120,397517964.81384474,392635505.04347503,75091276.8475849,18.890033531629115,188768923.726835,588219858.29102,SKAP2,O75563,Src kinase-associated phosphoprotein 2 OS=Homo sapiens OX=9606 GN=SKAP2 PE=1 SV=1
100.0,120,1260496594.4842024,1270478930.155925,162012801.99726212,12.85309319408023,937160488.547784,1654146339.15255,EHD3,Q9NZN3,EH domain-containing protein 3 OS=Homo sapiens OX=9606 GN=EHD3 PE=1 SV=2
100.0,120,734018685.5252551,739378496.0426819,318197761.07207304,43.35009003815407,92469782.8351029,1569194670.52059,F2,P00734,Prothrombin OS=Homo sapiens OX=9606 GN=F2 PE=1 SV=2
100.0,120,402401910.5694797,393020627.4325955,100255018.62826623,24.914150752014372,40247500.4077096,752972338.400497,ITIH1,P19827,Inter-alpha-trypsin inhibitor heavy chain H1 OS=Homo sapiens OX=9606 GN=ITIH1 PE=1 SV=3
100.0,120,56004601.528595656,55893025.09000355,17834105.40922274,31.844000175801163,18618809.9385964,145470625.713954,IGLC6,P0CF74,Immunoglobulin lambda constant 6 OS=Homo sapiens OX=9606 GN=IGLC6 PE=1 SV=1
100.0,120,444427458.49224865,442173812.19967604,126764106.43152349,28.523014050837364,159281797.271724,770402005.326491,RAC1,P63000,Ras-related C3 botulinum toxin substrate 1 OS=Homo sapiens OX=9606 GN=RAC1 PE=1 SV=1
100.0,120,489273899.34607494,464340118.07622397,105865717.61566213,21.637311484866437,225923523.385008,986407160.244467,PIP4K2A,P48426,Phosphatidylinositol 5-phosphate 4-kinase type-2 alpha OS=Homo sapiens OX=9606 GN=PIP4K2A PE=1 SV=2
100.0,120,540773554.4465878,504225807.7131355,170851594.3583413,31.593925581879823,333217404.822941,1825883575.79899,LTF,P02788,Lactotransferrin OS=Homo sapiens OX=9606 GN=LTF PE=1 SV=6
100.0,120,218316148.5554362,215162426.231452,59343172.95666636,27.182218699501092,74438629.6886266,496515900.492111,RALB,P11234,Ras-related protein Ral-B OS=Homo sapiens OX=9606 GN=RALB PE=1 SV=1
100.0,120,881362250.179197,860013626.6354585,200249249.238573,22.72042502363344,473281338.180861,2306596392.04111,C1S,P09871,Complement C1s subcomponent OS=Homo sapiens OX=9606 GN=C1S PE=1 SV=1
100.0,120,64554278.89931175,58581271.675636,23916032.49314285,37.04794306578155,31365195.3016143,157131832.386527,TUBA1B,P68363,Tubulin alpha-1B chain OS=Homo sapiens OX=9606 GN=TUBA1B PE=1 SV=1
100.0,120,450828222.0577386,413725110.0605875,134128637.35801287,29.751606220613823,161877118.177981,828347473.232462,AHSG,P02765,Alpha-2-HS-glycoprotein OS=Homo sapiens OX=9606 GN=AHSG PE=1 SV=2
100.0,120,8871896.882605877,7852812.22548284,4380147.684439244,49.37103916330343,2566141.49640146,30933718.6818251,EPHX1,P07099,Epoxide hydrolase 1 OS=Homo sapiens OX=9606 GN=EPHX1 PE=1 SV=1
100.0,120,192536042.38309765,186375813.493365,35029553.193188086,18.193764014058313,138573356.862086,356839999.048432,SERPINA5,P05154,Plasma serine protease inhibitor OS=Homo sapiens OX=9606 GN=SERPINA5 PE=1 SV=3
100.0,120,115162260.82467435,114680286.419581,36714906.08871861,31.881022329540937,41818452.7619845,389830669.662837,SYNCRIP,O60506,Heterogeneous nuclear ribonucleoprotein Q OS=Homo sapiens OX=9606 GN=SYNCRIP PE=1 SV=2
100.0,120,446579501.5954315,442392564.0857055,92855287.70013109,20.79255482358687,250793223.587635,699470840.088084,CFHR1,Q03591,Complement factor H-related protein 1 OS=Homo sapiens OX=9606 GN=CFHR1 PE=1 SV=2
100.0,120,120863976.00721884,111946271.499886,47208637.103819236,39.059311685228366,47112094.4502097,405674143.487592,RAN,P62826,GTP-binding nuclear protein Ran OS=Homo sapiens OX=9606 GN=RAN PE=1 SV=3
100.0,120,62357841.28266583,59390388.58188926,18767968.903132837,30.097207531701294,25860047.8333108,120883222.315206,TTR,P02766,Transthyretin OS=Homo sapiens OX=9606 GN=TTR PE=1 SV=1
100.0,120,465242925.32898587,477398503.6046965,87749262.36606306,18.86095576929261,242007478.400751,696442543.591906,WIPF1,O43516,WAS/WASL-interacting protein family member 1 OS=Homo sapiens OX=9606 GN=WIPF1 PE=1 SV=3
100.0,120,678616765.7127805,637818398.9373555,147396536.14156994,21.72014361990497,366007797.527955,1118014550.34586,C1QC,P02747,Complement C1q subcomponent subunit C OS=Homo sapiens OX=9606 GN=C1QC PE=1 SV=3
100.0,120,400191282.87659526,373517574.066087,132486633.82997994,33.10582701293723,223921927.671129,1142663321.53796,APOC4,P55056,Apolipoprotein C-IV OS=Homo sapiens OX=9606 GN=APOC4 PE=1 SV=1
100.0,120,719381164.5286456,680952500.325772,130187167.8964885,18.097105445037613,485724505.210876,1204493411.59679,SERPINF1,P36955,Pigment epithelium-derived factor OS=Homo sapiens OX=9606 GN=SERPINF1 PE=1 SV=4
100.0,120,754807035.7347703,699651863.149509,177424228.42785928,23.505905486843385,516926716.005037,1620628274.68188,S100A8,P05109,Protein S100-A8 OS=Homo sapiens OX=9606 GN=S100A8 PE=1 SV=1
100.0,120,1191576508.0708723,1186538938.568695,262137452.84841704,21.9992128976099,271669183.282539,1861115298.30075,DSG1,Q02413,Desmoglein-1 OS=Homo sapiens OX=9606 GN=DSG1 PE=1 SV=2
100.0,120,1380019157.0144167,1327880459.08246,319434346.96479166,23.147095121191466,732173324.737671,2187863830.93766,ENO1,P06733,Alpha-enolase OS=Homo sapiens OX=9606 GN=ENO1 PE=1 SV=2
100.0,120,330994493.07341754,318669630.7900965,73664828.3052937,22.255605409409085,220217860.555024,612103901.329145,ARHGAP18,Q8N392,Rho GTPase-activating protein 18 OS=Homo sapiens OX=9606 GN=ARHGAP18 PE=1 SV=3
100.0,120,21947821.948586773,17078987.75144165,18873634.740747288,85.99320144367476,6696868.78024048,184990348.53097,KRT6B,P04259,"Keratin, type II cytoskeletal 6B OS=Homo sapiens OX=9606 GN=KRT6B PE=1 SV=5"
100.0,120,327152391.9193821,317782227.113254,67198836.3651169,20.540530353718534,143912961.784713,667419441.697244,RSU1,Q15404,Ras suppressor protein 1 OS=Homo sapiens OX=9606 GN=RSU1 PE=1 SV=3
100.0,120,228889026.66346186,228008812.184368,39123284.864284106,17.092686982241187,137929708.387525,324269229.269814,APOC4-APOC2,K7ER74,Apolipoprotein C-II OS=Homo sapiens OX=9606 GN=APOC4-APOC2 PE=1 SV=1
100.0,120,39306595.81678994,37133832.116020605,14262864.79181785,36.28618682293881,17408700.9654621,93269329.8479848,PYM1,Q9BRP8,Partner of Y14 and mago OS=Homo sapiens OX=9606 GN=PYM1 PE=1 SV=1
100.0,120,480028078.8087693,475700418.8170165,97262863.80939433,20.26191135542747,154621588.392626,696099833.009594,PPIB,P23284,Peptidyl-prolyl cis-trans isomerase B OS=Homo sapiens OX=9606 GN=PPIB PE=1 SV=2
100.0,120,346666137.7310385,360922199.723696,101617986.70133027,29.312925504183728,98176130.0822265,562495293.896137,ADAM10,O14672,Disintegrin and metalloproteinase domain-containing protein 10 OS=Homo sapiens OX=9606 GN=ADAM10 PE=1 SV=1
100.0,120,2112871840.1821685,2047646269.384015,352446337.2328171,16.68091412503419,1423925911.51303,3112470083.04526,PLG,P00747,Plasminogen OS=Homo sapiens OX=9606 GN=PLG PE=1 SV=2
100.0,120,129471119.89316732,121742827.5492445,41284195.14707893,31.886798523983153,55748738.5115307,254553530.287608,ARF3,P61204,ADP-ribosylation factor 3 OS=Homo sapiens OX=9606 GN=ARF3 PE=1 SV=2
100.0,120,623379866.1855181,553982729.661022,187534235.16566783,30.08346039681967,365430873.520907,1241008859.15077,SELENOP,P49908,Selenoprotein P OS=Homo sapiens OX=9606 GN=SELENOP PE=1 SV=3
100.0,120,28014058.843689695,25718785.39269595,9837534.924104556,35.11642129044971,11270749.7849158,74787694.1372484,ICAM1,P05362,Intercellular adhesion molecule 1 OS=Homo sapiens OX=9606 GN=ICAM1 PE=1 SV=2
100.0,120,942717731.711831,806226966.05626,502998319.73837733,53.35619590235239,8746.26560087408,2848113231.04356,DIAPH1,O60610,Protein diaphanous homolog 1 OS=Homo sapiens OX=9606 GN=DIAPH1 PE=1 SV=2
100.0,120,243214476.17797318,235118457.938659,53829413.740447074,22.1324875831228,156884754.449771,445624648.102582,ORM2,P19652,Alpha-1-acid glycoprotein 2 OS=Homo sapiens OX=9606 GN=ORM2 PE=1 SV=2
100.0,120,739445079.6228676,705450533.966949,156479660.34818578,21.161769096900837,491956407.987394,1362572864.1367,C9,P02748,Complement component C9 OS=Homo sapiens OX=9606 GN=C9 PE=1 SV=2
100.0,120,319797559.82947224,309865153.78696954,91039706.91736382,28.467917943435694,150213749.306205,638259890.730765,H1-3,P16402,Histone H1.3 OS=Homo sapiens OX=9606 GN=H1-3 PE=1 SV=2
100.0,120,325036120.85429853,313778433.05588603,70129629.60969496,21.575949597654542,196964561.034805,678811196.454056,KRAS,P01116,GTPase KRas OS=Homo sapiens OX=9606 GN=KRAS PE=1 SV=1
100.0,120,449778976.5296515,437400718.8524055,106186909.09012191,23.608686628580465,77039423.3402923,889762254.874595,EIF2S3,P41091,Eukaryotic translation initiation factor 2 subunit 3 OS=Homo sapiens OX=9606 GN=EIF2S3 PE=1 SV=3
100.0,120,193906271.25608215,175168633.03218198,80889920.70011926,41.71598998636411,107263773.078659,841981259.196329,HMGB1,P09429,High mobility group protein B1 OS=Homo sapiens OX=9606 GN=HMGB1 PE=1 SV=3
100.0,120,697664480.6012042,680950902.7594831,146081222.48011774,20.938606814873815,323700114.852589,988248548.951954,LBP,P18428,Lipopolysaccharide-binding protein OS=Homo sapiens OX=9606 GN=LBP PE=1 SV=3
100.0,120,1075100537.3164594,1042558322.337265,321520531.67558324,29.90608975771934,359584156.104208,1984921498.02361,KRT16,P08779,"Keratin, type I cytoskeletal 16 OS=Homo sapiens OX=9606 GN=KRT16 PE=1 SV=4"
100.0,120,161440350.4544836,150080302.751974,86964043.20206617,53.867600607435975,59912405.6481024,935336014.733998,CPB2,Q96IY4,Carboxypeptidase B2 OS=Homo sapiens OX=9606 GN=CPB2 PE=1 SV=2
100.0,120,52523842.530010596,48972389.937529445,15084725.470584745,28.71976752646338,29930805.7077084,111583076.849627,CSTA,P01040,Cystatin-A OS=Homo sapiens OX=9606 GN=CSTA PE=1 SV=1
100.0,120,1236671797.8108952,1222192473.54314,200037397.77277932,16.175463702404887,764477971.954397,1765955868.8478,PKM,P14618,Pyruvate kinase PKM OS=Homo sapiens OX=9606 GN=PKM PE=1 SV=4
28.333333333333332,34,96285.97482732564,59291.31676773085,138527.186652454,143.8705760635249,12081.2458375289,830095.949179617,PKM,A0A804F729,Pyruvate kinase OS=Homo sapiens OX=9606 GN=PKM PE=1 SV=1
100.0,120,153724388.33510154,120209652.1821415,107349435.83810042,69.83240395407589,61722049.0352285,985100365.584993,NACA,E9PAV3,"Nascent polypeptide-associated complex subunit alpha, muscle-specific form OS=Homo sapiens OX=9606 GN=NACA PE=1 SV=1"
100.0,120,1614315326.8191156,1592838123.773865,323088149.38502395,20.013943002179403,753534517.437026,2753835441.53794,TUBB1,Q9H4B7,Tubulin beta-1 chain OS=Homo sapiens OX=9606 GN=TUBB1 PE=1 SV=1
100.0,120,463963002.06892294,450027047.0394705,98096174.73370868,21.143102854381528,270209293.52047,669199679.663201,HPX,P02790,Hemopexin OS=Homo sapiens OX=9606 GN=HPX PE=1 SV=2
100.0,120,352873325.73901767,312244728.18486,155810484.84965438,44.1547925231647,114082358.305272,1093465468.27373,SERPINC1,P01008,Antithrombin-III OS=Homo sapiens OX=9606 GN=SERPINC1 PE=1 SV=1
100.0,120,336876718.67680573,320868446.527313,87274322.5656688,25.906902355397975,211218136.166766,894629355.9012,KRT78,Q8N1N4,"Keratin, type II cytoskeletal 78 OS=Homo sapiens OX=9606 GN=KRT78 PE=1 SV=2"
100.0,120,252310449.21382385,252888031.403984,66061168.39284949,26.182494065818524,103679129.311986,436373725.06948,GSN,P06396,Gelsolin OS=Homo sapiens OX=9606 GN=GSN PE=1 SV=1
100.0,120,120247389.14753431,120845069.5405575,40800868.964178585,33.930773261213226,5016725.15092902,214464081.05105,IGKV2-28,A0A075B6P5,Immunoglobulin kappa variable 2-28 OS=Homo sapiens OX=9606 GN=IGKV2-28 PE=3 SV=1
80.0,96,4030778.4717665073,3574051.86309052,3335939.417088217,82.76166602691579,9057.5150356795,16149193.7049743,PRXL2A,Q9BRX8,Peroxiredoxin-like 2A OS=Homo sapiens OX=9606 GN=PRXL2A PE=1 SV=3
100.0,120,32155294.540466063,33058740.6118242,11439323.362641806,35.57524048876587,6610184.17512075,66801757.7440759,LRRC59,Q96AG4,Leucine-rich repeat-containing protein 59 OS=Homo sapiens OX=9606 GN=LRRC59 PE=1 SV=1
100.0,120,19463813.512221977,18713946.9924315,7883157.495395193,40.5016082302941,6891397.28426788,57667088.1119806,PRDX1,Q06830,Peroxiredoxin-1 OS=Homo sapiens OX=9606 GN=PRDX1 PE=1 SV=1
100.0,120,232754285.1403934,223619858.928773,51224794.41910761,22.00809939469415,140907938.969307,620493433.542263,APOC3,B0YIW2,Apolipoprotein C-III OS=Homo sapiens OX=9606 GN=APOC3 PE=1 SV=1
100.0,120,904562769.0723839,882056551.3987634,193475883.58665583,21.388884243496175,465084427.462803,1426138150.28246,RAB10,P61026,Ras-related protein Rab-10 OS=Homo sapiens OX=9606 GN=RAB10 PE=1 SV=1
100.0,120,277178415.9889527,263022254.469118,87253207.50751427,31.47907718434752,114760888.23476,581885856.319567,SERPINA3,P01011,Alpha-1-antichymotrypsin OS=Homo sapiens OX=9606 GN=SERPINA3 PE=1 SV=2
100.0,120,206653076.27669135,189221299.91911602,60701317.11631229,29.373536658626005,110242764.87275,390720593.852501,RPS27A,P62979,Ubiquitin-ribosomal protein eS31 fusion protein OS=Homo sapiens OX=9606 GN=RPS27A PE=1 SV=2
100.0,120,355921126.66835594,343109789.2131455,111092374.22989947,31.212638392610597,149004562.878215,844060513.108265,ORM1,P02763,Alpha-1-acid glycoprotein 1 OS=Homo sapiens OX=9606 GN=ORM1 PE=1 SV=2
100.0,120,216442365.92356655,197719035.5225165,139959957.9685526,64.6638459025057,98427515.2726792,1609617809.54568,SERPINA4,P29622,Kallistatin OS=Homo sapiens OX=9606 GN=SERPINA4 PE=1 SV=3
100.0,120,89459347.51190059,78278485.03284389,54387055.76759073,60.79527436789737,12969311.6044933,396043451.70108,IGHA2,A0A0G2JMB2,Immunoglobulin heavy constant alpha 2 (A2m marker) (Fragment) OS=Homo sapiens OX=9606 GN=IGHA2 PE=1 SV=1
100.0,120,51238927.615810156,51176342.05816585,12250493.521844095,23.908567356636308,21892810.7383185,97400363.9154027,EIF5,P55010,Eukaryotic translation initiation factor 5 OS=Homo sapiens OX=9606 GN=EIF5 PE=1 SV=2
100.0,120,146639355.41396663,129420833.6896525,141244769.04037744,96.32118788413919,58994313.8765552,1611580516.58283,DSC1,Q08554,Desmocollin-1 OS=Homo sapiens OX=9606 GN=DSC1 PE=1 SV=2
100.0,120,310734047.1776876,300562988.00027204,60639792.939726315,19.51501404191172,227671985.837273,659928800.382837,C5,P01031,Complement C5 OS=Homo sapiens OX=9606 GN=C5 PE=1 SV=4
100.0,120,131046962.71833394,130863408.7976235,23760537.33428912,18.131314790834853,63722206.4489091,205173211.881587,AGT,A0A7P0T8D1,Angiotensinogen OS=Homo sapiens OX=9606 GN=AGT PE=1 SV=1
100.0,120,2627966897.8045497,2562935473.587765,578508077.9372767,22.013522256333314,1142028312.28835,4338707998.28132,CAP1,Q01518,Adenylyl cyclase-associated protein 1 OS=Homo sapiens OX=9606 GN=CAP1 PE=1 SV=5
100.0,120,1587445290.876459,1545639586.528895,320125965.8804582,20.166110146933665,764987003.143979,2588637789.35781,MYH9,P35579,Myosin-9 OS=Homo sapiens OX=9606 GN=MYH9 PE=1 SV=4
100.0,120,22522151.82385323,22083156.27075945,4683140.032684605,20.793483985507493,13547986.2504314,37639427.7900763,BTF3L4,Q96K17,Transcription factor BTF3 homolog 4 OS=Homo sapiens OX=9606 GN=BTF3L4 PE=1 SV=1
100.0,120,460126524.2986347,445450426.57301795,174845729.788208,37.99948939147188,136772187.216197,1955823909.11319,A1BG,P04217,Alpha-1B-glycoprotein OS=Homo sapiens OX=9606 GN=A1BG PE=1 SV=4
100.0,120,311543523.75102097,309784245.6144475,55254197.940941066,17.73562720087196,203282828.461741,530692782.772079,QSOX1,O00391,Sulfhydryl oxidase 1 OS=Homo sapiens OX=9606 GN=QSOX1 PE=1 SV=3
100.0,120,224318720.66259423,220165075.16244048,40158625.239893615,17.902484964818267,126151189.017205,314809968.29751,NCL,H7BY16,Nucleolin OS=Homo sapiens OX=9606 GN=NCL PE=1 SV=9
100.0,120,64637033.263907105,64536804.85119535,23788132.22758311,36.80263623866884,13107763.7908763,135111826.904066,ADD1,P35611,Alpha-adducin OS=Homo sapiens OX=9606 GN=ADD1 PE=1 SV=2
100.0,120,801691794.4267764,786801078.4980055,196681796.73435837,24.533342875860328,427233921.933587,1389160632.0064,CLIC1,O00299,Chloride intracellular channel protein 1 OS=Homo sapiens OX=9606 GN=CLIC1 PE=1 SV=4
100.0,120,36332663.83741714,34792224.08840505,14406108.358207453,39.65057013895949,16314494.6719529,118923128.56604,APCS,P02743,Serum amyloid P-component OS=Homo sapiens OX=9606 GN=APCS PE=1 SV=2
100.0,120,376383638.4215128,376538198.3276565,88507371.34087236,23.515201593793186,165951114.956042,737881334.234278,PROS1,P07225,Vitamin K-dependent protein S OS=Homo sapiens OX=9606 GN=PROS1 PE=1 SV=1
100.0,120,1702577815.7798538,1682283579.2652202,426381590.30482304,25.043295310970677,571171911.42715,3301087086.05773,TTN,Q8WZ42,Titin OS=Homo sapiens OX=9606 GN=TTN PE=1 SV=4
100.0,120,274782200.08991885,276971226.133466,65647965.80549236,23.89090915787483,125576330.976149,421878815.645437,EIF2S2,P20042,Eukaryotic translation initiation factor 2 subunit 2 OS=Homo sapiens OX=9606 GN=EIF2S2 PE=1 SV=2
100.0,120,461407638.4249981,468219212.168718,120095140.9268145,26.027991503728863,136397366.162973,850395983.32313,CETP,P11597,Cholesteryl ester transfer protein OS=Homo sapiens OX=9606 GN=CETP PE=1 SV=2
100.0,120,161312315.73870367,162543927.3616425,50966117.31076231,31.59468455794662,45869584.5052313,279194267.883205,ENPEP,Q07075,Glutamyl aminopeptidase OS=Homo sapiens OX=9606 GN=ENPEP PE=1 SV=3
100.0,120,447787772.9203764,436509603.727176,123178779.77843216,27.5082946046263,3155602.97912086,833600477.866132,CALD1,Q05682,Caldesmon OS=Homo sapiens OX=9606 GN=CALD1 PE=1 SV=3
100.0,120,188449643.7510905,195131088.275383,76028648.5572765,40.34427820818661,37966605.7800252,420189260.912703,PLEK,P08567,Pleckstrin OS=Homo sapiens OX=9606 GN=PLEK PE=1 SV=3
100.0,120,886004546.9866676,882353420.9764905,138394213.92721298,15.620034276110268,625082715.570011,1222300660.56869,S100A9,P06702,Protein S100-A9 OS=Homo sapiens OX=9606 GN=S100A9 PE=1 SV=1
100.0,120,276388072.8316714,271094215.96215045,48401591.96639223,17.512185482718078,143743686.934497,409955153.458206,CCN2,P29279,CCN family member 2 OS=Homo sapiens OX=9606 GN=CCN2 PE=1 SV=2
100.0,120,113801823.2670946,99191375.68428946,51520595.3168732,45.2722055216581,42517175.5805061,298074628.582842,IGKV3-20,P01619,Immunoglobulin kappa variable 3-20 OS=Homo sapiens OX=9606 GN=IGKV3-20 PE=1 SV=2
100.0,120,440050562.24636626,433000315.440276,136860433.20078695,31.10106995481224,65657642.4599552,854675664.903598,RAC2,P15153,Ras-related C3 botulinum toxin substrate 2 OS=Homo sapiens OX=9606 GN=RAC2 PE=1 SV=1
100.0,120,107671162.64229761,104195745.14261699,36958729.36992196,34.32555984623785,14570462.0812293,270488332.871527,JUP,P14923,Junction plakoglobin OS=Homo sapiens OX=9606 GN=JUP PE=1 SV=3
100.0,120,333891987.4118248,307003896.775066,109178151.47367667,32.698643750026726,134987300.620279,826585072.965284,PARVB,Q9HBI1,Beta-parvin OS=Homo sapiens OX=9606 GN=PARVB PE=1 SV=1
97.5,117,3082552.55927946,2270369.27906808,3160842.9311424214,102.53979033146679,152629.631578754,16180170.4532121,CDHR2,Q9BYE9,Cadherin-related family member 2 OS=Homo sapiens OX=9606 GN=CDHR2 PE=1 SV=2
100.0,120,237096971.15895206,220070499.318517,66768298.465464,28.16075555039541,125187529.168496,456360441.173881,AMBP,P02760,Protein AMBP OS=Homo sapiens OX=9606 GN=AMBP PE=1 SV=1
100.0,120,479938813.1401273,420503277.13115597,611170896.3655914,127.34350288672076,139013582.574152,6983159554.51779,HBA1; HBA2,P69905,Hemoglobin subunit alpha OS=Homo sapiens OX=9606 GN=HBA1 PE=1 SV=2
100.0,120,144502822.07468632,145078709.273292,21279616.186814774,14.726090384460727,87288924.1854286,220031367.113587,HPSE,Q9Y251,Heparanase OS=Homo sapiens OX=9606 GN=HPSE PE=1 SV=2
99.16666666666667,119,2831810.4516906952,2608063.70103341,1539789.9436310541,54.374753179957466,212538.485903618,8620099.39078356,SEC22B,O75396,Vesicle-trafficking protein SEC22b OS=Homo sapiens OX=9606 GN=SEC22B PE=1 SV=5
100.0,120,11630405.455586083,10444000.60056515,5428141.336130459,46.67198711910188,2547838.58869139,24677057.5498919,IGKV4-1,P06312,Immunoglobulin kappa variable 4-1 OS=Homo sapiens OX=9606 GN=IGKV4-1 PE=1 SV=1
100.0,120,191312564.97995344,162138995.95403552,82144439.66314775,42.93729461614568,81106439.0972179,423161433.464141,RASGRP2,Q7LDG7,RAS guanyl-releasing protein 2 OS=Homo sapiens OX=9606 GN=RASGRP2 PE=1 SV=1
100.0,120,48555228.641124375,44645664.24371775,16792552.81244272,34.58443772669229,23949339.2247149,97996305.4955231,BANF1,O75531,Barrier-to-autointegration factor OS=Homo sapiens OX=9606 GN=BANF1 PE=1 SV=1
100.0,120,231575134.19744572,223445601.6870435,76044976.4931862,32.838144197445956,30618604.4936267,415872532.755609,SYTL4,Q96C24,Synaptotagmin-like protein 4 OS=Homo sapiens OX=9606 GN=SYTL4 PE=1 SV=2
100.0,120,244697515.61128247,246127933.115521,42357676.17554817,17.310219137179974,161047333.370969,354243483.120757,FLG2,Q5D862,Filaggrin-2 OS=Homo sapiens OX=9606 GN=FLG2 PE=1 SV=1
100.0,120,294713023.0290095,291278720.3946715,48882134.103513844,16.586350206418338,198089025.761522,541512608.503792,ARL8B,Q9NVJ2,ADP-ribosylation factor-like protein 8B OS=Homo sapiens OX=9606 GN=ARL8B PE=1 SV=1
100.0,120,658969235.2176114,657537842.7089446,281353666.2841074,42.6960245255146,4373.13280043704,1512476843.12125,LASP1,Q14847,LIM and SH3 domain protein 1 OS=Homo sapiens OX=9606 GN=LASP1 PE=1 SV=2
100.0,120,257309824.27829424,243027776.288147,89248040.19774462,34.68504960821788,106768225.358229,844266163.454876,INF2,Q27J81,Inverted formin-2 OS=Homo sapiens OX=9606 GN=INF2 PE=1 SV=2
100.0,120,181295032.9820475,173800975.7642,54397753.25132419,30.005098516246086,81275204.2145804,479861519.62062,HMGB2,P26583,High mobility group protein B2 OS=Homo sapiens OX=9606 GN=HMGB2 PE=1 SV=2
100.0,120,129772952.24823843,126528820.4139945,38199273.51324363,29.435466213462952,7563681.72440447,244203219.866462,ARHGAP45,Q92619,Rho GTPase-activating protein 45 OS=Homo sapiens OX=9606 GN=ARHGAP45 PE=1 SV=2
100.0,120,246369177.730303,241289927.248229,70857469.92825966,28.760687753654953,78539482.7774038,419179765.424235,CD5L,O43866,CD5 antigen-like OS=Homo sapiens OX=9606 GN=CD5L PE=1 SV=1
100.0,120,331653281.7120627,323845810.067554,76280410.3894238,23.000046915154456,42376113.8434303,582170863.586872,C7,P10643,Complement component C7 OS=Homo sapiens OX=9606 GN=C7 PE=1 SV=2
100.0,120,248523956.47338143,244430220.728354,46216109.71462823,18.596239320525335,125523713.068634,417418843.46487,ANTXR1,Q9H6X2,Anthrax toxin receptor 1 OS=Homo sapiens OX=9606 GN=ANTXR1 PE=1 SV=2
100.0,120,716631664.7648395,700612989.986009,114414852.96571906,15.965642964334256,503057096.165609,1096786279.66257,SRC,P12931,Proto-oncogene tyrosine-protein kinase Src OS=Homo sapiens OX=9606 GN=SRC PE=1 SV=3
100.0,120,553418331.5085382,526802645.10947704,173444677.3311479,31.340609346705744,123026300.873467,990670986.086952,PTPN6,P29350,Tyrosine-protein phosphatase non-receptor type 6 OS=Homo sapiens OX=9606 GN=PTPN6 PE=1 SV=1
100.0,120,477118325.6780421,468087540.1763945,115410048.12414056,24.188978270773628,244432048.43165,981918699.089099,CORO1C,Q9ULV4,Coronin-1C OS=Homo sapiens OX=9606 GN=CORO1C PE=1 SV=1
100.0,120,18701761.404175404,14488268.710694,15086718.540345065,80.67004072128074,2277441.15207614,109419026.894495,C6,P13671,Complement component C6 OS=Homo sapiens OX=9606 GN=C6 PE=1 SV=3
100.0,120,1385783592.8983276,1376236451.656315,300361070.1112403,21.6744570833779,742363648.330088,2328589765.58705,C1QA,P02745,Complement C1q subcomponent subunit A OS=Homo sapiens OX=9606 GN=C1QA PE=1 SV=2
100.0,120,98971945.98062801,87751444.30194676,44708375.40249801,45.172775941223655,35781677.64433,294990369.716137,HNRNPD,Q14103,Heterogeneous nuclear ribonucleoprotein D0 OS=Homo sapiens OX=9606 GN=HNRNPD PE=1 SV=1
100.0,120,949824204.9273819,944302330.581547,196764992.28992304,20.715937882943987,431055923.781034,1504847361.81612,VAMP8,Q9BV40,Vesicle-associated membrane protein 8 OS=Homo sapiens OX=9606 GN=VAMP8 PE=1 SV=1
100.0,120,301319076.8222848,299389589.04047704,73006206.59342954,24.228869729508666,104654194.502117,458382552.524259,IGHG2,P01859,Immunoglobulin heavy constant gamma 2 OS=Homo sapiens OX=9606 GN=IGHG2 PE=1 SV=3
100.0,120,73358722.12540656,71226363.84113675,14383952.880065171,19.6076928050571,50805941.7195924,119017766.213283,CTSS,P25774,Cathepsin S OS=Homo sapiens OX=9606 GN=CTSS PE=1 SV=3
100.0,120,474778473.8553088,462811481.8539645,107382422.09304117,22.61737378720471,174524421.750691,736372852.237723,SELP,P16109,P-selectin OS=Homo sapiens OX=9606 GN=SELP PE=1 SV=4
100.0,120,177810987.09780896,172025722.259421,69166812.87955564,38.89906580492063,52359899.2773087,551105792.146833,BLMH,Q13867,Bleomycin hydrolase OS=Homo sapiens OX=9606 GN=BLMH PE=1 SV=1
100.0,120,72794649.94733047,57938218.9995265,56909064.08717931,78.17753657494754,10225328.7120378,533755431.35535,RALA,P11233,Ras-related protein Ral-A OS=Homo sapiens OX=9606 GN=RALA PE=1 SV=1
97.5,117,6275830.56889727,5082472.44878432,5128256.025009593,81.7143797734916,418424.197517935,28577745.0076072,SAA1,P0DJI8,Serum amyloid A-1 protein OS=Homo sapiens OX=9606 GN=SAA1 PE=1 SV=2
100.0,120,418362780.5453945,418923208.14835596,157079144.2310233,37.54615647841537,98339980.3542683,795195467.842746,SAR1A,Q9NR31,Small COPII coat GTPase SAR1A OS=Homo sapiens OX=9606 GN=SAR1A PE=1 SV=1
100.0,120,83896506.80280663,83378837.77952705,25504757.83971425,30.400261955675408,31837439.6509844,186071814.609551,ITGB3,P05106,Integrin beta-3 OS=Homo sapiens OX=9606 GN=ITGB3 PE=1 SV=2
73.33333333333333,88,1773021.6215363515,1018523.26308955,2490304.7812052495,140.45540962142135,284783.53612663,16954954.3336865,IGLV3-21,P80748,Immunoglobulin lambda variable 3-21 OS=Homo sapiens OX=9606 GN=IGLV3-21 PE=1 SV=2
100.0,120,148503489.70747432,126315884.920944,89282449.60283677,60.1214488485809,52423438.5834191,869112952.370262,COLEC11,Q9BWP8,Collectin-11 OS=Homo sapiens OX=9606 GN=COLEC11 PE=1 SV=1
100.0,120,2923087175.0818276,2857928641.875405,532093374.7237997,18.203130555246084,1844853185.34674,4720299769.70296,MSN,P26038,Moesin OS=Homo sapiens OX=9606 GN=MSN PE=1 SV=3
100.0,120,32930127.52724242,30634889.9374673,10102090.53470806,30.677350175309247,11685967.9000099,71452434.8945954,CDSN,Q15517,Corneodesmosin OS=Homo sapiens OX=9606 GN=CDSN PE=1 SV=4
100.0,120,21420296.596810397,20258865.787541702,7082156.471547057,33.062831037557295,8269614.66031838,44858695.8536361,ST6GAL1,P15907,"Beta-galactoside alpha-2,6-sialyltransferase 1 OS=Homo sapiens OX=9606 GN=ST6GAL1 PE=1 SV=1"
100.0,120,270123346.48755413,273093841.4401115,48225315.0852004,17.853071832657147,112153156.907137,376152069.846002,TJP2,Q9UDY2,Tight junction protein ZO-2 OS=Homo sapiens OX=9606 GN=TJP2 PE=1 SV=2
100.0,120,409681470.220012,413897726.98498,87394224.79608224,21.332237640415798,121164251.853154,579106166.332179,JCHAIN,P01591,Immunoglobulin J chain OS=Homo sapiens OX=9606 GN=JCHAIN PE=1 SV=4
100.0,120,31893128.989248715,29631118.91007425,12603399.60253891,39.5176014457144,10971908.0253466,74187423.4488239,TMT1A,H0YI09,Thiol methyltransferase 1A (Fragment) OS=Homo sapiens OX=9606 GN=TMT1A PE=1 SV=1
100.0,120,200566899.27289873,202741902.74456853,41146951.81511732,20.51532529260038,73498565.3621555,293096243.144364,EIF3J,O75822,Eukaryotic translation initiation factor 3 subunit J OS=Homo sapiens OX=9606 GN=EIF3J PE=1 SV=2
100.0,120,119264159.2368817,110080992.33241001,36238979.97841969,30.385473901209554,45761719.8354453,218032420.363754,DCD,P81605,Dermcidin OS=Homo sapiens OX=9606 GN=DCD PE=1 SV=2
100.0,120,573576503.1358337,633927849.8226919,296171344.3777184,51.63589211875011,42133938.9867569,1228620307.41999,CD36,P16671,Platelet glycoprotein 4 OS=Homo sapiens OX=9606 GN=CD36 PE=1 SV=2
99.16666666666667,119,50210061.637134455,45655944.7635379,16730204.253168212,33.320421659858816,42708.8581977181,160937390.82954,NRGN,Q92686,Neurogranin OS=Homo sapiens OX=9606 GN=NRGN PE=1 SV=1
100.0,120,371556757.2481739,364962092.027533,96138442.64477548,25.874497171521426,125209947.217317,664194367.813171,IGHV3-72,A0A4W8ZXM2,Immunoglobulin heavy variable 3-72 OS=Homo sapiens OX=9606 GN=IGHV3-72 PE=4 SV=1
100.0,120,51036753.6284839,50925799.29527065,7555300.0521508055,14.803645441770714,26161187.0909094,79096362.7174622,GPLD1,P80108,Phosphatidylinositol-glycan-specific phospholipase D OS=Homo sapiens OX=9606 GN=GPLD1 PE=1 SV=3
84.16666666666667,101,1236999.990971974,1024328.6159755,762050.6113976619,61.604738638589616,212893.981217107,4077916.70983575,GGT5,P36269,Glutathione hydrolase 5 proenzyme OS=Homo sapiens OX=9606 GN=GGT5 PE=1 SV=2
100.0,120,100267812.56742226,85927083.75674695,68664787.98819423,68.48138622952659,11022268.9024193,630771213.541051,APOM,O95445,Apolipoprotein M OS=Homo sapiens OX=9606 GN=APOM PE=1 SV=2
100.0,120,95670044.21374239,94193820.74585915,20994639.631099194,21.944841568374073,56577989.4033545,185047357.010231,SFTPB,P07988,Pulmonary surfactant-associated protein B OS=Homo sapiens OX=9606 GN=SFTPB PE=1 SV=3
85.83333333333333,103,289499.9043751699,253586.048488275,192464.9247716419,66.4818612590013,30112.9232028574,817983.030865694,MARCKSL1,P49006,MARCKS-related protein OS=Homo sapiens OX=9606 GN=MARCKSL1 PE=1 SV=2
100.0,120,200925827.12898585,194744876.2579625,59202102.74935779,29.464655487695246,55154083.0605277,334182541.881421,TXN,P10599,Thioredoxin OS=Homo sapiens OX=9606 GN=TXN PE=1 SV=3
100.0,120,120788327.96522084,107417114.985936,52123097.90627018,43.152429364928565,21623456.8590103,271776779.268581,IGHV4-34,P06331,Immunoglobulin heavy variable 4-34 OS=Homo sapiens OX=9606 GN=IGHV4-34 PE=1 SV=2
100.0,120,31812588.31554649,28913002.0405963,10242534.015892822,32.196481198882516,13342015.4430551,69885484.3229412,CASP14,P31944,Caspase-14 OS=Homo sapiens OX=9606 GN=CASP14 PE=1 SV=2
100.0,120,295982944.7148421,301210475.325797,98648994.18006426,33.329283305531455,1199426.11939864,703162906.853443,FLG,P20930,Filaggrin OS=Homo sapiens OX=9606 GN=FLG PE=1 SV=3
100.0,120,245204047.94165167,234517312.579736,97538759.70453331,39.77860909039457,66507959.9464252,684782263.46311,S100A7,P31151,Protein S100-A7 OS=Homo sapiens OX=9606 GN=S100A7 PE=1 SV=4
88.33333333333333,106,540933.0136150942,500061.3248614795,255495.95755372912,47.232457831743574,137243.68795162,1224737.59743677,ANGPTL3,Q9Y5C1,Angiopoietin-related protein 3 OS=Homo sapiens OX=9606 GN=ANGPTL3 PE=1 SV=1
100.0,120,1189217836.6895223,1193975383.8515549,205110489.9140536,17.247512069363896,636279158.563781,1669740369.25342,CD9,A0A087WU13,Tetraspanin OS=Homo sapiens OX=9606 GN=CD9 PE=1 SV=2
0.0,0,,,,,,,CD9,P21926,CD9 antigen OS=Homo sapiens OX=9606 GN=CD9 PE=1 SV=4
100.0,120,177269190.29953086,176866413.755225,47940224.85872064,27.043743347457212,69311954.2995278,272522695.768802,RAB8B,Q92930,Ras-related protein Rab-8B OS=Homo sapiens OX=9606 GN=RAB8B PE=1 SV=2
100.0,120,563979412.2987267,561148613.7507031,154889572.58870402,27.4636926829277,172890192.396671,909193741.43988,RAP1A,P62834,Ras-related protein Rap-1A OS=Homo sapiens OX=9606 GN=RAP1A PE=1 SV=1
100.0,120,54019575.95926223,46201768.389351696,27821147.19373596,51.50197257141876,16258931.7177294,172338728.500193,CFHR2,P36980,Complement factor H-related protein 2 OS=Homo sapiens OX=9606 GN=CFHR2 PE=1 SV=1
0.0,0,,,,,,,ANXA2,H0YMW4,Annexin OS=Homo sapiens OX=9606 GN=ANXA2 PE=1 SV=2
100.0,120,281438392.94723105,283809125.2813785,62585146.297984414,22.237600791630076,108207198.009119,412656676.974992,TNIK,Q9UKE5,TRAF2 and NCK-interacting protein kinase OS=Homo sapiens OX=9606 GN=TNIK PE=1 SV=1
100.0,120,90508600.9530552,88445005.0491222,16242608.487877907,17.945928140357164,57528895.1856938,137027192.91392,GLIPR2,Q9H4G4,Golgi-associated plant pathogenesis-related protein 1 OS=Homo sapiens OX=9606 GN=GLIPR2 PE=1 SV=3
100.0,120,13027114.50873214,11871597.0445255,4739939.710172422,36.38518496935923,6514551.11849221,24107396.2545064,HSPA5,P11021,Endoplasmic reticulum chaperone BiP OS=Homo sapiens OX=9606 GN=HSPA5 PE=1 SV=2
100.0,120,173821534.73167318,170007100.9892345,49043822.98219706,28.215044273947754,54985513.5470667,272674559.126805,EMILIN1,Q9Y6C2,EMILIN-1 OS=Homo sapiens OX=9606 GN=EMILIN1 PE=1 SV=3
11.666666666666666,14,559864.8466027954,152913.74715324002,1059300.2933843043,189.20643076843166,17452.4928196773,3600134.36753748,HSPD1,P10809,"60 kDa heat shock protein, mitochondrial OS=Homo sapiens OX=9606 GN=HSPD1 PE=1 SV=2"
100.0,120,192015137.5689101,184694085.1774435,53386337.38146603,27.803192007352457,82402717.5920539,385986281.94197,C8A,P07357,Complement component C8 alpha chain OS=Homo sapiens OX=9606 GN=C8A PE=1 SV=2
100.0,120,153053462.66831812,157586364.28584802,35735421.920906246,23.348326328525093,39758154.9672472,229782055.364405,MYL6,B7Z6Z4,Myosin light chain 6 OS=Homo sapiens OX=9606 GN=MYL6 PE=1 SV=1
100.0,120,48678374.82900235,48029023.29950561,11693047.08177748,24.021030124470826,28679748.819637,85057108.6400296,SERPINF2,P08697,Alpha-2-antiplasmin OS=Homo sapiens OX=9606 GN=SERPINF2 PE=1 SV=3
95.0,114,13277956.92661891,9766269.339059927,13067538.719810061,98.41528174875297,154923.55457576,50429199.632287,CYP2C9,P11712,Cytochrome P450 2C9 OS=Homo sapiens OX=9606 GN=CYP2C9 PE=1 SV=3
91.66666666666666,110,12798243.67065208,6686763.03593681,27194746.44772329,212.48811280319762,263738.56359851,151954618.137342,RAP1B,F5GZG1,"RAP1B, member of RAS oncogene family (Fragment) OS=Homo sapiens OX=9606 GN=RAP1B PE=1 SV=8"
99.16666666666667,119,6588439.956944019,5126869.47047639,5436809.398146385,82.52043630474542,110430.85376316,35393743.1653511,SCARB1,B7ZKQ9,Scavenger receptor class B member 1 OS=Homo sapiens OX=9606 GN=SCARB1 PE=1 SV=1
47.5,57,2960504.176999042,2652601.92027507,1306687.2930560221,44.137323068416165,936029.677931125,6694227.00889751,CIRBP,K7EQR7,Cold-inducible RNA-binding protein OS=Homo sapiens OX=9606 GN=CIRBP PE=1 SV=1
100.0,120,14490524.301966524,13386637.60609475,5461931.293632484,37.6931240016708,6189512.9382517,38661094.8573623,CIRBP,Q14011,Cold-inducible RNA-binding protein OS=Homo sapiens OX=9606 GN=CIRBP PE=1 SV=1
100.0,120,64737318.507778,59193507.3704319,20214233.74647661,31.22500933375535,31356726.0321545,135195828.778978,PIGR,P01833,Polymeric immunoglobulin receptor OS=Homo sapiens OX=9606 GN=PIGR PE=1 SV=4
100.0,120,292946686.8931992,290596278.6282035,99114699.91557613,33.833698877676945,59790109.1210389,589850486.242327,SPTB,P11277,"Spectrin beta chain, erythrocytic OS=Homo sapiens OX=9606 GN=SPTB PE=1 SV=5"
100.0,120,305490511.3745425,297138197.985246,85991728.40338948,28.148739552162557,346692.495448327,516948339.254385,DTD1,Q8TEA8,D-aminoacyl-tRNA deacylase 1 OS=Homo sapiens OX=9606 GN=DTD1 PE=1 SV=2
100.0,120,864965743.9143265,875530436.387991,205050344.08017704,23.70618091211794,357976078.39585,1438425553.1193,CDC42,P60953,Cell division control protein 42 homolog OS=Homo sapiens OX=9606 GN=CDC42 PE=1 SV=2
100.0,120,166171180.51015887,165317094.7657705,26239869.73181517,15.790866774404963,103245917.019784,233204210.093844,LRRC47,Q8N1G4,Leucine-rich repeat-containing protein 47 OS=Homo sapiens OX=9606 GN=LRRC47 PE=1 SV=1
94.16666666666667,113,6625916.098815105,6030956.4741817,4322098.351119774,65.23020042304314,192123.148258335,17325672.2544172,ITGA1,P56199,Integrin alpha-1 OS=Homo sapiens OX=9606 GN=ITGA1 PE=1 SV=2
100.0,120,87196207.28816353,76750529.0710728,46210448.990540594,52.99593919013659,22846334.3542347,265998285.825842,UBE2O,Q9C0C9,(E3-independent) E2 ubiquitin-conjugating enzyme OS=Homo sapiens OX=9606 GN=UBE2O PE=1 SV=3
100.0,120,45205728.48300858,43049463.83712655,17244129.618056364,38.14589477202628,9823490.18634065,88994784.6784128,PF4V1,P10720,Platelet factor 4 variant OS=Homo sapiens OX=9606 GN=PF4V1 PE=1 SV=1
100.0,120,8991329.874141132,8844078.757417649,2523084.548530534,28.061305544876845,3231957.53059641,18724027.8903757,C8G,P07360,Complement component C8 gamma chain OS=Homo sapiens OX=9606 GN=C8G PE=1 SV=3
100.0,120,331483571.3732404,330539872.7367785,60828060.36773464,18.35024888737068,160400407.810348,551460544.149409,IGLV3-25,P01717,Immunoglobulin lambda variable 3-25 OS=Homo sapiens OX=9606 GN=IGLV3-25 PE=1 SV=2
100.0,120,151835410.38718817,144633851.585536,64784927.642982386,42.667864813469706,30863874.1857875,491792508.561485,KRT4,P19013,"Keratin, type II cytoskeletal 4 OS=Homo sapiens OX=9606 GN=KRT4 PE=1 SV=5"
100.0,120,36364554.15736244,36814865.71266145,12434841.661957253,34.1949515128035,1400022.85485133,66367797.5597307,IGHV5-51,A0A0C4DH38,Immunoglobulin heavy variable 5-51 OS=Homo sapiens OX=9606 GN=IGHV5-51 PE=1 SV=1
100.0,120,43116550.83733742,23609938.308632597,40083215.19031094,92.96479985500204,1803538.27774633,174889648.160133,GNAI2,P04899,Guanine nucleotide-binding protein G(i) subunit alpha-2 OS=Homo sapiens OX=9606 GN=GNAI2 PE=1 SV=3
100.0,120,219054100.1179816,213017521.826554,43208582.68534299,19.725073697351945,123469180.466394,437145406.41156,H1-5,P16401,Histone H1.5 OS=Homo sapiens OX=9606 GN=H1-5 PE=1 SV=3
100.0,120,171113846.18668672,158108846.57915002,60263588.55497276,35.21841738582899,79029376.9725597,559110537.215224,IGLL5,B9A064,Immunoglobulin lambda-like polypeptide 5 OS=Homo sapiens OX=9606 GN=IGLL5 PE=1 SV=2
100.0,120,472962492.16775614,442827032.84689546,126860800.53464341,26.82259220032333,253970418.502689,1007410537.17839,MYLK,Q15746,"Myosin light chain kinase, smooth muscle OS=Homo sapiens OX=9606 GN=MYLK PE=1 SV=4"
100.0,120,140180053.25441658,143635305.35098952,43266638.165959015,30.8650461756019,35984439.0072125,263770800.809274,STOM,P27105,Stomatin OS=Homo sapiens OX=9606 GN=STOM PE=1 SV=3
100.0,120,302409574.93261087,299668514.3217985,136686602.34309903,45.19916486558283,90893536.957017,790884212.847203,KRT17,Q04695,"Keratin, type I cytoskeletal 17 OS=Homo sapiens OX=9606 GN=KRT17 PE=1 SV=2"
100.0,120,13015295.595246632,12965345.50074225,3240984.2545308233,24.901349576067073,1699618.83046123,23071797.2782751,CFP,P27918,Properdin OS=Homo sapiens OX=9606 GN=CFP PE=1 SV=2
100.0,120,214087791.73349288,215620264.0744695,82919238.75927,38.73141858667587,44576402.8077321,468820976.14835,HSPB1,P04792,Heat shock protein beta-1 OS=Homo sapiens OX=9606 GN=HSPB1 PE=1 SV=2
99.16666666666667,119,1779328.8249045294,1443437.29856931,1308899.133388343,73.56139658213948,369670.255099151,8395107.01382475,CISD2,D6RCF4,CDGSH iron-sulfur domain-containing protein 2 OS=Homo sapiens OX=9606 GN=CISD2 PE=1 SV=1
100.0,120,77952927.68074462,74972716.25710714,17424555.361316107,22.352663177293593,37398671.9892961,123372035.897484,ACTA1,P68133,"Actin, alpha skeletal muscle OS=Homo sapiens OX=9606 GN=ACTA1 PE=1 SV=1"
100.0,120,36838082.99501441,30743313.341547698,19667451.52153495,53.388911481079795,6638158.69535805,107431726.65252,BZW2,Q9Y6E2,eIF5-mimic protein 1 OS=Homo sapiens OX=9606 GN=BZW2 PE=1 SV=1
70.0,84,403404.2754143709,332554.10732289846,329499.5578648684,81.67973865086367,46715.0360686539,1604612.76718303,SERPINE1,P05121,Plasminogen activator inhibitor 1 OS=Homo sapiens OX=9606 GN=SERPINE1 PE=1 SV=1
100.0,120,16637713.091331609,15228445.756772451,7090732.245101352,42.618430827465616,6659869.59721408,49130795.7154035,HMGN3,A0A087WZE9,High mobility group nucleosome-binding domain-containing protein 3 OS=Homo sapiens OX=9606 GN=HMGN3 PE=1 SV=1
100.0,120,5981673.905980204,5276997.892586295,3534525.490103417,59.089237321508946,1612239.09822017,29042246.9430747,UGT2B17,O75795,UDP-glucuronosyltransferase 2B17 OS=Homo sapiens OX=9606 GN=UGT2B17 PE=1 SV=1
100.0,120,15579654.833830563,13217925.45536995,7473559.099064456,47.96999149708977,6341440.50589085,52023368.6139327,CFI,P05156,Complement factor I OS=Homo sapiens OX=9606 GN=CFI PE=1 SV=2
100.0,120,278272852.9921594,275997300.7667135,72160790.43283297,25.931667303122147,104224083.667588,532708731.220986,PPP2R5A,Q15172,Serine/threonine-protein phosphatase 2A 56 kDa regulatory subunit alpha isoform OS=Homo sapiens OX=9606 GN=PPP2R5A PE=1 SV=1
100.0,120,132214444.34595652,134889586.0402665,35885898.6275707,27.142192220443416,40751926.977976,225568864.682468,DNAJB11,Q9UBS4,DnaJ homolog subfamily B member 11 OS=Homo sapiens OX=9606 GN=DNAJB11 PE=1 SV=1
100.0,120,793086995.6023567,809508737.558454,349199018.8443867,44.030354901881466,81719584.5911721,2038500839.93959,IQGAP1,P46940,Ras GTPase-activating-like protein IQGAP1 OS=Homo sapiens OX=9606 GN=IQGAP1 PE=1 SV=1
100.0,120,22016510.789558824,19223936.4536752,13809642.60052723,62.72402894593251,2845715.06927345,58869773.952765,ARF5,P84085,ADP-ribosylation factor 5 OS=Homo sapiens OX=9606 GN=ARF5 PE=1 SV=2
100.0,120,56836430.95528213,57924071.38420935,16386193.024750074,28.830439824137503,4411870.40023306,103266997.470362,CFHR5,Q9BXR6,Complement factor H-related protein 5 OS=Homo sapiens OX=9606 GN=CFHR5 PE=1 SV=1
100.0,120,176065280.3548144,170967003.70823652,37612809.31664015,21.36299061395931,99326168.6045678,379194743.862524,PSTPIP2,Q9H939,Proline-serine-threonine phosphatase-interacting protein 2 OS=Homo sapiens OX=9606 GN=PSTPIP2 PE=1 SV=4
100.0,120,166136153.58846468,151646251.881798,65828585.88072328,39.6232755236329,42120787.9129867,434892765.846981,KRT13,P13646,"Keratin, type I cytoskeletal 13 OS=Homo sapiens OX=9606 GN=KRT13 PE=1 SV=4"
100.0,120,25491569.160475533,23555221.26316365,11598796.91967474,45.50052155148839,6288549.60608951,75563856.2899093,BDH1,Q02338,"D-beta-hydroxybutyrate dehydrogenase, mitochondrial OS=Homo sapiens OX=9606 GN=BDH1 PE=1 SV=3"
100.0,120,180517507.386848,178500021.2860725,53987522.91490529,29.907084191679168,43386134.3885835,289403888.690301,TBC1D10B,Q4KMP7,TBC1 domain family member 10B OS=Homo sapiens OX=9606 GN=TBC1D10B PE=1 SV=3
100.0,120,107580249.4303666,81575743.76268975,90113693.15175085,83.76416082775368,40759894.1168549,839841904.637585,EIF1AX,P47813,"Eukaryotic translation initiation factor 1A, X-chromosomal OS=Homo sapiens OX=9606 GN=EIF1AX PE=1 SV=2"
0.0,0,,,,,,,EIF1AY,A6NJH9,Eukaryotic translation initiation factor 4C OS=Homo sapiens OX=9606 GN=EIF1AY PE=1 SV=1
100.0,120,625629753.0582123,621843474.9845974,117891193.39151879,18.84360403501294,256909448.157308,926573412.869106,ANG,P03950,Angiogenin OS=Homo sapiens OX=9606 GN=ANG PE=1 SV=1
100.0,120,96436349.63686414,94697220.73111391,32644255.971974626,33.85057200412312,20620191.3690676,190116836.731806,MOB1A,Q9H8S9,MOB kinase activator 1A OS=Homo sapiens OX=9606 GN=MOB1A PE=1 SV=4
100.0,120,18503012.78604452,18697363.2691821,4678028.547034864,25.282523452413987,5046664.99660804,31740637.6705985,MTDH,Q86UE4,Protein LYRIC OS=Homo sapiens OX=9606 GN=MTDH PE=1 SV=2
100.0,120,6432921.558173318,6172097.286905751,3187543.3809044887,49.55047799167659,290110.715798768,15235617.6620947,S100A6,P06703,Protein S100-A6 OS=Homo sapiens OX=9606 GN=S100A6 PE=1 SV=1
100.0,120,335067837.7610038,323805082.0668005,103229052.87501779,30.808403923461224,10759634.3993792,689079768.393623,SPRR2D,P22532,Small proline-rich protein 2D OS=Homo sapiens OX=9606 GN=SPRR2D PE=1 SV=2
0.0,0,,,,,,,SPRR2A,P35326,Small proline-rich protein 2A OS=Homo sapiens OX=9606 GN=SPRR2A PE=1 SV=1
0.0,0,,,,,,,SPRR2G,Q9BYE4,Small proline-rich protein 2G OS=Homo sapiens OX=9606 GN=SPRR2G PE=1 SV=1
66.66666666666666,80,4570275.0066913115,4666610.02914916,3512670.9412722257,76.85907163418713,48296.8177083333,20982344.7279728,SPRR2F,Q96RM1,Small proline-rich protein 2F OS=Homo sapiens OX=9606 GN=SPRR2F PE=1 SV=1
100.0,120,44694481.11336663,41559556.2087247,22945063.293811105,51.33757618890669,5310710.09806211,115337730.899358,ABCF1,Q8NE71,ATP-binding cassette sub-family F member 1 OS=Homo sapiens OX=9606 GN=ABCF1 PE=1 SV=2
39.166666666666664,47,1670670.4508392075,1276373.02240936,1441957.3779406352,86.31010246313474,568131.240102322,9287210.06481908,FKBP11,Q9NYL4,Peptidyl-prolyl cis-trans isomerase FKBP11 OS=Homo sapiens OX=9606 GN=FKBP11 PE=1 SV=1
100.0,120,229978284.17057857,207361517.7016735,111000043.18626961,48.265445403505616,117001403.987085,1102836632.13213,LCP2,Q13094,Lymphocyte cytosolic protein 2 OS=Homo sapiens OX=9606 GN=LCP2 PE=1 SV=1
100.0,120,1976580376.0422752,1907000003.9136648,439659350.2250523,22.243433940459646,1012609539.11006,3311540938.78962,DNAJC13,O75165,DnaJ homolog subfamily C member 13 OS=Homo sapiens OX=9606 GN=DNAJC13 PE=1 SV=5
100.0,120,15443290.671675468,13712421.31179335,6739832.883683195,43.64246601952989,7072434.30590777,58859805.4507922,EHD4,Q9H223,EH domain-containing protein 4 OS=Homo sapiens OX=9606 GN=EHD4 PE=1 SV=1
100.0,120,11615219.869658431,11388213.70678355,3328901.481792996,28.65982322460237,679.828524009493,21571282.3441424,SBSN,Q6UWP8,Suprabasin OS=Homo sapiens OX=9606 GN=SBSN PE=1 SV=2
100.0,120,123610188.95154819,122834509.669186,30937635.529502653,25.028386245432692,46415762.658033,245382072.060669,RASA3,Q14644,Ras GTPase-activating protein 3 OS=Homo sapiens OX=9606 GN=RASA3 PE=1 SV=3
100.0,120,208040693.80761606,200683423.57579702,46103822.36522116,22.16096356987508,145742296.22656,533501783.429412,EPB41,P11171,Protein 4.1 OS=Homo sapiens OX=9606 GN=EPB41 PE=1 SV=4
100.0,120,41645375.138072476,36405296.004643,42074449.49162542,101.03030493093262,13281008.2256231,457305071.258718,FGG,C9JU00,Fibrinogen gamma chain (Fragment) OS=Homo sapiens OX=9606 GN=FGG PE=1 SV=1
100.0,120,14147089.934415245,13638495.60957795,5260280.7464386355,37.182775898258,7372917.23240479,49570704.0574903,LMAN2,Q12907,Vesicular integral-membrane protein VIP36 OS=Homo sapiens OX=9606 GN=LMAN2 PE=1 SV=1
100.0,120,4621170.547687335,4006101.398901065,2542951.382120811,55.028295447642186,1777542.13286291,22502528.0605532,CALML5,Q9NZT1,Calmodulin-like protein 5 OS=Homo sapiens OX=9606 GN=CALML5 PE=1 SV=2
100.0,120,255613761.36919898,238433206.02689302,76225841.5170351,29.820711181092218,23862154.1381841,529525303.657493,TGFB1,P01137,Transforming growth factor beta-1 proprotein OS=Homo sapiens OX=9606 GN=TGFB1 PE=1 SV=3
100.0,120,94373261.983723,83205286.16907716,43686435.91369406,46.29111572007426,52010550.3338041,457027336.898007,H2BC3,P33778,Histone H2B type 1-B OS=Homo sapiens OX=9606 GN=H2BC3 PE=1 SV=2
100.0,120,59564610.83293112,55553899.68221905,18555205.62645821,31.1513923569525,28068694.3724784,163591721.573998,PDAP1,Q13442,28 kDa heat- and acid-stable phosphoprotein OS=Homo sapiens OX=9606 GN=PDAP1 PE=1 SV=1
100.0,120,46739109.95808788,44723479.3216514,10580070.772866637,22.6364404079454,27387441.229686,79630482.3804987,BPNT2,Q9NX62,"Golgi-resident adenosine 3',5'-bisphosphate 3'-phosphatase OS=Homo sapiens OX=9606 GN=BPNT2 PE=1 SV=1"
100.0,120,351558951.31985563,348858298.33228505,43152886.1415147,12.274722626036425,232860158.776251,480032195.525079,SEPTIN6,Q14141,Septin-6 OS=Homo sapiens OX=9606 GN=SEPTIN6 PE=1 SV=4
100.0,120,72873055.27265023,66414598.246034995,31380323.682615053,43.06162760049984,30465428.0296967,262550483.053886,MASP2,A0A8V8TQL2,MBL associated serine protease 2 OS=Homo sapiens OX=9606 GN=MASP2 PE=1 SV=1
0.0,0,,,,,,,PTTG1IP,A8MZH8,PTTG1 interacting protein OS=Homo sapiens OX=9606 GN=PTTG1IP PE=1 SV=1
100.0,120,922922503.1848981,910117305.0020665,138550002.3904596,15.012094938885948,614725890.583333,1288486664.64948,ARF4,P18085,ADP-ribosylation factor 4 OS=Homo sapiens OX=9606 GN=ARF4 PE=1 SV=3
100.0,120,120316126.63033368,122148856.9193545,21522685.45021567,17.888446090309433,40640958.1279801,166823468.568063,RAB35,Q15286,Ras-related protein Rab-35 OS=Homo sapiens OX=9606 GN=RAB35 PE=1 SV=1
100.0,120,416969365.09803706,409396194.6795455,123739204.34567648,29.675850242998823,2468.88243284171,876872665.521945,KRT74,Q7RTS7,"Keratin, type II cytoskeletal 74 OS=Homo sapiens OX=9606 GN=KRT74 PE=1 SV=2"
100.0,120,333824894.31806636,325630142.058218,77327213.9502699,23.164004622313453,129563347.364402,550921655.032997,ITGA2B,P08514,Integrin alpha-IIb OS=Homo sapiens OX=9606 GN=ITGA2B PE=1 SV=3
100.0,120,65317713.55600103,63709488.2264288,33390402.071914386,51.11997994737931,22927176.2798961,212894610.900547,IGFBP5,P24593,Insulin-like growth factor-binding protein 5 OS=Homo sapiens OX=9606 GN=IGFBP5 PE=1 SV=1
100.0,120,273975980.29744554,268872614.049192,84941330.73870584,31.00320350947853,1645.92162189448,584544187.673708,SPRR1B,P22528,Cornifin-B OS=Homo sapiens OX=9606 GN=SPRR1B PE=1 SV=2
100.0,120,228453577.6904193,241307837.094291,127014652.12782314,55.597576283065486,28081020.5558364,718008537.640391,BTK,Q06187,Tyrosine-protein kinase BTK OS=Homo sapiens OX=9606 GN=BTK PE=1 SV=3
0.0,0,,,,,,,NMT1,A0A7I2V3U5,Glycylpeptide N-tetradecanoyltransferase 1 OS=Homo sapiens OX=9606 GN=NMT1 PE=1 SV=1
95.83333333333334,115,710949.0590319888,521923.981537356,631128.5966509708,88.77268893362069,98853.5118450287,4048342.40941975,RAB1A,P62820,Ras-related protein Rab-1A OS=Homo sapiens OX=9606 GN=RAB1A PE=1 SV=3
100.0,120,10032229.550756518,8430612.332258714,4750275.57945316,47.35014839343412,3088928.42275804,26371331.3325484,APOF,Q13790,Apolipoprotein F OS=Homo sapiens OX=9606 GN=APOF PE=1 SV=2
16.666666666666664,20,135504.8045963451,89087.7036542246,133284.9518725317,98.36179039523647,10959.6341776176,468863.519320691,TGOLN2,A0AAG2UW97,Trans-golgi network protein 2 OS=Homo sapiens OX=9606 GN=TGOLN2 PE=1 SV=1
100.0,120,246195134.34059492,249766741.7649925,47304351.473548315,19.214169930793933,132444343.644305,367618968.457574,CKAP5,Q14008,Cytoskeleton-associated protein 5 OS=Homo sapiens OX=9606 GN=CKAP5 PE=1 SV=3
100.0,120,157691673.1809377,158596123.1794055,37131316.781569734,23.5467834366655,56267066.6144143,244681863.992491,TAGLN2,P37802,Transgelin-2 OS=Homo sapiens OX=9606 GN=TAGLN2 PE=1 SV=3
100.0,120,137359940.66982394,119689619.3915895,76033812.16255708,55.35370195399382,26051587.7943719,430789983.886411,TUBB4B,P68371,Tubulin beta-4B chain OS=Homo sapiens OX=9606 GN=TUBB4B PE=1 SV=1
100.0,120,10073346.198207943,9623010.509533476,3048438.3988869213,30.26242063862792,4192561.84379319,18345352.5142094,SERPINE2,P07093,Glia-derived nexin OS=Homo sapiens OX=9606 GN=SERPINE2 PE=1 SV=1
100.0,120,144304001.62286937,144169058.082866,33312061.69021191,23.08464167007036,45279197.4905832,225770710.256092,LORICRIN,P23490,Loricrin OS=Homo sapiens OX=9606 GN=LORICRIN PE=1 SV=2
100.0,120,401529310.2735368,398222225.6519175,92332371.80159713,22.995176052950374,213520434.483923,1075988071.87617,SERPIND1,P05546,Heparin cofactor 2 OS=Homo sapiens OX=9606 GN=SERPIND1 PE=1 SV=3
99.16666666666667,119,5298458.836410268,5158515.20228006,3185999.777867979,60.13068849330742,113877.704683498,20907891.730055,DNAJA2,O60884,DnaJ homolog subfamily A member 2 OS=Homo sapiens OX=9606 GN=DNAJA2 PE=1 SV=1
100.0,120,70869824.03996183,58866217.30839005,39904905.76323687,56.307330099670395,24909038.5531373,300424481.2147,C8B,A0A8Q3WM97,Complement component C8 beta chain OS=Homo sapiens OX=9606 GN=C8B PE=1 SV=1
100.0,120,281303946.9831825,278568513.0253935,66284647.06457372,23.56335478952113,115063642.917803,496304193.567537,ACTN1,P12814,Alpha-actinin-1 OS=Homo sapiens OX=9606 GN=ACTN1 PE=1 SV=2
100.0,120,1011600843.2237843,1001242882.0847615,170065262.63915837,16.81149870310427,552613105.928223,1407563093.86286,KRT6A,P02538,"Keratin, type II cytoskeletal 6A OS=Homo sapiens OX=9606 GN=KRT6A PE=1 SV=3"
100.0,120,10658471.486459784,10416974.30459295,4002066.3537941207,37.548220294797716,3209550.25781659,24653080.810067,CTSC,P53634,Dipeptidyl peptidase 1 OS=Homo sapiens OX=9606 GN=CTSC PE=1 SV=2
100.0,120,699499623.3199219,680388370.0024675,157357303.84024665,22.495695293359436,298961091.239036,1027932053.70859,VASP,P50552,Vasodilator-stimulated phosphoprotein OS=Homo sapiens OX=9606 GN=VASP PE=1 SV=3
25.0,30,4924504.90296035,5281218.844547265,2430720.724300109,49.35969751677756,313679.09375,8478223.06100528,HNRNPC,P07910,Heterogeneous nuclear ribonucleoproteins C1/C2 OS=Homo sapiens OX=9606 GN=HNRNPC PE=1 SV=4
100.0,120,40433104.42295125,37109422.56241165,11530326.633188318,28.517045123656892,20606594.3529733,90818067.7806403,SARS1,P49591,"Serine--tRNA ligase, cytoplasmic OS=Homo sapiens OX=9606 GN=SARS1 PE=1 SV=3"
100.0,120,239093681.97695294,237655513.6358475,48773554.27717345,20.39934885518008,144416139.452983,430410067.857645,KRT77,Q7Z794,"Keratin, type II cytoskeletal 1b OS=Homo sapiens OX=9606 GN=KRT77 PE=1 SV=3"
100.0,120,55076496.15420179,50741035.148511544,27285315.47729035,49.540761273007654,5066190.63876924,176697692.494203,C4BPB,P20851,C4b-binding protein beta chain OS=Homo sapiens OX=9606 GN=C4BPB PE=1 SV=1
100.0,120,914342479.0668865,916815119.154475,304809348.1082322,33.336452706353434,221195611.705227,1825601730.34396,FMNL1,O95466,Formin-like protein 1 OS=Homo sapiens OX=9606 GN=FMNL1 PE=1 SV=3
100.0,120,39249554.08049182,25687398.0155143,51347858.8442105,130.82405659668854,10923808.574607,473303543.412582,GRK6,P43250,G protein-coupled receptor kinase 6 OS=Homo sapiens OX=9606 GN=GRK6 PE=1 SV=2
1.6666666666666667,2,1058040.73685363,1058040.73685363,784333.1428327154,74.13071307302798,503433.45284726,1612648.02086,MGST1,P10620,Microsomal glutathione S-transferase 1 OS=Homo sapiens OX=9606 GN=MGST1 PE=1 SV=1
100.0,120,18783893.993750695,18018296.13293305,5020511.888348101,26.727748197569678,5398011.50327965,38077977.476083,SYNJ2,O15056,Synaptojanin-2 OS=Homo sapiens OX=9606 GN=SYNJ2 PE=1 SV=3
100.0,120,61614590.75275834,61242786.7251089,14632259.740815759,23.74804338071613,35499240.2848188,106505553.07622,POLG,P54098,DNA polymerase subunit gamma-1 OS=Homo sapiens OX=9606 GN=POLG PE=1 SV=1
67.5,81,1406063.9034892078,1241229.44818213,928720.0431340806,66.05105506438377,308458.071994962,4759493.67652227,IGHG1,A0A0A0MS07,Immunoglobulin heavy constant gamma 1 (G1m marker) (Fragment) OS=Homo sapiens OX=9606 GN=IGHG1 PE=1 SV=1
100.0,120,24453352.663875315,18634269.56087945,13293690.675345628,54.36346851114718,5670878.71900502,69032155.0744029,ADD3,Q9UEY8,Gamma-adducin OS=Homo sapiens OX=9606 GN=ADD3 PE=1 SV=1
100.0,120,296873682.2454188,293623411.7927835,61504234.25982584,20.717307709674877,96817291.5591132,555946518.686607,LPL,P06858,Lipoprotein lipase OS=Homo sapiens OX=9606 GN=LPL PE=1 SV=1
100.0,120,25011632.572568618,25221967.55944125,9899363.371656071,39.57903724570602,3742956.41540114,85068061.756366,NPM1,P06748,Nucleophosmin OS=Homo sapiens OX=9606 GN=NPM1 PE=1 SV=2
100.0,120,214821906.02458808,213631280.494603,38662657.507907346,17.997539554221298,137156601.001774,382563813.701591,CC2D2B,Q6DHV5,Protein CC2D2B OS=Homo sapiens OX=9606 GN=CC2D2B PE=1 SV=4
100.0,120,886347297.6398227,843240022.1137764,274958032.11272955,31.02147801938263,16773921.5888945,1672389670.44488,METAP2,P50579,Methionine aminopeptidase 2 OS=Homo sapiens OX=9606 GN=METAP2 PE=1 SV=1
0.0,0,,,,,,,EIF3I,Q13347,Eukaryotic translation initiation factor 3 subunit I OS=Homo sapiens OX=9606 GN=EIF3I PE=1 SV=1
100.0,120,89083772.9732961,77996335.3333697,43175100.87923589,48.46572999571777,25067592.3739171,233027222.232368,FUS,P35637,RNA-binding protein FUS OS=Homo sapiens OX=9606 GN=FUS PE=1 SV=1
100.0,120,68926705.84182017,65870323.2859487,15696006.413213942,22.77202460427268,45501539.8088798,108201118.685675,MAPRE1,Q15691,Microtubule-associated protein RP/EB family member 1 OS=Homo sapiens OX=9606 GN=MAPRE1 PE=1 SV=3
100.0,120,51908341.87890499,45783459.3748308,22469561.178057734,43.28699466162129,16912501.8219988,119824713.224789,IGF1,P05019,Insulin-like growth factor 1 OS=Homo sapiens OX=9606 GN=IGF1 PE=1 SV=1
100.0,120,604828099.1043028,575699543.4828815,186264088.17170098,30.796202829786136,203575992.015003,1108150030.23671,RPS19,P39019,Small ribosomal subunit protein eS19 OS=Homo sapiens OX=9606 GN=RPS19 PE=1 SV=2
27.500000000000004,33,706345.7856049007,610959.957990518,458209.48760364443,64.87042139159121,271863.513829369,2770517.2545326,CANX,A0A7P0T840,Calnexin OS=Homo sapiens OX=9606 GN=CANX PE=1 SV=1
100.0,120,8724485.340034215,6747854.126700565,7719834.531355373,88.4846982999813,483791.942092817,72358725.854835,KRT80,Q6KB66,"Keratin, type II cytoskeletal 80 OS=Homo sapiens OX=9606 GN=KRT80 PE=1 SV=2"
100.0,120,20946673.81515122,20920882.4400555,9464422.540649984,45.18341491432471,4611807.9644855,44889846.1247339,DHX29,Q7Z478,ATP-dependent RNA helicase DHX29 OS=Homo sapiens OX=9606 GN=DHX29 PE=1 SV=2
100.0,120,696958698.8224925,651722685.23931,149491067.89998606,21.449056902876787,440309936.936027,1202496997.97764,H2AX,P16104,Histone H2AX OS=Homo sapiens OX=9606 GN=H2AX PE=1 SV=2
100.0,120,18414792.069434382,17713517.79018055,5421221.058894848,29.43949102685341,5115954.69644891,33464079.3065442,TPM4,P67936,Tropomyosin alpha-4 chain OS=Homo sapiens OX=9606 GN=TPM4 PE=1 SV=3
20.833333333333336,25,1192670.59612819,855400.929805518,773529.5343748521,64.85693005981612,440660.067705253,3644392.22068838,ATP5MG,O75964,"ATP synthase subunit g, mitochondrial OS=Homo sapiens OX=9606 GN=ATP5MG PE=1 SV=3"
100.0,120,30128622.53695779,28511170.62011025,7585313.687614915,25.176437051877365,9834430.6432546,44278962.025405,ITGB1,P05556,Integrin beta-1 OS=Homo sapiens OX=9606 GN=ITGB1 PE=1 SV=2
100.0,120,9733792.72888949,9866403.71345179,2546322.191796413,26.159609750462792,4311655.02355161,16933082.7197981,G3BP1,Q13283,Ras GTPase-activating protein-binding protein 1 OS=Homo sapiens OX=9606 GN=G3BP1 PE=1 SV=1
100.0,120,101627283.89553843,97031468.84354034,36428955.6406814,35.84564522862416,45868237.5784571,220386840.389195,ASPN,Q9BXN1,Asporin OS=Homo sapiens OX=9606 GN=ASPN PE=1 SV=2
100.0,120,70008871.81338303,68547370.41783765,22505039.58381159,32.14598236035206,9402755.88951,141511702.796123,AFM,P43652,Afamin OS=Homo sapiens OX=9606 GN=AFM PE=1 SV=1
100.0,120,14312110.49024853,14042672.55348215,6735630.385959355,47.06245379078534,2837357.0866323,44311427.8521664,B2M,P61769,Beta-2-microglobulin OS=Homo sapiens OX=9606 GN=B2M PE=1 SV=1
100.0,120,100046748.15120524,103059336.1417205,30458027.149449207,30.443795238018723,27968227.857145,188760488.719544,MYO9A,B2RTY4,Unconventional myosin-IXa OS=Homo sapiens OX=9606 GN=MYO9A PE=1 SV=2
100.0,120,148749134.52485678,97640086.1810708,104319093.20036674,70.13089086776128,32215699.4475768,503803277.066411,EIF4G1,Q04637,Eukaryotic translation initiation factor 4 gamma 1 OS=Homo sapiens OX=9606 GN=EIF4G1 PE=1 SV=4
100.0,120,51408702.65716243,50172620.33194235,16812472.647100326,32.70355363608453,21742215.0337323,192426482.90597,CAPN1,P07384,Calpain-1 catalytic subunit OS=Homo sapiens OX=9606 GN=CAPN1 PE=1 SV=1
100.0,120,47878662.16980132,45412738.21118485,13329546.35726895,27.84026485534582,12293001.8187985,90293238.3109776,SERBP1,Q8NC51,SERPINE1 mRNA-binding protein 1 OS=Homo sapiens OX=9606 GN=SERBP1 PE=1 SV=2
56.666666666666664,68,584592.2718556904,483221.607356232,419081.44562846026,71.68781829738465,161454.133771604,2627310.58680304,NAA10,P41227,N-alpha-acetyltransferase 10 OS=Homo sapiens OX=9606 GN=NAA10 PE=1 SV=1
2.5,3,1575218.9529309466,1784539.60240131,369298.5774271279,23.444269556304466,1148813.24972285,1792304.00666868,ALDH16A1,Q8IZ83,Aldehyde dehydrogenase family 16 member A1 OS=Homo sapiens OX=9606 GN=ALDH16A1 PE=1 SV=2
98.33333333333333,118,21019827.129744504,18662790.151152402,8858650.068896448,42.144257487069666,6673847.72902702,71990202.7913639,GSTM5,P46439,Glutathione S-transferase Mu 5 OS=Homo sapiens OX=9606 GN=GSTM5 PE=1 SV=3
100.0,120,17261117.249058504,16671683.2031741,4116722.9435935225,23.849689937179857,7691100.72651081,31425443.0492886,ARF6,P62330,ADP-ribosylation factor 6 OS=Homo sapiens OX=9606 GN=ARF6 PE=1 SV=2
100.0,120,135590991.6777198,90632368.08929315,143570670.7897801,105.88511007503128,36398989.9582492,1248320861.77145,SYNE2,Q8WXH0,Nesprin-2 OS=Homo sapiens OX=9606 GN=SYNE2 PE=1 SV=3
100.0,120,488226077.2621063,465167518.5346905,121571906.52927409,24.90074008562383,234704995.176044,776522622.68937,TSC2,P49815,Tuberin OS=Homo sapiens OX=9606 GN=TSC2 PE=1 SV=2
100.0,120,16249896.424913522,15411545.305158202,5511289.133839441,33.91584161354906,5620370.96716351,49690718.9947105,OXSR1,O95747,Serine/threonine-protein kinase OSR1 OS=Homo sapiens OX=9606 GN=OXSR1 PE=1 SV=1
100.0,120,317250377.0401628,313277963.456645,45269810.863849364,14.269426970016921,204826891.659083,496710459.709371,RARRES2,Q99969,Retinoic acid receptor responder protein 2 OS=Homo sapiens OX=9606 GN=RARRES2 PE=1 SV=1
52.5,63,613113.8783349147,510258.210711973,373484.860300839,60.91606690018884,130699.251413931,2006274.26964331,MBL2,P11226,Mannose-binding protein C OS=Homo sapiens OX=9606 GN=MBL2 PE=1 SV=2
100.0,120,102569935.15785751,101185399.8830795,36052249.35667393,35.148944280006305,37571494.239281,258160910.074581,CEP290,O15078,Centrosomal protein of 290 kDa OS=Homo sapiens OX=9606 GN=CEP290 PE=1 SV=2
98.33333333333333,118,8944001.669744268,5765763.732073375,8184478.3965882575,91.50801507869433,568677.554394587,56939975.2632229,IGKV1-33,A0AAG2T928,Immunoglobulin kappa variable 1-33 OS=Homo sapiens OX=9606 GN=IGKV1-33 PE=1 SV=1
100.0,120,264562677.89118603,262188968.171949,55391957.138932295,20.937177375304188,103576966.827015,426291754.103097,CCT3,P49368,T-complex protein 1 subunit gamma OS=Homo sapiens OX=9606 GN=CCT3 PE=1 SV=4
100.0,120,82842618.06468913,77377637.2510984,25473160.288733747,30.748859565064173,43943096.5970133,204217905.997335,EEF1G,P26641,Elongation factor 1-gamma OS=Homo sapiens OX=9606 GN=EEF1G PE=1 SV=3
26.666666666666668,32,490654.51751526655,269349.243862112,658778.4123558633,134.2652291661343,28710.908933064,3303325.81358889,MTARC2,Q969Z3,Mitochondrial amidoxime reducing component 2 OS=Homo sapiens OX=9606 GN=MTARC2 PE=1 SV=1
100.0,120,8202237.950500514,6600090.207747015,4937758.3785053175,60.20013572276341,2352031.18316136,32566993.4790057,CAT,P04040,Catalase OS=Homo sapiens OX=9606 GN=CAT PE=1 SV=3
100.0,120,479476621.87273353,461363183.1351315,177990803.2908576,37.12189399259206,32229862.2576118,956704827.443817,AHNAK,Q09666,Neuroblast differentiation-associated protein AHNAK OS=Homo sapiens OX=9606 GN=AHNAK PE=1 SV=2
100.0,120,131375860.4523196,104773897.44498199,79696604.01177488,60.66305007433178,62128071.7630024,747791628.900458,LCN1,P31025,Lipocalin-1 OS=Homo sapiens OX=9606 GN=LCN1 PE=1 SV=1
100.0,120,50370255.59958615,48609162.56996755,12183089.236937875,24.18707050801222,27477896.1819804,86928494.2385051,DYNLL1,P63167,"Dynein light chain 1, cytoplasmic OS=Homo sapiens OX=9606 GN=DYNLL1 PE=1 SV=1"
100.0,120,3648385.891944741,3528725.18555933,1187339.9562665161,32.54425358041319,1044227.44459058,7827608.51616887,CCL18,P55774,C-C motif chemokine 18 OS=Homo sapiens OX=9606 GN=CCL18 PE=1 SV=1
39.166666666666664,47,199596.93706972877,140807.005314988,202578.22580661497,101.49365455234651,62167.8370592656,1262832.3729402,ATE1,A0A8I5KXC6,Arginyl-tRNA--protein transferase 1 OS=Homo sapiens OX=9606 GN=ATE1 PE=1 SV=1
100.0,120,727086175.1697865,678799082.744885,223896691.5834607,30.79369395672764,101551904.530369,1317320559.42277,KIF2A,O00139,Kinesin-like protein KIF2A OS=Homo sapiens OX=9606 GN=KIF2A PE=1 SV=3
97.5,117,23707054.13931663,13279067.3121352,26685252.22897475,112.56249752565827,265413.909297577,164592453.775859,CD46,P15529,Membrane cofactor protein OS=Homo sapiens OX=9606 GN=CD46 PE=1 SV=3
100.0,120,53281905.536162786,49160861.36713605,16269800.034716498,30.53531939407474,19408507.6959905,101267674.279718,MASP1,P48740,Mannan-binding lectin serine protease 1 OS=Homo sapiens OX=9606 GN=MASP1 PE=1 SV=3
100.0,120,8059351.975506958,7717525.76115148,2400241.995975213,29.78207184981806,4754114.7340906,22850240.5822381,IGLV1-51,P01701,Immunoglobulin lambda variable 1-51 OS=Homo sapiens OX=9606 GN=IGLV1-51 PE=1 SV=2
76.66666666666667,92,1042944.103517115,737127.057542209,979536.4892990942,93.92032478018797,78825.7200028531,5209990.47914762,FGD6,Q6ZV73,"FYVE, RhoGEF and PH domain-containing protein 6 OS=Homo sapiens OX=9606 GN=FGD6 PE=1 SV=2"
100.0,120,178638011.18273863,176085847.001277,46920797.08118866,26.26585281068249,87336691.6444371,312483910.789446,MESD,Q14696,LRP chaperone MESD OS=Homo sapiens OX=9606 GN=MESD PE=1 SV=2
100.0,120,175333003.29567364,164955196.2916505,48415466.982269526,27.613436188407654,85021051.6194594,346585154.444095,RHOC,P08134,Rho-related GTP-binding protein RhoC OS=Homo sapiens OX=9606 GN=RHOC PE=1 SV=1
100.0,120,839512269.052734,821885962.3249395,195611131.62927225,23.300568537252065,428201285.48315,2575617890.64253,C4B; C4B_2,P0C0L5,Complement C4-B OS=Homo sapiens OX=9606 GN=C4B PE=1 SV=2
100.0,120,69930507.19384708,67448655.3471282,11143246.232487964,15.934742474552532,47825390.1838935,98038395.1967166,AFF4,Q9UHB7,AF4/FMR2 family member 4 OS=Homo sapiens OX=9606 GN=AFF4 PE=1 SV=1
1.6666666666666667,2,1346261.4591897447,1346261.4591897447,1240337.0123455424,92.13195578606599,469210.746803549,2223312.17157594,SMIM24,O75264,Small integral membrane protein 24 OS=Homo sapiens OX=9606 GN=SMIM24 PE=1 SV=2
99.16666666666667,119,14447407.465056302,14072928.5091899,4245062.528681833,29.382867057285495,1385383.86319194,29689254.0724574,IGLV3-19,P01714,Immunoglobulin lambda variable 3-19 OS=Homo sapiens OX=9606 GN=IGLV3-19 PE=1 SV=2
100.0,120,225867225.2353672,224753143.81346202,37721740.55966632,16.700847376310573,109523169.341896,328707761.579129,SPTA1,P02549,"Spectrin alpha chain, erythrocytic 1 OS=Homo sapiens OX=9606 GN=SPTA1 PE=1 SV=5"
16.666666666666664,20,386587.0475713903,296817.036892156,399511.99102417316,103.34334622279245,130299.94075196,2026770.80170995,REEP5,Q00765,Receptor expression-enhancing protein 5 OS=Homo sapiens OX=9606 GN=REEP5 PE=1 SV=3
75.0,90,37808152.0066812,6255331.417562885,304417593.4000963,805.1639057796365,346968.73311504,2893398025.95448,FAM151A,Q8WW52,Protein FAM151A OS=Homo sapiens OX=9606 GN=FAM151A PE=1 SV=2
100.0,120,648494677.645266,634723271.8528005,125952717.9049394,19.4223209914819,410823325.267794,975950158.121624,SF3B1,O75533,Splicing factor 3B subunit 1 OS=Homo sapiens OX=9606 GN=SF3B1 PE=1 SV=3
13.333333333333334,16,1753131.2543792995,1561287.34651784,966905.0886380213,55.153034675681276,586653.535517357,4397162.26531148,NDUFA4,O00483,Cytochrome c oxidase subunit NDUFA4 OS=Homo sapiens OX=9606 GN=NDUFA4 PE=1 SV=1
99.16666666666667,119,12694798.672993606,11696255.0134868,4108793.8963224576,32.36596343243581,68745.3871378169,26756163.1790711,PAPOLA,P51003,Poly(A) polymerase alpha OS=Homo sapiens OX=9606 GN=PAPOLA PE=1 SV=4
100.0,120,4100388.960742844,3954491.442853785,1586923.3075594432,38.70177494751496,354465.357033794,10790267.8426051,ATP1A2,P50993,Sodium/potassium-transporting ATPase subunit alpha-2 OS=Homo sapiens OX=9606 GN=ATP1A2 PE=1 SV=1
100.0,120,44998344.10676155,39341360.357592896,22533532.701452937,50.0763598055756,17944.0781127245,122107744.575318,DYNAP,Q8N1N2,Dynactin-associated protein OS=Homo sapiens OX=9606 GN=DYNAP PE=1 SV=1
100.0,120,6238607.388924336,5423958.15486503,4654927.756684746,74.61485338777428,430452.650826482,21935885.3246369,CAPZA1,P52907,F-actin-capping protein subunit alpha-1 OS=Homo sapiens OX=9606 GN=CAPZA1 PE=1 SV=3
100.0,120,1064834718.7074226,1062485171.099155,249017766.07459122,23.385579160761015,394699198.101461,1755778173.34538,APOB,P04114,Apolipoprotein B-100 OS=Homo sapiens OX=9606 GN=APOB PE=1 SV=3
100.0,120,15044352.685106404,13437882.281894151,7743639.8627431225,51.47207078181014,1379673.10121212,47951719.8637793,FYB1,A0A2R8YEE1,FYN binding protein 1 (Fragment) OS=Homo sapiens OX=9606 GN=FYB1 PE=1 SV=1
99.16666666666667,119,2751456.4690724574,2031042.00980769,2501536.051326069,90.91679550246931,636289.466608778,19681485.4852551,FAM3C,Q92520,Protein FAM3C OS=Homo sapiens OX=9606 GN=FAM3C PE=1 SV=1
100.0,120,50013696.096598305,46426701.38719866,22363950.88827549,44.71565317844322,16956159.2730897,170371879.495231,ARHGAP6,O43182,Rho GTPase-activating protein 6 OS=Homo sapiens OX=9606 GN=ARHGAP6 PE=1 SV=3
100.0,120,91754491.23203762,89356767.40461424,22439112.260147307,24.455600983499668,34062881.5948169,165374393.779618,IPO7,O95373,Importin-7 OS=Homo sapiens OX=9606 GN=IPO7 PE=1 SV=1
99.16666666666667,119,5658526.530653552,5628546.59259914,2850095.116480254,50.368149747829705,942795.375525285,12790462.593565,HMOX1,P09601,Heme oxygenase 1 OS=Homo sapiens OX=9606 GN=HMOX1 PE=1 SV=1
100.0,120,21059847.895192266,20535584.432369098,5278877.466126116,25.066075939376688,11362698.3672139,37957866.6938803,PRG4,J3KP74,Proteoglycan 4 (Fragment) OS=Homo sapiens OX=9606 GN=PRG4 PE=1 SV=8
99.16666666666667,119,135112734.07633215,135850260.970785,34688058.587149,25.673419181608693,1808582.10106929,220740617.799779,MAGED2,Q9UNF1,Melanoma-associated antigen D2 OS=Homo sapiens OX=9606 GN=MAGED2 PE=1 SV=2
26.666666666666668,32,1230916.549920991,857705.9594462086,1431278.30279494,116.27744406286598,354460.643708756,8615654.6173549,KRT9,K7EQQ3,Keratin 9 OS=Homo sapiens OX=9606 GN=KRT9 PE=1 SV=1
100.0,120,32298288.358712427,32523017.65024535,8488792.343616603,26.28248360822737,14001199.3184514,53744896.4409135,MYL12B,O14950,Myosin regulatory light chain 12B OS=Homo sapiens OX=9606 GN=MYL12B PE=1 SV=2
100.0,120,132637758.91062206,127112542.998763,32242618.444398705,24.308778065321047,75863522.8307442,252214625.953808,KRT3,P12035,"Keratin, type II cytoskeletal 3 OS=Homo sapiens OX=9606 GN=KRT3 PE=1 SV=3"
75.0,90,3740289.9143326753,2679848.53623013,3790562.439969619,101.34408098806193,528755.354381269,22335223.8318576,MCF2,P10911,Proto-oncogene DBL OS=Homo sapiens OX=9606 GN=MCF2 PE=1 SV=3
99.16666666666667,119,13433845.795205947,11711421.378995,7594667.202571155,56.53382745603211,3541920.74249235,44683354.3650013,HPN,P05981,Serine protease hepsin OS=Homo sapiens OX=9606 GN=HPN PE=1 SV=1
15.0,18,168479.82937579195,55709.705172089845,382216.8570719192,226.86208698573034,23121.423995235,1667405.59089154,EBP,Q15125,"3-beta-hydroxysteroid-Delta(8),Delta(7)-isomerase OS=Homo sapiens OX=9606 GN=EBP PE=1 SV=3"
100.0,120,195500292.98849,189017630.9785985,48555772.1346024,24.836674867521094,75509008.5073707,343716736.853497,CORO1A,P31146,Coronin-1A OS=Homo sapiens OX=9606 GN=CORO1A PE=1 SV=4
65.83333333333333,79,403630.229397301,227114.761842023,402402.9506368291,99.69593983029851,57710.0754375773,2022143.70076642,F10,P00742,Coagulation factor X OS=Homo sapiens OX=9606 GN=F10 PE=1 SV=2
100.0,120,136846745.6119962,140746593.892685,32937954.10388174,24.069227190298886,48241795.5514341,228696041.412329,EIF5B,O60841,Eukaryotic translation initiation factor 5B OS=Homo sapiens OX=9606 GN=EIF5B PE=1 SV=4
100.0,120,75970356.95560619,73879469.2522286,18587004.151876904,24.46612718002411,39203468.9530377,129839701.670133,IGHV3-7,P01780,Immunoglobulin heavy variable 3-7 OS=Homo sapiens OX=9606 GN=IGHV3-7 PE=1 SV=2
100.0,120,96416595.49912097,70182350.37884845,91268644.88966756,94.66072144239905,32147137.2190727,853097239.9179,RBBP6,Q7Z6E9,E3 ubiquitin-protein ligase RBBP6 OS=Homo sapiens OX=9606 GN=RBBP6 PE=1 SV=1
82.5,99,822857.7174024185,709986.417812934,699365.6813560874,84.9922977648957,90255.7139197326,4861913.39276646,GPRC5C,A0A0C4DFY5,G protein-coupled receptor class C group 5 member C OS=Homo sapiens OX=9606 GN=GPRC5C PE=1 SV=1
84.16666666666667,101,1651171.0589793974,1272811.12166493,1091609.0889423671,66.11120531734004,435849.696420063,7040055.6893947,LINS1,Q8NG48,Protein Lines homolog 1 OS=Homo sapiens OX=9606 GN=LINS1 PE=1 SV=2
100.0,120,29390447.119720675,28277023.25574515,7627954.802217152,25.953857629810866,9203404.81919802,51379467.2578157,CTSH,A0A7I2V2L7,Pro-cathepsin H OS=Homo sapiens OX=9606 GN=CTSH PE=1 SV=1
0.0,0,,,,,,,CTSH,A0A7I2V3E8,Cathepsin H OS=Homo sapiens OX=9606 GN=CTSH PE=1 SV=1
100.0,120,455533412.938186,416675290.879588,253058680.80731562,55.55216667315129,9735622.90942596,1424883006.89044,NEB,P20929,Nebulin OS=Homo sapiens OX=9606 GN=NEB PE=1 SV=6
81.66666666666667,98,1257106.91245062,910293.8806939255,995513.8031610306,79.1908622330589,337243.999736822,5269133.57606672,RAP1B,B7ZB78,"RAP1B, member of RAS oncogene family OS=Homo sapiens OX=9606 GN=RAP1B PE=1 SV=1"
100.0,120,3647621.247654135,2870306.52591483,2686966.914054558,73.66353937604146,12909.3054199156,14541147.8339561,RBP4,P02753,Retinol-binding protein 4 OS=Homo sapiens OX=9606 GN=RBP4 PE=1 SV=3
100.0,120,124514350.25706168,119314099.6040915,34907036.55452516,28.03454901580346,76314029.4938026,233903608.640828,RBM19,Q9Y4C8,Probable RNA-binding protein 19 OS=Homo sapiens OX=9606 GN=RBM19 PE=1 SV=3
99.16666666666667,119,9524282.6670647,4864820.12652688,10453135.315013684,109.75246830043157,620888.151934314,51960214.1209588,RAB13,P51153,Ras-related protein Rab-13 OS=Homo sapiens OX=9606 GN=RAB13 PE=1 SV=1
100.0,120,22067841.454781655,20480459.5998835,9534721.56950095,43.206407790441,6284216.76021053,57971971.9943303,AZGP1,P25311,Zinc-alpha-2-glycoprotein OS=Homo sapiens OX=9606 GN=AZGP1 PE=1 SV=2
100.0,120,24455658.157741323,15552861.3170162,54867026.42099233,224.35309680522516,7358096.28007898,561224775.794227,AGRN,O00468,Agrin OS=Homo sapiens OX=9606 GN=AGRN PE=1 SV=6
85.83333333333333,103,3035168.747907798,2714994.66953449,1704024.4925565354,56.14266072458586,414875.945541312,9138994.56002822,RGS12,O14924,Regulator of G-protein signaling 12 OS=Homo sapiens OX=9606 GN=RGS12 PE=1 SV=1
100.0,120,8341587.253238689,7803603.92967863,4492964.171438515,53.86222112217415,2825118.33993084,45822262.4059919,,Q5VST9,Obscurin OS=Homo sapiens OX=9606 GN=OBSCN PE=1 SV=3
100.0,120,189246570.20480442,187443654.2072585,40143832.13342495,21.212448970663466,79757647.8854566,268339076.48392,DMD,P11532,Dystrophin OS=Homo sapiens OX=9606 GN=DMD PE=1 SV=4
100.0,120,132364431.63643472,120675501.05015251,53545935.29392413,40.45341685219388,66808030.0882561,524018885.874046,LALBA,P00709,Alpha-lactalbumin OS=Homo sapiens OX=9606 GN=LALBA PE=1 SV=1
96.66666666666667,116,5897995.361705939,5648532.033023136,4602097.093967521,78.0281572252103,558042.27895104,34320897.7154592,MORC1,Q86VD1,MORC family CW-type zinc finger protein 1 OS=Homo sapiens OX=9606 GN=MORC1 PE=1 SV=2
100.0,120,315512967.67693675,321811683.9227315,55891487.52488567,17.714481891633262,162583621.624019,443448056.770833,HERC2,O95714,E3 ubiquitin-protein ligase HERC2 OS=Homo sapiens OX=9606 GN=HERC2 PE=1 SV=2
0.0,0,,,,,,,MYO15A,Q9UKN7,Unconventional myosin-XV OS=Homo sapiens OX=9606 GN=MYO15A PE=1 SV=2
100.0,120,113884405.17520554,94604568.24076834,67762193.37335335,59.50085375526575,54039991.8005391,646964296.181119,TAF15,Q92804,TATA-binding protein-associated factor 2N OS=Homo sapiens OX=9606 GN=TAF15 PE=1 SV=1
100.0,120,279480099.0786174,281130253.00940454,63522134.7744666,22.72867906655418,95268688.076079,431519228.659142,MPRIP,A0A494BZV2,Myosin phosphatase Rho interacting protein OS=Homo sapiens OX=9606 GN=MPRIP PE=1 SV=1
81.66666666666667,98,603389.2702832182,550876.1808135596,382400.09209310537,63.37535500318307,63002.9335198643,2313898.52415674,COLEC10,Q9Y6Z7,Collectin-10 OS=Homo sapiens OX=9606 GN=COLEC10 PE=1 SV=2
80.83333333333333,97,3781179.0740898554,2909159.09052161,3357974.3587998496,88.80759924358058,623262.513313207,23158192.2869151,MICU3,Q86XE3,"Calcium uptake protein 3, mitochondrial OS=Homo sapiens OX=9606 GN=MICU3 PE=1 SV=1"
100.0,120,539719825.222811,544954732.7743471,121022747.49089485,22.423254035727407,289518041.347343,1137806449.69837,PRKCB,P05771,Protein kinase C beta type OS=Homo sapiens OX=9606 GN=PRKCB PE=1 SV=4
100.0,120,1314215730.1848617,1269963312.1651,256366388.3080419,19.507176974055895,902107353.195293,2359101194.03298,KRT10,A0A1B0GVI3,"Keratin, type I cytoskeletal 10 OS=Homo sapiens OX=9606 GN=KRT10 PE=1 SV=2"
97.5,117,1470856.8190499851,1412992.71578368,691227.5894777101,46.994893080359006,308179.143409833,3290023.03520765,KLKB1,P03952,Plasma kallikrein OS=Homo sapiens OX=9606 GN=KLKB1 PE=1 SV=2
0.0,0,,,,,,,KLKB1,E9PBC5,Kallikrein B1 OS=Homo sapiens OX=9606 GN=KLKB1 PE=1 SV=2
100.0,120,21905866.26073192,17327720.455754302,39787686.166950345,181.6302797313844,6772829.83247876,444713430.380883,C4B,A0A140TA29,Complement C4B (Chido blood group) OS=Homo sapiens OX=9606 GN=C4B PE=1 SV=1
98.33333333333333,118,12503094.234065693,9457786.60633801,11365432.626419429,90.90095950371538,1327911.663008,72190831.8826408,C4A,P0C0L4,Complement C4-A OS=Homo sapiens OX=9606 GN=C4A PE=1 SV=2
0.0,0,,,,,,,KRT6C,P48668,"Keratin, type II cytoskeletal 6C OS=Homo sapiens OX=9606 GN=KRT6C PE=1 SV=3"
100.0,120,776984838.9605062,773701282.4506171,186074597.97506636,23.948291992930955,229668547.985593,1279646127.74421,FERMT3,A0A8V8TME2,FERM domain containing kindlin 3 OS=Homo sapiens OX=9606 GN=FERMT3 PE=1 SV=1
100.0,120,21674959.887710214,21027033.3897919,4371193.410865436,20.16701960931388,14179332.4876498,36262339.4663763,KRT76,Q01546,"Keratin, type II cytoskeletal 2 oral OS=Homo sapiens OX=9606 GN=KRT76 PE=1 SV=2"
100.0,120,50133123.245079465,45045442.205449894,22299735.13984553,44.48104106905854,24700781.6955631,212606579.680657,SERPINA1,A0A024R6N5,Serpin family A member 1 OS=Homo sapiens OX=9606 GN=SERPINA1 PE=1 SV=1
0.0,0,,,,,,,C1R,B4DPQ0,complement subcomponent C1r OS=Homo sapiens OX=9606 GN=C1R PE=1 SV=1
99.16666666666667,119,123830199.4251932,112709067.200095,86156471.31769814,69.57630022210046,48593.2988923358,900889676.990312,LTBP1,C9JD84,Latent transforming growth factor beta binding protein 1 OS=Homo sapiens OX=9606 GN=LTBP1 PE=1 SV=1
3.3333333333333335,4,2031781.999961108,704262.555988473,2910054.443042661,143.22670656095806,332666.751665756,6385936.13620173,HP,H0Y300,Haptoglobin OS=Homo sapiens OX=9606 GN=HP PE=1 SV=4
100.0,120,480540878.5573806,492108958.91352797,328697555.49855554,68.40158042024021,14305369.1246245,2378596290.6431,ITIH4,B7ZKJ8,ITIH4 protein OS=Homo sapiens OX=9606 GN=ITIH4 PE=1 SV=1
6.666666666666667,8,759870.3037116043,737048.1616726359,192571.485442301,25.342678152005817,556958.404704951,1185896.5084935,KRT75,O95678,"Keratin, type II cytoskeletal 75 OS=Homo sapiens OX=9606 GN=KRT75 PE=1 SV=2"
100.0,120,7724296.151132449,5877531.48418557,8113287.599833288,105.03594684991215,659518.591067288,55865128.3977482,,A0A8Q3SIA1,Sushi domain-containing protein OS=Homo sapiens OX=9606 PE=4 SV=1
2.5,3,1526201.09343242,1680054.99756405,386884.9034178135,25.349536511450854,1086057.04288389,1812491.23984932,FLNA,F8WE98,Filamin A (Fragment) OS=Homo sapiens OX=9606 GN=FLNA PE=1 SV=2
36.666666666666664,44,1176595.8149254194,1103138.89676297,379827.0466166739,32.2818627942128,447399.74916362,1979603.99721105,KRT7,P08729,"Keratin, type II cytoskeletal 7 OS=Homo sapiens OX=9606 GN=KRT7 PE=1 SV=5"
85.0,102,1733000.3391293928,970004.9747010525,3204969.0582398367,184.93758979008146,179888.143598019,24236604.3842667,KRT15,P19012,"Keratin, type I cytoskeletal 15 OS=Homo sapiens OX=9606 GN=KRT15 PE=1 SV=3"
100.0,120,13225395.879879342,13333549.48809435,3406096.748868913,25.754213936618942,3130052.16015882,25013982.3313676,CFH,A0A8Q3WLY2,Complement factor H (Fragment) OS=Homo sapiens OX=9606 GN=CFH PE=1 SV=1
100.0,120,56280768.7281762,48642899.0093514,30233518.52760506,53.7190930593474,15657496.7007254,208963688.152705,IGHG4,P01861,Immunoglobulin heavy constant gamma 4 OS=Homo sapiens OX=9606 GN=IGHG4 PE=1 SV=2
100.0,120,168868583.31210676,168974167.510091,40220543.97112595,23.81765937882562,59295300.3081925,275621194.867268,IGLC2,P0DOY2,Immunoglobulin lambda constant 2 OS=Homo sapiens OX=9606 GN=IGLC2 PE=1 SV=1
1.6666666666666667,2,1324886.932816038,1324886.932816038,840970.7547211613,63.4749074725708,730230.809373136,1919543.05625894,POTEE,Q6S8J3,POTE ankyrin domain family member E OS=Homo sapiens OX=9606 GN=POTEE PE=1 SV=3
0.0,0,,,,,,,POTEF,A5A3E0,POTE ankyrin domain family member F OS=Homo sapiens OX=9606 GN=POTEF PE=1 SV=2
64.16666666666667,77,965682.7727631844,687657.581672551,980982.3735716029,101.58432988968423,199619.821012485,7978984.18079393,HBA1,G3V1N2,Alpha-globin OS=Homo sapiens OX=9606 GN=HBA1 PE=1 SV=1
42.5,51,942019.672137194,795743.923113202,569712.5092404132,60.47777197135235,280704.79344809,3277591.99445951,EEF1A1,A0A087WVQ9,Elongation factor 1-alpha OS=Homo sapiens OX=9606 GN=EEF1A1 PE=1 SV=2
100.0,120,303938103.90926164,296778410.14730453,41685653.05896066,13.715178361251338,225566605.742602,464189424.415569,C1QB,A0A8Q3WM25,Complement C1q B chain OS=Homo sapiens OX=9606 GN=C1QB PE=1 SV=1
17.5,21,1592523.360221203,1264045.49820692,1028653.001398828,64.59264756128583,462966.163205423,4375335.40694719,C1QB,P02746,Complement C1q subcomponent subunit B OS=Homo sapiens OX=9606 GN=C1QB PE=1 SV=3
66.66666666666666,80,2501488.9214475537,2128013.1761287954,1762331.7134732516,70.45130995237153,542496.178791916,12151883.8069709,KRT13,K7EMD9,Keratin 13 (Fragment) OS=Homo sapiens OX=9606 GN=KRT13 PE=1 SV=1
99.16666666666667,119,11663975.66924145,6092513.68186002,13586436.110733744,116.48203405089336,794977.489531066,78414433.2084798,ACTBL2,Q562R1,Beta-actin-like protein 2 OS=Homo sapiens OX=9606 GN=ACTBL2 PE=1 SV=2
17.5,21,995044.055698912,685956.385058945,714790.7060428103,71.83508126589896,358048.574016979,2647949.71407194,TLN2,Q9Y4G6,Talin-2 OS=Homo sapiens OX=9606 GN=TLN2 PE=1 SV=4
100.0,120,1058568026.0740354,1060257650.343385,225592975.1151593,21.311145770369368,360940249.7228,1717548560.81086,HBD,P02042,Hemoglobin subunit delta OS=Homo sapiens OX=9606 GN=HBD PE=1 SV=2
0.0,0,,,,,,,POTEKP,Q9BYX7,Putative beta-actin-like protein 3 OS=Homo sapiens OX=9606 GN=POTEKP PE=5 SV=1
100.0,120,5285968.235889373,5178840.734209665,2119442.297359123,40.095630597419266,1472838.50666711,11887949.8765881,FHL1,Q5JXI2,Four and a half LIM domains 1 OS=Homo sapiens OX=9606 GN=FHL1 PE=1 SV=1
99.16666666666667,119,9214255.430110326,7477123.99948176,5832996.933015735,63.304050742447174,1371398.29278348,32205408.6784511,CSRP1,E9PP21,Cysteine and glycine-rich protein 1 OS=Homo sapiens OX=9606 GN=CSRP1 PE=1 SV=1
1.6666666666666667,2,444854.67937017395,444854.67937017395,8446.799015381353,1.8987771528761588,438881.890507078,450827.46823327,KRT19,K7EMS3,"Keratin, type I cytoskeletal 19 (Fragment) OS=Homo sapiens OX=9606 GN=KRT19 PE=1 SV=1"
100.0,120,36984560.710782036,34049422.8320831,17178302.55936503,46.447226164719794,9719443.68070934,113110539.967981,IGHA2,P01877,Immunoglobulin heavy constant alpha 2 OS=Homo sapiens OX=9606 GN=IGHA2 PE=1 SV=5
100.0,120,217887887.66758373,188673861.22529,118938767.02761549,54.58714034121622,111203485.704025,1119832188.45985,KRT73,Q86Y46,"Keratin, type II cytoskeletal 73 OS=Homo sapiens OX=9606 GN=KRT73 PE=1 SV=1"
95.0,114,112097231.50100753,104916371.238249,73706749.26642303,65.75251527577696,695514.054248963,322540084.610145,KRT72,Q14CN4,"Keratin, type II cytoskeletal 72 OS=Homo sapiens OX=9606 GN=KRT72 PE=1 SV=2"
100.0,120,112785916.15318237,106948657.35835999,41340079.39312701,36.653583003200666,41988449.9695593,271445402.44133,TUBA4A,P68366,Tubulin alpha-4A chain OS=Homo sapiens OX=9606 GN=TUBA4A PE=1 SV=1
100.0,120,405681392.2748374,397391555.602094,98505289.07231137,24.281441285721307,188999731.844507,737120256.637909,HNRNPK,A0A994J4E9,Heterogeneous nuclear ribonucleoprotein K OS=Homo sapiens OX=9606 GN=HNRNPK PE=1 SV=1
0.0,0,,,,,,,POTEJ,P0CG39,POTE ankyrin domain family member J OS=Homo sapiens OX=9606 GN=POTEJ PE=1 SV=1
100.0,120,4171089995.6631184,4201231446.963935,1255632881.5695536,30.103231598337487,288575119.961881,7177095867.64236,FHL1,Q5JXI0,Four and a half LIM domains 1 (Fragment) OS=Homo sapiens OX=9606 GN=FHL1 PE=1 SV=1
0.0,0,,,,,,,F12,A0A8Q3WL37,Coagulation factor XII OS=Homo sapiens OX=9606 GN=F12 PE=1 SV=1
0.0,0,,,,,,,KRT71,Q3SY84,"Keratin, type II cytoskeletal 71 OS=Homo sapiens OX=9606 GN=KRT71 PE=1 SV=3"
0.0,0,,,,,,,TUBA3E,Q6PEY2,Tubulin alpha-3E chain OS=Homo sapiens OX=9606 GN=TUBA3E PE=1 SV=2
100.0,120,171088304.8482574,169854725.55657,32781802.558499422,19.160750109468,31473580.9567526,273650617.426249,RAB1B,Q9H0U4,Ras-related protein Rab-1B OS=Homo sapiens OX=9606 GN=RAB1B PE=1 SV=1
54.166666666666664,65,910403.6110004236,670072.865112191,704538.3423566758,77.38747230829559,177507.913795408,3857267.3433593,TUBA1C,F5H5D3,Tubulin alpha chain OS=Homo sapiens OX=9606 GN=TUBA1C PE=1 SV=1
100.0,120,239485342.09569597,232225683.51973498,68053032.03009918,28.416366293894455,131143343.00469,702058085.966725,CPN1,P15169,Carboxypeptidase N catalytic chain OS=Homo sapiens OX=9606 GN=CPN1 PE=1 SV=1
10.0,12,844714.9433269338,753612.1303588025,416603.70076079655,49.318850584078824,432363.98783306,1973928.48013374,THBS2,A0A3B3ITK0,Thrombospondin 2 OS=Homo sapiens OX=9606 GN=THBS2 PE=1 SV=1
97.5,117,649241.6134684557,563438.070715523,532598.1314225786,82.03388698042158,77937.5677083333,3988372.49303299,KRT84,Q9NSB2,"Keratin, type II cuticular Hb4 OS=Homo sapiens OX=9606 GN=KRT84 PE=1 SV=2"
0.0,0,,,,,,,LIMS2,Q7Z4I7,LIM and senescent cell antigen-like-containing domain protein 2 OS=Homo sapiens OX=9606 GN=LIMS2 PE=1 SV=1
59.166666666666664,71,4426527.759248836,4168462.95350501,2905613.701971824,65.64092354104868,223014.923201598,11477281.8382631,PON3,Q15166,Serum paraoxonase/lactonase 3 OS=Homo sapiens OX=9606 GN=PON3 PE=1 SV=3
96.66666666666667,116,12888651.523568127,12839645.41246995,5035896.681127931,39.07233174796691,1549173.89474288,23505088.5242187,CFB,P00751,Complement factor B OS=Homo sapiens OX=9606 GN=CFB PE=1 SV=2
100.0,120,1250730147.2257264,1090739294.36836,493783450.50007194,39.47961529474159,532012070.700058,2897189882.038,AMBP,S4R3Y4,Alpha-1-microglobulin/bikunin precursor OS=Homo sapiens OX=9606 GN=AMBP PE=1 SV=1
100.0,120,28414605.156822585,27255376.64401165,10557454.287397563,37.15502724436989,10169663.6248357,74695757.7828723,SYNCRIP,A0A7I2YQV8,Synaptotagmin binding cytoplasmic RNA interacting protein OS=Homo sapiens OX=9606 GN=SYNCRIP PE=1 SV=1
100.0,120,234580054.310351,224846264.329679,63623626.77518662,27.122351455768758,115487230.713408,487944637.916554,PCOLCE,Q15113,Procollagen C-endopeptidase enhancer 1 OS=Homo sapiens OX=9606 GN=PCOLCE PE=1 SV=2
95.0,114,13376577.115016794,10196102.96927681,14452550.446480425,108.04371194672606,457009.996677433,61708861.1181066,,H0YJW9,Uncharacterized protein (Fragment) OS=Homo sapiens OX=9606 PE=1 SV=3
0.0,0,,,,,,,H1-2,P16403,Histone H1.2 OS=Homo sapiens OX=9606 GN=H1-2 PE=1 SV=2
28.333333333333332,34,1662444.1016331285,1546427.8638023,1129820.2811021432,67.961399724192,334730.576495122,5023442.07018331,H1-4,P10412,Histone H1.4 OS=Homo sapiens OX=9606 GN=H1-4 PE=1 SV=2
4.166666666666666,5,3659705.64200989,2628394.96912333,2106132.792407952,57.549240251226195,1787537.42120337,6128155.3730737,KRT20,P35900,"Keratin, type I cytoskeletal 20 OS=Homo sapiens OX=9606 GN=KRT20 PE=1 SV=1"
100.0,120,449453227.2492935,423265556.499016,167368962.08814108,37.238349163150694,138702359.827036,1222649846.99354,WAS,A0A8V8TNH9,WASP actin nucleation promoting factor OS=Homo sapiens OX=9606 GN=WAS PE=1 SV=1
13.333333333333334,16,930263.517771455,846757.3078051256,274587.7816249696,29.517204144775427,590731.455023273,1595960.1673126,PIP4K2B,P78356,Phosphatidylinositol 5-phosphate 4-kinase type-2 beta OS=Homo sapiens OX=9606 GN=PIP4K2B PE=1 SV=1
100.0,120,513285076.75080204,512034395.3217975,245819512.58211768,47.89142013210373,12059.5095863733,1348699462.96178,CALD1,E9PGZ1,Caldesmon 1 OS=Homo sapiens OX=9606 GN=CALD1 PE=1 SV=1
100.0,120,203655686.34100786,200939396.831383,45863834.53442404,22.52028183373584,76043348.2435863,338773986.404765,PZP,P20742,Pregnancy zone protein OS=Homo sapiens OX=9606 GN=PZP PE=1 SV=4
100.0,120,167149811.8270874,149203136.37707353,74571278.63518786,44.61343857947631,54200552.9026924,520370752.868875,CFD,P00746,Complement factor D OS=Homo sapiens OX=9606 GN=CFD PE=1 SV=5
100.0,120,165618261.11977583,151134391.047959,58981049.17167381,35.6126484923172,70227158.194415,396464623.733573,TUBB,P07437,Tubulin beta chain OS=Homo sapiens OX=9606 GN=TUBB PE=1 SV=2
100.0,120,508482818.51379687,506330577.2058775,101403088.80312322,19.942284205296467,330567345.146463,765175090.950478,BZW1,Q7L1Q6,eIF5-mimic protein 2 OS=Homo sapiens OX=9606 GN=BZW1 PE=1 SV=1
35.833333333333336,43,1806203.7569535617,1556509.55780721,991890.408971729,54.915753837468685,500774.572738919,5408412.38854813,MAPRE2,K7ERD8,Microtubule associated protein RP/EB family member 2 (Fragment) OS=Homo sapiens OX=9606 GN=MAPRE2 PE=1 SV=1
15.0,18,772487.8257029712,691563.8653349939,214836.184085033,27.810947556297087,435252.353702868,1227806.87857971,TUBA8,C9J2C0,Tubulin alpha chain (Fragment) OS=Homo sapiens OX=9606 GN=TUBA8 PE=1 SV=1
100.0,120,494863616.60242486,488640010.3582295,92290842.09235084,18.64975298163769,163345611.014493,1123714799.41103,FCN1,O00602,Ficolin-1 OS=Homo sapiens OX=9606 GN=FCN1 PE=1 SV=2
100.0,120,355860316.79809433,356440440.839373,44829207.26444725,12.597416780776417,237962880.472747,498440994.368202,CDH1,P12830,Cadherin-1 OS=Homo sapiens OX=9606 GN=CDH1 PE=1 SV=3
100.0,120,18988836.89663951,18765592.07915005,5234437.557006004,27.56586717500508,4933233.4172435,33602988.7662302,CDH1,H3BNC6,Cadherin 1 OS=Homo sapiens OX=9606 GN=CDH1 PE=1 SV=1
98.33333333333333,118,17108620.489443123,10095075.02584264,16153686.752559705,94.41840598736374,339630.145790631,63242317.9389047,KRAS,A0A8I5KQ21,"KRAS proto-oncogene, GTPase OS=Homo sapiens OX=9606 GN=KRAS PE=1 SV=1"
100.0,120,316445658.3256485,312129272.53152,70516645.48061565,22.28396681241499,130894672.481978,504483281.630524,ROCK2,O75116,Rho-associated protein kinase 2 OS=Homo sapiens OX=9606 GN=ROCK2 PE=1 SV=4
0.0,0,,,,,,,TUBB2A,Q13885,Tubulin beta-2A chain OS=Homo sapiens OX=9606 GN=TUBB2A PE=1 SV=1
0.0,0,,,,,,,ARF4,C9JAK5,ADP-ribosylation factor 4 OS=Homo sapiens OX=9606 GN=ARF4 PE=1 SV=1
100.0,120,124636508.38875772,95703078.75741205,102912246.09419744,82.56990461671195,30474374.6724289,887370751.598874,CD9,A0A2R8Y478,CD9 molecule OS=Homo sapiens OX=9606 GN=CD9 PE=1 SV=1
100.0,120,13003687.442899602,12727468.7144871,6480438.620299039,49.835392066713744,1818905.40342706,32123962.9535807,H2BC12,O60814,Histone H2B type 1-K OS=Homo sapiens OX=9606 GN=H2BC12 PE=1 SV=3
100.0,120,149874306.5902591,129024870.5279715,88596106.17269933,59.113605385953136,17617228.4860791,526168798.326086,PGLYRP2,Q96PD5,N-acetylmuramoyl-L-alanine amidase OS=Homo sapiens OX=9606 GN=PGLYRP2 PE=1 SV=1
17.5,21,3523717.2867414355,1063422.24864974,6215146.987454912,176.38040971222128,531723.55811013,24896143.091293,H2BC1,Q96A08,Histone H2B type 1-A OS=Homo sapiens OX=9606 GN=H2BC1 PE=1 SV=3
0.0,0,,,,,,,TUBB8,Q3ZCM7,Tubulin beta-8 chain OS=Homo sapiens OX=9606 GN=TUBB8 PE=1 SV=2
46.666666666666664,56,742434.6715439883,663767.3753454265,312370.1201214294,42.07375168401222,298166.281083648,1688312.97510636,UBC,F5H2Z3,Ubiquitin C (Fragment) OS=Homo sapiens OX=9606 GN=UBC PE=1 SV=1
99.16666666666667,119,462017260.7474046,335756387.997414,425897096.3644272,92.18207468600939,167827.494923406,2236037249.22028,UBA52,P62987,Ubiquitin-ribosomal protein eL40 fusion protein OS=Homo sapiens OX=9606 GN=UBA52 PE=1 SV=2
97.5,117,1749640.2633073376,1360172.98278059,1130843.6712297227,64.63292454713483,410355.05695413,6031401.875,FLNB,O75369,Filamin-B OS=Homo sapiens OX=9606 GN=FLNB PE=1 SV=2
100.0,120,89036579.94517893,92494182.47025481,35211926.42113553,39.54770774306022,14325358.5431733,170362032.197256,HBG2,P69892,Hemoglobin subunit gamma-2 OS=Homo sapiens OX=9606 GN=HBG2 PE=1 SV=2
100.0,120,109080249.86014715,106131301.802479,47868666.76518287,43.883899080315416,6186082.19589086,229587082.521156,RAB14,P61106,Ras-related protein Rab-14 OS=Homo sapiens OX=9606 GN=RAB14 PE=1 SV=4
100.0,120,3617727.639949872,3421998.099098215,1292289.739982635,35.72103454422957,1060849.47415922,7148665.05792513,IGHV3OR16-9,A0A0B4J2B5,Immunoglobulin heavy variable 3/OR16-9 (non-functional) (Fragment) OS=Homo sapiens OX=9606 GN=IGHV3OR16-9 PE=1 SV=1
100.0,120,308194115.7361305,310896059.984411,74637423.08169246,24.217666487051133,145832674.624646,526331466.366836,DNM2,P50570,Dynamin-2 OS=Homo sapiens OX=9606 GN=DNM2 PE=1 SV=2
4.166666666666666,5,623580.7395109361,676827.595726719,160648.6353017072,25.76228307303096,448133.696504478,773755.401225915,RAB6B,Q9NRW1,Ras-related protein Rab-6B OS=Homo sapiens OX=9606 GN=RAB6B PE=1 SV=1
98.33333333333333,118,17424042.719389193,16043404.3525883,8064818.7426845115,46.28557719105057,2474487.0052362,49681248.1065628,NEFH,P12036,Neurofilament heavy polypeptide OS=Homo sapiens OX=9606 GN=NEFH PE=1 SV=5
100.0,120,5690829.325943817,4520236.409146615,3162500.8867146587,55.5718807502659,1585728.35449421,17023870.6295859,EZR,P15311,Ezrin OS=Homo sapiens OX=9606 GN=EZR PE=1 SV=4
100.0,120,302885407.3523378,276753392.723132,138918213.98304316,45.86494119917889,114024246.118335,972987496.775276,MNDA,P41218,Myeloid cell nuclear differentiation antigen OS=Homo sapiens OX=9606 GN=MNDA PE=1 SV=1
100.0,120,17341410.75075952,17349788.920567103,4286776.065437852,24.7198807931477,3928072.68053672,26985406.7861474,RDX,P35241,Radixin OS=Homo sapiens OX=9606 GN=RDX PE=1 SV=1
100.0,120,22781458.462658107,22546110.252018802,6562495.311202476,28.806300184684368,9300015.11113954,35740279.0858401,RHOG,P84095,Rho-related GTP-binding protein RhoG OS=Homo sapiens OX=9606 GN=RHOG PE=1 SV=1
100.0,120,6108972.751780672,5861620.74671082,2168305.7538687456,35.49378663109469,1915136.50634203,18156721.1366884,IGF2,P01344,Insulin-like growth factor 2 OS=Homo sapiens OX=9606 GN=IGF2 PE=1 SV=1
100.0,120,136485328.97438127,116154646.9863315,68486815.7212064,50.17888459942943,69050603.7634492,614587143.535268,KRT31,Q15323,"Keratin, type I cuticular Ha1 OS=Homo sapiens OX=9606 GN=KRT31 PE=1 SV=3"
100.0,120,19714364.968550872,18741018.6100986,6095539.427936166,30.919278595379605,9417920.84777235,37736716.1140895,ENO3,P13929,Beta-enolase OS=Homo sapiens OX=9606 GN=ENO3 PE=1 SV=5
100.0,120,357659456.3562816,324575578.90030897,130055248.45023774,36.36287147981445,187905882.432782,952978487.455265,PRAM1,Q96QH2,PML-RARA-regulated adapter molecule 1 OS=Homo sapiens OX=9606 GN=PRAM1 PE=1 SV=3
100.0,120,7853741.70639832,7405174.1988515705,3009825.3914017696,38.323457836023714,1474.57741534147,16653532.0597811,KIF2A,A0A6Q8PFA6,Kinesin-like protein OS=Homo sapiens OX=9606 GN=KIF2A PE=1 SV=1
0.0,0,,,,,,,ENO1,A0A2R8Y6I8,Enolase 1 (Fragment) OS=Homo sapiens OX=9606 GN=ENO1 PE=1 SV=1
100.0,120,414312997.8112374,413195369.55699503,78246615.989798,18.885870441710704,149521312.923082,577617051.263651,HNRNPA3,P51991,Heterogeneous nuclear ribonucleoprotein A3 OS=Homo sapiens OX=9606 GN=HNRNPA3 PE=1 SV=2
100.0,120,18477757.262440834,16270927.6568906,10991458.386036385,59.484807760617045,2066779.98191432,57264321.0951018,INF2,A0A6Q8PHS8,Inverted formin 2 (Fragment) OS=Homo sapiens OX=9606 GN=INF2 PE=1 SV=1
84.16666666666667,101,5075513.893855416,4432408.16102409,3724637.222585096,73.38443555625499,601490.185479852,19285737.908866,KRT33B,Q14525,"Keratin, type I cuticular Ha3-II OS=Homo sapiens OX=9606 GN=KRT33B PE=1 SV=3"
100.0,120,51561135.768209726,48022295.95072545,16475882.18203878,31.95407148536295,22232753.6508179,145672863.952318,TMA7,Q9Y2S6,Translation machinery-associated protein 7 OS=Homo sapiens OX=9606 GN=TMA7 PE=1 SV=1
0.0,0,,,,,,,KRT35,Q92764,"Keratin, type I cuticular Ha5 OS=Homo sapiens OX=9606 GN=KRT35 PE=1 SV=5"
99.16666666666667,119,1971437472.3514256,1882002198.47285,636069072.8542365,32.26422758899714,41107.2727863431,3807852583.2408,KRT36,O76013,"Keratin, type I cuticular Ha6 OS=Homo sapiens OX=9606 GN=KRT36 PE=1 SV=1"
100.0,120,494641634.5274144,469235455.4120045,143679767.17416877,29.04724494359272,92834446.8099099,957843579.694038,VCL,P18206,Vinculin OS=Homo sapiens OX=9606 GN=VCL PE=1 SV=4
94.16666666666667,113,2229785.2481305604,1490076.45491324,2520753.2157198396,113.04914757298825,523096.269884544,21899077.1506146,MYL6,G3V1V0,Myosin light chain 6 OS=Homo sapiens OX=9606 GN=MYL6 PE=1 SV=1
100.0,120,301469787.42419493,299018487.1269145,76032621.86715274,25.22064400442491,106011266.157259,516585013.242445,ITGA6,P23229,Integrin alpha-6 OS=Homo sapiens OX=9606 GN=ITGA6 PE=1 SV=5
100.0,120,220629971.42885908,223353666.296699,50870185.790685974,23.056788459535646,93571221.458587,329289638.302333,FAP,Q12884,Prolyl endopeptidase FAP OS=Homo sapiens OX=9606 GN=FAP PE=1 SV=5
100.0,120,29617066.77630099,24697012.334540352,15069418.0500506,50.88085921496068,1770860.96835749,99107303.7290413,SEPTIN11,Q9NVA2,Septin-11 OS=Homo sapiens OX=9606 GN=SEPTIN11 PE=1 SV=3
100.0,120,31373060.34261491,24603403.3309305,19563841.40457666,62.35872812829337,8003732.86635284,106850596.732063,LYZ,P61626,Lysozyme C OS=Homo sapiens OX=9606 GN=LYZ PE=1 SV=1
98.33333333333333,118,8403653.56071294,7664810.461066125,3200641.6963369153,38.086311783483175,3548937.79886058,18067649.6459666,LYZ,A0A0B4J259,Lysozyme C OS=Homo sapiens OX=9606 GN=LYZ PE=1 SV=1
0.0,0,,,,,,,LYZ,F8VV32,Lysozyme C OS=Homo sapiens OX=9606 GN=LYZ PE=1 SV=1
100.0,120,215186208.04157245,208487418.598432,68546871.35373905,31.854676922647517,118603398.780365,494446218.86573,IQGAP3,Q86VI3,Ras GTPase-activating-like protein IQGAP3 OS=Homo sapiens OX=9606 GN=IQGAP3 PE=1 SV=2
100.0,120,124011443.43945883,119646208.3732905,50294111.112441525,40.55602428093228,10980789.5023146,251953859.971298,CHMP4B,Q9H444,Charged multivesicular body protein 4b OS=Homo sapiens OX=9606 GN=CHMP4B PE=1 SV=1
100.0,120,274043023.1614715,275990520.826146,59654589.33091761,21.768329893137974,87514637.0081326,459575132.099109,CCT4,P50991,T-complex protein 1 subunit delta OS=Homo sapiens OX=9606 GN=CCT4 PE=1 SV=4
100.0,120,22973096.744230494,22112585.757048897,6798766.123603689,29.59446956279912,13410319.6346179,55770345.0266536,MPIG6B,A0A140T9L8,C6orf25 OS=Homo sapiens OX=9606 GN=MPIG6B PE=1 SV=1
100.0,120,36157553.76244127,31590030.41387375,39199093.42502299,108.41190663108722,15189312.1074239,450680302.02811,HNRNPDL,O14979,Heterogeneous nuclear ribonucleoprotein D-like OS=Homo sapiens OX=9606 GN=HNRNPDL PE=1 SV=3
100.0,120,200356502.67334494,202098146.09255952,50368566.847749576,25.139471979039747,74114313.9732777,300401758.86782,CNN2,Q99439,Calponin-2 OS=Homo sapiens OX=9606 GN=CNN2 PE=1 SV=4
100.0,120,39140437.371594936,38229614.01060245,14035911.491054159,35.86038489503524,11537356.6214802,78791626.8158658,ACTN1,A0A804HKE2,Alpha-actinin-1 OS=Homo sapiens OX=9606 GN=ACTN1 PE=1 SV=1
100.0,120,279558702.96604997,273706725.544785,42938721.53412515,15.359465142224419,179164682.733975,405566368.639905,CHMP2A,O43633,Charged multivesicular body protein 2a OS=Homo sapiens OX=9606 GN=CHMP2A PE=1 SV=1
100.0,120,563146361.0610961,549700793.4571946,128873346.19178456,22.884520810710345,205607908.419381,812765663.167583,IGFBP2,P18065,Insulin-like growth factor-binding protein 2 OS=Homo sapiens OX=9606 GN=IGFBP2 PE=1 SV=2
100.0,120,160788340.82719776,143863771.697512,92392470.33678906,57.462170367243836,4554856.92606475,705075138.376005,UNC13D,Q70J99,Protein unc-13 homolog D OS=Homo sapiens OX=9606 GN=UNC13D PE=1 SV=1
100.0,120,16858384.102809623,16082918.17014945,4004141.244438172,23.751631354578286,8630467.12483388,30645191.6940571,IGHV3-74,A0A0B4J1X5,Immunoglobulin heavy variable 3-74 OS=Homo sapiens OX=9606 GN=IGHV3-74 PE=1 SV=1
100.0,120,58098504.44024737,55648455.744377,16246585.894390738,27.963862496839102,9516616.4747791,101498798.174697,IGKV3D-20,A0A0C4DH25,Immunoglobulin kappa variable 3D-20 OS=Homo sapiens OX=9606 GN=IGKV3D-20 PE=1 SV=1
100.0,120,83264564.22187209,78640961.3132976,30977327.879361466,37.20349487065986,31287540.763326,169627271.480082,CCT6A,P40227,T-complex protein 1 subunit zeta OS=Homo sapiens OX=9606 GN=CCT6A PE=1 SV=3
100.0,120,26070665.98130035,25421101.3840006,5973907.535170278,22.91428818678882,10987360.448864,40945577.2539125,HNRNPAB,D6RBZ0,Heterogeneous nuclear ribonucleoprotein A/B OS=Homo sapiens OX=9606 GN=HNRNPAB PE=1 SV=1
100.0,120,392579919.6750519,372572294.291016,120195865.00448813,30.61691619479091,127532377.56705,890415523.182171,CAND1,Q86VP6,Cullin-associated NEDD8-dissociated protein 1 OS=Homo sapiens OX=9606 GN=CAND1 PE=1 SV=2
100.0,120,4887492.080393165,4928673.61584149,2110481.58283918,43.18127882612151,1194402.7258907,10786269.8898467,LECT2,O14960,Leukocyte cell-derived chemotaxin-2 OS=Homo sapiens OX=9606 GN=LECT2 PE=1 SV=2
100.0,120,7594615.297044581,6022639.174483905,6142138.715433206,80.87491565008433,2517097.94240021,57193974.1660517,,A0A0U1RRH7,Histone H2A OS=Homo sapiens OX=9606 PE=3 SV=1
98.33333333333333,118,22307279.89745067,20758413.745784752,6472639.955089415,29.015818983062676,8401829.46432558,55534177.4117394,DNM1,Q05193,Dynamin-1 OS=Homo sapiens OX=9606 GN=DNM1 PE=1 SV=2
100.0,120,20038069.239539225,19368781.5077888,9810660.823993547,48.96011041141179,2641880.02405765,53291334.4934729,MYL9,P24844,Myosin regulatory light polypeptide 9 OS=Homo sapiens OX=9606 GN=MYL9 PE=1 SV=4
0.0,0,,,,,,,IGKV2-40,A0AAG2T961,Immunoglobulin kappa variable 2-40 OS=Homo sapiens OX=9606 GN=IGKV2-40 PE=1 SV=1
100.0,120,33719640.503446855,30581379.15146665,17954145.11688863,53.24536338118237,13011124.6092159,141445858.212203,SNX2,O60749,Sorting nexin-2 OS=Homo sapiens OX=9606 GN=SNX2 PE=1 SV=2
3.3333333333333335,4,8685770.336859923,615757.3079794911,16161552.682738945,186.0693071074415,583509.253235011,32928057.4782457,,A0A0J9YWU9,Ig-like domain-containing protein (Fragment) OS=Homo sapiens OX=9606 PE=1 SV=1
100.0,120,22594480.41967972,22011982.54243465,5483873.122526656,24.270852972349036,10559395.451181,42613979.5686023,GP1BA,P07359,Platelet glycoprotein Ib alpha chain OS=Homo sapiens OX=9606 GN=GP1BA PE=1 SV=2
100.0,120,1829562003.4460094,1749141617.42314,576872494.2334412,31.53063373347788,625790147.901162,3248616625.87779,S100A7A,Q86SG5,Protein S100-A7A OS=Homo sapiens OX=9606 GN=S100A7A PE=1 SV=3
100.0,120,245483967.1754079,232017659.6736225,98881118.07654281,40.280071735148546,54167535.0818387,482374222.559554,CCT7,Q99832,T-complex protein 1 subunit eta OS=Homo sapiens OX=9606 GN=CCT7 PE=1 SV=2
1.6666666666666667,2,4364542.845178235,4364542.845178235,4706504.063507458,107.83498365028098,1036541.90619007,7692543.7841664,IGHV3-23,P01764,Immunoglobulin heavy variable 3-23 OS=Homo sapiens OX=9606 GN=IGHV3-23 PE=1 SV=2
99.16666666666667,119,42600540.663791016,41208862.1450461,9558842.570485035,22.438312804348325,16539007.5205419,75865852.3646938,IGHV3-30,P01768,Immunoglobulin heavy variable 3-30 OS=Homo sapiens OX=9606 GN=IGHV3-30 PE=1 SV=2
100.0,120,17784672.1339642,17431363.5427639,6122559.876329289,34.42604862327913,3810136.66310794,32337604.183079,APEX1,P27695,DNA repair nuclease/redox regulator APEX1 OS=Homo sapiens OX=9606 GN=APEX1 PE=1 SV=2
100.0,120,165301115.37585026,167961484.2149455,46481021.06532233,28.11900026181735,27820580.8522783,324688651.635108,DENR,O43583,Density-regulated protein OS=Homo sapiens OX=9606 GN=DENR PE=1 SV=2
100.0,120,504208031.3397176,495677995.1207565,123693812.36951242,24.532297123639406,165572299.011494,776006493.110303,PGK1,P00558,Phosphoglycerate kinase 1 OS=Homo sapiens OX=9606 GN=PGK1 PE=1 SV=3
91.66666666666666,110,7264674.17268571,6427537.70400811,3316777.850200395,45.65625066394686,1412760.93947281,20565898.0046674,HLA-A,Q5RJ27,MHC class I antigen OS=Homo sapiens OX=9606 GN=HLA-A PE=1 SV=2
70.0,84,1028919.0570561057,719441.2869183561,1014125.2110790181,98.56219535680337,204022.556349415,7171628.67954821,KRT86,O43790,"Keratin, type II cuticular Hb6 OS=Homo sapiens OX=9606 GN=KRT86 PE=1 SV=1"
98.33333333333333,118,2177693.960077549,1656074.136628445,3089696.0815619174,141.87926027272866,229447.539964979,33049954.6711468,HLA-A,A0A0G2JPD3,"Major histocompatibility complex, class I, A OS=Homo sapiens OX=9606 GN=HLA-A PE=1 SV=1"
100.0,120,309810489.1779617,312902679.826603,60056535.95724587,19.384926610005166,108759240.513926,479272376.185868,DEFA3,P59666,Neutrophil defensin 3 OS=Homo sapiens OX=9606 GN=DEFA3 PE=1 SV=1
100.0,120,638312796.6475836,643400260.9280875,135274226.98113117,21.19246671719428,368363172.076352,1045559060.12228,RBMX,P38159,"RNA-binding motif protein, X chromosome OS=Homo sapiens OX=9606 GN=RBMX PE=1 SV=3"
100.0,120,83460107.9180519,82372698.2057905,22589333.13546661,27.0660243545895,23926698.4199263,171246929.376298,GP9,P14770,Platelet glycoprotein IX OS=Homo sapiens OX=9606 GN=GP9 PE=1 SV=3
0.0,0,,,,,,,VASP,A0A994J508,Vasodilator stimulated phosphoprotein (Fragment) OS=Homo sapiens OX=9606 GN=VASP PE=1 SV=1
100.0,120,304590152.61446595,294891136.67298853,87947576.25513668,28.874070780106955,164225713.36993,858849691.522402,KRT85,P78386,"Keratin, type II cuticular Hb5 OS=Homo sapiens OX=9606 GN=KRT85 PE=1 SV=1"
100.0,120,14100980.153343106,11684519.91013515,8331253.591203815,59.08279779564553,3383019.81105858,58362406.576894,PDCD10,Q9BUL8,Programmed cell death protein 10 OS=Homo sapiens OX=9606 GN=PDCD10 PE=1 SV=1
100.0,120,214122771.91790086,214123517.0332235,38040235.23308604,17.7656187113398,119440548.35417,312419479.710723,NAP1L1,P55209,Nucleosome assembly protein 1-like 1 OS=Homo sapiens OX=9606 GN=NAP1L1 PE=1 SV=1
100.0,120,12314757.12989846,11246517.6967143,5503012.884381459,44.68632898184354,2982852.27065316,27578682.9167538,SEPTIN7,Q16181,Septin-7 OS=Homo sapiens OX=9606 GN=SEPTIN7 PE=1 SV=2
99.16666666666667,119,9833179.93944451,7885804.59190221,5866651.847012388,59.66179692775766,1656883.67423958,34410854.9169278,HLA-C,P10321,"HLA class I histocompatibility antigen, C alpha chain OS=Homo sapiens OX=9606 GN=HLA-C PE=1 SV=3"
100.0,120,161447548.37896672,128963398.0371185,110150517.04530418,68.22681307414298,4633250.44805406,664008947.080086,HLA-A,A0A140T9I0,"Major histocompatibility complex, class I, A (Fragment) OS=Homo sapiens OX=9606 GN=HLA-A PE=1 SV=1"
94.16666666666667,113,10426600.498573164,7185422.93429262,11590421.304915695,111.16203508997775,112181.200899292,80580243.9220569,PLTP,P55058,Phospholipid transfer protein OS=Homo sapiens OX=9606 GN=PLTP PE=1 SV=1
100.0,120,35004439.792749904,31753934.030601002,15620517.52423497,44.62438941094061,3414196.79639826,113412576.037088,IGKV1-5,P01602,Immunoglobulin kappa variable 1-5 OS=Homo sapiens OX=9606 GN=IGKV1-5 PE=1 SV=2
94.16666666666667,113,7299801.783728686,4726732.5590494,8225053.497277338,112.67502517138266,154611.684493005,42749641.5913673,HNRNPR,O43390,Heterogeneous nuclear ribonucleoprotein R OS=Homo sapiens OX=9606 GN=HNRNPR PE=1 SV=1
100.0,120,18319208.68169272,18396478.4368026,10942231.1267669,59.73091587576054,1555055.63379352,69155004.7057398,CRTAC1,Q9NQ79,Cartilage acidic protein 1 OS=Homo sapiens OX=9606 GN=CRTAC1 PE=1 SV=2
100.0,120,39142031.46198776,36487139.4077871,16759634.571781555,42.817487866099746,9769641.10789273,94415973.530519,IGHV3-48,P01763,Immunoglobulin heavy variable 3-48 OS=Homo sapiens OX=9606 GN=IGHV3-48 PE=1 SV=2
100.0,120,11854138.38628747,11387038.2196962,4306274.293281896,36.327180879407244,2713691.43898235,34367501.3541187,HLA-A,P04439,"HLA class I histocompatibility antigen, A alpha chain OS=Homo sapiens OX=9606 GN=HLA-A PE=1 SV=2"
9.166666666666666,11,373900.51628807007,364316.552711473,118346.12735612583,31.651768906611128,169600.378888016,570846.310204781,HLA-A,A0A0G2JL56,"Major histocompatibility complex, class I, A OS=Homo sapiens OX=9606 GN=HLA-A PE=1 SV=1"
15.0,18,1154847.993028337,1034946.35041218,601176.3051861309,52.05674762525908,335057.747528151,2552727.21976946,CORO6,Q6QEF8,Coronin-6 OS=Homo sapiens OX=9606 GN=CORO6 PE=1 SV=2
100.0,120,149104445.92279878,142123042.63987452,60539993.025758974,40.6024063542039,46238964.1794428,395712537.62309,KIAA0513,O60268,Uncharacterized protein KIAA0513 OS=Homo sapiens OX=9606 GN=KIAA0513 PE=1 SV=1
100.0,120,86608288.92252128,85450944.90935965,24650158.45215959,28.461661994282466,28073470.0893506,169827180.004943,STK10,O94804,Serine/threonine-protein kinase 10 OS=Homo sapiens OX=9606 GN=STK10 PE=1 SV=1
100.0,120,500755985.5015774,442926501.4678315,241574252.3439809,48.2419100995888,4373.13280043704,1425648791.16794,CAPZB,B1AK88,F-actin-capping protein subunit beta OS=Homo sapiens OX=9606 GN=CAPZB PE=1 SV=1
0.0,0,,,,,,,HLA-C,A0A140T930,"Major histocompatibility complex, class I, C OS=Homo sapiens OX=9606 GN=HLA-C PE=1 SV=1"
100.0,120,1090879057.1008556,1069956314.2189901,314296906.957715,28.811343009278907,321149720.929139,2008032472.33464,FBLN1,P23142,Fibulin-1 OS=Homo sapiens OX=9606 GN=FBLN1 PE=1 SV=4
100.0,120,61964777.56999243,45721517.33084365,40850029.99490137,65.92459716128108,14871912.748387,239996456.365973,ST13,P50502,Hsc70-interacting protein OS=Homo sapiens OX=9606 GN=ST13 PE=1 SV=2
51.66666666666667,62,913433.890151858,742212.9766358625,608440.6099585738,66.61025132945537,230053.596771472,2732713.19894226,FBLN1,B1AHL2,Fibulin-1 OS=Homo sapiens OX=9606 GN=FBLN1 PE=1 SV=1
100.0,120,33666826.46080431,31106572.52208105,10889444.799643844,32.34473202373733,11305589.6141708,65294985.3389139,AZU1,P20160,Azurocidin OS=Homo sapiens OX=9606 GN=AZU1 PE=1 SV=3
100.0,120,49886460.77837408,46216014.41749875,18792741.25868844,37.67102529517417,19216618.7188227,112375744.848753,HLA-C,Q5QT33,HLA class I antigen OS=Homo sapiens OX=9606 GN=HLA-C PE=1 SV=1
100.0,120,368792887.75049186,335924858.01410604,144019516.28175122,39.05159808265829,98641463.914209,829104851.94182,MYH7,P12883,Myosin-7 OS=Homo sapiens OX=9606 GN=MYH7 PE=1 SV=5
100.0,120,15843266.325533008,14284776.424615052,6890590.62448808,43.49223501585152,8760867.42836295,60089829.0229382,TPM3,A0A087WWU8,Tropomyosin 3 OS=Homo sapiens OX=9606 GN=TPM3 PE=1 SV=1
92.5,111,4951118.13071174,3949845.80342344,3273676.6737339604,66.11994679398526,460968.261116709,17048788.3571347,HLA-H,P01893,"Putative HLA class I histocompatibility antigen, alpha chain H OS=Homo sapiens OX=9606 GN=HLA-H PE=5 SV=3"
4.166666666666666,5,1461864.5373954643,687272.048437255,1929158.589911544,131.9656192870398,323810.43533256,4889404.05887924,VIM,P08670,Vimentin OS=Homo sapiens OX=9606 GN=VIM PE=1 SV=4
96.66666666666667,116,21357901.872958355,20026366.873952903,7162386.631128328,33.53506666400018,7117761.4392241,39243170.8728559,MYH10,P35580,Myosin-10 OS=Homo sapiens OX=9606 GN=MYH10 PE=1 SV=3
99.16666666666667,119,4600465.999757512,4446461.96426946,1701519.9914516408,36.9858182093146,7542.0840357552,10837553.9834765,PRKCA,P17252,Protein kinase C alpha type OS=Homo sapiens OX=9606 GN=PRKCA PE=1 SV=4
100.0,120,107918926.72271045,97924069.4270578,39475661.635967724,36.57899761864521,59817901.8475714,354188463.34059,TPM2,P07951,Tropomyosin beta chain OS=Homo sapiens OX=9606 GN=TPM2 PE=1 SV=1
100.0,120,10301332.87925512,9754223.330381306,4160379.878918545,40.38681137366933,3592820.53683724,28643094.2593475,FKBP3,Q00688,Peptidyl-prolyl cis-trans isomerase FKBP3 OS=Homo sapiens OX=9606 GN=FKBP3 PE=1 SV=1
100.0,120,19039309.507037945,19719572.226660453,9649120.11181885,50.67998977721341,559905.336109087,40143472.6086613,PCSK9,A0AA34QVH0,Proprotein convertase subtilisin/kexin type 9 OS=Homo sapiens OX=9606 GN=PCSK9 PE=1 SV=1
98.33333333333333,118,2143333.929493111,2087013.0864882949,570543.2341643358,26.619428093468695,1004333.77538712,4115747.43771526,TPM3,J3KN67,Tropomyosin 3 OS=Homo sapiens OX=9606 GN=TPM3 PE=1 SV=1
100.0,120,226488201.02833143,230887134.8213365,59726581.84758647,26.370725528485817,97816331.6805327,338703719.450397,SERPINB3,P29508,Serpin B3 OS=Homo sapiens OX=9606 GN=SERPINB3 PE=1 SV=2
0.0,0,,,,,,,MYH11,P35749,Myosin-11 OS=Homo sapiens OX=9606 GN=MYH11 PE=1 SV=3
100.0,120,207847109.92665344,211932333.00061798,51716155.442474365,24.881825617264695,72672770.5428324,324834613.245428,CYFIP1,Q7L576,Cytoplasmic FMR1-interacting protein 1 OS=Homo sapiens OX=9606 GN=CYFIP1 PE=1 SV=1
0.0,0,,,,,,,SPTB,H0YJE6,"Spectrin beta, erythrocytic (Fragment) OS=Homo sapiens OX=9606 GN=SPTB PE=1 SV=1"
48.333333333333336,58,503019.7728619932,340184.890202549,381803.7465378224,75.90233369267033,166965.544641917,2081204.35804404,TPM3,P06753,Tropomyosin alpha-3 chain OS=Homo sapiens OX=9606 GN=TPM3 PE=1 SV=2
0.0,0,,,,,,,DNM3,Q9UQ16,Dynamin-3 OS=Homo sapiens OX=9606 GN=DNM3 PE=1 SV=4
31.666666666666664,38,2107805.7477261266,1275834.1214083098,2110046.958943415,100.10632911593993,138048.046528819,8244095.7281733,YES1,P07947,Tyrosine-protein kinase Yes OS=Homo sapiens OX=9606 GN=YES1 PE=1 SV=3
2.5,3,1025917.5696985814,721584.795657582,558728.941584989,54.46138735582292,685423.625305982,1670744.28813218,TPM1,P09493,Tropomyosin alpha-1 chain OS=Homo sapiens OX=9606 GN=TPM1 PE=1 SV=2
100.0,120,17614523.142877612,16602621.10139375,6130498.093570896,34.80365630022603,5677833.08750301,50371311.6418862,PRKCD,Q05655,Protein kinase C delta type OS=Homo sapiens OX=9606 GN=PRKCD PE=1 SV=2
100.0,120,62793287.51326059,61640406.0219256,14346801.557967577,22.847667523280798,37822625.4322223,102625660.932931,XPO1,O14980,Exportin-1 OS=Homo sapiens OX=9606 GN=XPO1 PE=1 SV=1
100.0,120,37199586.68889535,36481259.754673555,11113878.245179119,29.87634872969377,18998770.3396912,73699289.8521375,HSPA8,P11142,Heat shock cognate 71 kDa protein OS=Homo sapiens OX=9606 GN=HSPA8 PE=1 SV=1
100.0,120,91403676.95892031,74182172.05174881,62641541.72941053,68.53284661355976,6741.58650712788,301847136.144163,HLA-B,P01889,"HLA class I histocompatibility antigen, B alpha chain OS=Homo sapiens OX=9606 GN=HLA-B PE=1 SV=3"
42.5,51,2433237.333430608,1971418.49940248,1554075.7979351277,63.868648429129806,572448.930579323,8465525.26977228,HLA-B,A0A1W2PP29,"Major histocompatibility complex, class I, B OS=Homo sapiens OX=9606 GN=HLA-B PE=1 SV=2"
100.0,120,34443222.23528859,34016084.4472142,7153022.692342316,20.767576980686,6648429.43672155,53315907.6616017,XPO7,E7ESC6,Exportin 7 OS=Homo sapiens OX=9606 GN=XPO7 PE=1 SV=1
98.33333333333333,118,2003423.0606242095,1887735.939853905,946218.6037103956,47.23009444722978,2312.32605485271,4975850.42874644,LCN1P1,Q5VSP4,Putative lipocalin 1-like protein 1 OS=Homo sapiens OX=9606 GN=LCN1P1 PE=5 SV=1
0.0,0,,,,,,,FUBP1,C9JSZ1,Far upstream element binding protein 1 OS=Homo sapiens OX=9606 GN=FUBP1 PE=1 SV=2
100.0,120,248822405.45032993,224053548.17775202,97225561.88194446,39.074279386529234,132490818.292314,794298339.66957,FUBP1,Q96AE4,Far upstream element-binding protein 1 OS=Homo sapiens OX=9606 GN=FUBP1 PE=1 SV=3
100.0,120,157073233.39914834,150136846.296763,46058490.1249351,29.322940088648373,71232164.8063812,316047188.112363,ILF3,Q12906,Interleukin enhancer-binding factor 3 OS=Homo sapiens OX=9606 GN=ILF3 PE=1 SV=3
82.5,99,1334495.2930943188,1127392.59977763,884550.0645949179,66.2834907827884,189006.729273282,3699744.30288117,PRNP,P04156,Major prion protein OS=Homo sapiens OX=9606 GN=PRNP PE=1 SV=1
0.0,0,,,,,,,IGHV3OR16-12,A0A075B7B8,Immunoglobulin heavy variable 3/OR16-12 (non-functional) (Fragment) OS=Homo sapiens OX=9606 GN=IGHV3OR16-12 PE=1 SV=1
100.0,120,16737048.76964435,16105680.2068091,4403776.272800073,26.311545920730744,6959881.41423087,30142132.5608289,ARL8A,Q96BM9,ADP-ribosylation factor-like protein 8A OS=Homo sapiens OX=9606 GN=ARL8A PE=1 SV=1
100.0,120,133792447.83639915,90441499.67665535,104906416.08061753,78.40981892258722,12221454.1121825,512612918.359407,MPP1,Q00013,55 kDa erythrocyte membrane protein OS=Homo sapiens OX=9606 GN=MPP1 PE=1 SV=2
100.0,120,28793023.12389905,29452976.5974444,19827938.536560025,68.86369121866281,1774147.6116941,78173585.9795233,RHOF,Q9HBH0,Rho-related GTP-binding protein RhoF OS=Homo sapiens OX=9606 GN=RHOF PE=1 SV=1
3.3333333333333335,4,1910076.2172199127,775854.4134218275,2582077.4421725348,135.18190629747278,319106.038960986,5769490.00307501,MYH6,P13533,Myosin-6 OS=Homo sapiens OX=9606 GN=MYH6 PE=1 SV=5
100.0,120,237618645.08544192,229396366.2252445,74700664.9716913,31.437206850847392,72748695.3288598,609796074.888104,ERAP2,Q6P179,Endoplasmic reticulum aminopeptidase 2 OS=Homo sapiens OX=9606 GN=ERAP2 PE=1 SV=2
100.0,120,28281534.488942485,26657974.10926935,13402524.204328671,47.38966412720211,1661017.06862291,91642772.967845,KIF5B,P33176,Kinesin-1 heavy chain OS=Homo sapiens OX=9606 GN=KIF5B PE=1 SV=1
1.6666666666666667,2,547270.8979823131,547270.8979823131,69489.5082096786,12.697460885618733,498134.395505931,596407.400458695,RAB5C,P51148,Ras-related protein Rab-5C OS=Homo sapiens OX=9606 GN=RAB5C PE=1 SV=2
100.0,120,71759287.89886189,69808061.08742285,16767474.27937072,23.366277412065365,38379833.5275804,109096648.947659,HSP90AB1,P08238,Heat shock protein HSP 90-beta OS=Homo sapiens OX=9606 GN=HSP90AB1 PE=1 SV=4
100.0,120,4668063.137248524,4363369.237417635,2073587.992309464,44.42073578147209,1914657.20819246,15573448.5865699,IGHV3-15,A0A0B4J1V0,Immunoglobulin heavy variable 3-15 OS=Homo sapiens OX=9606 GN=IGHV3-15 PE=1 SV=1
100.0,120,147889815.436511,147248706.1526905,29373242.619167626,19.861572301290444,81539106.885572,249218429.873483,CSE1L,P55060,Exportin-2 OS=Homo sapiens OX=9606 GN=CSE1L PE=1 SV=3
100.0,120,141724349.29249874,144769929.5331575,37681753.43703609,26.58805887989392,52388631.7599386,225796092.88057,HNRNPA1,P09651,Heterogeneous nuclear ribonucleoprotein A1 OS=Homo sapiens OX=9606 GN=HNRNPA1 PE=1 SV=5
99.16666666666667,119,22403054.818900537,23065333.2379433,6894069.227682049,30.772898086495804,3061378.37181494,39130623.2783139,HLA-B,A0A140T9D4,"Major histocompatibility complex, class I, B (Fragment) OS=Homo sapiens OX=9606 GN=HLA-B PE=1 SV=1"
100.0,120,15895611.45854878,15839368.46268685,3919773.4167203307,24.659469231126977,4222352.56526027,25684797.1525846,HGFAC,Q04756,Hepatocyte growth factor activator OS=Homo sapiens OX=9606 GN=HGFAC PE=1 SV=1
100.0,120,107969421.69842672,92627236.31223315,57873497.36230365,53.6017480245029,43768759.7947046,532219780.811457,CHMP6,I3L4G8,Charged multivesicular body protein 6 (Fragment) OS=Homo sapiens OX=9606 GN=CHMP6 PE=1 SV=1
100.0,120,203937214.6233415,190941216.13381898,50224613.745795235,24.627488336818153,108068935.204594,397188228.409671,FHOD1,Q9Y613,FH1/FH2 domain-containing protein 1 OS=Homo sapiens OX=9606 GN=FHOD1 PE=1 SV=3
100.0,120,31089063.6971202,25817885.7036699,16108641.632632341,51.814495893372616,13330444.3520598,96488120.8935232,SERPINB4,P48594,Serpin B4 OS=Homo sapiens OX=9606 GN=SERPINB4 PE=1 SV=2
100.0,120,14879200.467809595,13846642.93982205,6456498.186530703,43.392776382702905,4307288.77952514,56818666.4623579,CPN2,P22792,Carboxypeptidase N subunit 2 OS=Homo sapiens OX=9606 GN=CPN2 PE=1 SV=3
100.0,120,19069089.888445474,18829804.0163375,2942339.4657289973,15.429889328445862,12272942.814692,27054033.3217716,,K7ERQ8,PCAF N-terminal domain-containing protein (Fragment) OS=Homo sapiens OX=9606 PE=3 SV=1
0.0,0,,,,,,,RAB5A,P20339,Ras-related protein Rab-5A OS=Homo sapiens OX=9606 GN=RAB5A PE=1 SV=2
100.0,120,810200485.8306353,784376653.1418785,236165840.36295497,29.149061805465664,305371685.441784,1401290963.31213,LGALS7; LGALS7B,P47929,Galectin-7 OS=Homo sapiens OX=9606 GN=LGALS7 PE=1 SV=2
10.833333333333334,13,1346130.5312532042,1277329.6649236,905671.5795374045,67.27962545313146,389316.737600024,3935178.13836519,GSN,Q5T0I0,Gelsolin (Fragment) OS=Homo sapiens OX=9606 GN=GSN PE=1 SV=1
100.0,120,12971202.95291137,10970004.76288105,8078628.887976905,62.281261940810715,4861724.32387912,63078298.8045967,EIF5A,P63241,Eukaryotic translation initiation factor 5A-1 OS=Homo sapiens OX=9606 GN=EIF5A PE=1 SV=2
98.33333333333333,118,2667490.096001764,2685934.8005873803,922269.1134369771,34.5744156583503,135293.901405861,5436655.81101384,PRKCQ,Q04759,Protein kinase C theta type OS=Homo sapiens OX=9606 GN=PRKCQ PE=1 SV=3
82.5,99,344798.37328156317,173748.128754867,606277.3276669182,175.83532134933557,32373.2781632646,5200240.68189765,CYFIP2,Q96F07,Cytoplasmic FMR1-interacting protein 2 OS=Homo sapiens OX=9606 GN=CYFIP2 PE=1 SV=2
52.5,63,5300013.159409272,4646291.78400484,3737195.8938383413,70.5129549952831,598453.93213002,23652137.9052221,EIF5A2,F8WCJ1,Eukaryotic translation initiation factor 5A OS=Homo sapiens OX=9606 GN=EIF5A2 PE=1 SV=1
0.0,0,,,,,,,EIF5A2,Q9GZV4,Eukaryotic translation initiation factor 5A-2 OS=Homo sapiens OX=9606 GN=EIF5A2 PE=1 SV=3
100.0,120,258649041.3822397,249415876.862527,56450904.39488301,21.825290398605453,126964933.939755,397563265.586583,IGKV2-29,A2NJV5,Immunoglobulin kappa variable 2-29 OS=Homo sapiens OX=9606 GN=IGKV2-29 PE=1 SV=2
100.0,120,6700141.493329729,6080002.1841853,3930440.884676903,58.66205793698269,2920154.27304952,41361386.894563,MMP14,P50281,Matrix metalloproteinase-14 OS=Homo sapiens OX=9606 GN=MMP14 PE=1 SV=3
100.0,120,252809537.1841645,247388903.54919702,91005175.13139778,35.99752451787573,34390128.5320148,590714703.655024,MAN1A1,P33908,"Mannosyl-oligosaccharide 1,2-alpha-mannosidase IA OS=Homo sapiens OX=9606 GN=MAN1A1 PE=1 SV=3"
100.0,120,17069245.397787962,18394316.943378597,8541345.625321891,50.039386195881754,3583511.78490631,38476862.5480516,HSPA1B,P0DMV9,Heat shock 70 kDa protein 1B OS=Homo sapiens OX=9606 GN=HSPA1B PE=1 SV=1
100.0,120,36872731.65948224,36652618.27172285,21057676.095539093,57.109075318871504,5243307.56611501,180232756.648476,RGS18,Q9NS28,Regulator of G-protein signaling 18 OS=Homo sapiens OX=9606 GN=RGS18 PE=1 SV=1
97.5,117,2656779.0448078797,2680558.64640073,736592.1075648585,27.72500441857873,1030385.92233407,4403376.8930708,MASP1,F8W876,MBL associated serine protease 1 OS=Homo sapiens OX=9606 GN=MASP1 PE=1 SV=1
0.0,0,,,,,,,HLA-B,A0A140T953,"Major histocompatibility complex, class I, B (Fragment) OS=Homo sapiens OX=9606 GN=HLA-B PE=1 SV=1"
97.5,117,1980840.4197634594,1572316.58089299,1725260.9425169555,87.09742214988607,376898.511978308,12239247.0625113,GNAS,A0A7I2V5R6,Guanine nucleotide-binding protein G(s) subunit alpha OS=Homo sapiens OX=9606 GN=GNAS PE=1 SV=2
21.666666666666668,26,417301.1267769368,342638.436361008,354553.7849906262,84.96353406209435,126307.128090608,1669487.25220348,GNA13,Q14344,Guanine nucleotide-binding protein subunit alpha-13 OS=Homo sapiens OX=9606 GN=GNA13 PE=1 SV=2
100.0,120,930517920.78396,924176021.0946441,197185845.43299517,21.190977737093593,426821500.082107,1490134084.50873,TFRC,P02786,Transferrin receptor protein 1 OS=Homo sapiens OX=9606 GN=TFRC PE=1 SV=2
100.0,120,66487623.14821736,58854660.13367895,44677836.61246578,67.19722332811901,22001474.9325309,483687123.802335,DNM1L,O00429,Dynamin-1-like protein OS=Homo sapiens OX=9606 GN=DNM1L PE=1 SV=2
100.0,120,18012875.37004847,16963644.6086407,6866167.001174529,38.11810641065937,4496881.75277833,55903328.1829059,IGFBP4,P22692,Insulin-like growth factor-binding protein 4 OS=Homo sapiens OX=9606 GN=IGFBP4 PE=1 SV=2
100.0,120,396498308.7676975,343622600.1160325,135036641.56881824,34.05730581512624,195892857.207858,834768680.515165,ASAP2,O43150,"Arf-GAP with SH3 domain, ANK repeat and PH domain-containing protein 2 OS=Homo sapiens OX=9606 GN=ASAP2 PE=1 SV=3"
100.0,120,67372649.42811662,66856948.01050095,18878191.755285475,28.02055717792069,32649449.3249689,157611899.564678,ANXA2P2,A6NMY6,Putative annexin A2-like protein OS=Homo sapiens OX=9606 GN=ANXA2P2 PE=5 SV=2
100.0,120,216063127.66831404,212842977.927329,39128596.73021652,18.10979835036183,105033129.549861,311498144.872132,ANXA2,P07355,Annexin A2 OS=Homo sapiens OX=9606 GN=ANXA2 PE=1 SV=2
100.0,120,11162378.717754735,10672334.12458925,3447760.9737280663,30.88733200069715,4263218.32830046,23680089.7062583,SHBG,P04278,Sex hormone-binding globulin OS=Homo sapiens OX=9606 GN=SHBG PE=1 SV=2
100.0,120,171908311.3791967,172397908.35418397,27956549.23310904,16.26247678708347,89717352.6638021,248217515.321173,BPI,P17213,Bactericidal permeability-increasing protein OS=Homo sapiens OX=9606 GN=BPI PE=1 SV=4
100.0,120,192646659.23979148,192059803.974876,40830665.261071905,21.194587760927163,106260277.94436,287898379.682589,ROCK1,Q13464,Rho-associated protein kinase 1 OS=Homo sapiens OX=9606 GN=ROCK1 PE=1 SV=1
85.0,102,2353229.1714602597,2341430.2716351748,1081736.8807668446,45.96819102389376,673988.34372775,8175344.75,IGHV3-49,A0A0A0MS15,Immunoglobulin heavy variable 3-49 OS=Homo sapiens OX=9606 GN=IGHV3-49 PE=1 SV=1
99.16666666666667,119,4492125.624199289,3870478.58827392,2784560.638593919,61.98759499496991,459961.99419119,16178032.1430947,EWSR1,Q01844,RNA-binding protein EWS OS=Homo sapiens OX=9606 GN=EWSR1 PE=1 SV=1
100.0,120,9514465.183101552,9214551.43413162,2896224.5100708115,30.440223957251295,3664937.53285003,19058589.3226336,LDLRAP1,Q5SW96,Low density lipoprotein receptor adapter protein 1 OS=Homo sapiens OX=9606 GN=LDLRAP1 PE=1 SV=3
100.0,120,693317038.6374742,693861829.134007,156483293.61057222,22.570236254123728,156276785.544522,967063834.390534,SAA2,P0DJI9,Serum amyloid A-2 protein OS=Homo sapiens OX=9606 GN=SAA2 PE=1 SV=1
100.0,120,320130010.044487,320332117.9416065,97145365.93657455,30.345598003471995,83879381.9488126,541995469.859686,ALYREF,E9PB61,Aly/REF export factor OS=Homo sapiens OX=9606 GN=ALYREF PE=1 SV=1
100.0,120,10169418.146409474,9575735.601711165,4327775.352666228,42.556764707273246,2768992.26842899,21799761.0067284,CNDP1,Q96KN2,Beta-Ala-His dipeptidase OS=Homo sapiens OX=9606 GN=CNDP1 PE=1 SV=5
50.0,60,4070662.3698677,3646570.67960394,2276520.2384576993,55.925056701071675,795074.339957,11439067.0251758,ENO2,P09104,Gamma-enolase OS=Homo sapiens OX=9606 GN=ENO2 PE=1 SV=3
100.0,120,10098601.493896121,9753460.098259214,3061525.8964030715,30.31633536835317,3695316.52096336,27484299.950252,PPP1R14A,Q96A00,Protein phosphatase 1 regulatory subunit 14A OS=Homo sapiens OX=9606 GN=PPP1R14A PE=1 SV=1
100.0,120,157970911.45698562,145293856.36001152,65762117.29747852,41.62925736830042,31358894.7558309,410999152.038631,PIN4,Q9Y237,Peptidyl-prolyl cis-trans isomerase NIMA-interacting 4 OS=Homo sapiens OX=9606 GN=PIN4 PE=1 SV=1
100.0,120,18948863.318545174,13720966.05384705,13857941.665065415,73.13336653551512,2979597.82703893,64964684.6478591,CNDP2,Q96KP4,Cytosolic non-specific dipeptidase OS=Homo sapiens OX=9606 GN=CNDP2 PE=1 SV=2
100.0,120,149370795.15591446,148235369.82028848,30580866.554702293,20.473122957390522,93854089.2764266,220668885.522768,SLC2A1,P11166,"Solute carrier family 2, facilitated glucose transporter member 1 OS=Homo sapiens OX=9606 GN=SLC2A1 PE=1 SV=2"
100.0,120,40737222.68786836,38857339.2323194,14441937.162488328,35.45145252817928,14735726.0981505,87791144.6887406,SYK,P43405,Tyrosine-protein kinase SYK OS=Homo sapiens OX=9606 GN=SYK PE=1 SV=1
12.5,15,837143.1840992479,791357.771398181,348775.10808282014,41.66253930121839,441659.071210842,1833688.07055889,HNRNPCL1,O60812,Heterogeneous nuclear ribonucleoprotein C-like 1 OS=Homo sapiens OX=9606 GN=HNRNPCL1 PE=1 SV=1
100.0,120,9614583.654735778,9172519.145855661,2966930.898717928,30.858651869512116,3235965.97886515,20104424.0539716,HNRNPCL3,B7ZW38,Heterogeneous nuclear ribonucleoprotein C-like 3 OS=Homo sapiens OX=9606 GN=HNRNPCL3 PE=2 SV=1
100.0,120,3029405.53571109,3083289.941140265,1052533.0775365029,34.743881765880595,505969.17536726,5655478.76885521,HSP90AA1,P07900,Heat shock protein HSP 90-alpha OS=Homo sapiens OX=9606 GN=HSP90AA1 PE=1 SV=5
25.0,30,560664.5960707419,527621.657786648,206121.86725429897,36.76384574643117,280633.950757455,1118306.67731913,CAPZA2,P47755,F-actin-capping protein subunit alpha-2 OS=Homo sapiens OX=9606 GN=CAPZA2 PE=1 SV=3
100.0,120,36156359.10682617,35990048.6630195,7870678.425868782,21.768448539340984,5014523.57589687,64364574.9230142,EPRS1,P07814,Bifunctional glutamate/proline--tRNA ligase OS=Homo sapiens OX=9606 GN=EPRS1 PE=1 SV=5
100.0,120,214500958.1499832,214722524.803808,48570624.08348346,22.643546444917018,54754880.0419408,313609126.624138,NAMPT,P43490,Nicotinamide phosphoribosyltransferase OS=Homo sapiens OX=9606 GN=NAMPT PE=1 SV=1
100.0,120,37984052.42699503,31844563.587431,19842945.49889173,52.240201429349,6712315.50802448,104357460.978694,AIMP1,Q12904,Aminoacyl tRNA synthase complex-interacting multifunctional protein 1 OS=Homo sapiens OX=9606 GN=AIMP1 PE=1 SV=2
100.0,120,303827560.8777117,306114563.576066,44781987.39237689,14.739277524069418,200341940.069636,501151553.46912,EIF2S1,P05198,Eukaryotic translation initiation factor 2 subunit 1 OS=Homo sapiens OX=9606 GN=EIF2S1 PE=1 SV=3
93.33333333333333,112,591613.2527764344,537655.5913361325,258673.61015855454,43.723430627120365,188655.755106598,1438842.84668687,BTK,A0A8Q3WL62,Tyrosine-protein kinase OS=Homo sapiens OX=9606 GN=BTK PE=1 SV=1
100.0,120,73508691.09233946,51067615.016567856,91063686.01165022,123.88152293074937,7041975.24412212,819846560.748466,YWHAZ,P63104,14-3-3 protein zeta/delta OS=Homo sapiens OX=9606 GN=YWHAZ PE=1 SV=1
99.16666666666667,119,4649853.8037444735,4222822.3162384,2252511.070086163,48.44262132009918,1415440.66928314,18186062.506778,EIF4H,Q15056,Eukaryotic translation initiation factor 4H OS=Homo sapiens OX=9606 GN=EIF4H PE=1 SV=5
100.0,120,26510474.849027827,23314350.7037479,13409566.463510284,50.58214362388922,7610506.75931195,79961760.838002,SERPINB1,P30740,Leukocyte elastase inhibitor OS=Homo sapiens OX=9606 GN=SERPINB1 PE=1 SV=1
100.0,120,72457233.62400588,63509037.4516936,29118647.33884578,40.1873572622823,32793035.0916058,211951283.039452,SH3GLB1,A0A087WW40,Endophilin-B1 OS=Homo sapiens OX=9606 GN=SH3GLB1 PE=1 SV=1
100.0,120,14107646.223197328,12297995.36500795,9680447.24213992,68.61844342412185,821506.566431651,58620900.6952077,PADI4,Q9UM07,Protein-arginine deiminase type-4 OS=Homo sapiens OX=9606 GN=PADI4 PE=1 SV=2
100.0,120,2522273.784668845,2305394.2479144502,1211623.63932924,48.036959615322516,503171.174359377,8378526.7066396,NMT1,P30419,Glycylpeptide N-tetradecanoyltransferase 1 OS=Homo sapiens OX=9606 GN=NMT1 PE=1 SV=2
66.66666666666666,80,1172044.157741345,1084255.2332771001,948939.5477466667,80.96448768409674,198379.354857343,5296454.19080392,IGKV2-30,P06310,Immunoglobulin kappa variable 2-30 OS=Homo sapiens OX=9606 GN=IGKV2-30 PE=1 SV=2
100.0,120,12177423.139495524,11568109.8701376,4761937.737831171,39.104642117482044,1210046.48579851,29817550.0742931,CD151,P48509,CD151 antigen OS=Homo sapiens OX=9606 GN=CD151 PE=1 SV=3
94.16666666666667,113,6479233.638530691,6140019.7813506,2838741.688524063,43.81292367113667,1215459.81207042,15845771.9818747,IGHV4-4,A0A075B6R2,Immunoglobulin heavy variable 4-4 OS=Homo sapiens OX=9606 GN=IGHV4-4 PE=1 SV=2
100.0,120,161560002.4072134,155474293.9881875,71994149.30586323,44.561864467172605,41415025.3171249,534879621.670343,H4C1; H4C11; H4C12; H4C13; H4C14; H4C15; H4C16; H4C2; H4C3; H4C4; H4C5; H4C6; H4C8; H4C9,P62805,Histone H4 OS=Homo sapiens OX=9606 GN=H4C1 PE=1 SV=2
100.0,120,213512770.62484786,210836916.39631748,52407636.13624213,24.54543397234297,62571525.8467756,307391322.341818,HSPA1L,P34931,Heat shock 70 kDa protein 1-like OS=Homo sapiens OX=9606 GN=HSPA1L PE=1 SV=2
100.0,120,463128184.15562576,412158568.7438795,229264490.15166804,49.50346318690635,40542867.1656696,1174843558.75748,EEF1B2,P24534,Elongation factor 1-beta OS=Homo sapiens OX=9606 GN=EEF1B2 PE=1 SV=3
100.0,120,40619631.12385621,34182208.9887293,23105088.86522723,56.881582195505075,12986863.3613497,177831749.684716,ILF2,Q12905,Interleukin enhancer-binding factor 2 OS=Homo sapiens OX=9606 GN=ILF2 PE=1 SV=2
100.0,120,156173105.71628553,157409907.982764,31832948.93170583,20.383118326106473,46311939.6952791,239540640.865451,FABP5,Q01469,Fatty acid-binding protein 5 OS=Homo sapiens OX=9606 GN=FABP5 PE=1 SV=3
100.0,120,368790285.0478247,359966611.3011005,173669110.0984204,47.09156318363946,60740640.4968874,1030584789.37104,CTSG,P08311,Cathepsin G OS=Homo sapiens OX=9606 GN=CTSG PE=1 SV=2
100.0,120,24273053.897214808,22607278.00523585,9424071.27660054,38.82523936422313,1386432.80096581,50362113.5639857,PDLIM7,Q9NR12,PDZ and LIM domain protein 7 OS=Homo sapiens OX=9606 GN=PDLIM7 PE=1 SV=1
100.0,120,438421644.2289491,423077556.36929095,103834055.75255439,23.68360620862299,59048106.1247021,775546707.519997,CCL5,P13501,C-C motif chemokine 5 OS=Homo sapiens OX=9606 GN=CCL5 PE=1 SV=3
98.33333333333333,118,5778103.896935246,5096528.206898065,2942668.7393293628,50.92793054292739,1930084.54259129,23858567.9821672,ACTN4,O43707,Alpha-actinin-4 OS=Homo sapiens OX=9606 GN=ACTN4 PE=1 SV=2
100.0,120,100568438.9046059,103830644.35829,23838543.218432512,23.703801588333835,24308329.5948616,162447906.25,SUB1,P53999,Activated RNA polymerase II transcriptional coactivator p15 OS=Homo sapiens OX=9606 GN=SUB1 PE=1 SV=3
100.0,120,38322376.7331683,37979739.378209904,6536608.252431832,17.05689680456158,14816389.2514037,60351625.5349589,PRDX6,P30041,Peroxiredoxin-6 OS=Homo sapiens OX=9606 GN=PRDX6 PE=1 SV=3
99.16666666666667,119,2625488.5411852584,2166368.90218688,2466253.4355628863,93.93502949548252,355077.300536167,23577909.5365874,PPIA,P62937,Peptidyl-prolyl cis-trans isomerase A OS=Homo sapiens OX=9606 GN=PPIA PE=1 SV=2
99.16666666666667,119,472980468.9216184,433306997.062307,178114176.57350096,37.65782908110266,59837244.7305254,930175112.339545,PKN1,Q16512,Serine/threonine-protein kinase N1 OS=Homo sapiens OX=9606 GN=PKN1 PE=1 SV=2
100.0,120,172065707.90441215,170223145.772693,45174770.97956458,26.254371966237787,30120597.9685195,317092806.328041,TAOK3,Q9H2K8,Serine/threonine-protein kinase TAO3 OS=Homo sapiens OX=9606 GN=TAOK3 PE=1 SV=2
100.0,120,88762815.44997297,87394607.44140151,28713543.63663649,32.34861748253078,7655735.89637685,157700018.178635,MCTS1,Q9ULC4,Malignant T-cell-amplified sequence 1 OS=Homo sapiens OX=9606 GN=MCTS1 PE=1 SV=1
98.33333333333333,118,1627851.7069624928,1452184.4630825701,797520.6722476743,48.99221893717927,482425.553334956,4495413.49995582,YWHAQ,P27348,14-3-3 protein theta OS=Homo sapiens OX=9606 GN=YWHAQ PE=1 SV=1
100.0,120,19511724.698338382,12777420.823970199,15699603.270474022,80.46240664625101,753860.682439347,63876641.4506443,TGFBI,Q15582,Transforming growth factor-beta-induced protein ig-h3 OS=Homo sapiens OX=9606 GN=TGFBI PE=1 SV=1
100.0,120,2675572.790049683,2387507.29652944,1345125.9644784713,50.27431768931593,578074.16059569,10647152.062259,SPARC,P09486,SPARC OS=Homo sapiens OX=9606 GN=SPARC PE=1 SV=1
100.0,120,32650429.869547587,33585024.74660045,6558816.527982663,20.087994412900343,12171159.7953626,46836787.9658601,DNAJB1,P25685,DnaJ homolog subfamily B member 1 OS=Homo sapiens OX=9606 GN=DNAJB1 PE=1 SV=4
100.0,120,27508756.469412323,25623139.6004089,9482969.897694215,34.47255025227537,5617787.24828998,61156883.8983975,IGLV3-1,P01715,Immunoglobulin lambda variable 3-1 OS=Homo sapiens OX=9606 GN=IGLV3-1 PE=1 SV=2
100.0,120,128190394.34971608,127982327.670083,28049064.51975163,21.880784954316475,42893457.6341357,194113045.260666,SFN,P31947,14-3-3 protein sigma OS=Homo sapiens OX=9606 GN=SFN PE=1 SV=1
98.33333333333333,118,28557608.78421109,27762218.60188105,7695023.869677169,26.945616938108586,10594401.2093319,55625031.5868599,IGHV4-28,A0A0C4DH34,Immunoglobulin heavy variable 4-28 OS=Homo sapiens OX=9606 GN=IGHV4-28 PE=1 SV=1
100.0,120,17077466.059486903,14454048.23112705,21432346.325895555,125.50074028101741,6242231.78572057,232235498.21334,PFN1,P07737,Profilin-1 OS=Homo sapiens OX=9606 GN=PFN1 PE=1 SV=2
96.66666666666667,116,2364618.52914412,1908437.056760035,1724386.0339602309,72.92449131676123,383191.783433136,7970923.40182416,BNIP3,Q12983,BCL2/adenovirus E1B 19 kDa protein-interacting protein 3 OS=Homo sapiens OX=9606 GN=BNIP3 PE=1 SV=4
100.0,120,221870646.22515532,222638977.0181065,86659535.343267,39.05858517909778,67509.6907245719,530520125.690094,NCF2,P19878,Neutrophil cytosol factor 2 OS=Homo sapiens OX=9606 GN=NCF2 PE=1 SV=2
94.16666666666667,113,1603075.0656066241,1141452.52248045,1475713.9492274944,92.05519946560116,166322.579262209,11728906.3031929,RBM3,P98179,RNA-binding protein 3 OS=Homo sapiens OX=9606 GN=RBM3 PE=1 SV=1
100.0,120,13932040.881243441,13282516.81040845,5470572.591950139,39.266125032084226,1977906.66187195,28446069.9778978,RPL12,P30050,Large ribosomal subunit protein uL11 OS=Homo sapiens OX=9606 GN=RPL12 PE=1 SV=1
100.0,120,101209101.05172247,79161660.885352,73060203.33579582,72.18738490569018,13933927.3146833,341594266.805651,PABPC1,P11940,Polyadenylate-binding protein 1 OS=Homo sapiens OX=9606 GN=PABPC1 PE=1 SV=2
50.83333333333333,61,250837.94521579944,119828.733187196,375477.54547676345,149.68929248472946,21412.0832530285,1922439.56325727,PABPC1,H0YAR2,Polyadenylate-binding protein OS=Homo sapiens OX=9606 GN=PABPC1 PE=1 SV=2
100.0,120,16776415.145211982,14246709.4155139,8116637.865994311,48.381241139653206,5541964.15131593,46322725.2929748,PDLIM1,O00151,PDZ and LIM domain protein 1 OS=Homo sapiens OX=9606 GN=PDLIM1 PE=1 SV=4
29.166666666666668,35,898862.0898425585,781294.448003207,466258.2824048778,51.87205998269946,389087.780279193,2759970.5420551,KIF5C,O60282,Kinesin heavy chain isoform 5C OS=Homo sapiens OX=9606 GN=KIF5C PE=1 SV=1
100.0,120,12820106.28554202,9483326.480182052,9510374.378357701,74.18327248256205,3027951.83966829,57376648.8696572,DSTN,P60981,Destrin OS=Homo sapiens OX=9606 GN=DSTN PE=1 SV=3
0.0,0,,,,,,,KIF5A,Q12840,Kinesin heavy chain isoform 5A OS=Homo sapiens OX=9606 GN=KIF5A PE=1 SV=2
36.666666666666664,44,379736.9484231451,333308.7976732985,193307.28081551768,50.90557598311798,166982.875135785,1018790.86736684,PRDX2,P32119,Peroxiredoxin-2 OS=Homo sapiens OX=9606 GN=PRDX2 PE=1 SV=5
100.0,120,79256044.3104294,74032433.01490036,32842375.52722435,41.438322859752645,32174752.4198062,345148349.446766,GPX1,P07203,Glutathione peroxidase 1 OS=Homo sapiens OX=9606 GN=GPX1 PE=1 SV=4
100.0,120,14441352.512456052,11440246.0779728,9349222.5448865,64.7392447267148,5315335.49623918,61355773.4501158,NPEPPS,P55786,Puromycin-sensitive aminopeptidase OS=Homo sapiens OX=9606 GN=NPEPPS PE=1 SV=2
100.0,120,7966967.299697659,7536561.444994859,3134675.427148158,39.34590552752886,2679702.97171623,17037557.8454275,CRP,P02741,C-reactive protein OS=Homo sapiens OX=9606 GN=CRP PE=1 SV=1
100.0,120,7757896.206246813,7524894.131647894,2271618.238431297,29.281369304762606,2164562.79668796,12644937.0389082,SLK,Q9H2G2,STE20-like serine/threonine-protein kinase OS=Homo sapiens OX=9606 GN=SLK PE=1 SV=1
100.0,120,12127020.09742349,11906551.8775132,3264145.8522183746,26.916306116387783,1650031.97577645,26285572.3033251,SERPINA11,Q86U17,Serpin A11 OS=Homo sapiens OX=9606 GN=SERPINA11 PE=1 SV=2
100.0,120,12213393.6679546,10259152.954537101,7704137.10719218,63.07941360644283,3523041.36741328,58107687.0044354,PLIN1,O60240,Perilipin-1 OS=Homo sapiens OX=9606 GN=PLIN1 PE=1 SV=2
99.16666666666667,119,4327745.524988413,2593729.98304497,3891746.4210041338,89.92549119473824,288675.974304371,17370917.4845358,SEPTIN5,G3XAH0,Septin OS=Homo sapiens OX=9606 GN=SEPTIN5 PE=1 SV=1
100.0,120,115432921.74319087,114369127.7415135,33302903.973498203,28.850438393640214,35089941.1432589,200998931.615397,ARPC3,O15145,Actin-related protein 2/3 complex subunit 3 OS=Homo sapiens OX=9606 GN=ARPC3 PE=1 SV=3
0.0,0,,,,,,,ARPC3,F8VR50,Actin related protein 2/3 complex subunit 3 (Fragment) OS=Homo sapiens OX=9606 GN=ARPC3 PE=1 SV=1
100.0,120,59865634.45104742,58840440.167193696,14140219.75532023,23.619928002070694,29147669.8403636,122790718.514015,CNP,P09543,"2',3'-cyclic-nucleotide 3'-phosphodiesterase OS=Homo sapiens OX=9606 GN=CNP PE=1 SV=2"
100.0,120,82215325.14027521,80030464.9960407,21351130.73694433,25.969769870173447,29071313.1625466,127581434.587936,IGLV1-47,P01700,Immunoglobulin lambda variable 1-47 OS=Homo sapiens OX=9606 GN=IGLV1-47 PE=1 SV=2
100.0,120,9837644.067479135,9133450.045505151,4617260.336242399,46.93461467574276,718611.254374182,26231459.6593089,IVL,P07476,Involucrin OS=Homo sapiens OX=9606 GN=IVL PE=1 SV=2
100.0,120,474332164.5980742,431207295.9252075,176782590.25880533,37.26978759886592,21612759.2561666,919355537.909748,IGHV6-1,A0A0B4J1U7,Immunoglobulin heavy variable 6-1 OS=Homo sapiens OX=9606 GN=IGHV6-1 PE=1 SV=1
46.666666666666664,56,12471826.02321385,7692220.457629455,12180629.940102763,97.66516881674679,769385.568771772,62021929.2191292,NPEPPS,A0A7I2V3W8,Aminopeptidase OS=Homo sapiens OX=9606 GN=NPEPPS PE=1 SV=1
100.0,120,102766306.67137137,91460785.1597687,52336894.03019727,50.92806750130807,54848307.136544,448625751.580871,IGKV3D-11,A0A0A0MRZ8,Immunoglobulin kappa variable 3D-11 OS=Homo sapiens OX=9606 GN=IGKV3D-11 PE=3 SV=6
97.5,117,1809832.5145870673,1471242.6430878,1396167.4984444194,77.14346422618947,289651.711425051,8522339.49321966,BID,P55957,BH3-interacting domain death agonist OS=Homo sapiens OX=9606 GN=BID PE=1 SV=1
100.0,120,51864523.5792747,50607925.03416555,20174656.098813858,38.898759125738394,17098651.2929169,116120429.591561,CTTN,Q14247,Src substrate cortactin OS=Homo sapiens OX=9606 GN=CTTN PE=1 SV=2
100.0,120,434999864.30427194,409807619.5508945,170082495.0008568,39.099436334970484,21706641.4036562,961890615.21559,PCBP1,Q15365,Poly(rC)-binding protein 1 OS=Homo sapiens OX=9606 GN=PCBP1 PE=1 SV=2
100.0,120,98523034.05939457,79605842.09213614,68540444.70478094,69.56793947642879,3355482.2384986,617887889.667638,ACTN2,P35609,Alpha-actinin-2 OS=Homo sapiens OX=9606 GN=ACTN2 PE=1 SV=1
1.6666666666666667,2,1158552.673400736,1158552.673400736,492766.55651407136,42.53294371740892,810114.099747692,1506991.24705378,YWHAB,P31946,14-3-3 protein beta/alpha OS=Homo sapiens OX=9606 GN=YWHAB PE=1 SV=3
100.0,120,481105395.14050126,454982230.924066,178400844.97540843,37.08144759493053,4283665.20563927,914786223.601892,KRT33A,O76009,"Keratin, type I cuticular Ha3-I OS=Homo sapiens OX=9606 GN=KRT33A PE=1 SV=2"
100.0,120,12391846.494830096,12162811.9839254,4575163.135892237,36.920753802114994,2431721.36125317,32816472.564692,VAT1,Q99536,Synaptic vesicle membrane protein VAT-1 homolog OS=Homo sapiens OX=9606 GN=VAT1 PE=1 SV=2
100.0,120,9632961.457752535,9350526.282782916,4095567.7175894124,42.51618503355819,922213.149230032,20831021.8212456,SMC1A,Q14683,Structural maintenance of chromosomes protein 1A OS=Homo sapiens OX=9606 GN=SMC1A PE=1 SV=2
100.0,120,200707991.64095843,158479950.2504595,131898317.65643091,65.71652507608195,13255999.7674437,677598578.32147,MOB3A,Q96BX8,MOB kinase activator 3A OS=Homo sapiens OX=9606 GN=MOB3A PE=1 SV=1
100.0,120,196938656.10971996,192863899.371106,47699229.72106526,24.2203489468775,91893668.942774,322497165.766926,WDR1,O75083,WD repeat-containing protein 1 OS=Homo sapiens OX=9606 GN=WDR1 PE=1 SV=4
100.0,120,31872104.501981735,30708467.94726945,12002281.29736613,37.65763662270828,9750883.10828316,74147869.4899631,COG4,A0A0A0MS45,Conserved oligomeric Golgi complex subunit 4 OS=Homo sapiens OX=9606 GN=COG4 PE=1 SV=1
100.0,120,12836968.546487307,11953708.45177915,4077223.463468134,31.761575551915023,5449471.99805353,33095236.0326752,KPLCE,Q5T750,Protein KPLCE OS=Homo sapiens OX=9606 GN=KPLCE PE=1 SV=1
100.0,120,18228945.957190324,16730281.1692134,7304769.738202702,40.0723648825201,7598872.96239137,63150298.2662552,ITIH3,Q06033,Inter-alpha-trypsin inhibitor heavy chain H3 OS=Homo sapiens OX=9606 GN=ITIH3 PE=1 SV=2
100.0,120,139588198.33801112,115998940.205414,97903615.88187842,70.13745936085944,51516749.9247948,958448223.439366,DOCK2,Q92608,Dedicator of cytokinesis protein 2 OS=Homo sapiens OX=9606 GN=DOCK2 PE=1 SV=2
93.33333333333333,112,816169.2155662253,712230.398912706,511771.4430046815,62.70408553079707,191183.560990542,3268970.39397146,FCN2,Q15485,Ficolin-2 OS=Homo sapiens OX=9606 GN=FCN2 PE=1 SV=2
100.0,120,59681645.997552164,58618740.8724847,15329069.715097954,25.684730135838873,26375911.9101632,93879578.1774267,BDNF,P23560,Neurotrophic factor BDNF precursor form OS=Homo sapiens OX=9606 GN=BDNF PE=1 SV=1
100.0,120,86833243.46905713,83560304.12884781,24993289.76081613,28.783089013279167,45326008.1623511,171090450.20928,UFL1,O94874,E3 UFM1-protein ligase 1 OS=Homo sapiens OX=9606 GN=UFL1 PE=1 SV=2
100.0,120,36551252.506607756,35769280.7924681,12817774.413593316,35.067948523176085,9047019.73208848,77319445.3078685,PLA2G2A,A0A3B3IRX2,Phospholipase A2 OS=Homo sapiens OX=9606 GN=PLA2G2A PE=1 SV=1
100.0,120,150124186.03334087,147639616.842453,38273978.786116935,25.494878471891745,46119682.4659235,248525597.212781,KARS1,Q15046,Lysine--tRNA ligase OS=Homo sapiens OX=9606 GN=KARS1 PE=1 SV=3
100.0,120,30289288.60558916,26418585.2412971,16101493.99526975,53.15903653246781,6384500.8113948,91531040.064621,HNRNPU,Q00839,Heterogeneous nuclear ribonucleoprotein U OS=Homo sapiens OX=9606 GN=HNRNPU PE=1 SV=6
100.0,120,432628825.54407716,407578244.8644005,169470236.68670052,39.17220182302312,57957647.5267422,974071275.912241,PA2G4,Q9UQ80,Proliferation-associated protein 2G4 OS=Homo sapiens OX=9606 GN=PA2G4 PE=1 SV=3
87.5,105,2319610.790297944,1410527.23515756,2403614.539990425,103.6214588259305,65954.8743529747,10494640.010352,MACROH2A1,O75367,Core histone macro-H2A.1 OS=Homo sapiens OX=9606 GN=MACROH2A1 PE=1 SV=5
0.0,0,,,,,,,EEF1D,E9PRY8,Elongation factor 1-delta OS=Homo sapiens OX=9606 GN=EEF1D PE=1 SV=1
100.0,120,23965255.29892183,21003224.01673815,13322828.025112998,55.59226412961424,2595604.93178227,85812832.7599936,EEF1D,P29692,Elongation factor 1-delta OS=Homo sapiens OX=9606 GN=EEF1D PE=1 SV=5
100.0,120,82102142.1815766,82499320.6806632,15743492.161855476,19.175494991394093,27690872.6791218,120279650.215523,MMP2,P08253,72 kDa type IV collagenase OS=Homo sapiens OX=9606 GN=MMP2 PE=1 SV=2
99.16666666666667,119,2764377.9002551446,2680635.9447667,827114.4008026144,29.920453376735285,1005318.47079424,4733294.56131836,FCN3,O75636,Ficolin-3 OS=Homo sapiens OX=9606 GN=FCN3 PE=1 SV=2
100.0,120,174670199.99633017,171133694.4905495,39858979.069449924,22.81956456813318,7801207.48834044,327265485.438796,ALDOA,P04075,Fructose-bisphosphate aldolase A OS=Homo sapiens OX=9606 GN=ALDOA PE=1 SV=2
0.0,0,,,,,,,MINK1,Q8N4C8,Misshapen-like kinase 1 OS=Homo sapiens OX=9606 GN=MINK1 PE=1 SV=2
96.66666666666667,116,6869079.019197651,6762228.321439199,2721594.7962319935,39.62095629742649,721100.376682468,16072626.4604262,YWHAH,Q04917,14-3-3 protein eta OS=Homo sapiens OX=9606 GN=YWHAH PE=1 SV=4
100.0,120,72536827.09709524,70340689.18442705,23775589.267771877,32.7772666923337,1191609.72184013,141571626.035776,H1-10,A0A994J4R3,H1.10 linker histone OS=Homo sapiens OX=9606 GN=H1-10 PE=1 SV=1
100.0,120,26160512.723032072,22641146.22362575,13717114.26364461,52.434424389426724,8559926.84245979,66549559.1474657,SEPTIN2,Q15019,Septin-2 OS=Homo sapiens OX=9606 GN=SEPTIN2 PE=1 SV=1
93.33333333333333,112,840255.260973733,693530.290761559,550417.3953039437,65.50597429953491,156429.016245013,3138219.61205053,OLFM1,Q99784,Noelin OS=Homo sapiens OX=9606 GN=OLFM1 PE=1 SV=4
100.0,120,36168393.046247296,31955403.22406935,16464777.354921235,45.52255703997765,9142259.22088283,117773916.851242,SSB,P05455,Lupus La protein OS=Homo sapiens OX=9606 GN=SSB PE=1 SV=2
100.0,120,77404885.72368273,61484797.37465375,67980707.07677385,87.82482712970989,7846025.79983594,611469221.219577,KPRP,Q5T749,Keratinocyte proline-rich protein OS=Homo sapiens OX=9606 GN=KPRP PE=1 SV=1
100.0,120,25599364.893036682,23326182.4086036,9581522.31533758,37.428750109124245,8095264.86025651,50345734.9714101,NCKAP1L,P55160,Nck-associated protein 1-like OS=Homo sapiens OX=9606 GN=NCKAP1L PE=1 SV=3
0.0,0,,,,,,,ITIH3,E7ET33,Inter-alpha-trypsin inhibitor heavy chain H3 OS=Homo sapiens OX=9606 GN=ITIH3 PE=1 SV=1
98.33333333333333,118,8000680.792690726,8413453.397099245,4285205.604212401,53.560512102011195,250169.535191279,17747314.6215312,HSP90B1,A0A7P0T823,Endoplasmin OS=Homo sapiens OX=9606 GN=HSP90B1 PE=1 SV=1
99.16666666666667,119,2221952.1193281664,1874848.89300531,1441539.7904513893,64.877176151179,249049.153418317,8251260.57377229,RTCB,Q9Y3I0,RNA-splicing ligase RtcB homolog OS=Homo sapiens OX=9606 GN=RTCB PE=1 SV=1
100.0,120,10501263.431553742,9598979.35405409,5967659.881027304,56.82801807538641,6074.41591825295,32056508.8602666,ARHGAP17,Q68EM7,Rho GTPase-activating protein 17 OS=Homo sapiens OX=9606 GN=ARHGAP17 PE=1 SV=1
99.16666666666667,119,9576770.251858437,8756664.57959954,4414860.024491057,46.09967565666852,1335969.02786235,39282886.0728997,H2AZ1,P0C0S5,Histone H2A.Z OS=Homo sapiens OX=9606 GN=H2AZ1 PE=1 SV=2
100.0,120,107556398.99835454,96517885.64089245,53780609.81189857,50.00224097565904,21218553.6017325,311813302.202586,ANXA1,P04083,Annexin A1 OS=Homo sapiens OX=9606 GN=ANXA1 PE=1 SV=2
80.83333333333333,97,2763867.312360386,1523224.00698525,2811491.3094742303,101.72309274402802,92660.1961704932,11584618.5348693,UBASH3B,Q8TF42,Ubiquitin-associated and SH3 domain-containing protein B OS=Homo sapiens OX=9606 GN=UBASH3B PE=1 SV=2
16.666666666666664,20,131288.22166763086,89160.18326018969,96915.29557610159,73.81872824925017,48139.3254325117,416069.7699325,YWHAG,P61981,14-3-3 protein gamma OS=Homo sapiens OX=9606 GN=YWHAG PE=1 SV=2
55.833333333333336,67,1371910.1520694732,1124494.95284403,917716.5750532297,66.89334382932365,297621.844604754,4446225.83980139,RPL29,P47914,Large ribosomal subunit protein eL29 OS=Homo sapiens OX=9606 GN=RPL29 PE=1 SV=2
100.0,120,24861441.55785873,24353327.39023205,9803075.438995142,39.430840790872715,9072399.99792434,53080356.3614777,DDX5,P17844,Probable ATP-dependent RNA helicase DDX5 OS=Homo sapiens OX=9606 GN=DDX5 PE=1 SV=1
100.0,120,13422145.096271519,12644142.207465999,4967075.257537728,37.00656804043574,5168650.62324714,30687072.0633092,IGLV3-9,A0A075B6K5,Immunoglobulin lambda variable 3-9 OS=Homo sapiens OX=9606 GN=IGLV3-9 PE=1 SV=1
30.0,36,265320.1911402153,192844.46845041052,250501.27869260468,94.41470610136143,90113.1228729892,1400873.37299132,DDX17,Q92841,Probable ATP-dependent RNA helicase DDX17 OS=Homo sapiens OX=9606 GN=DDX17 PE=1 SV=2
100.0,120,28644565.460971043,27461853.4568221,6993364.253977057,24.41427943288473,13836741.0366312,51746934.8087697,PACSIN2,Q9UNF0,Protein kinase C and casein kinase substrate in neurons protein 2 OS=Homo sapiens OX=9606 GN=PACSIN2 PE=1 SV=2
100.0,120,30078050.104485568,21807326.5703561,41326180.62594108,137.39647511185598,5883327.5262647,442810039.984083,LMNA,P02545,Prelamin-A/C OS=Homo sapiens OX=9606 GN=LMNA PE=1 SV=1
100.0,120,6337702.648075125,6230448.818695315,2405531.3433998087,37.955888386944316,2143830.72103021,21883790.0545287,DOK3,Q7L591,Docking protein 3 OS=Homo sapiens OX=9606 GN=DOK3 PE=1 SV=2
100.0,120,24928381.47925157,20943013.57948505,14146038.044478267,56.746716814536555,4550595.16666995,59557558.5090542,EIF4G2,P78344,Eukaryotic translation initiation factor 4 gamma 2 OS=Homo sapiens OX=9606 GN=EIF4G2 PE=1 SV=1
100.0,120,65282757.80655384,62542036.92176965,22027230.4145538,33.741268222499095,704324.484940844,127126365.049328,KLC1,Q07866,Kinesin light chain 1 OS=Homo sapiens OX=9606 GN=KLC1 PE=1 SV=2
97.5,117,12373216.925042676,10412506.8116441,10302818.543587487,83.26709703711069,152967.238243978,47001370.9950017,LOC100653049,A0A140TA62,IF rod domain-containing protein OS=Homo sapiens OX=9606 GN=LOC100653049 PE=3 SV=2
100.0,120,13256053.268004881,13538730.289025199,3204863.9218077217,24.176607147038673,3859826.08019184,21235751.7237073,ADD2,P35612,Beta-adducin OS=Homo sapiens OX=9606 GN=ADD2 PE=1 SV=3
100.0,120,28344320.135209728,27345101.59596175,10625103.616716623,37.485829845387485,8756767.36823825,57603984.9336966,DDX3X,O00571,ATP-dependent RNA helicase DDX3X OS=Homo sapiens OX=9606 GN=DDX3X PE=1 SV=3
30.833333333333336,37,685236.522494817,561238.71128712,473958.75266475964,69.16717616556181,105689.588080175,1715007.50322394,DDX3Y,O15523,ATP-dependent RNA helicase DDX3Y OS=Homo sapiens OX=9606 GN=DDX3Y PE=1 SV=2
51.66666666666667,62,880026.4974408109,739733.079079323,553937.9696515749,62.94560121342616,136514.702126614,2612026.4675212,GNAZ,P19086,Guanine nucleotide-binding protein G(z) subunit alpha OS=Homo sapiens OX=9606 GN=GNAZ PE=1 SV=3
100.0,120,4331032.1247005435,4175629.173754325,1653242.140536286,38.17201288135434,821618.43015382,10575352.8630904,TPP2,P29144,Tripeptidyl-peptidase 2 OS=Homo sapiens OX=9606 GN=TPP2 PE=1 SV=4
67.5,81,4562871.929899246,3756148.44739671,4360789.801368954,95.57116369613392,113934.680173996,20222340.5272356,EFEMP1,Q12805,EGF-containing fibulin-like extracellular matrix protein 1 OS=Homo sapiens OX=9606 GN=EFEMP1 PE=1 SV=2
100.0,120,10910995.788736252,8759785.537713341,5646302.411199104,51.74873605054409,2179098.84265047,23230727.7653553,PSME1,Q06323,Proteasome activator complex subunit 1 OS=Homo sapiens OX=9606 GN=PSME1 PE=1 SV=1
100.0,120,810656777.5368688,782965735.863435,231222631.52539834,28.52287650366092,314460945.138018,1395095693.86063,MYO1F,O00160,Unconventional myosin-If OS=Homo sapiens OX=9606 GN=MYO1F PE=1 SV=3
80.83333333333333,97,5073012.313821863,4344981.6770059,5438916.502150794,107.21275971146358,146638.218807403,30356749.3007582,NAP1L4,Q99733,Nucleosome assembly protein 1-like 4 OS=Homo sapiens OX=9606 GN=NAP1L4 PE=1 SV=1
100.0,120,264165720.03121132,267671836.7318965,46749485.28358209,17.697029454865916,104266990.645374,436042644.129199,ATE1,A0A8I5KZ24,Arginyl-tRNA--protein transferase 1 OS=Homo sapiens OX=9606 GN=ATE1 PE=1 SV=1
100.0,120,24609418.80850134,20415930.37549555,17831721.421426825,72.45892948624551,5540220.2752312,152346527.21534,GTPBP1,O00178,GTP-binding protein 1 OS=Homo sapiens OX=9606 GN=GTPBP1 PE=1 SV=3
67.5,81,3881661.5070199626,3762232.41953481,2101201.008248039,54.131484789387976,470746.756792776,9209774.05458372,SERPINB9,P50453,Serpin B9 OS=Homo sapiens OX=9606 GN=SERPINB9 PE=1 SV=1
0.0,0,,,,,,,PABPC3,Q9H361,Polyadenylate-binding protein 3 OS=Homo sapiens OX=9606 GN=PABPC3 PE=1 SV=2
100.0,120,556807514.559292,611976758.559352,301749784.99087477,54.19283632149019,13773845.6858168,1388865435.68822,PLEKHF2,Q9H8W4,Pleckstrin homology domain-containing family F member 2 OS=Homo sapiens OX=9606 GN=PLEKHF2 PE=1 SV=1
99.16666666666667,119,8281797.380746925,8020751.65725659,3137098.1339433156,37.87943594510379,3510896.99595232,24981478.8531387,TPI1,P60174,Triosephosphate isomerase OS=Homo sapiens OX=9606 GN=TPI1 PE=1 SV=4
0.0,0,,,,,,,SERPINB8,P50452,Serpin B8 OS=Homo sapiens OX=9606 GN=SERPINB8 PE=1 SV=2
100.0,120,10370886.281390024,10003116.228618316,7433599.679393879,71.67757390931051,501615.248519744,42899990.4575193,PGM1,P36871,Phosphoglucomutase-1 OS=Homo sapiens OX=9606 GN=PGM1 PE=1 SV=3
98.33333333333333,118,7069309.94779872,6921911.656786745,2310207.372691232,32.679390064239534,3318812.73475134,20036952.2188076,MYL2,P10916,"Myosin regulatory light chain 2, ventricular/cardiac muscle isoform OS=Homo sapiens OX=9606 GN=MYL2 PE=1 SV=3"
0.0,0,,,,,,,REM2,Q8IYK8,GTP-binding protein REM 2 OS=Homo sapiens OX=9606 GN=REM2 PE=1 SV=2
15.833333333333332,19,850788.8029316199,623528.709213557,869723.2497645847,102.2255166931818,263367.763464799,4221042.94725504,IGHV5-10-1,A0A0J9YXX1,Immunoglobulin heavy variable 5-10-1 OS=Homo sapiens OX=9606 GN=IGHV5-10-1 PE=1 SV=1
99.16666666666667,119,3696593.2288137977,2682298.38261793,4039678.020896084,109.28110751835088,206294.197649625,30998376.9126422,IGLV2-11,P01706,Immunoglobulin lambda variable 2-11 OS=Homo sapiens OX=9606 GN=IGLV2-11 PE=1 SV=2
99.16666666666667,119,4844515.737527189,4617917.716146,2237648.6615673383,46.18931556427378,1168121.92172152,15235236.6548185,NAA15,Q9BXJ9,"N-alpha-acetyltransferase 15, NatA auxiliary subunit OS=Homo sapiens OX=9606 GN=NAA15 PE=1 SV=1"
100.0,120,20529653.69860629,15508801.783208001,15221819.778453385,74.14552628078066,1754367.87414435,82715883.800698,APMAP,Q9HDC9,Adipocyte plasma membrane-associated protein OS=Homo sapiens OX=9606 GN=APMAP PE=1 SV=2
69.16666666666667,83,382153.09855307546,269488.161401709,304532.81095706846,79.68869338233911,55754.1706129028,1664462.46631151,EIF4G3,A0A804HJV5,Eukaryotic translation initiation factor 4 gamma 3 OS=Homo sapiens OX=9606 GN=EIF4G3 PE=1 SV=1
100.0,120,100016612.0741447,85258698.2098514,56766306.79297269,56.756878298267566,38135018.6596999,523300739.851849,IGKV3-7,A0A075B6H7,Probable non-functional immunoglobulin kappa variable 3-7 OS=Homo sapiens OX=9606 GN=IGKV3-7 PE=1 SV=1
100.0,120,49670723.59190074,47917635.73868335,19040358.608443107,38.33316133036526,17891215.5792656,101615824.583007,IGHV1-69,P01742,Immunoglobulin heavy variable 1-69 OS=Homo sapiens OX=9606 GN=IGHV1-69 PE=1 SV=2
99.16666666666667,119,1382454.5202861363,1234513.09712692,745610.0007524453,53.93378153214915,348043.194258458,4607859.14639824,LRRFIP1,Q32MZ4,Leucine-rich repeat flightless-interacting protein 1 OS=Homo sapiens OX=9606 GN=LRRFIP1 PE=1 SV=2
100.0,120,107578165.00128858,104545236.08894101,22742337.73731585,21.140291561064867,69505604.1512736,188096265.229808,FNBP1,Q96RU3,Formin-binding protein 1 OS=Homo sapiens OX=9606 GN=FNBP1 PE=1 SV=2
100.0,120,136450905.40733072,124691548.20404351,52938677.57935954,38.79686794406235,59412630.645374,307628809.542798,PRKDC,P78527,DNA-dependent protein kinase catalytic subunit OS=Homo sapiens OX=9606 GN=PRKDC PE=1 SV=3
100.0,120,2624252.09730722,1802936.3572576349,2988243.2164625986,113.87028020398174,620152.347459081,27746002.7858949,EIF3E,P60228,Eukaryotic translation initiation factor 3 subunit E OS=Homo sapiens OX=9606 GN=EIF3E PE=1 SV=1
0.0,0,,,,,,,IGKV3-15,P01624,Immunoglobulin kappa variable 3-15 OS=Homo sapiens OX=9606 GN=IGKV3-15 PE=1 SV=2
100.0,120,33670872.66577031,30187016.624899298,16643563.373703262,49.43015151081324,7016139.14886442,97268722.9521166,YWHAE,P62258,14-3-3 protein epsilon OS=Homo sapiens OX=9606 GN=YWHAE PE=1 SV=1
3.3333333333333335,4,1427728.7231836575,1612652.34801687,486354.85414796113,34.06493448303332,709628.12089699,1775982.0758039,MACROH2A1,A0A8I5KRC6,MacroH2A.1 histone OS=Homo sapiens OX=9606 GN=MACROH2A1 PE=1 SV=1
0.0,0,,,,,,,NCF1,P14598,Neutrophil cytosol factor 1 OS=Homo sapiens OX=9606 GN=NCF1 PE=1 SV=4
100.0,120,162372017.8994414,166776597.431887,30777827.986674514,18.955130560572037,68549944.7417053,237091370.523395,LDHA,P00338,L-lactate dehydrogenase A chain OS=Homo sapiens OX=9606 GN=LDHA PE=1 SV=2
100.0,120,2015957.2120008185,1471058.299501345,2091906.2966707656,103.7673956678162,36235.4641418931,15760976.6827761,EIF3C,Q99613,Eukaryotic translation initiation factor 3 subunit C OS=Homo sapiens OX=9606 GN=EIF3C PE=1 SV=1
100.0,120,13514334.904383961,10613063.36687495,10162070.382019412,75.19475027012172,4386332.83409916,90736863.6935367,TSPAN2,O60636,Tetraspanin-2 OS=Homo sapiens OX=9606 GN=TSPAN2 PE=1 SV=2
100.0,120,6673270.224601707,5761790.42520581,4281477.291940605,64.15860811625,460696.981371732,29222786.6023777,RPS2,P15880,Small ribosomal subunit protein uS5 OS=Homo sapiens OX=9606 GN=RPS2 PE=1 SV=2
0.0,0,,,,,,,LYN,P07948,Tyrosine-protein kinase Lyn OS=Homo sapiens OX=9606 GN=LYN PE=1 SV=3
100.0,120,29515215.529239964,28493443.0708955,8018437.018409357,27.16713015517606,16325052.1701527,73333062.6003202,IGLV3-16,A0A075B6K0,Immunoglobulin lambda variable 3-16 OS=Homo sapiens OX=9606 GN=IGLV3-16 PE=1 SV=2
100.0,120,157091437.31759635,160200432.67485052,32426498.957966756,20.64179914046439,50905341.5632927,224554804.200196,TAOK1,Q7L7X3,Serine/threonine-protein kinase TAO1 OS=Homo sapiens OX=9606 GN=TAOK1 PE=1 SV=1
100.0,120,41581597.55422716,34808710.9435559,22641850.863474745,54.4516136830654,11344059.1400545,143086219.788737,TARS1,P26639,"Threonine--tRNA ligase 1, cytoplasmic OS=Homo sapiens OX=9606 GN=TARS1 PE=1 SV=3"
100.0,120,14717656.60310202,14868443.7070085,3907904.5629678196,26.552491801882073,4600187.07323152,23221105.0237162,FNBP1L,Q5T0N5,Formin-binding protein 1-like OS=Homo sapiens OX=9606 GN=FNBP1L PE=1 SV=3
100.0,120,30242473.870328706,27553711.06012695,14100197.907867204,46.62382438792845,7917904.49321259,105592181.036041,ELMO1,Q92556,Engulfment and cell motility protein 1 OS=Homo sapiens OX=9606 GN=ELMO1 PE=1 SV=2
100.0,120,59039839.011354655,56498576.867633894,23960755.066789895,40.58404539717955,21095925.3895624,175506031.493062,CRIP1,P50238,Cysteine-rich protein 1 OS=Homo sapiens OX=9606 GN=CRIP1 PE=1 SV=3
98.33333333333333,118,4618827.751581391,4731421.105725185,2270768.199921232,49.163301210870394,363481.535390797,12183695.1523765,PDIA3,P30101,Protein disulfide-isomerase A3 OS=Homo sapiens OX=9606 GN=PDIA3 PE=1 SV=4
100.0,120,24385770.98780245,22555763.0308355,8075912.2279408015,33.117313502125086,7648349.79987061,57495912.825602,ENPP2,Q13822,Autotaxin OS=Homo sapiens OX=9606 GN=ENPP2 PE=1 SV=3
100.0,120,38955750.80639135,37809548.03336525,12277168.055801796,31.51567561056356,14350891.4955727,66876885.691733,NID1,P14543,Nidogen-1 OS=Homo sapiens OX=9606 GN=NID1 PE=1 SV=3
100.0,120,5002907.676967326,5124740.37477037,1333026.190994725,26.645028792591713,954853.402184338,7832090.046875,CXCL12,P48061,Stromal cell-derived factor 1 OS=Homo sapiens OX=9606 GN=CXCL12 PE=1 SV=1
100.0,120,842952880.5318644,846212496.5015559,208685002.43448395,24.75642556708666,324471717.211469,1439072506.46095,SLC4A1,P02730,Band 3 anion transport protein OS=Homo sapiens OX=9606 GN=SLC4A1 PE=1 SV=3
93.33333333333333,112,2199835.181636712,1810793.864800065,1388772.3166323816,63.1307439859705,321800.154143858,7225221.1616085,TADA2B,Q86TJ2,Transcriptional adapter 2-beta OS=Homo sapiens OX=9606 GN=TADA2B PE=1 SV=2
100.0,120,7448757.438098378,7425544.996835539,2505432.916498253,33.63558200571335,2059870.15403465,13447290.5805701,HNRNPA0,Q13151,Heterogeneous nuclear ribonucleoprotein A0 OS=Homo sapiens OX=9606 GN=HNRNPA0 PE=1 SV=1
100.0,120,3268437.719955939,2823058.197931545,1942653.147255765,59.436749716679735,1402261.36985416,18263831.1235355,IGLV7-43,P04211,Immunoglobulin lambda variable 7-43 OS=Homo sapiens OX=9606 GN=IGLV7-43 PE=1 SV=2
97.5,117,4171585.418515527,3404432.14677105,3190276.4369278993,76.4763541163007,82461.3285309456,18570878.9938376,SLPI,P03973,Antileukoproteinase OS=Homo sapiens OX=9606 GN=SLPI PE=1 SV=2
100.0,120,47300719.68183553,41234215.71262495,22984853.84435238,48.59303198547113,18663412.2572379,148784566.254996,STIP1,P31948,Stress-induced-phosphoprotein 1 OS=Homo sapiens OX=9606 GN=STIP1 PE=1 SV=1
100.0,120,3059857.239233272,2405457.60453001,2327968.6323089353,76.08095575374847,84418.5982917651,14532702.2848412,NCF1B,A6NI72,Putative neutrophil cytosol factor 1B OS=Homo sapiens OX=9606 GN=NCF1B PE=5 SV=2
97.5,117,3155827.1767242393,2952681.39698743,2012888.2599984996,63.78322218797435,469581.780728735,16403130.5934775,AARS1,A0A6Q8PFK3,Alanine--tRNA ligase OS=Homo sapiens OX=9606 GN=AARS1 PE=1 SV=1
100.0,120,37025574.924554445,32813302.34943715,18484230.777308777,49.922873081575005,12670798.9771887,123819050.818859,PTPN12,Q05209,Tyrosine-protein phosphatase non-receptor type 12 OS=Homo sapiens OX=9606 GN=PTPN12 PE=1 SV=3
50.83333333333333,61,1215244.683149125,1001742.33707659,1159137.8721367095,95.38308525102755,62733.850378961,4453643.08210082,ARG1,P05089,Arginase-1 OS=Homo sapiens OX=9606 GN=ARG1 PE=1 SV=2
100.0,120,105986924.48717937,103652726.473906,25678651.997806046,24.228132028599667,40789592.9662976,260431452.460706,VARS1,P26640,Valine--tRNA ligase OS=Homo sapiens OX=9606 GN=VARS1 PE=1 SV=4
100.0,120,69588659.800054,64264301.022877544,28512856.96442292,40.9734244722454,21036452.5999863,180826513.124156,HMGB3,O15347,High mobility group protein B3 OS=Homo sapiens OX=9606 GN=HMGB3 PE=1 SV=4
100.0,120,6507787.622151667,6341107.31908459,1826213.8872832188,28.061977331082886,2288652.33333333,12541171.9588309,CD14,P08571,Monocyte differentiation antigen CD14 OS=Homo sapiens OX=9606 GN=CD14 PE=1 SV=2
100.0,120,63515719.97300533,63395912.635323405,10594443.652901797,16.680033946563963,22784817.1463179,89832207.3282309,OLA1,J3KQ32,Obg-like ATPase 1 OS=Homo sapiens OX=9606 GN=OLA1 PE=1 SV=1
99.16666666666667,119,1802113.6003730604,1714776.0924276,640567.8517411102,35.54536470999967,629483.235351423,3414640.95072726,IPO5,O00410,Importin-5 OS=Homo sapiens OX=9606 GN=IPO5 PE=1 SV=4
94.16666666666667,113,5822985.910891605,5870143.35580429,2454186.6046495344,42.146531731411216,97551.3675424625,11884843.6189825,EIF2A,Q9BY44,Eukaryotic translation initiation factor 2A OS=Homo sapiens OX=9606 GN=EIF2A PE=1 SV=3
99.16666666666667,119,36869559.29924622,36412867.449519,12582919.93278554,34.128208125999464,372938.382389347,90840264.4007219,HCK,P08631,Tyrosine-protein kinase HCK OS=Homo sapiens OX=9606 GN=HCK PE=1 SV=5
18.333333333333332,22,4853095.4042626135,4355032.06538215,2270201.7609785614,46.778428443516226,1814020.74184707,11583441.958389,ENSA,Q5T5H1,Endosulfine alpha OS=Homo sapiens OX=9606 GN=ENSA PE=1 SV=1
100.0,120,97581569.03322433,46034100.0721502,103570226.30127601,106.13707826937346,3001897.04212881,474259664.701828,EEF2,P13639,Elongation factor 2 OS=Homo sapiens OX=9606 GN=EEF2 PE=1 SV=4
99.16666666666667,119,3975953.9295524345,4163786.56298378,1354667.6912892412,34.07151378742795,136780.643592182,6657977.01078281,PRKACB,P22694,cAMP-dependent protein kinase catalytic subunit beta OS=Homo sapiens OX=9606 GN=PRKACB PE=1 SV=2
0.0,0,,,,,,,IGHV1-8,P0DP01,Immunoglobulin heavy variable 1-8 OS=Homo sapiens OX=9606 GN=IGHV1-8 PE=1 SV=1
93.33333333333333,112,1762001.0118175296,1980159.34334201,982947.6244337824,55.78587173567271,63103.529924649,5560101.87090552,NT5C3A,Q9H0P0,Cytosolic 5'-nucleotidase 3A OS=Homo sapiens OX=9606 GN=NT5C3A PE=1 SV=3
100.0,120,35299209.184039876,32387717.6657191,15660916.548398007,44.366196610089794,1763353.03266506,93037217.2260645,STX11,O75558,Syntaxin-11 OS=Homo sapiens OX=9606 GN=STX11 PE=1 SV=1
100.0,120,240662330.29015574,226697936.0904925,77832757.55764131,32.341063706896655,91533755.2491977,541942512.500277,KRT82,Q9NSB4,"Keratin, type II cuticular Hb2 OS=Homo sapiens OX=9606 GN=KRT82 PE=1 SV=3"
65.0,78,1196043.7820075199,794636.3708627401,1214492.3636856368,101.54246708654358,254553.747101127,9287745.89735443,RAP2B,P61225,Ras-related protein Rap-2b OS=Homo sapiens OX=9606 GN=RAP2B PE=1 SV=1
100.0,120,3287240.568045611,2516053.114446475,2655292.51111141,80.77572833953197,584619.078887163,19282514.3061692,S100A14,Q9HCY8,Protein S100-A14 OS=Homo sapiens OX=9606 GN=S100A14 PE=1 SV=1
99.16666666666667,119,4664467.140220176,4456180.67707687,1574870.8828878147,33.76314669060947,2242087.20091607,10795224.1442234,CAND2,O75155,Cullin-associated NEDD8-dissociated protein 2 OS=Homo sapiens OX=9606 GN=CAND2 PE=1 SV=3
100.0,120,2880981947.6080136,2976709109.370925,720450339.1115534,25.007110499589214,401602170.452103,4690842468.28586,MAPK1,P28482,Mitogen-activated protein kinase 1 OS=Homo sapiens OX=9606 GN=MAPK1 PE=1 SV=3
26.666666666666668,32,1354588.9776970996,530219.2632361695,1461094.3548273335,107.86256044333837,258601.481218141,4849127.08627741,RAB21,Q9UL25,Ras-related protein Rab-21 OS=Homo sapiens OX=9606 GN=RAB21 PE=1 SV=3
100.0,120,16892021.122671306,14784879.706853699,9384796.747747555,55.55757170556653,3432996.89732574,55666101.1740201,FDPS,P14324,Farnesyl pyrophosphate synthase OS=Homo sapiens OX=9606 GN=FDPS PE=1 SV=4
99.16666666666667,119,207236067.83001408,195160696.096013,84739414.16308115,40.890282782526484,21444.7857305975,583402294.977579,RPL4,P36578,Large ribosomal subunit protein uL4 OS=Homo sapiens OX=9606 GN=RPL4 PE=1 SV=5
48.333333333333336,58,459022.89812987106,377331.15674169,282567.7353712959,61.55852715028372,128080.997191969,1526653.61864795,YBX1,P67809,Y-box-binding protein 1 OS=Homo sapiens OX=9606 GN=YBX1 PE=1 SV=3
8.333333333333332,10,1749479.561791258,1290232.36430298,1213151.9832236734,69.34359278719157,417911.420764217,4100732.91847402,IGLV2-8,P01709,Immunoglobulin lambda variable 2-8 OS=Homo sapiens OX=9606 GN=IGLV2-8 PE=1 SV=2
100.0,120,111766239.40219793,110040174.710574,34526660.1849237,30.89185103623046,2032331.43180782,321446987.994573,PKP1,Q13835,Plakophilin-1 OS=Homo sapiens OX=9606 GN=PKP1 PE=1 SV=2
94.16666666666667,113,955377.6488350652,881328.625331466,386009.99430576235,40.40391721288871,147351.843824893,2385194.98872447,HDGF,P51858,Hepatoma-derived growth factor OS=Homo sapiens OX=9606 GN=HDGF PE=1 SV=1
100.0,120,5153303.440021564,4712192.566797725,3123688.706161925,60.61526829378504,1613910.16394289,21409053.1848744,CCT5,P48643,T-complex protein 1 subunit epsilon OS=Homo sapiens OX=9606 GN=CCT5 PE=1 SV=1
5.833333333333333,7,381322.1965631699,342299.957073163,121268.00858344253,31.801979972952676,251357.92051606,608729.597928863,ACTN3,A0A087WSZ2,Actinin alpha 3 OS=Homo sapiens OX=9606 GN=ACTN3 PE=1 SV=1
100.0,120,220073145.35083196,218106523.055,50807665.58583365,23.086717602385363,77006087.5177269,316991191.455838,ABI1,Q8IZP0,Abl interactor 1 OS=Homo sapiens OX=9606 GN=ABI1 PE=1 SV=4
100.0,120,50718008.017213,46433141.72370415,16684699.819501942,32.89699353696892,14666549.5389241,112445795.569403,TOMM34,Q15785,Mitochondrial import receptor subunit TOM34 OS=Homo sapiens OX=9606 GN=TOMM34 PE=1 SV=2
26.666666666666668,32,1097161.195357272,508270.195925808,2230121.735446467,203.26290657046667,99703.9664463618,10781292.7411969,MYL1,P05976,"Myosin light chain 1/3, skeletal muscle isoform OS=Homo sapiens OX=9606 GN=MYL1 PE=1 SV=3"
100.0,120,7850455.368588797,7032329.6414500605,3736874.812764737,47.60073954074947,2778482.4350079,30634017.8492629,RPL22,P35268,Large ribosomal subunit protein eL22 OS=Homo sapiens OX=9606 GN=RPL22 PE=1 SV=2
100.0,120,39606745.512606524,34510832.4919114,22719622.770706654,57.36301348838463,10106612.957314,142123558.282721,MAPKAPK3,Q16644,MAP kinase-activated protein kinase 3 OS=Homo sapiens OX=9606 GN=MAPKAPK3 PE=1 SV=1
30.833333333333336,37,369531.6974483095,241986.435629072,302658.182030231,81.90317207431634,97633.4418249709,1131403.25354155,KRT23,Q9C075,"Keratin, type I cytoskeletal 23 OS=Homo sapiens OX=9606 GN=KRT23 PE=1 SV=2"
100.0,120,3868534.161338074,3762931.872123815,1222513.888784243,31.60147585103376,1347395.66057067,8188808.62300577,IGHV1-18,A0A0C4DH31,Immunoglobulin heavy variable 1-18 OS=Homo sapiens OX=9606 GN=IGHV1-18 PE=1 SV=1
97.5,117,2251625.57831102,1628923.24498708,1716626.080334324,76.23941106682544,209748.703748228,9320740.63316202,UNC45A,A0A1W2PNX8,Unc-45 myosin chaperone A OS=Homo sapiens OX=9606 GN=UNC45A PE=1 SV=1
100.0,120,26954932.164177768,18134088.2872868,20231506.0132167,75.05678697312293,5708010.30673391,107407387.073273,A2ML1,A8K2U0,Alpha-2-macroglobulin-like protein 1 OS=Homo sapiens OX=9606 GN=A2ML1 PE=1 SV=3
100.0,120,35598298.060904294,30091780.7814058,24504140.180009488,68.83514525915236,6258266.53738656,159809335.593598,PCBP2,Q15366,Poly(rC)-binding protein 2 OS=Homo sapiens OX=9606 GN=PCBP2 PE=1 SV=1
100.0,120,9011583.147629179,6893496.975392025,6287738.2705719415,69.77395833301674,526285.493676938,30125111.6458333,FBXO7,Q9Y3I1,F-box only protein 7 OS=Homo sapiens OX=9606 GN=FBXO7 PE=1 SV=1
77.5,93,1016062.0958180024,754013.261058306,881818.0609844181,86.78781194711253,92672.5052335351,4514100.65599174,SRP9,P49458,Signal recognition particle 9 kDa protein OS=Homo sapiens OX=9606 GN=SRP9 PE=1 SV=2
100.0,120,26342729.497538064,24745625.7780634,11386903.3866374,43.22598152823001,7389197.61840265,72340237.2277358,OSTF1,Q92882,Osteoclast-stimulating factor 1 OS=Homo sapiens OX=9606 GN=OSTF1 PE=1 SV=2
28.333333333333332,34,370521.2515222321,314747.7268156065,199657.5091759746,53.88557561967393,90200.6720852031,903630.777750684,GSTK1,Q9Y2Q3,Glutathione S-transferase kappa 1 OS=Homo sapiens OX=9606 GN=GSTK1 PE=1 SV=3
72.5,87,1098560.9733174823,932328.341465283,1022299.26136902,93.05803557556173,10919.6189107983,3752551.03409516,DDX1,Q92499,ATP-dependent RNA helicase DDX1 OS=Homo sapiens OX=9606 GN=DDX1 PE=1 SV=2
0.0,0,,,,,,,PABPC4,Q13310,Polyadenylate-binding protein 4 OS=Homo sapiens OX=9606 GN=PABPC4 PE=1 SV=1
100.0,120,175660578.67441288,146511694.5836265,101779152.33240524,57.94080441978564,19056209.4260153,521469762.592388,CRISPLD2,Q9H0B8,Cysteine-rich secretory protein LCCL domain-containing 2 OS=Homo sapiens OX=9606 GN=CRISPLD2 PE=1 SV=1
29.166666666666668,35,2586282.8950630813,2007166.44091378,2295243.818769231,88.74681973695102,939946.703451118,14693390.7016824,PSMD6,Q15008,26S proteasome non-ATPase regulatory subunit 6 OS=Homo sapiens OX=9606 GN=PSMD6 PE=1 SV=1
45.83333333333333,55,342461.86145723733,248794.211246476,263865.38405404,77.04956777704966,117437.632209729,1660012.09162578,PDE5A,O76074,"cGMP-specific 3',5'-cyclic phosphodiesterase OS=Homo sapiens OX=9606 GN=PDE5A PE=1 SV=2"
0.0,0,,,,,,,IGHV1-2,P23083,Immunoglobulin heavy variable 1-2 OS=Homo sapiens OX=9606 GN=IGHV1-2 PE=1 SV=2
89.16666666666667,107,4609956.406839851,4890678.92183281,2042732.2618936126,44.31131406932145,141211.907178749,9202548.5239504,WDR44,Q5JSH3,WD repeat-containing protein 44 OS=Homo sapiens OX=9606 GN=WDR44 PE=1 SV=1
73.33333333333333,88,1074213.135507749,622226.8168045965,1004458.7040940468,93.50646262757427,9711.75935753403,6250592.41382492,IPO9,Q96P70,Importin-9 OS=Homo sapiens OX=9606 GN=IPO9 PE=1 SV=3
100.0,120,59210053.59614309,52191787.037678,38716550.85910918,65.3884746046424,25999197.6515124,363279580.878846,DDX1,A0A7I2V4J3,ATP-dependent RNA helicase DDX1 OS=Homo sapiens OX=9606 GN=DDX1 PE=1 SV=1
100.0,120,60817562.54097519,17188265.3609842,70879880.48279634,116.54508586239669,373034.181865991,319650779.83827,GP1BB,P13224,Platelet glycoprotein Ib beta chain OS=Homo sapiens OX=9606 GN=GP1BB PE=1 SV=1
16.666666666666664,20,1041728.3483086821,888251.302031419,476721.26002792566,45.762531162938544,447706.622452608,1977801.936711,DGKH,Q86XP1,Diacylglycerol kinase eta OS=Homo sapiens OX=9606 GN=DGKH PE=1 SV=1
100.0,120,4132440.0697852434,3746180.31885973,1971261.8934740636,47.70212901300483,380597.454170217,14399837.1015841,FGD3,Q5JSP0,"FYVE, RhoGEF and PH domain-containing protein 3 OS=Homo sapiens OX=9606 GN=FGD3 PE=1 SV=1"
50.0,60,1002085.1439951209,879131.7437796134,703966.0644688277,70.25012482095586,122017.843226388,3756047.78493832,SHOC2,Q9UQ13,Leucine-rich repeat protein SHOC-2 OS=Homo sapiens OX=9606 GN=SHOC2 PE=1 SV=2
100.0,120,10596958.255673314,10186906.75835245,2495567.2788284915,23.54984532936548,3985859.12287821,17494528.0716905,SNRPA,P09012,U1 small nuclear ribonucleoprotein A OS=Homo sapiens OX=9606 GN=SNRPA PE=1 SV=3
38.333333333333336,46,851308.0508322136,670973.576973736,719749.8242013094,84.54634294809067,46367.9058274767,2637589.38479345,ICAM2,P13598,Intercellular adhesion molecule 2 OS=Homo sapiens OX=9606 GN=ICAM2 PE=1 SV=2
100.0,120,22211625.785694923,16949673.67370135,15095353.949445222,67.96149950971696,2012735.92325422,83705414.2106944,P2RX1,P51575,P2X purinoceptor 1 OS=Homo sapiens OX=9606 GN=P2RX1 PE=1 SV=1
73.33333333333333,88,8593974.177257653,1210364.534329775,13063545.785781486,152.00820384533756,126685.1875,51421698.0650083,PRDX5,P30044,"Peroxiredoxin-5, mitochondrial OS=Homo sapiens OX=9606 GN=PRDX5 PE=1 SV=4"
100.0,120,10923372.438240228,9130020.699370535,8486753.704904657,77.69353057298012,2790569.46267746,85909510.3230783,UBAP2L,A0AA34QVE6,Ubiquitin associated protein 2 like OS=Homo sapiens OX=9606 GN=UBAP2L PE=1 SV=1
100.0,120,54595237.66765228,55000498.3162443,13030119.540832598,23.866769515966325,24366167.069049,89791799.7746224,CHMP5,Q9NZZ3,Charged multivesicular body protein 5 OS=Homo sapiens OX=9606 GN=CHMP5 PE=1 SV=1
100.0,120,93347108.94674237,93824059.91207325,30395925.300639935,32.56225676788964,20068139.5486842,170920680.12246,IDH2,P48735,"Isocitrate dehydrogenase [NADP], mitochondrial OS=Homo sapiens OX=9606 GN=IDH2 PE=1 SV=2"
100.0,120,169477780.77669212,171143716.157594,80471348.70020555,47.48194620640949,18699499.9856824,578730867.503134,PAK2,Q13177,Serine/threonine-protein kinase PAK 2 OS=Homo sapiens OX=9606 GN=PAK2 PE=1 SV=3
100.0,120,5184696.543913682,5019044.32020641,1689583.96895648,32.58790470466171,1821580.23930021,13906372.8350415,TRRAP,Q9Y4A5,Transformation/transcription domain-associated protein OS=Homo sapiens OX=9606 GN=TRRAP PE=1 SV=3
99.16666666666667,119,8645276.157784062,7223420.9378402,5119029.083061802,59.21186309881743,2855881.24551088,35110610.0897049,MYO16,F8W883,Myosin XVI OS=Homo sapiens OX=9606 GN=MYO16 PE=1 SV=2
80.83333333333333,97,5546247.305273458,5049939.94426099,4771540.483804217,86.03187382696336,132136.001682572,21868046.0700866,PPP1CA,P62136,Serine/threonine-protein phosphatase PP1-alpha catalytic subunit OS=Homo sapiens OX=9606 GN=PPP1CA PE=1 SV=1
100.0,120,25305613.120459255,17708696.0126533,16226508.727137938,64.122171827637,794697.154150116,75830189.4297143,SFPQ,P23246,"Splicing factor, proline- and glutamine-rich OS=Homo sapiens OX=9606 GN=SFPQ PE=1 SV=2"
34.166666666666664,41,247678.61857224148,103102.838971147,327759.5611317827,132.3326022331571,15490.2854037904,1400566.65643494,EIF3F,H0YDT6,Eukaryotic translation initiation factor 3 subunit F OS=Homo sapiens OX=9606 GN=EIF3F PE=1 SV=2
100.0,120,136552438.20197922,120979319.163035,86965181.72245766,63.68628994659517,9297137.61289109,346827052.395483,IGHV1OR15-1,A0A075B7D0,Immunoglobulin heavy variable 1/OR15-1 (non-functional) (Fragment) OS=Homo sapiens OX=9606 GN=IGHV1OR15-1 PE=4 SV=1
60.83333333333333,73,655327.7433085168,579311.433082472,362013.4502372051,55.241587729756084,127011.822747391,2381002.33260412,LANCL1,O43813,Glutathione S-transferase LANCL1 OS=Homo sapiens OX=9606 GN=LANCL1 PE=1 SV=1
100.0,120,63071412.046077006,21988167.19206075,74083756.8909355,117.46012097654226,5623844.30026241,341393859.493926,FARP1,C9JME2,"FERM, ARHGEF and pleckstrin domain-containing protein 1 OS=Homo sapiens OX=9606 GN=FARP1 PE=1 SV=2"
98.33333333333333,118,61007525.008242644,56909278.85836975,20749919.716470134,34.01206607490902,12387158.7941848,129199082.298167,S100A11,P31949,Protein S100-A11 OS=Homo sapiens OX=9606 GN=S100A11 PE=1 SV=2
89.16666666666667,107,1292487.3500238888,1088584.25521687,1497638.7365822983,115.87260305136586,78584.4436343163,13727380.3488192,LSM8,O95777,U6 snRNA-associated Sm-like protein LSm8 OS=Homo sapiens OX=9606 GN=LSM8 PE=1 SV=3
100.0,120,5235029.352993134,4820937.903264806,4218351.977071853,80.57933762415306,937804.053007421,46983601.0004531,SNRPD2,P62316,Small nuclear ribonucleoprotein Sm D2 OS=Homo sapiens OX=9606 GN=SNRPD2 PE=1 SV=1
100.0,120,2372332.174190283,2277288.7677456047,734132.0526301365,30.945584291150467,1005422.1127003,4519225.61039974,INHBE,P58166,Inhibin beta E chain OS=Homo sapiens OX=9606 GN=INHBE PE=1 SV=1
98.33333333333333,118,1352989.9131903213,1066412.69391636,1014096.6374681026,74.9522688662833,152362.06140915,5152329.25844763,STXBP2,Q15833,Syntaxin-binding protein 2 OS=Homo sapiens OX=9606 GN=STXBP2 PE=1 SV=2
100.0,120,7724159.5603463035,5941509.632548075,6086174.093639798,78.79399753579057,37805.793679155,48758282.7741714,SASH3,O75995,SAM and SH3 domain-containing protein 3 OS=Homo sapiens OX=9606 GN=SASH3 PE=1 SV=2
91.66666666666666,110,1261714.1605935537,933531.2914753605,1188261.7030357597,94.1783598970436,90731.3815103277,7108636.96004953,ARHGAP1,Q07960,Rho GTPase-activating protein 1 OS=Homo sapiens OX=9606 GN=ARHGAP1 PE=1 SV=1
100.0,120,24382709.78157178,19673903.649694197,19106068.32279854,78.35908516303928,6962408.54991422,155414403.604064,MAP2K4,P45985,Dual specificity mitogen-activated protein kinase kinase 4 OS=Homo sapiens OX=9606 GN=MAP2K4 PE=1 SV=1
100.0,120,41910002.74868374,41444205.01614159,13742659.619099623,32.79088217079927,16863856.8227158,92834946.4980469,HNRNPUL2,Q1KMD3,Heterogeneous nuclear ribonucleoprotein U-like protein 2 OS=Homo sapiens OX=9606 GN=HNRNPUL2 PE=1 SV=1
46.666666666666664,56,2067132.0904565954,1383989.8173192102,2473853.3361388473,119.67562922369484,322564.178380396,13308745.3255818,ARPC5,O15511,Actin-related protein 2/3 complex subunit 5 OS=Homo sapiens OX=9606 GN=ARPC5 PE=1 SV=3
0.0,0,,,,,,,GRK5,P34947,G protein-coupled receptor kinase 5 OS=Homo sapiens OX=9606 GN=GRK5 PE=1 SV=1
100.0,120,22369113.40914872,22384159.22392445,6701323.847256402,29.957932282267542,5750761.70317668,40342494.8220136,FGL1,Q08830,Fibrinogen-like protein 1 OS=Homo sapiens OX=9606 GN=FGL1 PE=1 SV=3
6.666666666666667,8,1384593.6929674228,1343550.24819435,654984.6162693279,47.30518560037516,581655.628500297,2647200.26246472,SCGB3A1,Q96QR1,Secretoglobin family 3A member 1 OS=Homo sapiens OX=9606 GN=SCGB3A1 PE=1 SV=2
100.0,120,51026170.29958317,38238062.61957595,43675739.969978854,85.59478344847614,12923120.8453562,394380466.751902,ECM1,Q16610,Extracellular matrix protein 1 OS=Homo sapiens OX=9606 GN=ECM1 PE=1 SV=2
98.33333333333333,118,7100117.594534937,5422239.76074834,6630168.0236927485,93.3811015862059,391985.602859645,29539078.2129672,PARP1,P09874,Poly [ADP-ribose] polymerase 1 OS=Homo sapiens OX=9606 GN=PARP1 PE=1 SV=4
99.16666666666667,119,29374309.226691376,25395000.2223258,11726493.672677768,39.920917227977995,13145435.2835575,74186128.4054839,EIF3A,Q14152,Eukaryotic translation initiation factor 3 subunit A OS=Homo sapiens OX=9606 GN=EIF3A PE=1 SV=1
100.0,120,45740837.847060986,43097177.095330596,17817108.954133682,38.95230125365641,14779399.5445966,107428551.955692,P4HB,A0A7P0TA97,Protein disulfide-isomerase OS=Homo sapiens OX=9606 GN=P4HB PE=1 SV=1
98.33333333333333,118,3461375.1691089584,3262074.0806692196,1177472.0268141015,34.01746327073847,1212118.35761576,6518064.02696532,RPS14,P62263,Small ribosomal subunit protein uS11 OS=Homo sapiens OX=9606 GN=RPS14 PE=1 SV=3
86.66666666666667,104,1386337.2198930418,1268120.33868655,693861.6231786032,50.0499887922028,400804.091490765,4145758.82276393,TRMT1L,Q7Z2T5,TRMT1-like protein OS=Homo sapiens OX=9606 GN=TRMT1L PE=1 SV=2
100.0,120,8275096.293314378,5582321.41024136,25851026.79375402,312.3954800941664,556142.607542793,284902134.557137,LACRT,Q9GZZ8,Extracellular glycoprotein lacritin OS=Homo sapiens OX=9606 GN=LACRT PE=1 SV=1
38.333333333333336,46,313333.9580994326,261329.3577755575,171750.01192156054,54.81372429701917,85202.3214780246,881322.333563933,AP3D1,O14617,AP-3 complex subunit delta-1 OS=Homo sapiens OX=9606 GN=AP3D1 PE=1 SV=1
70.0,84,1584124.2373046533,1288079.42896985,1026751.0212426031,64.81505661384195,389027.768800289,5928649.68761624,PDHA2,P29803,"Pyruvate dehydrogenase E1 component subunit alpha, testis-specific form, mitochondrial OS=Homo sapiens OX=9606 GN=PDHA2 PE=1 SV=1"
100.0,120,3713111.4759594826,3564559.066947425,1606220.2309503541,43.25806648547498,2313.18660855857,15101360.4042004,NOTUM,Q6P988,Palmitoleoyl-protein carboxylesterase NOTUM OS=Homo sapiens OX=9606 GN=NOTUM PE=1 SV=2
100.0,120,94904980.7012487,86832520.4105551,52555637.266322955,55.37711179960385,21795772.3460897,539354803.710425,PLCB2,Q00722,"1-phosphatidylinositol 4,5-bisphosphate phosphodiesterase beta-2 OS=Homo sapiens OX=9606 GN=PLCB2 PE=1 SV=2"
18.333333333333332,22,2779974.93118857,2430061.761159435,1700304.6050179284,61.16258768891014,868471.672929205,6439463.65403224,PLP2,Q04941,Proteolipid protein 2 OS=Homo sapiens OX=9606 GN=PLP2 PE=1 SV=1
82.5,99,1069516.2366181326,796605.091439602,1000249.5399820158,93.52354884717397,110478.125,7297194.34378521,CSTB,P04080,Cystatin-B OS=Homo sapiens OX=9606 GN=CSTB PE=1 SV=2
100.0,120,35730057.22044355,29081818.96288,18394090.878302194,51.48072046125274,5848732.65000027,114154756.412855,H3-3A; H3-3B,P84243,Histone H3.3 OS=Homo sapiens OX=9606 GN=H3-3A PE=1 SV=2
60.83333333333333,73,3251388.1377151925,2976768.6276443,2009794.8074802402,61.81343851775748,307531.039695565,8684286.52187979,AP3B1,O00203,AP-3 complex subunit beta-1 OS=Homo sapiens OX=9606 GN=AP3B1 PE=1 SV=3
100.0,120,6748787.1921516005,5640215.035239374,3932991.7270975057,58.27701504162584,1723478.23796298,19886324.1623982,CLINT1,Q14677,Clathrin interactor 1 OS=Homo sapiens OX=9606 GN=CLINT1 PE=1 SV=1
100.0,120,61324160.11582871,59465389.956270546,14491555.881915253,23.631071105651817,32693143.1445714,98069657.4082571,LAP3,P28838,Cytosol aminopeptidase OS=Homo sapiens OX=9606 GN=LAP3 PE=1 SV=3
100.0,120,2814203.9992025164,2404049.3455642154,1585384.6386726801,56.33510005393864,263330.303690866,8595519.81713667,CTSD,C9JH19,Cathepsin D OS=Homo sapiens OX=9606 GN=CTSD PE=1 SV=2
24.166666666666668,29,437033.75897066714,355069.239463874,311727.64275793725,71.32804648596033,124815.234398702,1380447.37668142,GSTM1,E7EWW9,Glutathione S-transferase OS=Homo sapiens OX=9606 GN=GSTM1 PE=1 SV=1
28.333333333333332,34,1183798.739852244,970338.2570293865,618467.3598531486,52.24429956145609,473286.409154163,3035814.9899644,BTF3,P20290,Transcription factor BTF3 OS=Homo sapiens OX=9606 GN=BTF3 PE=1 SV=1
75.0,90,451119.486887932,360866.6993172575,386066.8862174824,85.57974049863864,87402.296280313,2996985.01543248,PPP2R5E,Q16537,Serine/threonine-protein phosphatase 2A 56 kDa regulatory subunit epsilon isoform OS=Homo sapiens OX=9606 GN=PPP2R5E PE=1 SV=1
76.66666666666667,92,549785.6920829661,400044.7266599225,451410.2018963701,82.10657505220225,72897.7880152241,1962100.35276488,HK1,P19367,Hexokinase-1 OS=Homo sapiens OX=9606 GN=HK1 PE=1 SV=3
70.0,84,1054540.673569572,1134074.16581283,457087.9570796677,43.344744165480684,68747.0620203228,2219175.6049565,STK39,Q9UEW8,STE20/SPS1-related proline-alanine-rich protein kinase OS=Homo sapiens OX=9606 GN=STK39 PE=1 SV=3
54.166666666666664,65,1904620.988987411,1530038.82052842,1580400.3618457282,82.97715771188398,183566.532152109,5520979.21092403,LSM2,Q9Y333,U6 snRNA-associated Sm-like protein LSm2 OS=Homo sapiens OX=9606 GN=LSM2 PE=1 SV=1
100.0,120,9653682.63919073,9952787.23539076,3447110.46423387,35.70772515599127,1165883.17540179,29933587.3019477,PACS1,Q6VY07,Phosphofurin acidic cluster sorting protein 1 OS=Homo sapiens OX=9606 GN=PACS1 PE=1 SV=2
100.0,120,208643904.6971452,196431680.118242,70520408.56188747,33.799409891341234,29487137.423673,418481648.187748,TRIP10,Q15642,Cdc42-interacting protein 4 OS=Homo sapiens OX=9606 GN=TRIP10 PE=1 SV=3
99.16666666666667,119,17888553.076961048,18496686.8454137,8698444.461053617,48.625757620701485,941972.8125,37218783.7778581,RPL5,P46777,Large ribosomal subunit protein uL18 OS=Homo sapiens OX=9606 GN=RPL5 PE=1 SV=3
100.0,120,22371006.739046667,18239178.7217759,16773473.303850716,74.97862523358889,7046475.28588179,121143510.569781,ABCE1,P61221,ATP-binding cassette sub-family E member 1 OS=Homo sapiens OX=9606 GN=ABCE1 PE=1 SV=1
100.0,120,224513857.39712217,180817803.503678,133434796.92806567,59.43276663410801,14168505.2932064,696701524.12472,MANF,P55145,Mesencephalic astrocyte-derived neurotrophic factor OS=Homo sapiens OX=9606 GN=MANF PE=1 SV=3
100.0,120,37050222.459395394,34646809.1151201,13201512.60412037,35.63139902490021,9114869.53402221,81757519.8431102,PGAM1,P18669,Phosphoglycerate mutase 1 OS=Homo sapiens OX=9606 GN=PGAM1 PE=1 SV=2
100.0,120,21768548.521777503,10630128.634356849,32758642.920126997,150.48611480620713,3476161.94227407,141001236.987141,PFKP,Q01813,"ATP-dependent 6-phosphofructokinase, platelet type OS=Homo sapiens OX=9606 GN=PFKP PE=1 SV=2"
52.5,63,411172.7564398878,319918.188188953,294813.6532443225,71.70067778734833,82430.0911529303,1424379.30083285,CDA,P32320,Cytidine deaminase OS=Homo sapiens OX=9606 GN=CDA PE=1 SV=2
97.5,117,3750293.838138426,3795963.64904996,1380318.5446911638,36.805610553874025,323903.834343066,7930113.75337716,POLR1B,Q9H9Y6,DNA-directed RNA polymerase I subunit RPA2 OS=Homo sapiens OX=9606 GN=POLR1B PE=1 SV=2
100.0,120,11563005.576166164,10962757.7803397,5174063.55276074,44.74670118144365,2280214.7581911,39916795.1364701,CRYAB,P02511,Alpha-crystallin B chain OS=Homo sapiens OX=9606 GN=CRYAB PE=1 SV=2
98.33333333333333,118,1265844.470452902,1188943.17346524,583403.9774801506,46.08812465495201,176692.87979462,3411456.9164079,MTPN,P58546,Myotrophin OS=Homo sapiens OX=9606 GN=MTPN PE=1 SV=2
99.16666666666667,119,1235527.1251173932,526938.766639346,7449962.574417389,602.9784715337215,10369.2469173873,81789532.32356,POF1B,Q8WVV4,Protein POF1B OS=Homo sapiens OX=9606 GN=POF1B PE=1 SV=3
0.0,0,,,,,,,EPHB4,P54760,Ephrin type-B receptor 4 OS=Homo sapiens OX=9606 GN=EPHB4 PE=1 SV=2
7.5,9,894406.6441765057,974334.001714813,210198.55717543894,23.501453007314367,484730.115771694,1127810.55669218,CD226,Q15762,CD226 antigen OS=Homo sapiens OX=9606 GN=CD226 PE=1 SV=2
100.0,120,4445829.770538526,3518271.764377395,3448878.2018800853,77.57557936057279,833715.514906111,20864823.1884843,IGHD,P01880,Immunoglobulin heavy constant delta OS=Homo sapiens OX=9606 GN=IGHD PE=1 SV=4
100.0,120,4630209.356182485,3672594.715034955,5192278.018899238,112.13916303733116,783718.37253922,52283863.6306812,CPNE3,O75131,Copine-3 OS=Homo sapiens OX=9606 GN=CPNE3 PE=1 SV=1
100.0,120,1416379735.2880402,1344638572.531365,384879467.39436316,27.17346611260946,736503974.354144,2644436119.87547,KIAA0825,A0A994J718,KIAA0825 OS=Homo sapiens OX=9606 GN=KIAA0825 PE=1 SV=1
59.166666666666664,71,2386951.8610276654,1974627.70966838,1907068.7932201615,79.89556992570023,101198.300442044,8854620.29354286,ARHGEF1,Q92888,Rho guanine nucleotide exchange factor 1 OS=Homo sapiens OX=9606 GN=ARHGEF1 PE=1 SV=2
50.0,60,223463.44341748086,168598.1936903915,168297.64975272742,75.31328040905058,47457.6596849539,888759.662302709,NONO,A0A7I2V535,Non-POU domain containing octamer binding OS=Homo sapiens OX=9606 GN=NONO PE=1 SV=1
83.33333333333334,100,929122.0001979009,830012.9150570375,579441.9684182042,62.36446540871752,122155.681413999,3634521.50420861,PIP5K1C,O60331,Phosphatidylinositol 4-phosphate 5-kinase type-1 gamma OS=Homo sapiens OX=9606 GN=PIP5K1C PE=1 SV=2
0.0,0,,,,,,,STK24,Q9Y6E0,Serine/threonine-protein kinase 24 OS=Homo sapiens OX=9606 GN=STK24 PE=1 SV=1
99.16666666666667,119,24502678.069938168,24040701.7191846,10558612.976192558,43.091669188384365,636854.157401147,54402824.3810591,GSTP1,P09211,Glutathione S-transferase P OS=Homo sapiens OX=9606 GN=GSTP1 PE=1 SV=2
100.0,120,20709089.9577016,18798977.30533625,12564314.485568749,60.67052927594313,2876958.33886054,69311475.227777,CALR,P27797,Calreticulin OS=Homo sapiens OX=9606 GN=CALR PE=1 SV=1
100.0,120,34321507.42254945,34589000.781532645,9085050.048368193,26.47042840082035,11349743.9769705,52573836.4289408,SERPINB5,P36952,Serpin B5 OS=Homo sapiens OX=9606 GN=SERPINB5 PE=1 SV=2
9.166666666666666,11,534141.7152376407,497203.869279063,178154.5964278746,33.35343249658254,341355.821545064,1029734.80535587,DBNL,Q9UJU6,Drebrin-like protein OS=Homo sapiens OX=9606 GN=DBNL PE=1 SV=1
88.33333333333333,106,3006011.1837966633,2393851.05454655,2533134.614564359,84.26896839967675,146143.193753537,13199712.3949141,COL1A1,P02452,Collagen alpha-1(I) chain OS=Homo sapiens OX=9606 GN=COL1A1 PE=1 SV=6
99.16666666666667,119,1589964.9151365361,1573047.79329565,479744.8310420881,30.173296685662443,223321.979953752,3112874.60691678,ANK1,P16157,Ankyrin-1 OS=Homo sapiens OX=9606 GN=ANK1 PE=1 SV=3
14.166666666666666,17,2503883.198747027,2385927.49383555,1112531.542653719,44.43224600933633,549901.841057874,4458170.28707306,EPHA3,P29320,Ephrin type-A receptor 3 OS=Homo sapiens OX=9606 GN=EPHA3 PE=1 SV=2
11.666666666666666,14,974587.641771919,802920.146719333,521122.65166958317,53.47109170419181,493288.083462355,2383716.23492529,EPHB2,P29323,Ephrin type-B receptor 2 OS=Homo sapiens OX=9606 GN=EPHB2 PE=1 SV=5
15.833333333333332,19,511584.256276635,414607.167855082,408931.1536053762,79.93427252465135,101428.513734683,1170545.482198,MTSS1,O43312,Protein MTSS 1 OS=Homo sapiens OX=9606 GN=MTSS1 PE=1 SV=2
60.83333333333333,73,488989.64949658595,268292.937988478,538823.9225942182,110.19127360853886,56961.5078125,2541966.21193094,CAPG,P40121,Macrophage-capping protein OS=Homo sapiens OX=9606 GN=CAPG PE=1 SV=2
100.0,120,8804830.670484606,8313994.977978875,4341543.280519286,49.30865161408418,1118634.3667895,29181541.6726196,GRN,P28799,Progranulin OS=Homo sapiens OX=9606 GN=GRN PE=1 SV=2
100.0,120,3593186.150589431,2837338.99473099,2682117.2020666595,74.64453801333619,913070.972409085,23893242.4834329,CST3,P01034,Cystatin-C OS=Homo sapiens OX=9606 GN=CST3 PE=1 SV=1
100.0,120,53928736.309613705,45906932.23660995,27832737.907960996,51.610217135756145,15408688.1266431,172622309.842606,EIF3B,P55884,Eukaryotic translation initiation factor 3 subunit B OS=Homo sapiens OX=9606 GN=EIF3B PE=1 SV=3
82.5,99,28545604.910086535,23820062.0840779,19789252.458001327,69.32504152682655,3288120.30353167,80207869.0970044,MAPKAPK2,P49137,MAP kinase-activated protein kinase 2 OS=Homo sapiens OX=9606 GN=MAPKAPK2 PE=1 SV=1
90.0,108,2497950.99695743,2663727.10216515,1137998.4064439654,45.55727505583886,115257.540709973,5332605.25313207,SDF2L1,Q9HCN8,Stromal cell-derived factor 2-like protein 1 OS=Homo sapiens OX=9606 GN=SDF2L1 PE=1 SV=2
0.0,0,,,,,,,CTNND2,E9PHB5,Catenin delta 2 OS=Homo sapiens OX=9606 GN=CTNND2 PE=1 SV=1
100.0,120,10965165.732656844,11228523.555574201,2862106.6462784037,26.10180927548023,3882926.64079086,16597701.5679696,STK26,Q9P289,Serine/threonine-protein kinase 26 OS=Homo sapiens OX=9606 GN=STK26 PE=1 SV=2
100.0,120,16607232.714996653,15636545.37768895,5968578.164935044,35.93963104729244,3986239.76047037,37505482.1892646,ACTR1A,P61163,Alpha-centractin OS=Homo sapiens OX=9606 GN=ACTR1A PE=1 SV=1
99.16666666666667,119,26743152.767686103,24997990.0212568,12017013.304666076,44.93491627204964,41370.3942022847,63134182.2480458,CORO1B,Q9BR76,Coronin-1B OS=Homo sapiens OX=9606 GN=CORO1B PE=1 SV=1
59.166666666666664,71,759895.1216607245,517931.878705981,722228.9187351239,95.04323664517251,122219.617206287,5780975.87742463,PTGES3,A0A087WYT3,Prostaglandin E synthase 3 OS=Homo sapiens OX=9606 GN=PTGES3 PE=1 SV=1
12.5,15,1418444.1259570052,1149594.27674031,940196.4061898827,66.28364057382555,470305.126323962,3710423.33222923,IGKV1D-39,P04432,Immunoglobulin kappa variable 1D-39 OS=Homo sapiens OX=9606 GN=IGKV1D-39 PE=3 SV=2
98.33333333333333,118,4233511.811912204,3873245.959319705,2240097.636708027,52.91346135860228,1428529.10416626,12564275.9164953,EDF1,O60869,Endothelial differentiation-related factor 1 OS=Homo sapiens OX=9606 GN=EDF1 PE=1 SV=1
30.833333333333336,37,1420027.0220704584,818397.939036874,1612911.04678391,113.58312354029844,150135.466370502,8337081.7488036,,A0A3B3IRZ5,Coiled-coil domain-containing protein 13 OS=Homo sapiens OX=9606 PE=1 SV=1
79.16666666666666,95,1400656.1749560533,1161960.40743505,1181370.1094116825,84.34404749250821,169297.777618004,5279781.01608707,TSPAN9,B5MD23,Tetraspanin OS=Homo sapiens OX=9606 GN=TSPAN9 PE=1 SV=1
99.16666666666667,119,923149.0479233626,892183.880094482,382283.4682847897,41.410806753767666,179580.902685488,2429870.20355813,EIF4E,P06730,Eukaryotic translation initiation factor 4E OS=Homo sapiens OX=9606 GN=EIF4E PE=1 SV=2
100.0,120,11117205.199937455,11047643.06654695,2545416.979938332,22.89619498930048,3363841.52323638,18037878.9511179,SERPINB12,Q96P63,Serpin B12 OS=Homo sapiens OX=9606 GN=SERPINB12 PE=1 SV=1
100.0,120,27164105.393762335,27212483.208739847,7947414.803376838,29.257045973624425,6218595.95395809,58096636.0939408,AP2A1,O95782,AP-2 complex subunit alpha-1 OS=Homo sapiens OX=9606 GN=AP2A1 PE=1 SV=3
0.0,0,,,,,,,H2AC21,Q8IUE6,Histone H2A type 2-B OS=Homo sapiens OX=9606 GN=H2AC21 PE=1 SV=3
7.5,9,3654307.399547143,3461008.61350302,2235405.807911165,61.17180531085551,392987.590903313,8307238.19783874,TCP1,P17987,T-complex protein 1 subunit alpha OS=Homo sapiens OX=9606 GN=TCP1 PE=1 SV=1
20.833333333333336,25,559613.6138053086,498896.621848666,286023.0025255338,51.11080135821037,303382.010367609,1782384.30474506,CD44,P16070,CD44 antigen OS=Homo sapiens OX=9606 GN=CD44 PE=1 SV=3
0.0,0,,,,,,,UGT2B15,P54855,UDP-glucuronosyltransferase 2B15 OS=Homo sapiens OX=9606 GN=UGT2B15 PE=1 SV=3
92.5,111,794252.4771242157,748548.005172666,360925.5078363056,45.44216332105431,107787.254246299,1894621.39793873,MAP4,P27816,Microtubule-associated protein 4 OS=Homo sapiens OX=9606 GN=MAP4 PE=1 SV=3
34.166666666666664,41,664250.2390539922,282241.254355856,880969.1697962169,132.62609751572992,98981.8135810578,3169873.68790856,LRG1,P02750,Leucine-rich alpha-2-glycoprotein OS=Homo sapiens OX=9606 GN=LRG1 PE=1 SV=2
100.0,120,1800269.6538787757,1717391.399166605,688489.1351733712,38.24366720229857,501697.552202608,4720260.75825851,RPS12,P25398,Small ribosomal subunit protein eS12 OS=Homo sapiens OX=9606 GN=RPS12 PE=1 SV=3
100.0,120,7502781.614339262,4877131.31227284,7805357.279044127,104.03284648624964,761514.534927774,45247422.1935518,CRABP2,P29373,Cellular retinoic acid-binding protein 2 OS=Homo sapiens OX=9606 GN=CRABP2 PE=1 SV=2
51.66666666666667,62,2724548.461877849,910448.5473363774,7800028.189340853,286.28700492869245,144154.435491071,46252894.0972915,ALDH1A3,P47895,Retinaldehyde dehydrogenase 3 OS=Homo sapiens OX=9606 GN=ALDH1A3 PE=1 SV=2
96.66666666666667,116,1342147.6171436303,1237795.0551661402,608177.7509151011,45.31377496384713,208991.799796751,4305335.145497,RAB11A,P62491,Ras-related protein Rab-11A OS=Homo sapiens OX=9606 GN=RAB11A PE=1 SV=3
100.0,120,5645136.472307819,3248035.24668174,5643051.611088801,99.96306801032631,8602.15718511076,34342167.4457466,EVPL,Q92817,Envoplakin OS=Homo sapiens OX=9606 GN=EVPL PE=1 SV=3
96.66666666666667,116,2213587.4900959576,1689913.497362095,2056222.7593574247,92.89096403721945,152968.234701616,15186161.8499305,TRIM25,Q14258,E3 ubiquitin/ISG15 ligase TRIM25 OS=Homo sapiens OX=9606 GN=TRIM25 PE=1 SV=2
100.0,120,43697715.57207753,35357005.4192937,28647820.563158788,65.55908057917907,7999193.47753519,152285388.609765,NCKAP1,A0A994J6K9,Nck-associated protein 1 OS=Homo sapiens OX=9606 GN=NCKAP1 PE=1 SV=1
99.16666666666667,119,2982899.2661486585,2314784.66044459,2130964.980984617,71.43938801983052,528653.300721363,12430096.7254025,EIF3I,A0A7I2V607,Eukaryotic translation initiation factor 3 subunit I OS=Homo sapiens OX=9606 GN=EIF3I PE=1 SV=1
99.16666666666667,119,4015079.5866986113,3744894.64729928,3188657.8673701664,79.41705260174014,179072.731619336,14329044.5200571,KPNB1,Q14974,Importin subunit beta-1 OS=Homo sapiens OX=9606 GN=KPNB1 PE=1 SV=2
91.66666666666666,110,994496.5616726326,771316.2963090986,754217.1196425348,75.83908770624862,3780.25447259548,4200053.82771355,DNAJC8,O75937,DnaJ homolog subfamily C member 8 OS=Homo sapiens OX=9606 GN=DNAJC8 PE=1 SV=2
60.83333333333333,73,4942647.090093361,4359064.76776673,3979807.185509123,80.51975212808384,135563.90093132,17434433.1161941,NCF4,Q15080,Neutrophil cytosol factor 4 OS=Homo sapiens OX=9606 GN=NCF4 PE=1 SV=2
80.83333333333333,97,964445.0322865376,888026.689268765,502483.7263613378,52.1008154472042,2083.3274537694,2787668.64599081,KTN1,Q86UP2,Kinectin OS=Homo sapiens OX=9606 GN=KTN1 PE=1 SV=1
34.166666666666664,41,429242.29165127,329207.463581671,266839.196892115,62.16516920213062,86640.010854935,1276642.63102205,KHDRBS1,Q07666,"KH domain-containing, RNA-binding, signal transduction-associated protein 1 OS=Homo sapiens OX=9606 GN=KHDRBS1 PE=1 SV=1"
73.33333333333333,88,2092371.442393957,1439479.149407525,2050383.242099684,97.99327215791892,122850.832766481,12822088.0101092,DAZAP1,Q96EP5,DAZ-associated protein 1 OS=Homo sapiens OX=9606 GN=DAZAP1 PE=1 SV=1
52.5,63,5501644.6935072625,4402836.75099309,3713085.357766017,67.4904608461538,468647.870436256,19063347.6173694,TRIM4,Q9C037,E3 ubiquitin-protein ligase TRIM4 OS=Homo sapiens OX=9606 GN=TRIM4 PE=1 SV=2
100.0,120,90034157.27220874,86755351.10672954,21723910.72834034,24.128521204080798,52449527.9080704,155777398.311748,STXBP3,O00186,Syntaxin-binding protein 3 OS=Homo sapiens OX=9606 GN=STXBP3 PE=1 SV=2
89.16666666666667,107,10074925.14616049,10540076.8887271,4405128.818006897,43.72368781008435,271801.480612431,19252796.3651634,PPP1CB,A0A8V8TRH9,Serine/threonine-protein phosphatase OS=Homo sapiens OX=9606 GN=PPP1CB PE=1 SV=1
70.0,84,420025.31780099566,328107.2754838675,304954.1896393103,72.60376380068473,130226.61185149,1747423.86121629,IDH1,O75874,Isocitrate dehydrogenase [NADP] cytoplasmic OS=Homo sapiens OX=9606 GN=IDH1 PE=1 SV=2
39.166666666666664,47,440894.2889379221,349055.504448943,370512.8382357692,84.03666083502782,132038.590791219,2006683.24849689,RAB11FIP1,Q6WKZ4,Rab11 family-interacting protein 1 OS=Homo sapiens OX=9606 GN=RAB11FIP1 PE=1 SV=3
88.33333333333333,106,1386023.033226277,1241781.052524855,852327.8927716446,61.49449701334774,134303.884241187,5165747.96739345,SPN,P16150,Leukosialin OS=Homo sapiens OX=9606 GN=SPN PE=1 SV=1
96.66666666666667,116,21502573.666515272,17002481.369866148,18767405.63637354,87.279810907468,1310901.28663226,164185925.239163,ZWINT,O95229,Outer kinetochore KNL1 complex subunit ZWINT OS=Homo sapiens OX=9606 GN=ZWINT PE=1 SV=2
100.0,120,3473028.3221283,3649575.3414392304,1175534.398530191,33.84753274369539,127907.828189498,6258657.60363725,IGFBP7,Q16270,Insulin-like growth factor-binding protein 7 OS=Homo sapiens OX=9606 GN=IGFBP7 PE=1 SV=1
100.0,120,78991979.18303648,70231532.6487497,36518419.3553389,46.23054104103424,36789570.0251208,310714867.193752,RAB27B,O00194,Ras-related protein Rab-27B OS=Homo sapiens OX=9606 GN=RAB27B PE=1 SV=4
0.0,0,,,,,,,GABRA4,D6R924,Gamma-aminobutyric acid type A receptor subunit alpha4 OS=Homo sapiens OX=9606 GN=GABRA4 PE=4 SV=1
100.0,120,1996482.6958350213,1946549.432814245,484129.6644270407,24.24912900257096,590874.873841765,3609541.75356114,GCA,P28676,Grancalcin OS=Homo sapiens OX=9606 GN=GCA PE=1 SV=2
100.0,120,2407881.0860920995,1988100.6803507102,1866920.4909234964,77.53374955710285,430906.980962671,15960834.6980475,DAAM1,Q9Y4D1,Disheveled-associated activator of morphogenesis 1 OS=Homo sapiens OX=9606 GN=DAAM1 PE=1 SV=2
39.166666666666664,47,560935.0894280912,506272.176170054,182097.57995334323,32.46321782775316,347460.885124482,1182046.84247804,LIPC,P11150,Hepatic triacylglycerol lipase OS=Homo sapiens OX=9606 GN=LIPC PE=1 SV=3
100.0,120,4977536.823772443,4368874.884230984,3118542.4659659457,62.65232335543873,1041576.7538014,17797833.3550958,PDCD4,Q53EL6,Programmed cell death protein 4 OS=Homo sapiens OX=9606 GN=PDCD4 PE=1 SV=2
0.0,0,,,,,,,EIF3I,A0A7I2V5E4,Serine-threonine kinase receptor-associated protein OS=Homo sapiens OX=9606 GN=EIF3I PE=1 SV=1
22.5,27,328639.8469145279,276292.201726548,174418.43540869755,53.072820306558874,110251.146724789,855906.6988149,STAT3,A0A7I2YQR5,Signal transducer and activator of transcription OS=Homo sapiens OX=9606 GN=STAT3 PE=1 SV=1
17.5,21,1043759.5672893416,778432.949912894,590487.0253968632,56.57308865971561,456625.034046909,2721663.85314934,PPP2R1A,C9J9C1,Protein phosphatase 2 scaffold subunit Aalpha OS=Homo sapiens OX=9606 GN=PPP2R1A PE=1 SV=3
100.0,120,102630657.45971635,99399463.3261519,47591091.331202336,46.37122328665034,21993.3859810058,230563897.341199,RNASE1,P07998,Ribonuclease pancreatic OS=Homo sapiens OX=9606 GN=RNASE1 PE=1 SV=4
98.33333333333333,118,2312256.1823210963,2097890.143702,1030152.868355004,44.551848373518574,229384.364531049,5969644.15325535,ALOX12,P18054,Polyunsaturated fatty acid lipoxygenase ALOX12 OS=Homo sapiens OX=9606 GN=ALOX12 PE=1 SV=4
12.5,15,925357.3780013708,675925.906938628,484818.1375914911,52.39252953692588,370792.408127026,2021674.95029371,PDGFA,P04085,Platelet-derived growth factor subunit A OS=Homo sapiens OX=9606 GN=PDGFA PE=1 SV=1
3.3333333333333335,4,900989.0366255668,898543.0974456365,500164.3943051018,55.512816912661314,291347.852038914,1515522.09957208,IGFBP6,P24592,Insulin-like growth factor-binding protein 6 OS=Homo sapiens OX=9606 GN=IGFBP6 PE=1 SV=1
100.0,120,11590934.861862611,11667808.227131449,3733735.644457412,32.2125496256772,1066365.42953043,22926984.7397557,IGLV8-61,A0A075B6I0,Immunoglobulin lambda variable 8-61 OS=Homo sapiens OX=9606 GN=IGLV8-61 PE=1 SV=7
39.166666666666664,47,257579.77198153484,220168.568054996,185155.9254298739,71.88294484675109,4978.0619287336,979815.111854177,NAA16,Q6N069,"N-alpha-acetyltransferase 16, NatA auxiliary subunit OS=Homo sapiens OX=9606 GN=NAA16 PE=1 SV=2"
69.16666666666667,83,6542589.87712997,5798639.11701359,3885582.466936985,59.389057543088256,507193.769264128,19608188.3856438,MYH7B,A7E2Y1,Myosin-7B OS=Homo sapiens OX=9606 GN=MYH7B PE=1 SV=4
100.0,120,4769953.191411406,4649823.955108545,1013448.2096473061,21.24650219780106,3215095.43664211,10431147.7168872,TRIM29,Q14134,Tripartite motif-containing protein 29 OS=Homo sapiens OX=9606 GN=TRIM29 PE=1 SV=2
35.833333333333336,43,272392.8305510579,223695.202441271,198601.1252966286,72.90982104589658,64020.6820487574,896362.257495572,RPS6KA1,Q15418,Ribosomal protein S6 kinase alpha-1 OS=Homo sapiens OX=9606 GN=RPS6KA1 PE=1 SV=2
84.16666666666667,101,1849194.7900182672,1296085.98137739,2235781.7276166906,120.90569039482337,95238.1058661109,15009022.768002,,A0A087WV05,c-Myc-binding protein OS=Homo sapiens OX=9606 PE=3 SV=1
100.0,120,52932167.131344505,44878998.76224975,26409840.284145247,49.8937446082881,18436007.7641716,142881348.377228,PPL,O60437,Periplakin OS=Homo sapiens OX=9606 GN=PPL PE=1 SV=4
0.0,0,,,,,,,EFTUD2,Q15029,116 kDa U5 small nuclear ribonucleoprotein component OS=Homo sapiens OX=9606 GN=EFTUD2 PE=1 SV=1
99.16666666666667,119,2048435.2798287382,1832986.50337775,939986.6733752091,45.888033790054514,165823.844825194,4931423.85043289,GGCT,O75223,Gamma-glutamylcyclotransferase OS=Homo sapiens OX=9606 GN=GGCT PE=1 SV=1
100.0,120,562875130.8717692,560301870.115101,174353093.34958863,30.975447978942366,70734349.6034716,1014204913.32667,SLIT1,O75093,Slit homolog 1 protein OS=Homo sapiens OX=9606 GN=SLIT1 PE=1 SV=4
3.3333333333333335,4,796198.617681695,801976.4291042895,191751.72816097268,24.08340380184274,615438.432972859,965403.179545342,SNRPB,P14678,Small nuclear ribonucleoprotein-associated proteins B and B' OS=Homo sapiens OX=9606 GN=SNRPB PE=1 SV=2
0.0,0,,,,,,,MRPS21,P82921,Small ribosomal subunit protein bS21m OS=Homo sapiens OX=9606 GN=MRPS21 PE=1 SV=3
8.333333333333332,10,712906.4398665105,681270.056653504,305561.0026231036,42.86130486916614,344657.862481089,1300874.00080875,UGT2B7,P16662,UDP-glucuronosyltransferase 2B7 OS=Homo sapiens OX=9606 GN=UGT2B7 PE=1 SV=2
99.16666666666667,119,3918939.3315877905,3999551.41448636,1598186.6000518778,40.78110082414466,355810.36687155,8386781.05751587,ITGAM,P11215,Integrin alpha-M OS=Homo sapiens OX=9606 GN=ITGAM PE=1 SV=2
71.66666666666667,86,3398870.053325423,3048334.569415655,3223962.587461607,94.85395254541467,204025.379914605,17274925.7604938,SH3BP1,Q9Y3L3,SH3 domain-binding protein 1 OS=Homo sapiens OX=9606 GN=SH3BP1 PE=1 SV=3
4.166666666666666,5,2162453.182157096,869265.862550932,3014581.588016939,139.40563490072074,673806.074401671,7553020.93078229,TBC1D10C,Q8IV04,Carabin OS=Homo sapiens OX=9606 GN=TBC1D10C PE=1 SV=1
100.0,120,61027870.92537354,56122026.9898728,26148335.476294603,42.846547126425996,17048106.9842187,163562738.659964,VPS13A,Q96RL7,Intermembrane lipid transfer protein VPS13A OS=Homo sapiens OX=9606 GN=VPS13A PE=1 SV=2
75.0,90,2516553.916580224,2242975.86992619,1440579.5300972292,57.24413534739007,447156.114963712,7190143.94728794,RSF1,Q96T23,Remodeling and spacing factor 1 OS=Homo sapiens OX=9606 GN=RSF1 PE=1 SV=2
100.0,120,529609587.78298455,524064512.14193046,156952475.89896333,29.63550500586424,124459072.322599,969291134.117955,CCDC150,Q8NCX0,Coiled-coil domain-containing protein 150 OS=Homo sapiens OX=9606 GN=CCDC150 PE=1 SV=2
98.33333333333333,118,2056650.3599835197,1930302.10911886,654841.2546908298,31.840183797506405,862219.849561425,6091468.25903337,EPB42,P16452,Protein 4.2 OS=Homo sapiens OX=9606 GN=EPB42 PE=1 SV=3
83.33333333333334,100,3760635.2440345665,2981956.176624915,3183357.0825133324,84.64945084910957,606739.259552086,15219388.4763594,GUCY1A2,P33402,Guanylate cyclase soluble subunit alpha-2 OS=Homo sapiens OX=9606 GN=GUCY1A2 PE=1 SV=1
100.0,120,20527900.157280073,14200572.04864345,14196271.712018508,69.15598577180289,4015275.11456748,59474443.8120452,EIF3D,O15371,Eukaryotic translation initiation factor 3 subunit D OS=Homo sapiens OX=9606 GN=EIF3D PE=1 SV=1
100.0,120,54640966.39754259,48005807.0981099,40807057.663483255,74.6821667951292,15368339.1784361,443681953.440628,MTHFD1,P11586,"C-1-tetrahydrofolate synthase, cytoplasmic OS=Homo sapiens OX=9606 GN=MTHFD1 PE=1 SV=4"
36.666666666666664,44,1358465.3246181563,1224410.848513555,576820.6870710058,42.461200637060145,594860.556883185,2804183.46517191,NACA4P,Q9BZK3,Putative nascent polypeptide-associated complex subunit alpha-like protein OS=Homo sapiens OX=9606 GN=NACA4P PE=5 SV=1
67.5,81,1441443.396348401,1255821.53755545,1077636.6488067051,74.76094111892809,153482.0863593,6186961.93589053,NARS1,O43776,"Asparagine--tRNA ligase, cytoplasmic OS=Homo sapiens OX=9606 GN=NARS1 PE=1 SV=1"
63.33333333333333,76,288661.9866544887,205187.509698255,262003.84087049583,90.76492679449993,78405.8865521663,2007548.36163668,CBL,P22681,E3 ubiquitin-protein ligase CBL OS=Homo sapiens OX=9606 GN=CBL PE=1 SV=2
0.0,0,,,,,,,TMBIM1,Q969X1,Protein lifeguard 3 OS=Homo sapiens OX=9606 GN=TMBIM1 PE=1 SV=2
59.166666666666664,71,938852.2826996355,731175.543320213,854584.7040139382,91.02440498484076,82057.9693707744,4102969.19598436,PTPN1,P18031,Tyrosine-protein phosphatase non-receptor type 1 OS=Homo sapiens OX=9606 GN=PTPN1 PE=1 SV=1
96.66666666666667,116,3439043.3499532887,2546143.154360875,3651855.5301234983,106.1881214778261,257439.172577303,26972620.6164479,TESK1,Q15569,Dual specificity testis-specific protein kinase 1 OS=Homo sapiens OX=9606 GN=TESK1 PE=1 SV=2
77.5,93,775143.9425370885,706947.232996204,526251.6335122485,67.89082706236445,87210.7254767992,3317664.03279098,RPS3A,P61247,Small ribosomal subunit protein eS1 OS=Homo sapiens OX=9606 GN=RPS3A PE=1 SV=2
15.833333333333332,19,1378398.875762396,887095.488293313,1326593.304095734,96.24161245502988,299571.201710398,5076299.74772461,RHAG,A0A2R8YEH1,Ammonium transporter Rh type A OS=Homo sapiens OX=9606 GN=RHAG PE=1 SV=1
93.33333333333333,112,3742914.1601628787,3740334.96380004,1048732.8185656068,28.01915228854646,1477891.15093924,7626000.52106216,USP8,H0YNL5,Ubiquitin specific peptidase 8 (Fragment) OS=Homo sapiens OX=9606 GN=USP8 PE=1 SV=1
99.16666666666667,119,5542729.6543266615,4485539.72247486,3984533.299364001,71.88756349055684,1064985.99918617,22493547.2834537,EIF3H,O15372,Eukaryotic translation initiation factor 3 subunit H OS=Homo sapiens OX=9606 GN=EIF3H PE=1 SV=1
98.33333333333333,118,3463582.88055786,3421022.53132894,1280458.1745775691,36.96917956735405,828111.040517007,7010517.21735422,DSC3,Q14574,Desmocollin-3 OS=Homo sapiens OX=9606 GN=DSC3 PE=1 SV=3
100.0,120,41261096.14847915,38755065.21172275,10630583.227580221,25.764180353633325,24069440.3644514,83602141.6349761,TGM1,P22735,Protein-glutamine gamma-glutamyltransferase K OS=Homo sapiens OX=9606 GN=TGM1 PE=1 SV=4
84.16666666666667,101,1903077.1634234788,1819976.35105461,712577.2607305567,37.44342449302944,763672.879375271,4300703.92133057,ADAMTSL4,Q6UY14,ADAMTS-like protein 4 OS=Homo sapiens OX=9606 GN=ADAMTSL4 PE=1 SV=2
67.5,81,434032.7679217033,310352.913872967,447693.5578181432,103.14740980545143,57167.9507925835,3068767.40444204,RARS1,P54136,"Arginine--tRNA ligase, cytoplasmic OS=Homo sapiens OX=9606 GN=RARS1 PE=1 SV=2"
20.0,24,5392345.091060893,906166.4081020961,9081869.902829539,168.4215262462508,400608.833485204,30766202.1544378,PIP4K2C,Q8TBX8,Phosphatidylinositol 5-phosphate 4-kinase type-2 gamma OS=Homo sapiens OX=9606 GN=PIP4K2C PE=1 SV=3
14.166666666666666,17,1551711.35380319,1054481.45641226,2077181.7850838252,133.86392900926617,437342.69484119,9481375.59924857,SNRPD3,P62318,Small nuclear ribonucleoprotein Sm D3 OS=Homo sapiens OX=9606 GN=SNRPD3 PE=1 SV=1
8.333333333333332,10,579726.3127236331,462873.467083272,322250.3714814701,55.58663879986644,238336.167366025,1267728.86774507,SRP14,P37108,Signal recognition particle 14 kDa protein OS=Homo sapiens OX=9606 GN=SRP14 PE=1 SV=2
0.0,0,,,,,,,MYO18B,Q8IUG5,Unconventional myosin-XVIIIb OS=Homo sapiens OX=9606 GN=MYO18B PE=1 SV=2
45.83333333333333,55,482461.7979228698,431358.186233658,303783.00813227805,62.965194226806574,117441.229786184,1680147.57448175,PIP,P12273,Prolactin-inducible protein OS=Homo sapiens OX=9606 GN=PIP PE=1 SV=1
0.8333333333333334,1,4862935.00213167,4862935.00213167,,,4862935.00213167,4862935.00213167,DMBT1,A0A590UJZ9,Scavenger receptor cysteine-rich domain-containing protein DMBT1 OS=Homo sapiens OX=9606 GN=DMBT1 PE=1 SV=1
24.166666666666668,29,1548790.7175978268,1569763.88350034,694358.4834351364,44.83229887328392,516321.949618877,3064451.47068968,MYL3,P08590,Myosin light chain 3 OS=Homo sapiens OX=9606 GN=MYL3 PE=1 SV=3
97.5,117,7359781.525025329,6074336.01198529,4415299.395275532,59.99226173035533,2026189.54930346,26160139.2444551,LIPC,E7EUK6,Hepatic triacylglycerol lipase OS=Homo sapiens OX=9606 GN=LIPC PE=1 SV=1
90.0,108,6900606.981014911,5535318.2019186,5282899.372559801,76.55702443414356,207093.517523341,30673088.7911396,LCP1,P13796,Plastin-2 OS=Homo sapiens OX=9606 GN=LCP1 PE=1 SV=6
45.0,54,344365.15731508686,277183.6728613685,215773.6374405644,62.658382492261275,46154.5641910553,899363.431656766,MBP,P02686,Myelin basic protein OS=Homo sapiens OX=9606 GN=MBP PE=1 SV=3
21.666666666666668,26,657912.1185248846,539542.044296046,369411.48709043505,56.14906257065131,225058.62028305,1370259.9179076,MGLL,Q99685,Monoglyceride lipase OS=Homo sapiens OX=9606 GN=MGLL PE=1 SV=2
11.666666666666666,14,1834659.6427180786,1862818.7455497799,1161311.995113128,63.29849788337989,145974.756428522,4371257.97344292,IGKV1-9,A0A0C4DH69,Immunoglobulin kappa variable 1-9 OS=Homo sapiens OX=9606 GN=IGKV1-9 PE=1 SV=1
98.33333333333333,118,13922880.532373784,13581338.7284038,4374216.656412269,31.417468865305892,1459437.71233803,31220929.1052527,EIF4B,P23588,Eukaryotic translation initiation factor 4B OS=Homo sapiens OX=9606 GN=EIF4B PE=1 SV=2
5.0,6,466866.46549640433,193128.9328830595,727787.006521342,155.88761676157424,61244.8881917258,1938425.0354715,HSPE1,P61604,"10 kDa heat shock protein, mitochondrial OS=Homo sapiens OX=9606 GN=HSPE1 PE=1 SV=2"
18.333333333333332,22,881016.3904703493,747921.8995137054,412850.7078041556,46.86072952442422,347989.610438685,1658192.19382271,CLC,Q05315,Galectin-10 OS=Homo sapiens OX=9606 GN=CLC PE=1 SV=3
81.66666666666667,98,460401.73674522893,381084.409793106,340339.9899946668,73.92239490682017,59246.0506336799,2182446.66221618,NEK7,Q8TDX7,Serine/threonine-protein kinase Nek7 OS=Homo sapiens OX=9606 GN=NEK7 PE=1 SV=1
100.0,120,26024327.7687793,21489336.1912313,18183365.41486322,69.87064402361749,8640575.86538767,159362764.133849,TNNT3,P45378,"Troponin T, fast skeletal muscle OS=Homo sapiens OX=9606 GN=TNNT3 PE=1 SV=3"
48.333333333333336,58,2849375.914797769,2623987.08579128,1480309.0365460296,51.95204426549288,732922.187230289,8590359.10590159,MOB2,Q70IA6,MOB kinase activator 2 OS=Homo sapiens OX=9606 GN=MOB2 PE=1 SV=1
28.333333333333332,34,583043.705314223,544023.911572888,214109.4993378783,36.72271862063704,269563.459469303,1241060.02410883,PTP4A1,Q93096,Protein tyrosine phosphatase type IVA 1 OS=Homo sapiens OX=9606 GN=PTP4A1 PE=1 SV=2
99.16666666666667,119,1234932.5287072042,1069404.80368365,582478.3886031216,47.16681883931686,110485.438009891,2710754.83952353,SNRPC,A0A0A0MRR7,U1 small nuclear ribonucleoprotein C OS=Homo sapiens OX=9606 GN=SNRPC PE=1 SV=1
9.166666666666666,11,503372.13464155607,479610.627511005,251140.019310598,49.89152200278848,158115.885758429,1140629.58888242,RPL18,Q07020,Large ribosomal subunit protein eL18 OS=Homo sapiens OX=9606 GN=RPL18 PE=1 SV=2
75.0,90,390024.24513425684,306872.9211444625,300451.52181748924,77.03406277065308,76252.8253996527,1941489.9084747,GPX3,P22352,Glutathione peroxidase 3 OS=Homo sapiens OX=9606 GN=GPX3 PE=1 SV=2
100.0,120,2150010.3262084066,1700387.7410067548,1825858.7307034414,84.92325401633703,667754.348075477,13917175.5149043,VAPA,Q9P0L0,Vesicle-associated membrane protein-associated protein A OS=Homo sapiens OX=9606 GN=VAPA PE=1 SV=3
100.0,120,4646456.526356741,4485487.080402395,1280122.9864274382,27.550521115736665,1646441.98115923,9000335.09415645,IDE,P14735,Insulin-degrading enzyme OS=Homo sapiens OX=9606 GN=IDE PE=1 SV=4
69.16666666666667,83,2183518.512502788,2293678.8979856,1433149.822360551,65.63488306393377,108134.318842569,4698738.42562596,NUCKS1,Q9H1E3,Nuclear ubiquitous casein and cyclin-dependent kinase substrate 1 OS=Homo sapiens OX=9606 GN=NUCKS1 PE=1 SV=1
19.166666666666668,23,714800.467920045,603440.271975862,359209.7891780231,50.25315529287021,410138.275608597,1901876.75121599,ACTR2,P61160,Actin-related protein 2 OS=Homo sapiens OX=9606 GN=ACTR2 PE=1 SV=1
60.83333333333333,73,1067308.386207363,961061.637359433,578276.0021754658,54.18077939313736,236647.426896742,3032386.76840922,GNL3,Q9BVP2,Guanine nucleotide-binding protein-like 3 OS=Homo sapiens OX=9606 GN=GNL3 PE=1 SV=2
21.666666666666668,26,574071.128571923,458998.289179359,345643.82815669477,60.20923383075003,141503.950066352,1424719.73367391,PSMC2,P35998,26S proteasome regulatory subunit 7 OS=Homo sapiens OX=9606 GN=PSMC2 PE=1 SV=3
0.8333333333333334,1,568897.516449347,568897.516449347,,,568897.516449347,568897.516449347,PTTG1IP,P53801,Pituitary tumor-transforming gene 1 protein-interacting protein OS=Homo sapiens OX=9606 GN=PTTG1IP PE=1 SV=1
98.33333333333333,118,2198907.7335417187,1782943.017297525,1378787.615135186,62.70329555458025,433601.058233294,9254667.61211294,FEN1,P39748,Flap endonuclease 1 OS=Homo sapiens OX=9606 GN=FEN1 PE=1 SV=1
100.0,120,105048832.44895805,103993185.0254405,29599563.613302086,28.176956300474977,29139762.858502,172808488.80396,CKM,P06732,Creatine kinase M-type OS=Homo sapiens OX=9606 GN=CKM PE=1 SV=2
25.0,30,259195.7660423139,203275.34245263,148966.65502045144,57.47264212492288,114831.680144422,722971.885612413,GSPT1,P15170,Eukaryotic peptide chain release factor GTP-binding subunit ERF3A OS=Homo sapiens OX=9606 GN=GSPT1 PE=1 SV=1
100.0,120,25796019.527793303,24534346.899922498,8520444.229272291,33.030073574305305,1406303.50482452,66580753.3350258,GSTO1,P78417,Glutathione S-transferase omega-1 OS=Homo sapiens OX=9606 GN=GSTO1 PE=1 SV=2
79.16666666666666,95,835052.3230007547,507733.522654851,767326.915632397,91.88968098130823,181358.089322127,3732506.10891521,EIF4A1,P60842,Eukaryotic initiation factor 4A-I OS=Homo sapiens OX=9606 GN=EIF4A1 PE=1 SV=1
55.00000000000001,66,887664.6684493845,734467.650686464,854056.2474848473,96.2138381576856,14375.3515625,5858300.19036086,RGS6,P49758,Regulator of G-protein signaling 6 OS=Homo sapiens OX=9606 GN=RGS6 PE=1 SV=5
100.0,120,16335362.47040809,15128379.7406479,5909025.6114053475,36.1732139223093,4131823.67277871,45132815.6352462,UGT1A4,P22310,UDP-glucuronosyltransferase 1A4 OS=Homo sapiens OX=9606 GN=UGT1A4 PE=1 SV=1
75.0,90,2516553.916580224,2242975.86992619,1440579.5300972292,57.24413534739007,447156.114963712,7190143.94728794,NEBL,O76041,Nebulette OS=Homo sapiens OX=9606 GN=NEBL PE=1 SV=1
0.0,0,,,,,,,IGSF5,Q9NSI5,Immunoglobulin superfamily member 5 OS=Homo sapiens OX=9606 GN=IGSF5 PE=1 SV=2
24.166666666666668,29,453955.36403535795,370546.781372733,263779.1199822422,58.10684064561396,243481.699560587,1197727.97767439,RANBP1,F6WQW2,RAN binding protein 1 OS=Homo sapiens OX=9606 GN=RANBP1 PE=1 SV=1
98.33333333333333,118,15399129.532102352,14831980.3020637,5871123.913178701,38.12633630322578,5656344.33169119,44964514.8423763,HMGA1,P17096,High mobility group protein HMG-I/HMG-Y OS=Homo sapiens OX=9606 GN=HMGA1 PE=1 SV=3
100.0,120,238917000.4000832,245287893.06938648,67961315.77712154,28.445575519245413,64430099.6711918,394275401.56227,DEK,P35659,Protein DEK OS=Homo sapiens OX=9606 GN=DEK PE=1 SV=1
100.0,120,19447275.333066512,19102797.43184625,7002462.189324858,36.0074204195508,5921864.57821195,39545434.3308977,DAB2,P98082,Disabled homolog 2 OS=Homo sapiens OX=9606 GN=DAB2 PE=1 SV=3
77.5,93,785603.2874625709,687721.185309081,533015.9480375429,67.84797830456351,137836.671664747,3624579.74965644,RPL6,Q02878,Large ribosomal subunit protein eL6 OS=Homo sapiens OX=9606 GN=RPL6 PE=1 SV=3
95.0,114,1245680.3805917182,1235019.001812195,625690.6860186657,50.228830426104366,134773.417757518,3335114.31966175,AMPD3,Q01432,AMP deaminase 3 OS=Homo sapiens OX=9606 GN=AMPD3 PE=1 SV=1
100.0,120,95406785.52061516,88893356.73022264,37989085.740409285,39.818012453842435,32915724.0760398,222562270.346472,IFI6,P09912,Interferon alpha-inducible protein 6 OS=Homo sapiens OX=9606 GN=IFI6 PE=1 SV=2
100.0,120,49722417.62828932,46174961.4434822,26677552.194881424,53.65296674493029,6057718.32743858,129881493.749527,FAM98A,Q8NCA5,Protein FAM98A OS=Homo sapiens OX=9606 GN=FAM98A PE=1 SV=2
100.0,120,270530310.71538407,265666576.4832365,81325636.51986386,30.061561791286245,115949526.560724,517043140.228527,IGHV2-70D,A0A0C4DH43,Immunoglobulin heavy variable 2-70D OS=Homo sapiens OX=9606 GN=IGHV2-70D PE=1 SV=1
0.0,0,,,,,,,IGKV1D-13,A0A0B4J2D9,Immunoglobulin kappa variable 1D-13 OS=Homo sapiens OX=9606 GN=IGKV1D-13 PE=3 SV=1
55.00000000000001,66,1015278.1347387857,816356.615970368,699932.6305678533,68.93998862173217,167361.688890115,3686215.48867983,S100A4,P26447,Protein S100-A4 OS=Homo sapiens OX=9606 GN=S100A4 PE=1 SV=1
98.33333333333333,118,4321641.808905622,3775767.57126148,2177508.8800115315,50.38614897524204,1079969.5296879,12641834.5553904,RTRAF,Q9Y224,"RNA transcription, translation and transport factor protein OS=Homo sapiens OX=9606 GN=RTRAF PE=1 SV=1"
100.0,120,99583775.05246028,77078170.16348734,65614336.94341579,65.88858165785587,25051494.002109,457060576.342222,SIGLEC16,A6NMB1,Sialic acid-binding Ig-like lectin 16 OS=Homo sapiens OX=9606 GN=SIGLEC16 PE=2 SV=3
10.0,12,657054.0817710721,625804.3220655851,242682.505555768,36.93493614735999,382212.58800517,1274726.32711069,TMEM212,A6NML5,Transmembrane protein 212 OS=Homo sapiens OX=9606 GN=TMEM212 PE=2 SV=2
5.833333333333333,7,646290.3185794335,669458.510148775,355202.0183151156,54.96013294704164,230303.197517377,1098173.68402038,RALY,Q9UKM9,RNA-binding protein Raly OS=Homo sapiens OX=9606 GN=RALY PE=1 SV=1
6.666666666666667,8,542179.8927461393,499412.0599729635,103838.61296803337,19.152059004270917,464598.568334942,772970.7870841,ANXA11,P50995,Annexin A11 OS=Homo sapiens OX=9606 GN=ANXA11 PE=1 SV=1
100.0,120,10979318.653384967,11037163.26108055,3230301.1958873384,29.421690888727635,1762478.23047696,19302575.6213844,PSMD2,Q13200,26S proteasome non-ATPase regulatory subunit 2 OS=Homo sapiens OX=9606 GN=PSMD2 PE=1 SV=3
73.33333333333333,88,627017.3781778034,540321.594403298,414656.08119669964,66.1315133564154,211256.74092163,3030698.96354908,SPP2,Q13103,Secreted phosphoprotein 24 OS=Homo sapiens OX=9606 GN=SPP2 PE=1 SV=1
1.6666666666666667,2,442845.62739010196,442845.62739010196,419744.9928552284,94.78359204515206,146041.096573071,739650.158207133,TTN,C9JQJ2,Titin OS=Homo sapiens OX=9606 GN=TTN PE=1 SV=10
0.0,0,,,,,,,PGAM2,P15259,Phosphoglycerate mutase 2 OS=Homo sapiens OX=9606 GN=PGAM2 PE=1 SV=3
5.833333333333333,7,3964288.1535394867,4770538.64074264,1895192.6798840035,47.806632779504035,677279.318490426,6152369.26684779,PPP2R5D,H0Y8C4,Protein phosphatase 2 regulatory subunit B'delta (Fragment) OS=Homo sapiens OX=9606 GN=PPP2R5D PE=1 SV=1
0.0,0,,,,,,,GNB1,P62873,Guanine nucleotide-binding protein G(I)/G(S)/G(T) subunit beta-1 OS=Homo sapiens OX=9606 GN=GNB1 PE=1 SV=3
75.83333333333333,91,330180.48877755937,265534.049963451,261641.73283527116,79.24203329032493,116592.973346483,1729808.73774684,LUM,P51884,Lumican OS=Homo sapiens OX=9606 GN=LUM PE=1 SV=2
100.0,120,17345016.073328767,16310482.658111,7588129.427198443,43.7481833116697,984593.912266478,49795745.1905862,VCP,P55072,Transitional endoplasmic reticulum ATPase OS=Homo sapiens OX=9606 GN=VCP PE=1 SV=4
99.16666666666667,119,13145029.796492124,13129533.9917035,3484693.9490795224,26.509593382659702,3240682.69994725,24492810.3273548,CYB5R1,Q9UHQ9,NADH-cytochrome b5 reductase 1 OS=Homo sapiens OX=9606 GN=CYB5R1 PE=1 SV=1
0.8333333333333334,1,4492473.0377333,4492473.0377333,,,4492473.0377333,4492473.0377333,SCGB2A1,O75556,Mammaglobin-B OS=Homo sapiens OX=9606 GN=SCGB2A1 PE=1 SV=1
38.333333333333336,46,539130.5189557455,444371.202333508,466966.8074945474,86.6147975445772,119668.659502702,3037608.52348123,TGM3,Q08188,Protein-glutamine gamma-glutamyltransferase E OS=Homo sapiens OX=9606 GN=TGM3 PE=1 SV=4
98.33333333333333,118,3728208.1897318047,3184546.315623155,2434801.8679903354,65.30756181203195,163848.76799915,12156772.4287907,SLC16A3,O15427,Monocarboxylate transporter 4 OS=Homo sapiens OX=9606 GN=SLC16A3 PE=1 SV=1
61.66666666666667,74,3162477.6176464413,2646139.02730863,2608531.922911772,82.48380663174707,23179.4431011628,11257910.6078069,CAST,P20810,Calpastatin OS=Homo sapiens OX=9606 GN=CAST PE=1 SV=4
100.0,120,4686393.626061667,4594944.283245539,2114207.912792955,45.113750177440494,1023175.53688235,11501657.0062242,PROSER2,Q86WR7,Proline and serine-rich protein 2 OS=Homo sapiens OX=9606 GN=PROSER2 PE=1 SV=2
100.0,120,274224441.17491114,272115883.6653005,84463892.9979191,30.801008340480017,72685954.3828027,485386455.875213,MTHFD1,A0A8V8TKS0,"C-1-tetrahydrofolate synthase, cytoplasmic OS=Homo sapiens OX=9606 GN=MTHFD1 PE=1 SV=1"
100.0,120,1950040423.6635787,1875138742.90487,474362341.49760276,24.325769647708587,1033367872.0,3198131406.86003,FAM83H,A0A494C1T9,Family with sequence similarity 83 member H OS=Homo sapiens OX=9606 GN=FAM83H PE=1 SV=1
3.3333333333333335,4,2363827.580994847,2141214.86085473,1823347.9351775618,77.13540318410966,568296.710943158,4604583.89132677,SPTBN4,Q9H254,"Spectrin beta chain, non-erythrocytic 4 OS=Homo sapiens OX=9606 GN=SPTBN4 PE=1 SV=2"
100.0,120,7213067.017149162,5742953.364727935,6156751.107274047,85.35552342209341,891833.329223122,45359782.5139143,CLTC,Q00610,Clathrin heavy chain 1 OS=Homo sapiens OX=9606 GN=CLTC PE=1 SV=5
37.5,45,366026.3454048008,311994.902458649,257652.39285245613,70.39176170980527,126167.191507169,1782265.46636514,ADH1B,P00325,All-trans-retinol dehydrogenase [NAD(+)] ADH1B OS=Homo sapiens OX=9606 GN=ADH1B PE=1 SV=3
98.33333333333333,118,1904301.4417187471,1474600.4656766849,1378070.513817067,72.36619600378368,349410.068206657,8159898.10042762,GIMAP4,G5E9W9,"GTPase, IMAP family member 4 OS=Homo sapiens OX=9606 GN=GIMAP4 PE=1 SV=1"
0.0,0,,,,,,,RPL24,P83731,Large ribosomal subunit protein eL24 OS=Homo sapiens OX=9606 GN=RPL24 PE=1 SV=1
24.166666666666668,29,509586.5530207522,427535.218807977,296189.87175721064,58.12356507475359,204576.763009719,1625331.33564298,EPPK1,P58107,Epiplakin OS=Homo sapiens OX=9606 GN=EPPK1 PE=1 SV=3
84.16666666666667,101,2166064.4680934534,2122154.92909722,915122.9329096631,42.248185425207794,492974.321342846,4770142.72323976,CCDC138,Q96M89,Coiled-coil domain-containing protein 138 OS=Homo sapiens OX=9606 GN=CCDC138 PE=1 SV=1
26.666666666666668,32,338964.7399492496,280487.953527809,281645.5703125414,83.08993152347051,32986.4044169051,1307683.10177275,LSM14A,Q8ND56,Protein LSM14 homolog A OS=Homo sapiens OX=9606 GN=LSM14A PE=1 SV=3
44.166666666666664,53,1416330.963773009,914441.150939162,1362377.361988632,96.19060776298724,417909.793529723,8988416.68275728,RAB11FIP5,A0A1B0GTL5,RAB11 family interacting protein 5 OS=Homo sapiens OX=9606 GN=RAB11FIP5 PE=1 SV=1
0.0,0,,,,,,,CORO1B,F5H390,Coronin OS=Homo sapiens OX=9606 GN=CORO1B PE=1 SV=1
14.166666666666666,17,621338.7765729043,478129.065842474,382604.0250382409,61.57736157214523,231925.358953529,1437825.76362301,TC2N,Q8N9U0,Tandem C2 domains nuclear protein OS=Homo sapiens OX=9606 GN=TC2N PE=1 SV=2
100.0,120,20879399.993019946,17322191.987428397,13753650.425489344,65.87186619389081,4679178.75416541,94550748.052358,CCT2,F5GWF6,T-complex protein 1 subunit beta OS=Homo sapiens OX=9606 GN=CCT2 PE=1 SV=2
55.00000000000001,66,1585869.626924065,1451994.174647,1055402.0441944655,66.55036620138262,54961.2211150906,4805434.60788607,BCL2L2-PABPN1,A0A7I2V383,BCL2L2-PABPN1 readthrough OS=Homo sapiens OX=9606 GN=BCL2L2-PABPN1 PE=1 SV=1
45.83333333333333,55,1307127.462175174,1207029.14532169,969587.2496949711,74.17694737141346,319633.608026959,4976547.45653791,HYPK,Q9NX55,Huntingtin-interacting protein K OS=Homo sapiens OX=9606 GN=HYPK PE=1 SV=3
79.16666666666666,95,1277467.5717902142,1061097.3142146,827020.1956117814,64.73903634616839,258503.513683697,4623159.05182652,KHSRP,M0R0C6,KH-type splicing regulatory protein OS=Homo sapiens OX=9606 GN=KHSRP PE=1 SV=2
0.0,0,,,,,,,SARG,Q9BW04,Specifically androgen-regulated gene protein OS=Homo sapiens OX=9606 GN=SARG PE=1 SV=2
100.0,120,34557309.455309786,32478361.39866645,9740936.941849705,28.18777588702871,17359471.394456,78884598.9651846,PYGB,P11216,"Glycogen phosphorylase, brain form OS=Homo sapiens OX=9606 GN=PYGB PE=1 SV=5"
89.16666666666667,107,705103.3162483944,444065.638259037,915475.6552727518,129.83567573383067,2949.61334484506,7710876.3302013,RIPOR2,A0A2R8YF77,Rho family-interacting cell polarization regulator 2 OS=Homo sapiens OX=9606 GN=RIPOR2 PE=1 SV=1
34.166666666666664,41,478708.5885936904,393646.185624917,617498.1709210086,128.99249890941843,94273.5873145249,4102346.54068887,LCN2,X6R8F3,Lipocalin 2 OS=Homo sapiens OX=9606 GN=LCN2 PE=1 SV=1
0.0,0,,,,,,,PTGDS,P41222,Prostaglandin-H2 D-isomerase OS=Homo sapiens OX=9606 GN=PTGDS PE=1 SV=1
66.66666666666666,80,328488.25403036445,245704.334021032,220729.72170785547,67.19562084781634,93158.4922931684,1139402.15627092,CD248,Q9HCU0,Endosialin OS=Homo sapiens OX=9606 GN=CD248 PE=1 SV=1
3.3333333333333335,4,1146438.164404843,908880.1054288065,769733.7829894094,67.14132579396515,569949.732294169,2198042.71446759,RPLP2,P05387,Large ribosomal subunit protein P2 OS=Homo sapiens OX=9606 GN=RPLP2 PE=1 SV=1
100.0,120,11811053.219013045,11736783.67538315,4167512.303275675,35.28484908159546,3096885.3919672,23754339.8670195,RPS4X,P62701,"Small ribosomal subunit protein eS4, X isoform OS=Homo sapiens OX=9606 GN=RPS4X PE=1 SV=2"
0.0,0,,,,,,,TERF1,E7EWM7,Telomeric repeat-binding factor OS=Homo sapiens OX=9606 GN=TERF1 PE=1 SV=2
96.66666666666667,116,119578860.78442124,99135209.65179196,85111011.9575929,71.17563371926788,836166.643346249,517276482.280992,FANCE,Q9HB96,Fanconi anemia group E protein OS=Homo sapiens OX=9606 GN=FANCE PE=1 SV=1
9.166666666666666,11,1460168.2101663316,1371676.1357376,750852.3780333711,51.42232057961592,397665.345288657,3015172.22712789,PPP1R9B,Q96SB3,Neurabin-2 OS=Homo sapiens OX=9606 GN=PPP1R9B PE=1 SV=3
72.5,87,4446010.975737132,3739672.79168402,4242601.608204985,95.42490181328392,109631.028580389,17179944.835544,RPL23A,P62750,Large ribosomal subunit protein uL23 OS=Homo sapiens OX=9606 GN=RPL23A PE=1 SV=1
49.166666666666664,59,659223.5971306522,472282.798607014,591534.6029048453,89.7320128526298,39962.5696005416,2758312.07987442,CCT8,P50990,T-complex protein 1 subunit theta OS=Homo sapiens OX=9606 GN=CCT8 PE=1 SV=4
0.8333333333333334,1,666825.014238506,666825.014238506,,,666825.014238506,666825.014238506,MTARC1,A0A8Q3SHG3,Mitochondrial amidoxime reducing component 1 OS=Homo sapiens OX=9606 GN=MTARC1 PE=1 SV=1
20.0,24,254303.5585525945,238380.0077612785,138176.56136759982,54.33528423827481,107979.858655549,756033.630902367,ZC3H15,Q8WU90,Zinc finger CCCH domain-containing protein 15 OS=Homo sapiens OX=9606 GN=ZC3H15 PE=1 SV=1
98.33333333333333,118,4830394.636900914,4247185.05093142,2751581.182462541,56.96390024621055,3118.33658636128,13350712.4835685,F9,P00740,Coagulation factor IX OS=Homo sapiens OX=9606 GN=F9 PE=1 SV=2
0.0,0,,,,,,,DLGAP4,Q9Y2H0,Disks large-associated protein 4 OS=Homo sapiens OX=9606 GN=DLGAP4 PE=1 SV=3
50.0,60,833425.8118058868,498027.77815432753,833329.837442858,99.98848435437573,159616.88454672,4060263.60813404,LGALSL,Q3ZCW2,Galectin-related protein OS=Homo sapiens OX=9606 GN=LGALSL PE=1 SV=2
43.333333333333336,52,882722.300406208,792024.598807147,452739.54659402795,51.28901200136078,382544.577132508,3135812.49107459,RNH1,P13489,Ribonuclease inhibitor OS=Homo sapiens OX=9606 GN=RNH1 PE=1 SV=2
55.00000000000001,66,3471705.935889485,3171850.6341426848,2152731.3290977464,62.007882258789174,126296.477453789,10442173.8244403,GSDMA,Q96QA5,Gasdermin-A OS=Homo sapiens OX=9606 GN=GSDMA PE=1 SV=4
0.0,0,,,,,,,CFAP44,Q96MT7,Cilia- and flagella-associated protein 44 OS=Homo sapiens OX=9606 GN=CFAP44 PE=1 SV=2
95.0,114,23580471.09453326,19123178.1754464,15638457.691603301,66.31953038134517,157158.27705458,78281942.0295533,ACTR3,P61158,Actin-related protein 3 OS=Homo sapiens OX=9606 GN=ACTR3 PE=1 SV=3
99.16666666666667,119,17302045.16922166,14189362.1441291,11393384.926378837,65.84993169851593,5360.87159116679,78645299.5566823,PYGL,E9PK47,"Alpha-1,4 glucan phosphorylase OS=Homo sapiens OX=9606 GN=PYGL PE=1 SV=1"
4.166666666666666,5,651747.9850379347,558210.768897371,235524.94048531458,36.13742518461426,451943.208760784,1049849.63795799,ASPRV1,Q53RT3,Retroviral-like aspartic protease 1 OS=Homo sapiens OX=9606 GN=ASPRV1 PE=1 SV=1
5.0,6,797032.6839247382,591268.7480955746,625368.3040354515,78.46206518859688,299528.628700187,2007571.97774502,KLK7,P49862,Kallikrein-7 OS=Homo sapiens OX=9606 GN=KLK7 PE=1 SV=1
100.0,120,13878838.307821194,13456808.87924715,4685059.954018814,33.756859544783545,4508071.38348812,29637874.0789087,PLEC,Q15149,Plectin OS=Homo sapiens OX=9606 GN=PLEC PE=1 SV=3
100.0,120,3365801.251270679,2634109.1821472,2349481.6990586855,69.80452865931088,675473.394043682,13777726.8995594,UMOD,X6RBG4,Uromodulin OS=Homo sapiens OX=9606 GN=UMOD PE=1 SV=1
100.0,120,28423561.627047,22974126.8891209,17343738.98591804,61.01888008789956,7787165.19996239,103907835.829082,IGLV2-14,P01704,Immunoglobulin lambda variable 2-14 OS=Homo sapiens OX=9606 GN=IGLV2-14 PE=1 SV=2
0.0,0,,,,,,,ANKLE2,Q86XL3,Ankyrin repeat and LEM domain-containing protein 2 OS=Homo sapiens OX=9606 GN=ANKLE2 PE=1 SV=4
100.0,120,7010472.215425509,6435700.6449668,3202191.0556326364,45.67725193442302,1969933.84795694,20320937.1435781,ERN1,A0A7P0TAB0,non-specific serine/threonine protein kinase OS=Homo sapiens OX=9606 GN=ERN1 PE=1 SV=1
20.0,24,1409788.5052154388,1174152.29467673,832642.6607268963,59.06152998457416,640746.579663749,4051854.05580853,SCP2D1-AS1,Q9BR46,Putative uncharacterized protein SCP2D1-AS1 OS=Homo sapiens OX=9606 GN=SCP2D1-AS1 PE=5 SV=1
0.8333333333333334,1,540373.265258397,540373.265258397,,,540373.265258397,540373.265258397,HLA-B,A0A140T997,"Major histocompatibility complex, class I, B (Fragment) OS=Homo sapiens OX=9606 GN=HLA-B PE=1 SV=1"
50.83333333333333,61,825663.6643370346,767587.944672264,421852.22437147296,51.092502018990814,181395.898758679,2589713.24200265,EIF3L,B0QY89,Eukaryotic translation initiation factor 3 subunit L OS=Homo sapiens OX=9606 GN=EIF3L PE=1 SV=1
31.666666666666664,38,319660.8891197432,257045.9898469355,177818.81906715478,55.62733043658176,143252.173727775,935051.640521064,SNRPD1,P62314,Small nuclear ribonucleoprotein Sm D1 OS=Homo sapiens OX=9606 GN=SNRPD1 PE=1 SV=1
46.666666666666664,56,465742.39650932647,433346.431503769,301318.70975499414,64.69643133486136,127397.954793773,1787752.78772485,MYO1G,B0I1T2,Unconventional myosin-Ig OS=Homo sapiens OX=9606 GN=MYO1G PE=1 SV=2
4.166666666666666,5,1657452.1605732087,1824916.17778778,639109.8779748552,38.55977826556558,564492.324697944,2214861.32999941,IGFALS,P35858,Insulin-like growth factor-binding protein complex acid labile subunit OS=Homo sapiens OX=9606 GN=IGFALS PE=1 SV=1
0.0,0,,,,,,,ALDOC,P09972,Fructose-bisphosphate aldolase C OS=Homo sapiens OX=9606 GN=ALDOC PE=1 SV=2
15.0,18,569950.6567107106,506524.2152476055,294747.9451625978,51.714642608474584,205227.641647767,1200849.26657476,GMFG,O60234,Glia maturation factor gamma OS=Homo sapiens OX=9606 GN=GMFG PE=1 SV=1
96.66666666666667,116,1815093.5567331032,1730117.66008194,664389.7404486259,36.60360855692904,182589.496183794,4079176.67417885,DOCK5,Q9H7D0,Dedicator of cytokinesis protein 5 OS=Homo sapiens OX=9606 GN=DOCK5 PE=1 SV=3
100.0,120,10995117.777927667,10450152.3616836,4649136.129433488,42.28364100625164,1061018.73107986,30434256.5985993,PDGFB,P01127,Platelet-derived growth factor subunit B OS=Homo sapiens OX=9606 GN=PDGFB PE=1 SV=1
34.166666666666664,41,414450.35386617965,413184.011927479,192319.98232128817,46.40362362517988,22429.2773057244,898657.070126061,CEMIP2,Q9UHN6,Cell surface hyaluronidase CEMIP2 OS=Homo sapiens OX=9606 GN=CEMIP2 PE=1 SV=1
41.66666666666667,50,634727.7072559954,462085.449420435,667755.3724725276,105.20343839397131,114556.03125,3492954.22946764,TRIR,Q9BQ61,Telomerase RNA component interacting RNase OS=Homo sapiens OX=9606 GN=TRIR PE=1 SV=1
100.0,120,13077746.018616024,8407519.337205384,11133161.12954024,85.130580710868,1859983.70440813,48747984.5617498,SIPA1L2,A0A6Q8PFQ0,Signal induced proliferation associated 1 like 2 OS=Homo sapiens OX=9606 GN=SIPA1L2 PE=1 SV=1
0.0,0,,,,,,,CD99,P14209,CD99 antigen OS=Homo sapiens OX=9606 GN=CD99 PE=1 SV=1
60.0,72,592804.3458507884,456571.812776497,591676.8462446834,99.80980240546535,162654.480634347,4521483.38302398,RPLP0,P05388,Large ribosomal subunit protein uL10 OS=Homo sapiens OX=9606 GN=RPLP0 PE=1 SV=1
14.166666666666666,17,309340.15833014686,243483.217566207,189294.23393608446,61.19290652656161,98966.8575785356,822504.504323298,HLA-DRA,P01903,"HLA class II histocompatibility antigen, DR alpha chain OS=Homo sapiens OX=9606 GN=HLA-DRA PE=1 SV=2"
98.33333333333333,118,17337240.45320102,18739650.983091302,8864911.931125728,51.1321969321189,39607.817733282,49031358.426584,ATP5F1A,P25705,"ATP synthase subunit alpha, mitochondrial OS=Homo sapiens OX=9606 GN=ATP5F1A PE=1 SV=1"
74.16666666666667,89,492194.944962804,388846.934451042,313136.2036904414,63.620361585409135,165671.121461525,2062997.01466222,ACSL4,O60488,Long-chain-fatty-acid--CoA ligase 4 OS=Homo sapiens OX=9606 GN=ACSL4 PE=1 SV=2
65.83333333333333,79,1309959.0809656742,1248527.59434204,1011156.2716995351,77.18991275316263,254407.755972907,8128261.254227,MGAM,O43451,Maltase-glucoamylase OS=Homo sapiens OX=9606 GN=MGAM PE=1 SV=6
29.166666666666668,35,2267432.001168662,736533.487265837,3163647.397397766,139.52556882707765,277102.469331153,11431827.3120401,IL1RN,P18510,Interleukin-1 receptor antagonist protein OS=Homo sapiens OX=9606 GN=IL1RN PE=1 SV=1
0.0,0,,,,,,,FILIP1L,H7C4M0,Filamin A interacting protein 1 like OS=Homo sapiens OX=9606 GN=FILIP1L PE=1 SV=2
100.0,120,158427631.65269855,140526547.941566,101891800.21251772,64.31441229638692,48703811.7029215,1060937154.90284,ROGDI,Q9GZN7,Protein rogdi homolog OS=Homo sapiens OX=9606 GN=ROGDI PE=1 SV=1
22.5,27,587381.5726089963,524679.864670917,271944.7873813277,46.29780709214619,136517.906989028,1210006.552399,EIF3K,Q9UBQ5,Eukaryotic translation initiation factor 3 subunit K OS=Homo sapiens OX=9606 GN=EIF3K PE=1 SV=1
10.0,12,766181.4583310598,748082.1303236055,273625.59527268336,35.712897029472664,364286.324367556,1355196.90802606,LSM7,Q9UK45,U6 snRNA-associated Sm-like protein LSm7 OS=Homo sapiens OX=9606 GN=LSM7 PE=1 SV=1
98.33333333333333,118,1075966.1435554815,995853.48132433,648277.1769222773,60.25070405840789,5096.1064614295,3788547.37710136,EIF2B4,E7ERK9,Translation initiation factor eIF2B subunit delta OS=Homo sapiens OX=9606 GN=EIF2B4 PE=1 SV=1
0.0,0,,,,,,,BPIFB1,Q8TDL5,BPI fold-containing family B member 1 OS=Homo sapiens OX=9606 GN=BPIFB1 PE=1 SV=1
54.166666666666664,65,433997.4651901529,328753.202082282,289496.5092176798,66.7046543902829,119583.96563061,1149700.875,RCSD1,Q6JBY9,CapZ-interacting protein OS=Homo sapiens OX=9606 GN=RCSD1 PE=1 SV=1
90.83333333333333,109,3487506.299403431,3112964.72624086,1676342.0409029569,48.06706847209738,1057523.56520445,7883519.01994313,RPS8,P62241,Small ribosomal subunit protein eS8 OS=Homo sapiens OX=9606 GN=RPS8 PE=1 SV=2
8.333333333333332,10,711680.023650556,683155.8072582486,289105.9035166305,40.62301791662839,157579.835832136,1118008.4320619,HSD17B13,Q7Z5P4,17-beta-hydroxysteroid dehydrogenase 13 OS=Homo sapiens OX=9606 GN=HSD17B13 PE=1 SV=1
100.0,120,35446432.22589297,30091780.7814058,24594253.344192617,69.38428439696948,5774695.14553139,159809335.593598,RNASE3,P12724,Eosinophil cationic protein OS=Homo sapiens OX=9606 GN=RNASE3 PE=1 SV=2
15.0,18,416317.0300398398,352738.970581185,238368.31996313055,57.2564422695655,179823.475669425,1216549.48562611,DUSP22,Q9NRW4,Dual specificity protein phosphatase 22 OS=Homo sapiens OX=9606 GN=DUSP22 PE=1 SV=1
100.0,120,15465031.03060767,12438203.728448201,11220288.672925975,72.55264247914732,4731.27985620914,60038309.6846238,FBL,M0R1H0,Fibrillarin (Fragment) OS=Homo sapiens OX=9606 GN=FBL PE=1 SV=1
6.666666666666667,8,605924.5822182412,515816.04619749705,312106.4463417671,51.509124320252944,272437.373823973,1278347.7617997,ADH4,P08319,All-trans-retinol dehydrogenase [NAD(+)] ADH4 OS=Homo sapiens OX=9606 GN=ADH4 PE=1 SV=5
55.833333333333336,67,741213.4134672133,561746.184609076,630225.5256735956,85.02619005848211,40321.6108565129,2768968.15367905,H1-0,P07305,Histone H1.0 OS=Homo sapiens OX=9606 GN=H1-0 PE=1 SV=3
16.666666666666664,20,877645.8600082181,744067.2173973336,459606.79332428373,52.36813779534949,467638.0,2632148.05247868,PDCD6IP,Q8WUM4,Programmed cell death 6-interacting protein OS=Homo sapiens OX=9606 GN=PDCD6IP PE=1 SV=1
34.166666666666664,41,589013.5756869249,375629.509182067,866076.6597385963,147.03848866786345,162005.79704234,5490351.4389416,PDLIM5,Q96HC4,PDZ and LIM domain protein 5 OS=Homo sapiens OX=9606 GN=PDLIM5 PE=1 SV=5
72.5,87,11772550.290346852,12300386.4817465,10044065.841463447,85.31767198904461,534765.264412593,37618657.0702018,PI3,P19957,Elafin OS=Homo sapiens OX=9606 GN=PI3 PE=1 SV=3
46.666666666666664,56,1237281.5232975616,894475.279196624,1208028.765528125,97.63572338076519,423600.597335465,8294352.87116969,RPS3,P23396,Small ribosomal subunit protein uS3 OS=Homo sapiens OX=9606 GN=RPS3 PE=1 SV=2
9.166666666666666,11,27481634.040470995,11007071.5536755,48108435.69830558,175.05667831635628,561457.13995269,165877871.098263,MAPK8IP2,Q13387,C-Jun-amino-terminal kinase-interacting protein 2 OS=Homo sapiens OX=9606 GN=MAPK8IP2 PE=1 SV=2
99.16666666666667,119,19086604.54174391,18148726.9642629,7315738.439346511,38.329177006556684,10905.3573569455,39715711.264647,SNAPC2,M0QXY9,Small nuclear RNA activating complex polypeptide 2 (Fragment) OS=Homo sapiens OX=9606 GN=SNAPC2 PE=1 SV=1
0.0,0,,,,,,,PLS3,P13797,Plastin-3 OS=Homo sapiens OX=9606 GN=PLS3 PE=1 SV=4
5.833333333333333,7,670574.3875214092,578492.591085029,257669.5277727813,38.425196751874864,462941.731415222,1057036.44732822,AP2B1,P63010,AP-2 complex subunit beta OS=Homo sapiens OX=9606 GN=AP2B1 PE=1 SV=1
47.5,57,804492.2561688425,714994.920543204,428529.0725742771,53.26702268273167,219824.670436805,2681189.1856159,RABGAP1,Q9Y3P9,Rab GTPase-activating protein 1 OS=Homo sapiens OX=9606 GN=RABGAP1 PE=1 SV=3
100.0,120,31829989.607302625,27957557.66131255,29204285.13753205,91.75084722877772,1906645.19362899,296646139.531469,CCL21,O00585,C-C motif chemokine 21 OS=Homo sapiens OX=9606 GN=CCL21 PE=1 SV=1
75.83333333333333,91,737240.3726750495,606507.657967416,1037749.1064473599,140.76129643876197,128121.569595694,10034592.280183,IFI16,Q16666,Gamma-interferon-inducible protein 16 OS=Homo sapiens OX=9606 GN=IFI16 PE=1 SV=3
68.33333333333333,82,1854337.8847160463,1640418.7014948302,1230581.5926828345,66.36231739779575,481391.36864355,8645562.81462018,BAX,Q07812,Apoptosis regulator BAX OS=Homo sapiens OX=9606 GN=BAX PE=1 SV=1
100.0,120,36545003.86239001,27921937.491938397,30057224.414870124,82.24715074063317,5291468.51322804,181283917.428554,PYGM,P11217,"Glycogen phosphorylase, muscle form OS=Homo sapiens OX=9606 GN=PYGM PE=1 SV=6"
79.16666666666666,95,755109.8554377399,750629.973131781,234921.00217261215,31.110837778223356,348490.780755442,1278507.54930787,EIF3G,O75821,Eukaryotic translation initiation factor 3 subunit G OS=Homo sapiens OX=9606 GN=EIF3G PE=1 SV=2
100.0,120,21585522.4873963,18934797.81215405,14029581.77071537,64.99533091639171,5778303.33333333,118923256.657794,MBNL1,A0A0A0MQX8,Muscleblind like splicing regulator 1 OS=Homo sapiens OX=9606 GN=MBNL1 PE=1 SV=1
98.33333333333333,118,45330638.34488123,43497785.75103375,15407110.425231567,33.988293542244705,6034183.16581171,92486475.5651661,OLFML3,Q9NRN5,Olfactomedin-like protein 3 OS=Homo sapiens OX=9606 GN=OLFML3 PE=1 SV=1
4.166666666666666,5,7742324.2597434,3266600.77837651,8783972.363576759,113.45394572595544,1287427.28327678,22501322.6607836,HSF1,Q00613,Heat shock factor protein 1 OS=Homo sapiens OX=9606 GN=HSF1 PE=1 SV=1
100.0,120,7288087.607964301,6721697.510581385,2655453.312806724,36.43552953321924,2407028.37193417,13984167.8042055,EPB41L3,Q9Y2J2,Band 4.1-like protein 3 OS=Homo sapiens OX=9606 GN=EPB41L3 PE=1 SV=2
14.166666666666666,17,1759877.799190408,698428.58745079,2532354.556738538,143.89377250531206,346943.050262326,9127213.27518002,EMP3,P54852,Epithelial membrane protein 3 OS=Homo sapiens OX=9606 GN=EMP3 PE=1 SV=1
0.8333333333333334,1,81963.8647250316,81963.8647250316,,,81963.8647250316,81963.8647250316,PSMF1,Q92530,Proteasome inhibitor PI31 subunit OS=Homo sapiens OX=9606 GN=PSMF1 PE=1 SV=2
83.33333333333334,100,3856655.144289153,2889050.89047655,4288429.772168845,111.19557263290845,110919.627833311,38421096.5542522,C2CD2,H7BZB0,C2 calcium dependent domain containing 2 (Fragment) OS=Homo sapiens OX=9606 GN=C2CD2 PE=1 SV=1
0.0,0,,,,,,,ARL8A,A0A087X2J2,ADP ribosylation factor like GTPase 8A OS=Homo sapiens OX=9606 GN=ARL8A PE=1 SV=1
43.333333333333336,52,424486.11152269965,316482.81520419254,297572.38194415765,70.1017945856268,76706.9998903424,1232884.20353105,DNAJA1,P31689,DnaJ homolog subfamily A member 1 OS=Homo sapiens OX=9606 GN=DNAJA1 PE=1 SV=2
98.33333333333333,118,5883482.333024122,4564474.81847835,4352138.4545319155,73.97215132445052,885209.763222444,27179171.9847232,ARPC1B,O15143,Actin-related protein 2/3 complex subunit 1B OS=Homo sapiens OX=9606 GN=ARPC1B PE=1 SV=3
7.5,9,954189.4125996884,562801.58936964,971665.88022077,101.83155119835871,12084.1980412148,3217247.2555848,COL3A1,A0AAG2UVC5,Collagen type III alpha 1 chain OS=Homo sapiens OX=9606 GN=COL3A1 PE=1 SV=1
97.5,117,8639999.70651285,4192734.28951483,10208565.046751564,118.1546920546343,314464.905155163,57184493.6665188,MUCL1,Q96DR8,Mucin-like protein 1 OS=Homo sapiens OX=9606 GN=MUCL1 PE=1 SV=1
99.16666666666667,119,2555845.9852302675,2384344.43668082,816897.9461693383,31.96193944744837,721511.060317184,5753943.90910907,MYO5B,Q9ULV0,Unconventional myosin-Vb OS=Homo sapiens OX=9606 GN=MYO5B PE=1 SV=3
2.5,3,1314418.0952386393,440489.542960995,1620041.6341550087,123.25162290624749,318999.196200143,3183765.54655478,MARCO,Q9UEW3,Macrophage receptor MARCO OS=Homo sapiens OX=9606 GN=MARCO PE=1 SV=1
43.333333333333336,52,10290333.204342641,9108833.53292657,6044260.129519261,58.73726350249293,2553538.52367652,32586091.9925429,BPIFB4,A0A669KBJ0,BPI fold containing family B member 4 OS=Homo sapiens OX=9606 GN=BPIFB4 PE=1 SV=1
17.5,21,136266.78030166458,114900.317532091,85324.6897575191,62.6159138482828,27915.1408069376,329118.593182634,RASA2,Q15283,Ras GTPase-activating protein 2 OS=Homo sapiens OX=9606 GN=RASA2 PE=1 SV=3
100.0,120,388129884.45611686,385201601.2319055,96881014.05526517,24.960977738424788,127091635.14855,591344279.75682,SND1,Q7KZF4,Staphylococcal nuclease domain-containing protein 1 OS=Homo sapiens OX=9606 GN=SND1 PE=1 SV=1
0.0,0,,,,,,,PSMA7,O14818,Proteasome subunit alpha type-7 OS=Homo sapiens OX=9606 GN=PSMA7 PE=1 SV=1
46.666666666666664,56,4085515.3613303252,4459123.137442656,2461573.87899702,60.25124522345408,174061.345330055,11706317.29064,VDAC2,P45880,Voltage-dependent anion-selective channel protein 2 OS=Homo sapiens OX=9606 GN=VDAC2 PE=1 SV=2
12.5,15,577792.548138451,544084.411975763,215922.48814905967,37.37024453581569,336128.734091646,1212175.6359936,PROZ,P22891,Vitamin K-dependent protein Z OS=Homo sapiens OX=9606 GN=PROZ PE=1 SV=2
88.33333333333333,106,6371583.029779466,784773.422177395,10656943.560571829,167.25739130704994,87903.7308964042,44581055.6933284,TNFAIP8,D6RCM8,Tumor necrosis factor alpha-induced protein 8 OS=Homo sapiens OX=9606 GN=TNFAIP8 PE=1 SV=1
0.8333333333333334,1,2857181.85660463,2857181.85660463,,,2857181.85660463,2857181.85660463,SOD1,P00441,Superoxide dismutase [Cu-Zn] OS=Homo sapiens OX=9606 GN=SOD1 PE=1 SV=2
0.0,0,,,,,,,THBS4,P35443,Thrombospondin-4 OS=Homo sapiens OX=9606 GN=THBS4 PE=1 SV=2
0.0,0,,,,,,,COMP,P49747,Cartilage oligomeric matrix protein OS=Homo sapiens OX=9606 GN=COMP PE=1 SV=2
100.0,120,28000953.621882807,28816993.417128347,8376323.4717683615,29.91442214747374,8303610.90586223,49936153.9348425,,E5RI56,S-phase kinase-associated protein 1 OS=Homo sapiens OX=9606 PE=3 SV=2
95.0,114,953123.6160467522,913205.213728601,376880.8015619243,39.54164971015026,244306.4375,1977620.5702575,DYNC1H1,Q14204,Cytoplasmic dynein 1 heavy chain 1 OS=Homo sapiens OX=9606 GN=DYNC1H1 PE=1 SV=5
97.5,117,2357546.7075677016,1639327.32064457,3072853.120379443,130.34113430353744,436527.07174588,29398122.9276052,SPON1,Q9HCB6,Spondin-1 OS=Homo sapiens OX=9606 GN=SPON1 PE=1 SV=2
0.0,0,,,,,,,ERCC5,P28715,DNA excision repair protein ERCC-5 OS=Homo sapiens OX=9606 GN=ERCC5 PE=1 SV=3
0.0,0,,,,,,,GPX4,K7EKX7,Glutathione peroxidase OS=Homo sapiens OX=9606 GN=GPX4 PE=1 SV=4
20.833333333333336,25,7517687.8811825,2885212.19159679,14404842.184843572,191.61266618823436,843367.922358961,71377695.57788,RNF25,Q96BH1,E3 ubiquitin-protein ligase RNF25 OS=Homo sapiens OX=9606 GN=RNF25 PE=1 SV=1
29.166666666666668,35,846553.2034773619,598317.033434723,546783.3069600166,64.58936127274822,166925.877534117,1976538.6227724,MPO,P05164,Myeloperoxidase OS=Homo sapiens OX=9606 GN=MPO PE=1 SV=1
97.5,117,572155.7708514716,496266.581528246,392713.6291392561,68.63753703905266,57038.4776538618,2577168.24786846,RPL15,E7EX53,Ribosomal protein L15 (Fragment) OS=Homo sapiens OX=9606 GN=RPL15 PE=1 SV=1
0.0,0,,,,,,,FHIP2A,A0AA34QVS8,FHF complex subunit HOOK interacting protein 2A OS=Homo sapiens OX=9606 GN=FHIP2A PE=1 SV=1
45.83333333333333,55,563771.3130325228,380188.14520177,516454.86890793947,91.60715647802857,140757.511252705,3123933.77023101,WASF3,Q9UPY6,Actin-binding protein WASF3 OS=Homo sapiens OX=9606 GN=WASF3 PE=1 SV=2
32.5,39,930386.8775239132,906128.096685576,268347.1622367644,28.8425351560128,479297.181914956,1860147.95253416,FBLN7,Q53RD9,Fibulin-7 OS=Homo sapiens OX=9606 GN=FBLN7 PE=1 SV=1
0.0,0,,,,,,,LTBP2,Q14767,Latent-transforming growth factor beta-binding protein 2 OS=Homo sapiens OX=9606 GN=LTBP2 PE=1 SV=3
39.166666666666664,47,1113219.125345063,965444.895292291,460112.481621823,41.33170829949607,634000.202484858,2579166.197009,IGLV4-69,A0A075B6H9,Immunoglobulin lambda variable 4-69 OS=Homo sapiens OX=9606 GN=IGLV4-69 PE=1 SV=1
5.0,6,437010.5053442282,282472.704004754,425867.36050210084,97.45014256960481,89792.0653140957,1233444.94875092,ARHGAP30,Q7Z6I6,Rho GTPase-activating protein 30 OS=Homo sapiens OX=9606 GN=ARHGAP30 PE=1 SV=3
34.166666666666664,41,501234.8094953192,392596.072976434,349423.6673122999,69.71256997576162,145202.638709639,1547584.72138592,ARRB2,P32121,Beta-arrestin-2 OS=Homo sapiens OX=9606 GN=ARRB2 PE=1 SV=2
99.16666666666667,119,5438905.462792315,5500769.45552931,1627840.391739,29.92955849067604,116865.281092155,10469203.1207576,NCCRP1,Q6ZVX7,F-box only protein 50 OS=Homo sapiens OX=9606 GN=NCCRP1 PE=1 SV=1
40.0,48,401447.61229223834,310204.491389931,296880.64765660313,73.95252545193506,75055.1838019028,1447712.41929328,SULT1A1,P50225,Sulfotransferase 1A1 OS=Homo sapiens OX=9606 GN=SULT1A1 PE=1 SV=3
19.166666666666668,23,555598.586009109,496549.207548482,398842.05946214113,71.78601053091991,239984.050212316,2141260.41187833,GM2A,P17900,Ganglioside GM2 activator OS=Homo sapiens OX=9606 GN=GM2A PE=1 SV=4
11.666666666666666,14,378453.270179628,371144.1038963925,156304.20294761955,41.30079332474304,218022.371321726,687519.627825544,NCK2,O43639,Cytoplasmic protein NCK2 OS=Homo sapiens OX=9606 GN=NCK2 PE=1 SV=2
0.0,0,,,,,,,PIK3CB,P42338,"Phosphatidylinositol 4,5-bisphosphate 3-kinase catalytic subunit beta isoform OS=Homo sapiens OX=9606 GN=PIK3CB PE=1 SV=1"
100.0,120,41559945.36676504,41049758.33819525,11930344.39615035,28.706352452741424,12711279.1185474,81857957.761459,NPC1L1,Q9UHC9,NPC1-like intracellular cholesterol transporter 1 OS=Homo sapiens OX=9606 GN=NPC1L1 PE=1 SV=2
94.16666666666667,113,7413229.812859845,7576844.8940642,3975538.3829507865,53.627615537486214,468588.336374203,16784209.9724044,DRGX,A6NNA5,Dorsal root ganglia homeobox protein OS=Homo sapiens OX=9606 GN=DRGX PE=1 SV=1
64.16666666666667,77,381725.9889849317,321215.639815989,229581.13735635125,60.142915070268835,87599.5696947827,1108493.08431478,STK38,Q15208,Serine/threonine-protein kinase 38 OS=Homo sapiens OX=9606 GN=STK38 PE=1 SV=1
100.0,120,15392166.630013688,15409447.09299775,5400064.874223365,35.08320176117118,4742584.84631023,28586822.8009147,RANBP3,Q9H6Z4,Ran-binding protein 3 OS=Homo sapiens OX=9606 GN=RANBP3 PE=1 SV=1
14.166666666666666,17,447815.70044268604,341155.424016895,308448.3917235199,68.87842284640863,3264.7950204721,1088699.8448314,RRBP1,Q9P2E9,Ribosome-binding protein 1 OS=Homo sapiens OX=9606 GN=RRBP1 PE=1 SV=5
4.166666666666666,5,400678.9049413757,406849.697358529,186509.80449923337,46.5484461994629,125225.433242397,639741.644493172,GAL3ST1,Q99999,Galactosylceramide sulfotransferase OS=Homo sapiens OX=9606 GN=GAL3ST1 PE=1 SV=1
0.0,0,,,,,,,PFDN2,Q9UHV9,Prefoldin subunit 2 OS=Homo sapiens OX=9606 GN=PFDN2 PE=1 SV=1
30.833333333333336,37,167578.23419033346,121676.472021393,164509.25470848568,98.16862882183013,14174.9626892223,844501.901432171,LUC7L2,A0A0A6YYJ8,Putative RNA-binding protein Luc7-like 2 OS=Homo sapiens OX=9606 GN=LUC7L2 PE=3 SV=1
20.833333333333336,25,707875.3283714057,548126.953532314,501079.38660021423,70.78638942722263,208813.657746505,2057929.03093757,TRAK1,A0A5F9ZI06,Trafficking kinesin protein 1 OS=Homo sapiens OX=9606 GN=TRAK1 PE=1 SV=2
90.83333333333333,109,1117255.3570845036,1011284.6881512,484817.3098378032,43.39359903388085,243736.866407423,3370886.91003632,ARFGEF1,Q9Y6D6,Brefeldin A-inhibited guanine nucleotide-exchange protein 1 OS=Homo sapiens OX=9606 GN=ARFGEF1 PE=1 SV=2
68.33333333333333,82,2355981.088854309,1801983.28521131,1769533.7087522524,75.1081456945293,330231.702452343,8609381.2263943,EIF2AK2,P19525,"Interferon-induced, double-stranded RNA-activated protein kinase OS=Homo sapiens OX=9606 GN=EIF2AK2 PE=1 SV=2"
0.0,0,,,,,,,RPL14,P50914,Large ribosomal subunit protein eL14 OS=Homo sapiens OX=9606 GN=RPL14 PE=1 SV=4
34.166666666666664,41,909945.2494568016,851570.087944358,338759.72938318714,37.22858376209033,424188.490974339,2136283.15250274,HARS2,A0A2R8Y5P7,histidine--tRNA ligase OS=Homo sapiens OX=9606 GN=HARS2 PE=1 SV=1
0.0,0,,,,,,,WASF2,Q9Y6W5,Actin-binding protein WASF2 OS=Homo sapiens OX=9606 GN=WASF2 PE=1 SV=3
99.16666666666667,119,46941833.55596727,38480167.9020371,36282211.841480985,77.2918505584637,795170.236238976,144609314.961875,RPL7A,P62424,Large ribosomal subunit protein eL8 OS=Homo sapiens OX=9606 GN=RPL7A PE=1 SV=2
18.333333333333332,22,321255.6363098838,287961.35053667903,224694.36261716456,69.9425433272162,74545.3025548907,1047968.25320118,ANO6,Q4KMQ2,Anoctamin-6 OS=Homo sapiens OX=9606 GN=ANO6 PE=1 SV=2
65.83333333333333,79,341447.56607331254,304748.366578607,165993.52150744537,48.614644824208455,120339.923938945,998990.512590859,DMTN,Q08495,Dematin OS=Homo sapiens OX=9606 GN=DMTN PE=1 SV=3
0.0,0,,,,,,,PLXDC2,Q6UX71,Plexin domain-containing protein 2 OS=Homo sapiens OX=9606 GN=PLXDC2 PE=1 SV=1
0.0,0,,,,,,,FOS,G3V5J9,Protein c-Fos OS=Homo sapiens OX=9606 GN=FOS PE=1 SV=1
7.5,9,4455016.819678754,4021590.5070036,1882715.6786222782,42.26057397372607,1182032.50312433,7605019.06060547,CHN1,P15882,N-chimaerin OS=Homo sapiens OX=9606 GN=CHN1 PE=1 SV=3
99.16666666666667,119,4101806.1202291446,4138105.10335658,1256130.390088119,30.623836263083692,223898.304645911,8008896.6969119,CLIP2,Q9UDT6,CAP-Gly domain-containing linker protein 2 OS=Homo sapiens OX=9606 GN=CLIP2 PE=1 SV=1
30.0,36,546368.9351526825,455363.63405654,368373.89889956487,67.42218951313968,148508.562234927,1759186.39690689,CDK5RAP3,Q96JB5,CDK5 regulatory subunit-associated protein 3 OS=Homo sapiens OX=9606 GN=CDK5RAP3 PE=1 SV=2
58.333333333333336,70,371553.38704521203,323106.1480389115,221606.35375306546,59.643206462305656,104610.244756619,1107788.62861066,ITGB2,P05107,Integrin beta-2 OS=Homo sapiens OX=9606 GN=ITGB2 PE=1 SV=3
0.0,0,,,,,,,PSAP,P07602,Prosaposin OS=Homo sapiens OX=9606 GN=PSAP PE=1 SV=2
18.333333333333332,22,1055657.8187617445,914120.1948933485,501617.47224508785,47.517051769054326,457671.394734344,2576454.83025696,RABL6,Q3YEC7,Rab-like protein 6 OS=Homo sapiens OX=9606 GN=RABL6 PE=1 SV=2
61.66666666666667,74,3167498.104950215,3266570.638552455,1512205.5842893817,47.741325619929604,421594.832677466,7495982.0,SRSF3,P84103,Serine/arginine-rich splicing factor 3 OS=Homo sapiens OX=9606 GN=SRSF3 PE=1 SV=1
24.166666666666668,29,323644.4738344961,233923.032485353,243177.29229386922,75.13716808222846,87994.6805818876,963413.118958363,F13A1,P00488,Coagulation factor XIII A chain OS=Homo sapiens OX=9606 GN=F13A1 PE=1 SV=5
20.833333333333336,25,995179.3891246301,925549.155536009,327742.4054932978,32.9329977162794,547186.157771506,1718480.77348422,RPS7,P62081,Small ribosomal subunit protein eS7 OS=Homo sapiens OX=9606 GN=RPS7 PE=1 SV=1
15.0,18,772671.3109305048,700285.4560950785,324420.4352749142,41.986861772339445,270295.403870163,1459883.69418058,RAB7A,A0A6Q8PH84,Ras-related protein Rab-7a OS=Homo sapiens OX=9606 GN=RAB7A PE=1 SV=1
11.666666666666666,14,297897.668177863,245164.71522935102,124570.56054799867,41.81656113992221,161457.922146854,624706.583229255,SF3B3,Q15393,Splicing factor 3B subunit 3 OS=Homo sapiens OX=9606 GN=SF3B3 PE=1 SV=4
55.00000000000001,66,711139.1828704253,429656.09313700255,1149256.451792482,161.6078089177495,20811.0499060398,8839156.67713658,KALRN,O60229,Kalirin OS=Homo sapiens OX=9606 GN=KALRN PE=1 SV=3
20.833333333333336,25,196654.86469010412,192122.869119591,165259.83775984435,84.0354689523022,9952.53651187269,815764.731792099,ARPC4,F8WDD7,Actin related protein 2/3 complex subunit 4 OS=Homo sapiens OX=9606 GN=ARPC4 PE=3 SV=1
83.33333333333334,100,485695.227252965,459473.0676487185,261993.07481240973,53.94186726812444,72721.768058925,1753104.16683834,ARPC4,P59998,Actin-related protein 2/3 complex subunit 4 OS=Homo sapiens OX=9606 GN=ARPC4 PE=1 SV=3
100.0,120,16011950.046097381,15665702.420948,4399401.463607794,27.475738126475523,5571656.53466632,28867844.0007049,SLC3A1,Q07837,Amino acid transporter heavy chain SLC3A1 OS=Homo sapiens OX=9606 GN=SLC3A1 PE=1 SV=2
0.0,0,,,,,,,VCP,A0A7P0TBK7,Valosin containing protein (Fragment) OS=Homo sapiens OX=9606 GN=VCP PE=1 SV=1
29.166666666666668,35,1636382.3553551957,1149345.66288894,1945328.4048157008,118.87982038240963,482375.358329399,11576656.7953247,SERPINA10,G3V2W1,Serpin family A member 10 OS=Homo sapiens OX=9606 GN=SERPINA10 PE=1 SV=1
34.166666666666664,41,2758533.5319227325,1330550.78812988,5886112.407812802,213.378316402415,412397.723738427,36983125.9844623,S100A7L2,Q5SY68,Protein S100-A7-like 2 OS=Homo sapiens OX=9606 GN=S100A7L2 PE=1 SV=1
70.0,84,490526.66964854475,435035.344003798,359700.84378872166,73.32951825971911,42795.4985154609,2395362.2537522,CHMP3,Q9Y3E7,Charged multivesicular body protein 3 OS=Homo sapiens OX=9606 GN=CHMP3 PE=1 SV=3
0.0,0,,,,,,,CMTM6,Q9NX76,CKLF-like MARVEL transmembrane domain-containing protein 6 OS=Homo sapiens OX=9606 GN=CMTM6 PE=1 SV=1
24.166666666666668,29,1118611.6003611817,955901.58694323,766907.5212729865,68.55887432468647,494039.674635759,4504367.36218849,RAB26,Q9ULW5,Ras-related protein Rab-26 OS=Homo sapiens OX=9606 GN=RAB26 PE=1 SV=3
45.83333333333333,55,987506.3278327984,833324.546339334,741660.2293690287,75.10435209024851,155162.99103465,3209517.96756792,PLEKHG1,Q9ULL1,Pleckstrin homology domain-containing family G member 1 OS=Homo sapiens OX=9606 GN=PLEKHG1 PE=1 SV=2
0.0,0,,,,,,,RIN3,Q8TB24,Ras and Rab interactor 3 OS=Homo sapiens OX=9606 GN=RIN3 PE=1 SV=4
0.0,0,,,,,,,MYCT1,Q8N699,Myc target protein 1 OS=Homo sapiens OX=9606 GN=MYCT1 PE=1 SV=1
100.0,120,34933120.99221516,30896149.29768845,17551350.76886711,50.24272172182505,13866927.1084085,158443093.773836,PCSK5,Q92824,Proprotein convertase subtilisin/kexin type 5 OS=Homo sapiens OX=9606 GN=PCSK5 PE=1 SV=4
39.166666666666664,47,7308172.299946784,4294210.42307945,8828452.182636004,120.80246360229205,1475012.70837852,42400467.8624917,P3H1,Q32P28,Prolyl 3-hydroxylase 1 OS=Homo sapiens OX=9606 GN=P3H1 PE=1 SV=2
99.16666666666667,119,101398391.04936905,99734491.9659751,40665980.4564196,40.105153578442945,157385.350452386,217654599.533836,CPNE4,Q96A23,Copine-4 OS=Homo sapiens OX=9606 GN=CPNE4 PE=1 SV=1
97.5,117,9250287.33394666,9451321.82006321,3458350.90146334,37.38641597404116,1625155.67629207,16781378.9803299,CPNE7,Q9UBL6,Copine-7 OS=Homo sapiens OX=9606 GN=CPNE7 PE=1 SV=1
22.5,27,919125.6454403729,422829.750295496,1449732.1124239569,157.72948123206365,157376.690300876,6159020.00289918,MAP1S,Q66K74,Microtubule-associated protein 1S OS=Homo sapiens OX=9606 GN=MAP1S PE=1 SV=2
0.0,0,,,,,,,BAZ2A,Q9UIF9,Bromodomain adjacent to zinc finger domain protein 2A OS=Homo sapiens OX=9606 GN=BAZ2A PE=1 SV=4
100.0,120,96933107.89808391,100515373.038664,31456431.286899716,32.45168959193304,16650057.9772714,152892471.28098,RHCE,P18577,Blood group Rh(CE) polypeptide OS=Homo sapiens OX=9606 GN=RHCE PE=1 SV=3
0.0,0,,,,,,,PHGDH,O43175,D-3-phosphoglycerate dehydrogenase OS=Homo sapiens OX=9606 GN=PHGDH PE=1 SV=4
100.0,120,15823999.633084865,16001147.9798243,5429185.532947583,34.30981836978956,4070020.85157213,27828866.5698313,XRCC5,P13010,X-ray repair cross-complementing protein 5 OS=Homo sapiens OX=9606 GN=XRCC5 PE=1 SV=3
21.666666666666668,26,1123648.644028446,1088822.1574259,215534.58838128016,19.181671203603017,779755.280864397,1550397.13232094,LIAT1,Q6ZQX7,Protein LIAT1 OS=Homo sapiens OX=9606 GN=LIAT1 PE=1 SV=2
1.6666666666666667,2,1180932.4317587304,1180932.4317587304,1396266.2215372524,118.23421763917781,193623.118168021,2168241.74534944,KRTAP11-1,Q8IUC1,Keratin-associated protein 11-1 OS=Homo sapiens OX=9606 GN=KRTAP11-1 PE=1 SV=1
67.5,81,569940.8413455517,564787.75749016,236444.84939938184,41.485858223665495,152019.077611258,1691146.82245538,AMPD2,Q01433,AMP deaminase 2 OS=Homo sapiens OX=9606 GN=AMPD2 PE=1 SV=3
2.5,3,7092547.597304293,3476437.29225048,6560509.451980393,92.49863130243759,3135787.5779643,14665417.9216981,NRDC,O43847,Nardilysin OS=Homo sapiens OX=9606 GN=NRDC PE=1 SV=3
35.833333333333336,43,632342.3756258626,559203.750358733,195619.7851650044,30.93573872403999,368145.785979403,1070904.25068686,BICC1,Q9H694,Protein bicaudal C homolog 1 OS=Homo sapiens OX=9606 GN=BICC1 PE=1 SV=2
98.33333333333333,118,8060813.2808554815,7343190.2281965,3844547.0420904877,47.69428230301933,24634.2922834318,22983890.2175148,NAT8L,Q8N9F0,N-acetylaspartate synthetase OS=Homo sapiens OX=9606 GN=NAT8L PE=1 SV=3
62.5,75,2765878.2324910075,2389540.39200127,2580837.2643957627,93.30986570841938,21071.0021881224,16550235.654571,CNBP,P62633,CCHC-type zinc finger nucleic acid binding protein OS=Homo sapiens OX=9606 GN=CNBP PE=1 SV=1
0.0,0,,,,,,,SHH,Q15465,Sonic hedgehog protein OS=Homo sapiens OX=9606 GN=SHH PE=1 SV=1
0.0,0,,,,,,,SPAG1,Q07617,Sperm-associated antigen 1 OS=Homo sapiens OX=9606 GN=SPAG1 PE=1 SV=3
15.833333333333332,19,17692703.316918675,10159057.9222248,34327267.20492308,194.0193456592785,1423887.38658537,158096344.011399,GK,A0A8I5KXY7,glycerol kinase OS=Homo sapiens OX=9606 GN=GK PE=1 SV=1
9.166666666666666,11,2098263.6331840213,588443.323751512,4716760.677726634,224.79351989574164,232499.109899462,16282205.783039,GPI,P06744,Glucose-6-phosphate isomerase OS=Homo sapiens OX=9606 GN=GPI PE=1 SV=4
0.0,0,,,,,,,CA2,P00918,Carbonic anhydrase 2 OS=Homo sapiens OX=9606 GN=CA2 PE=1 SV=2
66.66666666666666,80,968519.2451601647,732999.1974767086,768705.9019546311,79.36919227944816,182681.867374795,3752867.98530017,DARS1,P14868,"Aspartate--tRNA ligase, cytoplasmic OS=Homo sapiens OX=9606 GN=DARS1 PE=1 SV=2"
100.0,120,1415196721.9056773,1343357062.22387,384451169.03990686,27.16591715406266,736503974.354144,2641429059.90738,TRAJ56,A0A075B6Z2,T cell receptor alpha joining 56 (Fragment) OS=Homo sapiens OX=9606 GN=TRAJ56 PE=4 SV=1
98.33333333333333,118,6305099.207137642,6278424.96700436,2018702.7575624078,32.01698643023967,2307776.22601935,11185053.1326963,DDX43,Q9NXZ2,Probable ATP-dependent RNA helicase DDX43 OS=Homo sapiens OX=9606 GN=DDX43 PE=1 SV=2
0.0,0,,,,,,,CLRN3,Q8NCR9,Clarin-3 OS=Homo sapiens OX=9606 GN=CLRN3 PE=1 SV=1
0.0,0,,,,,,,CCDC9B,Q6ZUT6,Coiled-coil domain-containing protein 9B OS=Homo sapiens OX=9606 GN=CCDC9B PE=1 SV=1
0.0,0,,,,,,,TNNT1,P13805,"Troponin T, slow skeletal muscle OS=Homo sapiens OX=9606 GN=TNNT1 PE=1 SV=4"
0.0,0,,,,,,,ASPH,Q12797,Aspartyl/asparaginyl beta-hydroxylase OS=Homo sapiens OX=9606 GN=ASPH PE=1 SV=3
0.0,0,,,,,,,CSNK2B,Q5SRQ6,Casein kinase II subunit beta OS=Homo sapiens OX=9606 GN=CSNK2B PE=1 SV=2
0.0,0,,,,,,,ITGB6,P18564,Integrin beta-6 OS=Homo sapiens OX=9606 GN=ITGB6 PE=1 SV=2
0.0,0,,,,,,,CAPN2,P17655,Calpain-2 catalytic subunit OS=Homo sapiens OX=9606 GN=CAPN2 PE=1 SV=6
0.0,0,,,,,,,BCL2A1,B4E1X9,BCL2 related protein A1 OS=Homo sapiens OX=9606 GN=BCL2A1 PE=1 SV=1
29.166666666666668,35,386435.593119544,328750.869454806,273775.1190928899,70.84624811157016,96905.6012915223,1043703.88264032,STEAP3,Q658P3,Metalloreductase STEAP3 OS=Homo sapiens OX=9606 GN=STEAP3 PE=1 SV=2
37.5,45,1553371.0860870283,287823.606923176,7046152.0962414425,453.60391727071703,76393.2950360844,47363383.1434082,G6PD,E7EUI8,Glucose-6-phosphate 1-dehydrogenase OS=Homo sapiens OX=9606 GN=G6PD PE=1 SV=9
0.0,0,,,,,,,PLCB3,Q01970,"1-phosphatidylinositol 4,5-bisphosphate phosphodiesterase beta-3 OS=Homo sapiens OX=9606 GN=PLCB3 PE=1 SV=2"
95.83333333333334,115,578405.2999425133,548505.682763591,240736.16811605718,41.6206712040819,211426.921875,1441534.95881228,ANGPTL6,Q8NI99,Angiopoietin-related protein 6 OS=Homo sapiens OX=9606 GN=ANGPTL6 PE=1 SV=1
99.16666666666667,119,19783463.575827923,19502943.5050232,9079775.604239263,45.895783462978784,10153.0945806478,93939947.1739769,SVIL,O95425,Supervillin OS=Homo sapiens OX=9606 GN=SVIL PE=1 SV=2
20.0,24,636915.3131558612,610934.1330852904,277045.68178710376,43.498040644425075,222406.144985314,1230553.435049,APPL2,Q8NEU8,DCC-interacting protein 13-beta OS=Homo sapiens OX=9606 GN=APPL2 PE=1 SV=3
98.33333333333333,118,45437502.4682894,42507514.672709554,18308676.250516824,40.29419588652426,15312362.681438,105739088.387893,RPL3,P39023,Large ribosomal subunit protein uL3 OS=Homo sapiens OX=9606 GN=RPL3 PE=1 SV=2
0.8333333333333334,1,1447510.18841305,1447510.18841305,,,1447510.18841305,1447510.18841305,SNRNP70,P08621,U1 small nuclear ribonucleoprotein 70 kDa OS=Homo sapiens OX=9606 GN=SNRNP70 PE=1 SV=2
0.0,0,,,,,,,NXPE3,Q969Y0,NXPE family member 3 OS=Homo sapiens OX=9606 GN=NXPE3 PE=1 SV=1
97.5,117,2212601.192862506,1620237.78020954,2000711.4440167248,90.4235001983501,543593.73153662,14338195.4241213,SCN9A,Q15858,Sodium channel protein type 9 subunit alpha OS=Homo sapiens OX=9606 GN=SCN9A PE=1 SV=3
31.666666666666664,38,1048881.7225754028,567370.6065127425,1333764.8279616574,127.16065112534886,228396.965366507,6450875.79035189,SNRPF,P62306,Small nuclear ribonucleoprotein F OS=Homo sapiens OX=9606 GN=SNRPF PE=1 SV=1
30.0,36,819417.7913681049,773234.9199731089,278529.3565858352,33.99112876482715,341040.778740481,1395785.19995493,PSMA5,P28066,Proteasome subunit alpha type-5 OS=Homo sapiens OX=9606 GN=PSMA5 PE=1 SV=3
25.0,30,1907076.7304256347,1881463.25204128,703491.2947367536,36.88846303419284,607275.375323304,3121944.40159983,VRK2,Q86Y07,Serine/threonine-protein kinase VRK2 OS=Homo sapiens OX=9606 GN=VRK2 PE=1 SV=3
34.166666666666664,41,1653667.676890849,1648798.11406661,422396.49974045553,25.543009979769714,738793.044401002,2471223.83391477,TXK,E7EQN8,Tyrosine-protein kinase OS=Homo sapiens OX=9606 GN=TXK PE=1 SV=2
0.0,0,,,,,,,THSD4,Q6ZMP0,Thrombospondin type-1 domain-containing protein 4 OS=Homo sapiens OX=9606 GN=THSD4 PE=1 SV=2
100.0,120,87638438.83727449,84710255.23710576,59497544.449654736,67.88978128664378,5125929.8100692,369173514.156284,ENTPD4,Q9Y227,Ectonucleoside triphosphate diphosphohydrolase 4 OS=Homo sapiens OX=9606 GN=ENTPD4 PE=1 SV=1
20.833333333333336,25,701530.5181824345,661111.430311807,307857.2109084583,43.883651948039606,328281.364928437,1800775.2538803,PLCB4,Q15147,"1-phosphatidylinositol 4,5-bisphosphate phosphodiesterase beta-4 OS=Homo sapiens OX=9606 GN=PLCB4 PE=1 SV=3"
0.0,0,,,,,,,MYL11,Q96A32,Myosin regulatory light chain 11 OS=Homo sapiens OX=9606 GN=MYL11 PE=1 SV=1
86.66666666666667,104,481729.9069759648,266731.563607793,905093.7483501326,187.88406848804823,56715.0373384967,5406015.97907586,TYMP,P19971,Thymidine phosphorylase OS=Homo sapiens OX=9606 GN=TYMP PE=1 SV=2
100.0,120,4915133.428542505,4444615.806567585,3215303.1078045075,65.41639519149226,1570013.08852884,28892428.5022607,DPYSL2,A0A1C7CYX9,Dihydropyrimidinase-related protein 2 OS=Homo sapiens OX=9606 GN=DPYSL2 PE=1 SV=1
5.0,6,353940.44549144414,332457.386983821,65812.37056624211,18.594193290021444,284153.415711426,445897.46407217,SERPINH1,P50454,Serpin H1 OS=Homo sapiens OX=9606 GN=SERPINH1 PE=1 SV=2
0.0,0,,,,,,,ANXA7,P20073,Annexin A7 OS=Homo sapiens OX=9606 GN=ANXA7 PE=1 SV=3
0.8333333333333334,1,1054507.36778095,1054507.36778095,,,1054507.36778095,1054507.36778095,RPL22L1,H0Y8C2,"HCG15121, isoform CRA_a (Fragment) OS=Homo sapiens OX=9606 GN=RPL22L1 PE=1 SV=1"
98.33333333333333,118,10974521.447465563,10600593.75923055,3772906.6436232366,34.37878053894136,3696069.69849254,21008032.6726301,SENP2,Q9HC62,Sentrin-specific protease 2 OS=Homo sapiens OX=9606 GN=SENP2 PE=1 SV=3
0.0,0,,,,,,,IGHV1-58,A0A0C4DH39,Immunoglobulin heavy variable 1-58 OS=Homo sapiens OX=9606 GN=IGHV1-58 PE=1 SV=1
0.0,0,,,,,,,SLC1A7,A0A087WUF9,Amino acid transporter OS=Homo sapiens OX=9606 GN=SLC1A7 PE=1 SV=1
17.5,21,559231.1223418379,541839.66718665,202220.53236881486,36.16045750851555,243347.804937223,1216570.86941493,SNAP23,O00161,Synaptosomal-associated protein 23 OS=Homo sapiens OX=9606 GN=SNAP23 PE=1 SV=1
62.5,75,2042520.687622691,1548297.6648659,1837110.8781775637,89.94331804373518,350067.400632691,14585517.3297232,DOCK10,A0A2R8YD85,Dedicator of cytokinesis 10 OS=Homo sapiens OX=9606 GN=DOCK10 PE=1 SV=1
65.83333333333333,79,777824.198471089,677762.888684764,479191.7181469188,61.606686843740555,203872.719240129,2147567.34460552,HNRNPA2B1,P22626,Heterogeneous nuclear ribonucleoproteins A2/B1 OS=Homo sapiens OX=9606 GN=HNRNPA2B1 PE=1 SV=2
50.83333333333333,61,4695403.969686151,4168111.5706177,5903678.190836332,125.73312603028157,263318.149344263,44625424.4923526,SULT2B1,O00204,Sulfotransferase 2B1 OS=Homo sapiens OX=9606 GN=SULT2B1 PE=1 SV=2
56.666666666666664,68,3884191.700129558,3936029.376639655,1531243.4980204008,39.42244915381818,590079.275122704,7885029.51821182,MKI67,P46013,Proliferation marker protein Ki-67 OS=Homo sapiens OX=9606 GN=MKI67 PE=1 SV=2
24.166666666666668,29,488059.8857272881,395459.023246657,202912.77725748677,41.57538515076156,232292.244388794,1059781.78912813,CXCL2,P19875,C-X-C motif chemokine 2 OS=Homo sapiens OX=9606 GN=CXCL2 PE=1 SV=1
70.83333333333334,85,1391821.6881419076,373929.353860756,5704913.641348387,409.88825579837675,143717.632675112,48989062.3785175,BLVRB,P30043,Flavin reductase (NADPH) OS=Homo sapiens OX=9606 GN=BLVRB PE=1 SV=3
99.16666666666667,119,204380896.6010676,197600684.221162,64185020.548164,31.404608559598973,110482.788653437,401866790.089268,UBXN6,Q9BZV1,UBX domain-containing protein 6 OS=Homo sapiens OX=9606 GN=UBXN6 PE=1 SV=1
26.666666666666668,32,3106563.5704389894,1602312.68404075,4323389.29243394,139.1695097944833,414398.278388352,17613358.3446429,LOC122394732,A0A1B0GW15,Uncharacterized protein OS=Homo sapiens OX=9606 GN=LOC122394732 PE=1 SV=1
0.0,0,,,,,,,PSIP1,O75475,PC4 and SFRS1-interacting protein OS=Homo sapiens OX=9606 GN=PSIP1 PE=1 SV=1
0.0,0,,,,,,,RRAS,P10301,Ras-related protein R-Ras OS=Homo sapiens OX=9606 GN=RRAS PE=1 SV=1
0.0,0,,,,,,,STIM2,A0A8V8TMC8,Stromal interaction molecule 2 OS=Homo sapiens OX=9606 GN=STIM2 PE=1 SV=1
0.0,0,,,,,,,WARS1,P23381,"Tryptophan--tRNA ligase, cytoplasmic OS=Homo sapiens OX=9606 GN=WARS1 PE=1 SV=2"
0.0,0,,,,,,,HOOK3,H0YDM4,Hook microtubule tethering protein 3 OS=Homo sapiens OX=9606 GN=HOOK3 PE=1 SV=2
5.833333333333333,7,531504.2936986551,479824.01204145,186945.34842699807,35.172876427032165,341161.36014085,825010.893961413,RAB32,Q13637,Ras-related protein Rab-32 OS=Homo sapiens OX=9606 GN=RAB32 PE=1 SV=3
0.0,0,,,,,,,RHEB,Q15382,GTP-binding protein Rheb OS=Homo sapiens OX=9606 GN=RHEB PE=1 SV=1
0.0,0,,,,,,,CCDC124,Q96CT7,Coiled-coil domain-containing protein 124 OS=Homo sapiens OX=9606 GN=CCDC124 PE=1 SV=1
0.0,0,,,,,,,ATP1B1,P05026,Sodium/potassium-transporting ATPase subunit beta-1 OS=Homo sapiens OX=9606 GN=ATP1B1 PE=1 SV=1
79.16666666666666,95,1815820.2636029918,1471972.82131915,1699288.677823673,93.58242728561173,343541.038433924,16635426.5668306,HLA-DRB5,Q30154,"HLA class II histocompatibility antigen, DR beta 5 chain OS=Homo sapiens OX=9606 GN=HLA-DRB5 PE=1 SV=1"
12.5,15,526566.0514534725,506980.943664627,259034.9770791666,49.193254362706476,212095.809794992,1230109.07341187,HLA-DRB1,P01911,"HLA class II histocompatibility antigen, DRB1 beta chain OS=Homo sapiens OX=9606 GN=HLA-DRB1 PE=1 SV=2"
0.0,0,,,,,,,COX5B,P10606,"Cytochrome c oxidase subunit 5B, mitochondrial OS=Homo sapiens OX=9606 GN=COX5B PE=1 SV=2"
0.0,0,,,,,,,SMAD2,Q15796,Mothers against decapentaplegic homolog 2 OS=Homo sapiens OX=9606 GN=SMAD2 PE=1 SV=1
34.166666666666664,41,539575.535949533,531744.8125,129442.04197854994,23.989605412847474,296123.539373533,855182.986293996,CRNKL1,Q9BZJ0,Crooked neck-like protein 1 OS=Homo sapiens OX=9606 GN=CRNKL1 PE=1 SV=4
29.166666666666668,35,252716.95520799985,234195.789042923,120046.55270229655,47.50237379343689,107726.328809685,594850.345104098,CDH5,P33151,Cadherin-5 OS=Homo sapiens OX=9606 GN=CDH5 PE=1 SV=5
5.0,6,300529.9886778885,294999.548136779,74696.8343588435,24.855035162199542,216323.995581023,396480.327881619,PPP1R12A,O14974,Protein phosphatase 1 regulatory subunit 12A OS=Homo sapiens OX=9606 GN=PPP1R12A PE=1 SV=1
100.0,120,2444103.3671308635,1983968.57938255,1719447.9271133924,70.35086773485585,373588.399941395,9569459.03242034,NOMO1,A0A0G2JN29,NODAL modulator 1 OS=Homo sapiens OX=9606 GN=NOMO1 PE=1 SV=1
25.833333333333336,31,228368.11432287112,181764.004570491,267622.9381880252,117.1892752985887,20086.1466154303,1266220.77581242,DEF6,H0Y7V7,DEF6 guanine nucleotide exchange factor OS=Homo sapiens OX=9606 GN=DEF6 PE=1 SV=3
18.333333333333332,22,1158629.3128313508,788448.4303128431,818451.0920999618,70.63959827668324,385545.72485573,3023162.88381518,SEC61B,P60468,Protein transport protein Sec61 subunit beta OS=Homo sapiens OX=9606 GN=SEC61B PE=1 SV=2
2.5,3,457569.38429630763,366921.205299355,174103.78621068966,38.04970179078797,347492.994045525,658293.953544043,SNRPB2,P08579,U2 small nuclear ribonucleoprotein B'' OS=Homo sapiens OX=9606 GN=SNRPB2 PE=1 SV=1
0.0,0,,,,,,,PLK1,P53350,Serine/threonine-protein kinase PLK1 OS=Homo sapiens OX=9606 GN=PLK1 PE=1 SV=1
0.8333333333333334,1,1694536.20563117,1694536.20563117,,,1694536.20563117,1694536.20563117,IGHV3OR15-7,A0A075B7D8,Immunoglobulin heavy variable 3/OR15-7 (pseudogene) (Fragment) OS=Homo sapiens OX=9606 GN=IGHV3OR15-7 PE=1 SV=1
0.0,0,,,,,,,TALDO1,P37837,Transaldolase OS=Homo sapiens OX=9606 GN=TALDO1 PE=1 SV=2
91.66666666666666,110,457909.7524384391,390791.8025269335,294598.0167422453,64.33538817932268,102026.139972534,1716683.25539282,PIK3CD,O00329,"Phosphatidylinositol 4,5-bisphosphate 3-kinase catalytic subunit delta isoform OS=Homo sapiens OX=9606 GN=PIK3CD PE=1 SV=2"
96.66666666666667,116,940461.4679937782,852147.580498022,356278.465244479,37.88336655668662,189377.359850509,1904837.04220273,CTSL,P07711,Procathepsin L OS=Homo sapiens OX=9606 GN=CTSL PE=1 SV=2
74.16666666666667,89,443634.2354510106,266153.247367989,519349.6378182194,117.06707830838043,5198.36669218903,4346453.06593251,PREX1,Q8TCU6,"Phosphatidylinositol 3,4,5-trisphosphate-dependent Rac exchanger 1 protein OS=Homo sapiens OX=9606 GN=PREX1 PE=1 SV=3"
0.0,0,,,,,,,DIPK2A,Q8NDZ4,Divergent protein kinase domain 2A OS=Homo sapiens OX=9606 GN=DIPK2A PE=1 SV=1
15.833333333333332,19,358708.97184168885,312681.393124901,155047.43114343684,43.22373938610737,234636.900075773,855335.002932629,DENND3,H0YAY3,DENN domain containing 3 (Fragment) OS=Homo sapiens OX=9606 GN=DENND3 PE=1 SV=1
0.8333333333333334,1,682139.306166029,682139.306166029,,,682139.306166029,682139.306166029,PIK3CG,P48736,"Phosphatidylinositol 4,5-bisphosphate 3-kinase catalytic subunit gamma isoform OS=Homo sapiens OX=9606 GN=PIK3CG PE=1 SV=3"
28.333333333333332,34,419616.2785775455,112559.7959417705,665366.1052040627,158.56537011852424,1287.56264437662,2774736.27185395,PKP3,Q9Y446,Plakophilin-3 OS=Homo sapiens OX=9606 GN=PKP3 PE=1 SV=1
0.0,0,,,,,,,HNRNPH1,G8JLB6,Heterogeneous nuclear ribonucleoprotein H1 OS=Homo sapiens OX=9606 GN=HNRNPH1 PE=1 SV=1
90.83333333333333,109,81096480.1042422,68855860.8348669,58505205.965859905,72.14271925323608,45359.9500608412,269060176.80838,GRK2,P25098,Beta-adrenergic receptor kinase 1 OS=Homo sapiens OX=9606 GN=GRK2 PE=1 SV=2
26.666666666666668,32,1047026.875613374,876626.7589257511,602227.7645209347,57.51788980279373,347134.426162387,3165703.97889328,RPS20,P60866,Small ribosomal subunit protein uS10 OS=Homo sapiens OX=9606 GN=RPS20 PE=1 SV=1
4.166666666666666,5,821167.5925225936,738507.829805937,414062.1904988541,50.42359127043382,456116.07374231,1521438.70461619,PRMT8,Q9NR22,Protein arginine N-methyltransferase 8 OS=Homo sapiens OX=9606 GN=PRMT8 PE=1 SV=2
0.0,0,,,,,,,MCUR1,Q96AQ8,Mitochondrial calcium uniporter regulator 1 OS=Homo sapiens OX=9606 GN=MCUR1 PE=1 SV=1
0.0,0,,,,,,,UBA7,P41226,Ubiquitin-like modifier-activating enzyme 7 OS=Homo sapiens OX=9606 GN=UBA7 PE=1 SV=2
10.0,12,217127.36660991333,174044.9354611035,97804.69110275555,45.044847468937206,131865.712178754,457464.966511096,NOP56,O00567,Nucleolar protein 56 OS=Homo sapiens OX=9606 GN=NOP56 PE=1 SV=4
0.0,0,,,,,,,IMP3,Q9NV31,U3 small nucleolar ribonucleoprotein protein IMP3 OS=Homo sapiens OX=9606 GN=IMP3 PE=1 SV=1
25.833333333333336,31,1457218.289314821,1346758.82775966,652012.3002787323,44.743625924795815,506514.512871041,3044177.86271549,LGALS3,P17931,Galectin-3 OS=Homo sapiens OX=9606 GN=LGALS3 PE=1 SV=5
60.83333333333333,73,3932996.8978016376,3986138.72944641,1195902.1269586927,30.40689220037642,842221.97207407,6446663.52235963,SEC16B,Q96JE7,Protein transport protein Sec16B OS=Homo sapiens OX=9606 GN=SEC16B PE=1 SV=2
0.0,0,,,,,,,PPID,Q08752,Peptidyl-prolyl cis-trans isomerase D OS=Homo sapiens OX=9606 GN=PPID PE=1 SV=3
90.83333333333333,109,2752625.9997187937,2179164.5574978,1812662.1489729588,65.8521044689013,663416.520153416,12714940.6229299,BCAP31,P51572,B-cell receptor-associated protein 31 OS=Homo sapiens OX=9606 GN=BCAP31 PE=1 SV=3
99.16666666666667,119,7849211.765437176,6612997.05025217,4822819.470499934,61.44336036054593,1810742.21545375,28867471.255418,SLCO4A1,Q96BD0,Solute carrier organic anion transporter family member 4A1 OS=Homo sapiens OX=9606 GN=SLCO4A1 PE=1 SV=2
19.166666666666668,23,666156.5978363738,616111.435978531,300318.1121014517,45.0822093599106,357226.052193602,1744218.04897566,CARS1,P49589,"Cysteine--tRNA ligase, cytoplasmic OS=Homo sapiens OX=9606 GN=CARS1 PE=1 SV=3"
0.0,0,,,,,,,TREX2,Q9BQ50,Three prime repair exonuclease 2 OS=Homo sapiens OX=9606 GN=TREX2 PE=1 SV=2
7.5,9,693482.521206086,636581.028452705,251308.42822351764,36.23861028053725,303838.164773177,1054019.09350798,DUSP3,P51452,Dual specificity protein phosphatase 3 OS=Homo sapiens OX=9606 GN=DUSP3 PE=1 SV=1
86.66666666666667,104,7695984.659417832,7495458.27507651,2248721.9962250018,29.219418901428888,4164860.19006317,15206162.8868732,PREX1,H0YDZ4,"Phosphatidylinositol-3,4,5-trisphosphate dependent Rac exchange factor 1 (Fragment) OS=Homo sapiens OX=9606 GN=PREX1 PE=1 SV=1"
17.5,21,589010.4867876025,559846.414278996,177998.5724678336,30.219932660047867,348565.762499626,922914.652354979,TNNI2,A0AAG2TUI5,"Troponin I, fast skeletal muscle OS=Homo sapiens OX=9606 GN=TNNI2 PE=1 SV=1"
99.16666666666667,119,7917922.543117867,5796164.50722047,7278081.02263886,91.91907325444669,1441536.72166335,62680575.1792413,ERC1,X6RLX0,ELKS/RAB6-interacting/CAST family member 1 OS=Homo sapiens OX=9606 GN=ERC1 PE=1 SV=1
20.833333333333336,25,752960.8315558211,676446.225828493,341022.25574931543,45.29083605114904,488913.644741219,1672474.69072709,CBR1,P16152,Carbonyl reductase [NADPH] 1 OS=Homo sapiens OX=9606 GN=CBR1 PE=1 SV=3
36.666666666666664,44,846413.209201946,525782.890974169,743393.9671466139,87.82872940363661,193015.10430803,2946370.735491,FAT1,Q14517,Protocadherin Fat 1 OS=Homo sapiens OX=9606 GN=FAT1 PE=1 SV=2
0.0,0,,,,,,,ATP6V1G1,O75348,V-type proton ATPase subunit G 1 OS=Homo sapiens OX=9606 GN=ATP6V1G1 PE=1 SV=3
0.0,0,,,,,,,VTA1,Q9NP79,Vacuolar protein sorting-associated protein VTA1 homolog OS=Homo sapiens OX=9606 GN=VTA1 PE=1 SV=1
100.0,120,27902701.661388084,28057544.66408915,6911246.302972948,24.769093641340007,7608989.36164832,44511708.0,CHRNB1,P11230,Acetylcholine receptor subunit beta OS=Homo sapiens OX=9606 GN=CHRNB1 PE=1 SV=3
0.0,0,,,,,,,ACSM6,Q6P461,"Acyl-coenzyme A synthetase ACSM6, mitochondrial OS=Homo sapiens OX=9606 GN=ACSM6 PE=1 SV=3"
0.0,0,,,,,,,SNX9,A0A7P0T8C7,Sorting nexin 9 OS=Homo sapiens OX=9606 GN=SNX9 PE=1 SV=1
29.166666666666668,35,684085.1446324873,578660.092362038,286608.76913656876,41.89665151851006,133272.475759902,1384028.79356907,PDS5B,Q9NTI5,Sister chromatid cohesion protein PDS5 homolog B OS=Homo sapiens OX=9606 GN=PDS5B PE=1 SV=1
0.0,0,,,,,,,CLK2,P49760,Dual specificity protein kinase CLK2 OS=Homo sapiens OX=9606 GN=CLK2 PE=1 SV=1
87.5,105,1017417.3400498661,788379.363601707,875527.717107079,86.05394095840427,56679.6583166694,5867799.13244453,ARHGAP4,P98171,Rho GTPase-activating protein 4 OS=Homo sapiens OX=9606 GN=ARHGAP4 PE=1 SV=2
47.5,57,3226635.8917019586,2966056.98594805,1750311.175721175,54.245698444702285,527831.52992396,8568131.98171832,TSNAXIP1,B4DXD0,Translin associated factor X interacting protein 1 OS=Homo sapiens OX=9606 GN=TSNAXIP1 PE=1 SV=1
100.0,120,757662768.4998039,650408482.624676,343466981.2343081,45.33243489242365,259451682.842109,2025946856.05081,D2HGDH,Q8N465,"D-2-hydroxyglutarate dehydrogenase, mitochondrial OS=Homo sapiens OX=9606 GN=D2HGDH PE=1 SV=3"
0.0,0,,,,,,,DNAJB6,O75190,DnaJ homolog subfamily B member 6 OS=Homo sapiens OX=9606 GN=DNAJB6 PE=1 SV=2
54.166666666666664,65,3876963.0872600796,1004422.6943527,11640756.31665175,300.2545047411964,205262.884625026,85360584.307614,HARBI1,Q96MB7,Putative nuclease HARBI1 OS=Homo sapiens OX=9606 GN=HARBI1 PE=1 SV=1
75.83333333333333,91,2499130.889479334,2199785.26791474,1605940.285738451,64.25995102933688,322753.056481007,10198369.5009368,MARS1,P56192,"Methionine--tRNA ligase, cytoplasmic OS=Homo sapiens OX=9606 GN=MARS1 PE=1 SV=2"
0.0,0,,,,,,,SYCE1,Q8N0S2,Synaptonemal complex central element protein 1 OS=Homo sapiens OX=9606 GN=SYCE1 PE=1 SV=2
100.0,120,6218909.254561386,4152197.06283069,6346048.5252077235,102.04439822872611,333002.087227003,46542105.7653718,DHX9,Q08211,ATP-dependent RNA helicase A OS=Homo sapiens OX=9606 GN=DHX9 PE=1 SV=4
100.0,120,134559838.6663329,146416472.6605955,52990768.470343135,39.38082045545846,1700312.76081706,237809288.365322,TGFB1I1,O43294,Transforming growth factor beta-1-induced transcript 1 protein OS=Homo sapiens OX=9606 GN=TGFB1I1 PE=1 SV=2
9.166666666666666,11,305535.096989814,287361.524531077,138419.51128828526,45.30396430787128,87258.5146972981,524436.253985571,SIGLEC1,Q9BZZ2,Sialoadhesin OS=Homo sapiens OX=9606 GN=SIGLEC1 PE=1 SV=2
0.8333333333333334,1,510270.436300117,510270.436300117,,,510270.436300117,510270.436300117,ACADVL,P49748,"Very long-chain specific acyl-CoA dehydrogenase, mitochondrial OS=Homo sapiens OX=9606 GN=ACADVL PE=1 SV=1"
5.0,6,387078.6782906503,394110.808562538,105362.29142042433,27.21986441767007,254923.999610045,551400.063318765,PLCG2,P16885,"1-phosphatidylinositol 4,5-bisphosphate phosphodiesterase gamma-2 OS=Homo sapiens OX=9606 GN=PLCG2 PE=1 SV=4"
0.0,0,,,,,,,TCHH,Q07283,Trichohyalin OS=Homo sapiens OX=9606 GN=TCHH PE=1 SV=2
5.0,6,605961.7696378812,583781.2265871895,228234.46250669102,37.66482869754019,376279.578741615,981864.619825207,HAL,P42357,Histidine ammonia-lyase OS=Homo sapiens OX=9606 GN=HAL PE=1 SV=1
0.0,0,,,,,,,LAMA1,P25391,Laminin subunit alpha-1 OS=Homo sapiens OX=9606 GN=LAMA1 PE=1 SV=2
26.666666666666668,32,1041620.3820156719,960694.850834084,505528.0362792852,48.53284795570361,386678.724559314,2189321.49722428,NME1-NME2,Q32Q12,Nucleoside diphosphate kinase OS=Homo sapiens OX=9606 GN=NME1-NME2 PE=1 SV=1
100.0,120,1925220542.3642187,1853101561.314375,649203274.5098102,33.7209821017478,37375.8154455788,3718926800.79008,SERPINA6,P08185,Corticosteroid-binding globulin OS=Homo sapiens OX=9606 GN=SERPINA6 PE=1 SV=1
0.0,0,,,,,,,ANXA4,P09525,Annexin A4 OS=Homo sapiens OX=9606 GN=ANXA4 PE=1 SV=4
30.0,36,1409171.7556140304,1505452.7595773898,417743.6807109367,29.6446248689472,525601.90205052,2107262.18937209,EXOC4,Q96A65,Exocyst complex component 4 OS=Homo sapiens OX=9606 GN=EXOC4 PE=1 SV=1
6.666666666666667,8,1006125.2023846817,811156.9728987825,555543.7752463606,55.21616732486482,460059.175395143,2045928.50201574,PTPN11,A0A8I5KW48,Protein tyrosine phosphatase non-receptor type 11 OS=Homo sapiens OX=9606 GN=PTPN11 PE=1 SV=1
0.0,0,,,,,,,PRUNE1,A0A3B3ITN0,Prune exopolyphosphatase 1 OS=Homo sapiens OX=9606 GN=PRUNE1 PE=1 SV=1
0.0,0,,,,,,,PSMA1,P25786,Proteasome subunit alpha type-1 OS=Homo sapiens OX=9606 GN=PSMA1 PE=1 SV=1
0.0,0,,,,,,,ATP6V1D,Q9Y5K8,V-type proton ATPase subunit D OS=Homo sapiens OX=9606 GN=ATP6V1D PE=1 SV=1
19.166666666666668,23,939031.4116965814,709863.396982699,1104022.6694997675,117.5703662037344,377876.73948939,5795085.05098798,SQOR,Q9Y6N5,"Sulfide:quinone oxidoreductase, mitochondrial OS=Homo sapiens OX=9606 GN=SQOR PE=1 SV=1"
51.66666666666667,62,9919421.91751986,9652317.205223542,4693154.247612083,47.31277978329514,469843.400434035,20968503.0990923,CREM,Q03060,cAMP-responsive element modulator OS=Homo sapiens OX=9606 GN=CREM PE=1 SV=6
41.66666666666667,50,934943.0559213023,844346.689906553,515353.7013052984,55.1213999656336,268626.122465466,3077651.70969836,LSM4,V9GZ56,U6 snRNA-associated Sm-like protein LSm4 (Fragment) OS=Homo sapiens OX=9606 GN=LSM4 PE=1 SV=1
21.666666666666668,26,1086244.9051340176,959672.639330016,586792.2398975099,54.02025244252937,332319.848892767,2331090.66529018,FN3K,Q9H479,Fructosamine-3-kinase OS=Homo sapiens OX=9606 GN=FN3K PE=1 SV=1
16.666666666666664,20,1123583.0043099108,908330.9030143945,566941.2469758529,50.45833238854128,486661.97204543,2429620.71750391,MOGS,Q13724,Mannosyl-oligosaccharide glucosidase OS=Homo sapiens OX=9606 GN=MOGS PE=1 SV=5
45.83333333333333,55,1403485.6463531773,837499.850826681,3644884.730749913,259.70231617407677,331271.928218875,27806538.1018018,RENBP,P51606,N-acylglucosamine 2-epimerase OS=Homo sapiens OX=9606 GN=RENBP PE=1 SV=4
0.0,0,,,,,,,DYNC1LI1,Q9Y6G9,Cytoplasmic dynein 1 light intermediate chain 1 OS=Homo sapiens OX=9606 GN=DYNC1LI1 PE=1 SV=3
6.666666666666667,8,1605137.6325623968,1406331.52598973,1042132.2781561094,64.9247925545474,337193.851684546,3571424.59030248,EFS,O43281,Embryonal Fyn-associated substrate OS=Homo sapiens OX=9606 GN=EFS PE=1 SV=1
0.0,0,,,,,,,RASGRP1,H0YKM0,RAS guanyl-releasing protein 1 OS=Homo sapiens OX=9606 GN=RASGRP1 PE=1 SV=1
0.0,0,,,,,,,EFHC1,A0A1B0GUV2,EF-hand domain containing 1 OS=Homo sapiens OX=9606 GN=EFHC1 PE=1 SV=1
17.5,21,1831939.9043885537,1306613.62182915,1759355.0542002388,96.03781488604335,662233.912984782,8797110.55198653,PNPLA8,Q9NP80,Calcium-independent phospholipase A2-gamma OS=Homo sapiens OX=9606 GN=PNPLA8 PE=1 SV=1
0.0,0,,,,,,,CDKL3,Q8IVW4,Cyclin-dependent kinase-like 3 OS=Homo sapiens OX=9606 GN=CDKL3 PE=1 SV=1
33.33333333333333,40,581942.0691274233,483233.579528622,352364.3102794722,60.549722897300576,272617.100978428,2393855.83519509,LY6G6F-LY6G6D,A0A0G2JK05,LY6G6F-LY6G6D readthrough OS=Homo sapiens OX=9606 GN=LY6G6F-LY6G6D PE=4 SV=1
0.0,0,,,,,,,ACBD5,A0A7I2YQE9,Acyl-CoA-binding domain-containing protein 5 OS=Homo sapiens OX=9606 GN=ACBD5 PE=1 SV=1
10.0,12,1029283.640507752,892766.629916596,508166.6900039052,49.37090904827978,509275.285472591,2267560.17089216,TNNC1,P63316,"Troponin C, slow skeletal and cardiac muscles OS=Homo sapiens OX=9606 GN=TNNC1 PE=1 SV=1"
0.0,0,,,,,,,SAMD9L,Q8IVG5,Sterile alpha motif domain-containing protein 9-like OS=Homo sapiens OX=9606 GN=SAMD9L PE=1 SV=2
0.0,0,,,,,,,IGHV3-35,A0A0C4DH35,Probable non-functional immunoglobulin heavy variable 3-35 OS=Homo sapiens OX=9606 GN=IGHV3-35 PE=1 SV=1
7.5,9,965170.3820091326,849916.329173093,421267.8058683433,43.64698852356175,571789.034372317,1888606.91902446,KCNB1,Q14721,Potassium voltage-gated channel subfamily B member 1 OS=Homo sapiens OX=9606 GN=KCNB1 PE=1 SV=2
19.166666666666668,23,2115421.77765711,1084151.26761326,2217587.317806058,104.82955887227841,564949.028208935,7159283.81964966,REEP6,Q96HR9,Receptor expression-enhancing protein 6 OS=Homo sapiens OX=9606 GN=REEP6 PE=1 SV=2
0.8333333333333334,1,849725.248174732,849725.248174732,,,849725.248174732,849725.248174732,SH3BGRL3,Q9H299,SH3 domain-binding glutamic acid-rich-like protein 3 OS=Homo sapiens OX=9606 GN=SH3BGRL3 PE=1 SV=1
0.0,0,,,,,,,UBE2NL,Q5JXB2,Putative ubiquitin-conjugating enzyme E2 N-like OS=Homo sapiens OX=9606 GN=UBE2NL PE=1 SV=1
14.166666666666666,17,8030801.16657397,4783915.09999568,7193080.716421056,89.56865656642455,2143936.37320239,26716019.4757218,IDH3G,P51553,"Isocitrate dehydrogenase [NAD] subunit gamma, mitochondrial OS=Homo sapiens OX=9606 GN=IDH3G PE=1 SV=1"
0.8333333333333334,1,289387.599847912,289387.599847912,,,289387.599847912,289387.599847912,DNAJA4,Q8WW22,DnaJ homolog subfamily A member 4 OS=Homo sapiens OX=9606 GN=DNAJA4 PE=1 SV=1
65.83333333333333,79,1160466.1848290847,1048440.81844136,487100.9422102122,41.97459164068216,512177.998053884,3196659.88153486,UBE2M,P61081,NEDD8-conjugating enzyme Ubc12 OS=Homo sapiens OX=9606 GN=UBE2M PE=1 SV=1
0.8333333333333334,1,311719.55740656,311719.55740656,,,311719.55740656,311719.55740656,SRSF4,Q08170,Serine/arginine-rich splicing factor 4 OS=Homo sapiens OX=9606 GN=SRSF4 PE=1 SV=2
0.0,0,,,,,,,TRIQK,Q629K1,Triple QxxK/R motif-containing protein OS=Homo sapiens OX=9606 GN=TRIQK PE=1 SV=1
0.0,0,,,,,,,MS4A1,P11836,B-lymphocyte antigen CD20 OS=Homo sapiens OX=9606 GN=MS4A1 PE=1 SV=1
1.6666666666666667,2,463301.83977793297,463301.83977793297,128148.72780423268,27.65987889572296,372687.005347131,553916.674208735,ARL2,P36404,ADP-ribosylation factor-like protein 2 OS=Homo sapiens OX=9606 GN=ARL2 PE=1 SV=4
34.166666666666664,41,1361945.3325753922,1058756.41374738,996003.9770815049,73.13098060977934,351629.597495851,5861982.27015337,SCCPDH,Q8NBX0,Saccharopine dehydrogenase-like oxidoreductase OS=Homo sapiens OX=9606 GN=SCCPDH PE=1 SV=1
0.0,0,,,,,,,CMPK1,P30085,UMP-CMP kinase OS=Homo sapiens OX=9606 GN=CMPK1 PE=1 SV=3
0.0,0,,,,,,,MMP3,P08254,Stromelysin-1 OS=Homo sapiens OX=9606 GN=MMP3 PE=1 SV=2
0.0,0,,,,,,,PRPF8,Q6P2Q9,Pre-mRNA-processing-splicing factor 8 OS=Homo sapiens OX=9606 GN=PRPF8 PE=1 SV=2
69.16666666666667,83,1980102.281410897,1882157.85339451,803388.8719799313,40.57309965864423,585766.320980074,4415331.31784223,PIBF1,Q8WXW3,Progesterone-induced-blocking factor 1 OS=Homo sapiens OX=9606 GN=PIBF1 PE=1 SV=2
4.166666666666666,5,3597276.6601901813,3751310.48941805,2478035.488882343,68.88643056859947,1327139.74138654,7332240.26331497,PRKAG2,Q9UGJ0,5'-AMP-activated protein kinase subunit gamma-2 OS=Homo sapiens OX=9606 GN=PRKAG2 PE=1 SV=1
28.333333333333332,34,368527.40446567663,319157.346619631,176838.67496575593,47.98521706198543,167948.4004092,1169111.96488721,MOB3C,Q70IA8,MOB kinase activator 3C OS=Homo sapiens OX=9606 GN=MOB3C PE=1 SV=1
0.0,0,,,,,,,CEP350,Q5VT06,Centrosome-associated protein 350 OS=Homo sapiens OX=9606 GN=CEP350 PE=1 SV=1
0.0,0,,,,,,,RASIP1,Q5U651,Ras-interacting protein 1 OS=Homo sapiens OX=9606 GN=RASIP1 PE=1 SV=1
16.666666666666664,20,1413394.575634307,1391389.226054365,329441.13687922375,23.30850440199095,894798.790574188,1968179.30047893,ITGA11,Q9UKX5,Integrin alpha-11 OS=Homo sapiens OX=9606 GN=ITGA11 PE=1 SV=2
20.0,24,551335.9147411651,469439.49879719154,234657.6272738462,42.56164363680364,259228.890104093,1002929.03248067,TBK1,A0A494C045,TANK binding kinase 1 OS=Homo sapiens OX=9606 GN=TBK1 PE=1 SV=1
100.0,120,24848985.417789463,19485754.53780245,16632939.569109958,66.93609131100534,8514502.81752991,117240135.340049,PCLO,Q9Y6V0,Protein piccolo OS=Homo sapiens OX=9606 GN=PCLO PE=1 SV=5
35.0,42,3355018.191056505,2374898.990499705,4099686.8512301273,122.19566684194712,279934.659202075,25984868.484983,KPNA4,O00629,Importin subunit alpha-3 OS=Homo sapiens OX=9606 GN=KPNA4 PE=1 SV=1
0.0,0,,,,,,,DES,P17661,Desmin OS=Homo sapiens OX=9606 GN=DES PE=1 SV=3
45.0,54,996606.8041914769,600654.6786538521,1264246.0081310184,126.85504481947329,180562.387938837,8742314.84765435,METAP1,P53582,Methionine aminopeptidase 1 OS=Homo sapiens OX=9606 GN=METAP1 PE=1 SV=2
0.0,0,,,,,,,ANKRD20A1,A0A494C151,Ankyrin repeat domain 20 family member A1 (Fragment) OS=Homo sapiens OX=9606 GN=ANKRD20A1 PE=1 SV=1
0.0,0,,,,,,,S100P,P25815,Protein S100-P OS=Homo sapiens OX=9606 GN=S100P PE=1 SV=2
100.0,120,90390554.83143537,74652272.3138541,57778175.87276763,63.9205899117614,13346697.8437778,311776727.002768,ALG13,A0A096LP10,UDP-N-acetylglucosamine transferase subunit ALG13 (Fragment) OS=Homo sapiens OX=9606 GN=ALG13 PE=1 SV=1
22.5,27,978443.9538604318,887977.485838309,447057.059087633,45.69061491195055,349004.907150682,1812391.56602848,F13B,P05160,Coagulation factor XIII B chain OS=Homo sapiens OX=9606 GN=F13B PE=1 SV=3
5.833333333333333,7,694499.6094444419,565538.12820292,267800.5799173723,38.56022037673956,366447.560470035,1100093.51552312,AP2M1,E9PFW3,AP-2 complex subunit mu OS=Homo sapiens OX=9606 GN=AP2M1 PE=1 SV=1
0.0,0,,,,,,,PDIA4,C9JMN9,Protein disulfide-isomerase OS=Homo sapiens OX=9606 GN=PDIA4 PE=1 SV=2
0.0,0,,,,,,,DISC1,Q9NRI5,Disrupted in schizophrenia 1 protein OS=Homo sapiens OX=9606 GN=DISC1 PE=1 SV=3
0.0,0,,,,,,,COL1A2,P08123,Collagen alpha-2(I) chain OS=Homo sapiens OX=9606 GN=COL1A2 PE=1 SV=7
31.666666666666664,38,1065623.6530183158,594000.2273687295,938812.1073790919,88.09978126142023,330397.881077479,3576655.52672625,CBX6,O95503,Chromobox protein homolog 6 OS=Homo sapiens OX=9606 GN=CBX6 PE=1 SV=1
20.0,24,1182508.435885038,990977.253878706,618428.7950343954,52.29804509356737,622087.765941154,3197413.46813294,S100A2,P29034,Protein S100-A2 OS=Homo sapiens OX=9606 GN=S100A2 PE=1 SV=3
32.5,39,325715.70163702714,218776.097672519,289007.1759694773,88.72988760349745,91498.0548106724,1394337.93294967,IGHV2-26,A0A0B4J1V2,Immunoglobulin heavy variable 2-26 OS=Homo sapiens OX=9606 GN=IGHV2-26 PE=1 SV=1
9.166666666666666,11,592089.4070255001,445456.581876146,266056.6236444679,44.93521087990169,301791.214885717,1034238.36209171,PHB2,Q99623,Prohibitin-2 OS=Homo sapiens OX=9606 GN=PHB2 PE=1 SV=2
0.0,0,,,,,,,FRZB,Q92765,Secreted frizzled-related protein 3 OS=Homo sapiens OX=9606 GN=FRZB PE=1 SV=2
0.0,0,,,,,,,EXOC6,Q8TAG9,Exocyst complex component 6 OS=Homo sapiens OX=9606 GN=EXOC6 PE=1 SV=3
0.0,0,,,,,,,FABP12,A6NFH5,Fatty acid-binding protein 12 OS=Homo sapiens OX=9606 GN=FABP12 PE=1 SV=2
0.0,0,,,,,,,MGAT1,P26572,"Alpha-1,3-mannosyl-glycoprotein 2-beta-N-acetylglucosaminyltransferase OS=Homo sapiens OX=9606 GN=MGAT1 PE=1 SV=2"
12.5,15,502363.2823153806,504590.465022579,232728.97402586427,46.32682805821753,197174.495197875,1040215.81500708,GNG5B,A0A804HLA8,Guanine nucleotide-binding protein G(I)/G(S)/G(O) subunit gamma-5B OS=Homo sapiens OX=9606 GN=GNG5B PE=3 SV=1
88.33333333333333,106,2963272.918555932,2659437.4168023802,1490049.946886478,50.28392550533658,471509.346048668,7119458.83555605,PCID2,Q5JVF3,PCI domain-containing protein 2 OS=Homo sapiens OX=9606 GN=PCID2 PE=1 SV=2
0.0,0,,,,,,,FBXW4,A0A5F9UQ55,F-box and WD repeat domain containing 4 OS=Homo sapiens OX=9606 GN=FBXW4 PE=1 SV=1
0.0,0,,,,,,,NYNRIN,Q9P2P1,Protein NYNRIN OS=Homo sapiens OX=9606 GN=NYNRIN PE=1 SV=3
0.0,0,,,,,,,RPL11,P62913,Large ribosomal subunit protein uL5 OS=Homo sapiens OX=9606 GN=RPL11 PE=1 SV=2
5.833333333333333,7,1782933.8623413297,867151.756005653,1910162.4184962183,107.13591002123957,635358.206882659,5809425.83655234,ARHGEF7,A0A2R8YG42,Rho guanine nucleotide exchange factor 7 OS=Homo sapiens OX=9606 GN=ARHGEF7 PE=1 SV=1
0.0,0,,,,,,,PPP2CB,P62714,Serine/threonine-protein phosphatase 2A catalytic subunit beta isoform OS=Homo sapiens OX=9606 GN=PPP2CB PE=1 SV=1
35.833333333333336,43,285748.32059244835,264252.935017829,165678.23971819368,57.98047714670355,15056.8097056859,779811.299173708,CAPNS1,A0A0C4DGQ5,Calpain small subunit 1 OS=Homo sapiens OX=9606 GN=CAPNS1 PE=1 SV=1
49.166666666666664,59,1535121.8168819142,1323493.67995312,950166.97771693,61.89521686603842,323458.311664533,3832119.12964511,TNFAIP8L2,Q6P589,Tumor necrosis factor alpha-induced protein 8-like protein 2 OS=Homo sapiens OX=9606 GN=TNFAIP8L2 PE=1 SV=1
100.0,120,28055332.596171074,25938272.797990747,11634007.03697821,41.46807740417232,9893121.47488299,66327288.6850549,LSM6,P62312,U6 snRNA-associated Sm-like protein LSm6 OS=Homo sapiens OX=9606 GN=LSM6 PE=1 SV=1
28.333333333333332,34,656412.9642966506,578425.8061188459,255773.96747415356,38.96540461357531,395606.586329361,1376784.9182339,CTHRC1,Q96CG8,Collagen triple helix repeat-containing protein 1 OS=Homo sapiens OX=9606 GN=CTHRC1 PE=1 SV=1
100.0,120,521258292.93445385,519770975.81784,137682349.26640114,26.413459724796006,179075934.628977,930280302.730007,RPA1,P27694,Replication protein A 70 kDa DNA-binding subunit OS=Homo sapiens OX=9606 GN=RPA1 PE=1 SV=2
6.666666666666667,8,1040089.273444892,1149442.921019345,399919.80942776176,38.45052724206862,490578.412948406,1580605.43370519,APP,P05067,Amyloid-beta precursor protein OS=Homo sapiens OX=9606 GN=APP PE=1 SV=3
17.5,21,633818.3510313346,559014.020615603,262753.40843790816,41.45563283397552,275373.521042762,1349358.26183822,GNL1,P36915,Guanine nucleotide-binding protein-like 1 OS=Homo sapiens OX=9606 GN=GNL1 PE=1 SV=2
44.166666666666664,53,4221935.341524618,3477405.38820287,2176119.479371649,51.54317400289254,766365.230483185,11593028.1457438,HACE1,H0YC01,HECT domain and ankyrin repeat containing E3 ubiquitin protein ligase 1 (Fragment) OS=Homo sapiens OX=9606 GN=HACE1 PE=4 SV=1
0.0,0,,,,,,,CS,O75390,"Citrate synthase, mitochondrial OS=Homo sapiens OX=9606 GN=CS PE=1 SV=2"
0.0,0,,,,,,,MDH2,P40926,"Malate dehydrogenase, mitochondrial OS=Homo sapiens OX=9606 GN=MDH2 PE=1 SV=3"
4.166666666666666,5,7992053.156941839,8490031.1721261,5469959.942529124,68.44248699444594,404433.181368006,13747453.1021964,GPR63,Q9BZJ6,Probable G-protein coupled receptor 63 OS=Homo sapiens OX=9606 GN=GPR63 PE=2 SV=2
100.0,120,185702815.89644587,178000043.506985,54272542.269908346,29.22548158891276,114718205.969158,497880673.302596,FSIP2,Q5CZC0,Fibrous sheath-interacting protein 2 OS=Homo sapiens OX=9606 GN=FSIP2 PE=1 SV=4
0.0,0,,,,,,,ECPAS,J3KN16,Ecm29 proteasome adaptor and scaffold OS=Homo sapiens OX=9606 GN=ECPAS PE=1 SV=1
87.5,105,1770224.7768921775,1392381.27252753,1389042.7287053126,78.4670255911754,381345.54005232,11772309.1714665,CCL27,Q9Y4X3,C-C motif chemokine 27 OS=Homo sapiens OX=9606 GN=CCL27 PE=1 SV=1
100.0,120,13576090.492669474,13484477.864497699,3978469.72197351,29.304973505603243,3295116.70873682,25090593.5967962,CHMP1B,Q7LBR1,Charged multivesicular body protein 1b OS=Homo sapiens OX=9606 GN=CHMP1B PE=1 SV=1
53.333333333333336,64,4995172.137408513,1455173.046413355,10154079.633415658,203.2778721952829,150798.383737992,66902938.5901159,FAM98B,Q52LJ0,Protein FAM98B OS=Homo sapiens OX=9606 GN=FAM98B PE=1 SV=2
20.833333333333336,25,746713.1441265455,763165.019934487,352288.2896778151,47.17853066452956,170175.557357679,1383900.0525445,APBB1IP,Q7Z5R6,Amyloid beta A4 precursor protein-binding family B member 1-interacting protein OS=Homo sapiens OX=9606 GN=APBB1IP PE=1 SV=1
0.0,0,,,,,,,PEX5L,Q8IYB4,PEX5-related protein OS=Homo sapiens OX=9606 GN=PEX5L PE=1 SV=2
30.0,36,293718.06322157086,157598.9322302365,454822.58063161373,154.8500543831079,12622.4887402912,1998926.31011716,RPSA,A0A8V8TLA4,Small ribosomal subunit protein uS2 OS=Homo sapiens OX=9606 GN=RPSA PE=1 SV=1
0.0,0,,,,,,,CYBA,A0A8Q3WL20,Cytochrome b-245 light chain OS=Homo sapiens OX=9606 GN=CYBA PE=1 SV=1
54.166666666666664,65,805361.4830054558,799353.749268375,271314.9315110912,33.688590432534156,153558.440767185,1651056.3812201,ACAD8,Q9UKU7,"Isobutyryl-CoA dehydrogenase, mitochondrial OS=Homo sapiens OX=9606 GN=ACAD8 PE=1 SV=1"
13.333333333333334,16,381351.70748911065,313991.150744237,180255.70065097857,47.26757402971002,230774.279166531,878017.710397801,HNRNPL,P14866,Heterogeneous nuclear ribonucleoprotein L OS=Homo sapiens OX=9606 GN=HNRNPL PE=1 SV=2
0.0,0,,,,,,,LFNG,Q8NES3,"Beta-1,3-N-acetylglucosaminyltransferase lunatic fringe OS=Homo sapiens OX=9606 GN=LFNG PE=1 SV=2"
5.833333333333333,7,2299061.2335127876,1011758.27274029,3465411.3889057795,150.73158289093934,629728.712491792,10122480.5991023,GNL3L,Q9NVN8,Guanine nucleotide-binding protein-like 3-like protein OS=Homo sapiens OX=9606 GN=GNL3L PE=1 SV=1
20.833333333333336,25,780668.7399187903,585429.308351916,564604.537990372,72.32319024956801,177472.553355274,2646190.28072576,,C9JWU6,Melanopsin OS=Homo sapiens OX=9606 PE=3 SV=2
5.0,6,472593.6489387327,430346.496474006,151403.50867312396,32.03672097860799,320315.309828463,755720.116446604,RNASEL,Q05823,2-5A-dependent ribonuclease OS=Homo sapiens OX=9606 GN=RNASEL PE=1 SV=2
0.0,0,,,,,,,NEFM,P07197,Neurofilament medium polypeptide OS=Homo sapiens OX=9606 GN=NEFM PE=1 SV=3
38.333333333333336,46,2121450.4600155465,1475272.060369225,1917224.2514716,90.37327468196217,501352.25509177,8951186.52788351,LRRC31,Q6UY01,Leucine-rich repeat-containing protein 31 OS=Homo sapiens OX=9606 GN=LRRC31 PE=1 SV=1
100.0,120,31800242.77006301,29849043.1897455,10475898.90554773,32.94282682461098,3386138.77020558,64676948.9926568,TSPAN33,Q86UF1,Tetraspanin-33 OS=Homo sapiens OX=9606 GN=TSPAN33 PE=1 SV=1
100.0,120,9174284.441596935,9094696.185399003,3262221.502666779,35.55832090703017,3024132.85324662,19505070.4985657,ATP5F1B,P06576,"ATP synthase subunit beta, mitochondrial OS=Homo sapiens OX=9606 GN=ATP5F1B PE=1 SV=3"
0.0,0,,,,,,,LY6D,Q14210,Lymphocyte antigen 6D OS=Homo sapiens OX=9606 GN=LY6D PE=1 SV=1
70.83333333333334,85,936101.8216443745,517548.5512898,1539653.598660607,164.47501362149063,263081.539359719,13181964.7155176,SCFD1,A0A7I2V4B8,Sec1 family domain containing 1 OS=Homo sapiens OX=9606 GN=SCFD1 PE=1 SV=1
0.0,0,,,,,,,GLO1,Q04760,Lactoylglutathione lyase OS=Homo sapiens OX=9606 GN=GLO1 PE=1 SV=4
0.0,0,,,,,,,COPS5,Q92905,COP9 signalosome complex subunit 5 OS=Homo sapiens OX=9606 GN=COPS5 PE=1 SV=4
0.0,0,,,,,,,RIT1,A0A494C0S1,Ras like without CAAX 1 OS=Homo sapiens OX=9606 GN=RIT1 PE=1 SV=1
30.833333333333336,37,669738.2188804972,382323.387707226,914741.1150120678,136.58188964355446,150893.418006093,4926007.94108612,,A0A0G2JRQ6,Ig-like domain-containing protein (Fragment) OS=Homo sapiens OX=9606 PE=1 SV=4
68.33333333333333,82,586985.7427233246,514001.7159204795,367763.6403309765,62.652908505875196,26681.6264697057,1849458.34304838,RPS25,P62851,Small ribosomal subunit protein eS25 OS=Homo sapiens OX=9606 GN=RPS25 PE=1 SV=1
50.83333333333333,61,3231179.461209683,2656399.55920299,2190469.639475104,67.79164282800436,265411.696454036,9678279.54614808,BAIAP2L1,Q9UHR4,BAR/IMD domain-containing adapter protein 2-like 1 OS=Homo sapiens OX=9606 GN=BAIAP2L1 PE=1 SV=2
29.166666666666668,35,548082.5011824196,480949.082945901,202128.04693826984,36.87912796015268,324888.646430191,1178155.67640118,SH3GL1,Q99961,Endophilin-A2 OS=Homo sapiens OX=9606 GN=SH3GL1 PE=1 SV=1
45.83333333333333,55,822301.7881921979,653821.38788011,565669.1782778015,68.7909459033776,190134.73889128,3042280.34124679,BNIP2,H7C096,BCL2 interacting protein 2 OS=Homo sapiens OX=9606 GN=BNIP2 PE=1 SV=2
39.166666666666664,47,976137.7578230869,427844.896415508,1342190.6850265686,137.50012990172894,186697.099770756,6679559.83310991,TBC1D1,A0A8V8TNS9,TBC1 domain family member 1 OS=Homo sapiens OX=9606 GN=TBC1D1 PE=1 SV=1
0.0,0,,,,,,,ANKRD31,D6RJB7,Ankyrin repeat domain 31 OS=Homo sapiens OX=9606 GN=ANKRD31 PE=1 SV=2
8.333333333333332,10,1659391.9432985708,1641868.48244624,534699.974739984,32.222644981456114,981635.198667907,2405162.23142392,ARPC2,O15144,Actin-related protein 2/3 complex subunit 2 OS=Homo sapiens OX=9606 GN=ARPC2 PE=1 SV=1
0.0,0,,,,,,,RPAP1,Q9BWH6,RNA polymerase II-associated protein 1 OS=Homo sapiens OX=9606 GN=RPAP1 PE=1 SV=3
0.0,0,,,,,,,CEP41,A0A6Q8PF12,Centrosomal protein 41 OS=Homo sapiens OX=9606 GN=CEP41 PE=1 SV=1
0.0,0,,,,,,,PARK7,Q99497,Parkinson disease protein 7 OS=Homo sapiens OX=9606 GN=PARK7 PE=1 SV=2
0.0,0,,,,,,,TTC39C,Q8N584,Tetratricopeptide repeat protein 39C OS=Homo sapiens OX=9606 GN=TTC39C PE=1 SV=2
50.0,60,893841.1669230156,712812.5530174675,689589.7477461135,77.14902527033712,63155.1740984964,2861258.77763574,HP1BP3,Q5SSJ5,Heterochromatin protein 1-binding protein 3 OS=Homo sapiens OX=9606 GN=HP1BP3 PE=1 SV=1
0.0,0,,,,,,,GPD1,P21695,"Glycerol-3-phosphate dehydrogenase [NAD(+)], cytoplasmic OS=Homo sapiens OX=9606 GN=GPD1 PE=1 SV=4"
0.0,0,,,,,,,MTMR14,Q8NCE2,"Phosphatidylinositol-3,5-bisphosphate 3-phosphatase MTMR14 OS=Homo sapiens OX=9606 GN=MTMR14 PE=1 SV=2"
0.0,0,,,,,,,CHML,P26374,Rab proteins geranylgeranyltransferase component A 2 OS=Homo sapiens OX=9606 GN=CHML PE=1 SV=2
59.166666666666664,71,1883696.1397159535,1737175.98523009,1369337.7993188465,72.6941978829628,152004.122321788,9651275.00736946,RIC8A,Q9NPQ8,Chaperone Ric-8A OS=Homo sapiens OX=9606 GN=RIC8A PE=1 SV=3
0.0,0,,,,,,,TBC1D5,Q92609,TBC1 domain family member 5 OS=Homo sapiens OX=9606 GN=TBC1D5 PE=1 SV=1
50.83333333333333,61,20510020.337789103,16960349.1229655,14419745.626197886,70.30585727713752,738832.81061297,80483826.1443319,CENPF,P49454,Centromere protein F OS=Homo sapiens OX=9606 GN=CENPF PE=1 SV=3
97.5,117,7002352.896257765,5527460.53834573,6316955.510025869,90.21189882334852,1686487.48054696,63629887.6129335,ERICH6B,Q5W0A0,Glutamate-rich protein 6B OS=Homo sapiens OX=9606 GN=ERICH6B PE=1 SV=1
5.0,6,7419743.70153167,7546108.39088654,1346559.4576221262,18.14832845700794,5146606.67538517,9106300.06655527,SLC4A10,Q6U841,Sodium-driven chloride bicarbonate exchanger OS=Homo sapiens OX=9606 GN=SLC4A10 PE=1 SV=1
28.333333333333332,34,226689.80302907605,109388.1560484925,253513.6073699164,111.83282352466459,68573.2796064159,1451679.58811872,TNNC2,P02585,"Troponin C, skeletal muscle OS=Homo sapiens OX=9606 GN=TNNC2 PE=1 SV=2"
34.166666666666664,41,1576077.1843928664,695676.31685797,2220230.023066572,140.87064041358133,335165.112296562,9611420.24439403,KDM5C,P41229,Lysine-specific demethylase 5C OS=Homo sapiens OX=9606 GN=KDM5C PE=1 SV=2
0.0,0,,,,,,,EIF1,K7EM18,Eukaryotic translation initiation factor 1 OS=Homo sapiens OX=9606 GN=EIF1 PE=1 SV=1
0.0,0,,,,,,,SHCBP1,Q8NEM2,SHC SH2 domain-binding protein 1 OS=Homo sapiens OX=9606 GN=SHCBP1 PE=1 SV=3
0.0,0,,,,,,,PLA1A,Q53H76,Phospholipase A1 member A OS=Homo sapiens OX=9606 GN=PLA1A PE=1 SV=2
28.333333333333332,34,957130.1517021518,889487.3940963035,413104.8407563492,43.160780174116056,304737.75,2319470.93217548,ARHGAP29,Q52LW3,Rho GTPase-activating protein 29 OS=Homo sapiens OX=9606 GN=ARHGAP29 PE=1 SV=2
60.83333333333333,73,1761272.5533229378,1574768.24992829,744847.018910579,42.29027571600429,310689.558992885,4259042.16377814,TXLNA,P40222,Alpha-taxilin OS=Homo sapiens OX=9606 GN=TXLNA PE=1 SV=3
0.0,0,,,,,,,SENP1,Q9P0U3,Sentrin-specific protease 1 OS=Homo sapiens OX=9606 GN=SENP1 PE=1 SV=2
89.16666666666667,107,2911383.35978775,3107296.99026237,1046917.6868867001,35.959458357384584,689917.117660953,4770074.84927876,RP1,P56715,Oxygen-regulated protein 1 OS=Homo sapiens OX=9606 GN=RP1 PE=1 SV=1
9.166666666666666,11,350453.98001602426,318571.340657844,118417.08067262016,33.78962358116338,231370.523824391,620601.076563271,ABCB9,Q9NP78,ABC-type oligopeptide transporter ABCB9 OS=Homo sapiens OX=9606 GN=ABCB9 PE=1 SV=1
98.33333333333333,118,11332759.391048925,10872352.24437765,3417589.9350722814,30.156732505691714,4804058.27472656,21552641.3684104,PSMB8,P28062,Proteasome subunit beta type-8 OS=Homo sapiens OX=9606 GN=PSMB8 PE=1 SV=3
100.0,120,9708454.007664414,7652537.672851371,7038102.849379749,72.4945788878792,1600243.57811627,39549924.0668989,ATN1,P54259,Atrophin-1 OS=Homo sapiens OX=9606 GN=ATN1 PE=1 SV=3
0.0,0,,,,,,,PPP2R3A,Q06190,Serine/threonine-protein phosphatase 2A regulatory subunit B'' subunit alpha OS=Homo sapiens OX=9606 GN=PPP2R3A PE=1 SV=1
0.0,0,,,,,,,DSG3,P32926,Desmoglein-3 OS=Homo sapiens OX=9606 GN=DSG3 PE=1 SV=2
26.666666666666668,32,554894.5855753203,458947.88110582996,286906.1877181425,51.70462916315452,148954.134165902,1369998.30464727,ALOX5,P09917,Polyunsaturated fatty acid 5-lipoxygenase OS=Homo sapiens OX=9606 GN=ALOX5 PE=1 SV=2
45.0,54,1398292.336380807,1131632.710665035,783691.2345168071,56.04630835246021,529225.7441625,3778065.17877544,CTPS1,P17812,CTP synthase 1 OS=Homo sapiens OX=9606 GN=CTPS1 PE=1 SV=2
30.833333333333336,37,589449.172500385,561211.513374728,160919.12893863505,27.299915997172757,350712.324337692,1002980.5963605,ZBTB24,A0A8V8TNA6,Zinc finger and BTB domain containing 24 OS=Homo sapiens OX=9606 GN=ZBTB24 PE=1 SV=1
35.0,42,8972477.778439647,7375335.9809503555,12339297.344987057,137.52385516782985,940320.053065607,84810792.1127546,MYBPC3,Q14896,"Myosin-binding protein C, cardiac-type OS=Homo sapiens OX=9606 GN=MYBPC3 PE=1 SV=4"
43.333333333333336,52,1681428.9888196054,1494955.60671411,938830.3926224909,55.835268623598985,379183.994306512,4380425.85063852,NUGGC,Q68CJ6,Nuclear GTPase SLIP-GC OS=Homo sapiens OX=9606 GN=NUGGC PE=1 SV=3
0.0,0,,,,,,,MANBA,A0A2R8YEC9,Beta-mannosidase OS=Homo sapiens OX=9606 GN=MANBA PE=1 SV=1
48.333333333333336,58,582586.0260811844,578673.5068014464,171803.73767114105,29.489848705571237,284719.998452897,994725.907982305,PUM3,Q15397,Pumilio homolog 3 OS=Homo sapiens OX=9606 GN=PUM3 PE=1 SV=3
85.83333333333333,103,974967.0573708884,972795.248277337,333504.5143832047,34.206746972819595,234175.760816111,1925392.16412363,SRL,Q86TD4,Sarcalumenin OS=Homo sapiens OX=9606 GN=SRL PE=1 SV=3
6.666666666666667,8,1351108.2349177958,888136.3955850729,1033991.7648511027,76.52915866610886,556437.97184238,3151235.26478202,URB1,O60287,Nucleolar pre-ribosomal-associated protein 1 OS=Homo sapiens OX=9606 GN=URB1 PE=1 SV=4
20.833333333333336,25,582587.3187087115,467537.672590148,222329.4925789482,38.16243255547259,339717.084243151,1127418.26345584,NBEAL2,Q6ZNJ1,Neurobeachin-like protein 2 OS=Homo sapiens OX=9606 GN=NBEAL2 PE=1 SV=2
0.0,0,,,,,,,OSBP2,Q969R2,Oxysterol-binding protein 2 OS=Homo sapiens OX=9606 GN=OSBP2 PE=1 SV=2
51.66666666666667,62,1238614.2103315622,757643.4270967375,1183395.7646994079,95.54191731601618,292126.109495067,7337218.77823118,NINL,Q9Y2I6,Ninein-like protein OS=Homo sapiens OX=9606 GN=NINL PE=1 SV=2
0.0,0,,,,,,,WASHC5,Q12768,WASH complex subunit 5 OS=Homo sapiens OX=9606 GN=WASHC5 PE=1 SV=1
21.666666666666668,26,411119.9123458287,352785.722015614,175553.10584457463,42.7011926624711,215917.409985944,818942.714752382,COA3,Q9Y2R0,"Cytochrome c oxidase assembly factor 3 homolog, mitochondrial OS=Homo sapiens OX=9606 GN=COA3 PE=1 SV=1"
95.83333333333334,115,5903792.538639152,5782213.9285325,1606218.009746449,27.20654561003068,2684253.09291815,10289829.8280774,RXFP1,B4DGP2,Relaxin family peptide receptor 1 OS=Homo sapiens OX=9606 GN=RXFP1 PE=1 SV=1
28.333333333333332,34,38855409.14658038,46227669.293079,23678009.001237802,60.93877151547553,503377.787838477,76585682.1327912,MARCHF6,O60337,E3 ubiquitin-protein ligase MARCHF6 OS=Homo sapiens OX=9606 GN=MARCHF6 PE=1 SV=2
99.16666666666667,119,3706483.7594675743,3406766.72971688,1618307.0633602445,43.66151771814885,20034.0806038586,13226211.550666,COPB2,P35606,Coatomer subunit beta' OS=Homo sapiens OX=9606 GN=COPB2 PE=1 SV=2
0.0,0,,,,,,,UBP1,F8WEP8,Upstream binding protein 1 OS=Homo sapiens OX=9606 GN=UBP1 PE=1 SV=1
90.0,108,8368879.113334434,7452536.78584842,3643148.488238531,43.5320959820506,2294915.26130404,19361546.8556866,BRINP3,Q76B58,BMP/retinoic acid-inducible neural-specific protein 3 OS=Homo sapiens OX=9606 GN=BRINP3 PE=1 SV=1
67.5,81,7125143.227787411,6373405.84610759,3835765.3604672337,53.834221121451954,2121417.354693,23867762.3996502,TOMM20L,Q6UXN7,TOMM20-like protein 1 OS=Homo sapiens OX=9606 GN=TOMM20L PE=1 SV=1
100.0,120,12610180.889376028,7835177.1291144695,41810217.917357355,331.55922412328056,1815371.46526422,462559023.599432,IL1RAP,Q9NPH3,Interleukin-1 receptor accessory protein OS=Homo sapiens OX=9606 GN=IL1RAP PE=1 SV=2
78.33333333333333,94,445138.50041849347,448297.936206002,176120.00784105223,39.56521569701888,54300.1457403853,1035617.12506369,HCLS1,P14317,Hematopoietic lineage cell-specific protein OS=Homo sapiens OX=9606 GN=HCLS1 PE=1 SV=3
97.5,117,1683404.1546146881,1551046.80004883,811939.7134366729,48.23201316278779,634538.142992238,8259897.06691354,DROSHA,Q9NRR4,Ribonuclease 3 OS=Homo sapiens OX=9606 GN=DROSHA PE=1 SV=2
60.83333333333333,73,5029548.518377095,3575063.62644527,4153174.0999404253,82.57548534953882,518685.507309373,17532370.050229,SNX33,Q8WV41,Sorting nexin-33 OS=Homo sapiens OX=9606 GN=SNX33 PE=1 SV=1
100.0,120,45054272.42414953,44914268.0537608,14893821.43952042,33.05751183662925,9413472.22768696,91242051.2979746,OLFML1,Q6UWY5,Olfactomedin-like protein 1 OS=Homo sapiens OX=9606 GN=OLFML1 PE=1 SV=2
47.5,57,376600.9587761027,260968.321401646,316596.70993443555,84.06688898597814,75417.4559617904,1503823.33308756,ZNF398,Q8TD17,Zinc finger protein 398 OS=Homo sapiens OX=9606 GN=ZNF398 PE=1 SV=1
0.0,0,,,,,,,TTC7A,Q9ULT0,Tetratricopeptide repeat protein 7A OS=Homo sapiens OX=9606 GN=TTC7A PE=1 SV=3
94.16666666666667,113,3011496.818999677,2614793.47467363,1851249.4240368435,61.47273383645045,977281.025075392,14808417.9745894,TRA,P0DTU3,T cell receptor alpha chain MC.7.G5 OS=Homo sapiens OX=9606 GN=TRA PE=1 SV=1
0.0,0,,,,,,,GPR148,Q8TDV2,Probable G-protein coupled receptor 148 OS=Homo sapiens OX=9606 GN=GPR148 PE=1 SV=2
0.0,0,,,,,,,PAX2,A0A0A0MRH7,Paired box 2 OS=Homo sapiens OX=9606 GN=PAX2 PE=1 SV=1
0.0,0,,,,,,,B3GALT2,O43825,"Beta-1,3-galactosyltransferase 2 OS=Homo sapiens OX=9606 GN=B3GALT2 PE=1 SV=1"
0.0,0,,,,,,,AFP,J3KMX3,Alpha-fetoprotein OS=Homo sapiens OX=9606 GN=AFP PE=1 SV=1
0.0,0,,,,,,,RILP,Q96NA2,Rab-interacting lysosomal protein OS=Homo sapiens OX=9606 GN=RILP PE=1 SV=1
0.0,0,,,,,,,TAB3,Q8N5C8,TGF-beta-activated kinase 1 and MAP3K7-binding protein 3 OS=Homo sapiens OX=9606 GN=TAB3 PE=1 SV=3
80.83333333333333,97,2400571.0590129746,2307569.34670521,857427.1490743146,35.71763251310948,397219.596707843,4628799.88780841,CRCP,O75575,DNA-directed RNA polymerase III subunit RPC9 OS=Homo sapiens OX=9606 GN=CRCP PE=1 SV=1
4.166666666666666,5,729914.2893021718,367284.868685703,900692.6527336377,123.39704345214793,4660.62114428244,2281300.60452443,SAMD14,J3KN99,Sterile alpha motif domain containing 14 (Fragment) OS=Homo sapiens OX=9606 GN=SAMD14 PE=1 SV=1
89.16666666666667,107,2146813.356697856,2089080.8944179,1103969.6922559561,51.42364560066083,477424.702955893,5555287.83576134,SLF2,Q8IX21,SMC5-SMC6 complex localization factor protein 2 OS=Homo sapiens OX=9606 GN=SLF2 PE=1 SV=2
95.0,114,1626781.2409316495,1515714.399234995,539376.6811470987,33.156067181977114,771053.334476346,3694317.33870884,CDKN2AIP,Q9NXV6,CDKN2A-interacting protein OS=Homo sapiens OX=9606 GN=CDKN2AIP PE=1 SV=3
0.0,0,,,,,,,MFAP2,P55001,Microfibrillar-associated protein 2 OS=Homo sapiens OX=9606 GN=MFAP2 PE=1 SV=1
98.33333333333333,118,9872165.006550666,9635685.212057896,3791237.42206819,38.403302817087415,1263929.0975686,21698052.0082646,CHD1L,A0A494C1F7,Chromodomain helicase DNA binding protein 1 like (Fragment) OS=Homo sapiens OX=9606 GN=CHD1L PE=1 SV=1
22.5,27,277942.38147212466,238139.513003061,168664.52589495454,60.68327003662455,57532.8965895928,844192.371959116,HSPA9,P38646,"Stress-70 protein, mitochondrial OS=Homo sapiens OX=9606 GN=HSPA9 PE=1 SV=2"
98.33333333333333,118,10508223.343138648,9596115.802059865,4121760.365870508,39.22414123945904,1148878.18888713,21380003.0951935,TRIM33,Q9UPN9,E3 ubiquitin-protein ligase TRIM33 OS=Homo sapiens OX=9606 GN=TRIM33 PE=1 SV=3
0.0,0,,,,,,,SLC1A2,A0A2R8YD46,Amino acid transporter OS=Homo sapiens OX=9606 GN=SLC1A2 PE=1 SV=1
0.0,0,,,,,,,TP73,O15350,Tumor protein p73 OS=Homo sapiens OX=9606 GN=TP73 PE=1 SV=1
0.0,0,,,,,,,MST1,G3XAK1,Macrophage stimulating 1 OS=Homo sapiens OX=9606 GN=MST1 PE=1 SV=1
11.666666666666666,14,3964865.0317777,2985847.054303745,3245131.903156253,81.84722246903964,870836.144352599,12628702.5273095,BLTP3A,Q6BDS2,Bridge-like lipid transfer protein family member 3A OS=Homo sapiens OX=9606 GN=BLTP3A PE=1 SV=1
43.333333333333336,52,1011348.0735493491,860869.315627072,507067.11036799924,50.13774422770547,269961.966440845,2609112.64513212,BLM,P54132,RecQ-like DNA helicase BLM OS=Homo sapiens OX=9606 GN=BLM PE=1 SV=1
1.6666666666666667,2,134103747.24429443,134103747.24429443,188642630.69038752,140.66917186642112,713263.862251886,267494230.626337,TLL2,Q9Y6L7,Tolloid-like protein 2 OS=Homo sapiens OX=9606 GN=TLL2 PE=1 SV=1
97.5,117,2229701.2483716845,2081780.84720175,889031.2603340152,39.87221431495635,497129.290531028,5349536.9984686,SRSF5,Q13243,Serine/arginine-rich splicing factor 5 OS=Homo sapiens OX=9606 GN=SRSF5 PE=1 SV=1
100.0,120,93195645.9809386,87835656.8082042,38825916.684358366,41.660655147236675,9130.08234610031,190064428.510482,TG,P01266,Thyroglobulin OS=Homo sapiens OX=9606 GN=TG PE=1 SV=5
14.166666666666666,17,377960.6122896442,385381.703192285,104044.63632357055,27.527904480120156,173815.359813045,574134.380481964,NSF,K7EQD6,Vesicle-fusing ATPase OS=Homo sapiens OX=9606 GN=NSF PE=1 SV=2
67.5,81,4270034.777736576,4213891.83696955,1344208.1549802702,31.480028265549553,1623818.35015523,7906256.40727757,RNF17,Q9BXT8,RING finger protein 17 OS=Homo sapiens OX=9606 GN=RNF17 PE=1 SV=3
22.5,27,1061862.507056166,962383.82253744,792291.6377362666,74.61339226796518,480594.401120383,4704479.29630124,UBN2,Q6ZU65,Ubinuclein-2 OS=Homo sapiens OX=9606 GN=UBN2 PE=1 SV=2
0.0,0,,,,,,,RNF220,Q5VTB9,E3 ubiquitin-protein ligase RNF220 OS=Homo sapiens OX=9606 GN=RNF220 PE=1 SV=1
100.0,120,5613260.358143671,5640999.6837307345,1495754.5658965062,26.64680542969075,1591036.34299858,8972135.47129232,SLC22A1,O15245,Solute carrier family 22 member 1 OS=Homo sapiens OX=9606 GN=SLC22A1 PE=1 SV=2
14.166666666666666,17,82398.63836803063,81750.7758979521,42032.90129341604,51.01164549064217,20478.7883279125,200044.918523117,RTL4,Q6ZR62,Retrotransposon Gag-like protein 4 OS=Homo sapiens OX=9606 GN=RTL4 PE=1 SV=2
32.5,39,717238.7086369934,700888.201784768,225205.02718464046,31.398894743510077,398755.199367331,1199875.22294752,MELK,Q14680,Maternal embryonic leucine zipper kinase OS=Homo sapiens OX=9606 GN=MELK PE=1 SV=3
43.333333333333336,52,633288.5385675476,509719.130955918,409180.07504170923,64.61195018107301,199129.804256359,2270751.10757208,MACF1,H3BQK9,Microtubule actin crosslinking factor 1 OS=Homo sapiens OX=9606 GN=MACF1 PE=1 SV=1
100.0,120,163637480.94871992,163899329.2748295,68457087.59229688,41.834601214467305,22107316.0551528,351671804.786266,POC1A,Q8NBT0,POC1 centriolar protein homolog A OS=Homo sapiens OX=9606 GN=POC1A PE=1 SV=2
0.0,0,,,,,,,SSX1,Q16384,Protein SSX1 OS=Homo sapiens OX=9606 GN=SSX1 PE=1 SV=2
0.0,0,,,,,,,LINC02915,Q8N8G6,Putative uncharacterized protein encoded by LINC02915 OS=Homo sapiens OX=9606 GN=LINC02915 PE=2 SV=1
90.0,108,3496791.5299587245,3485478.9837880097,1165590.9910932148,33.33315644089807,260230.691920814,6835498.20595754,CUBN,O60494,Cubilin OS=Homo sapiens OX=9606 GN=CUBN PE=1 SV=5
20.833333333333336,25,933683.3737913893,674121.423916966,523960.3461042964,56.117561992847875,443567.649281808,2325697.57142779,NAV3,Q8IVL0,Neuron navigator 3 OS=Homo sapiens OX=9606 GN=NAV3 PE=1 SV=3
0.0,0,,,,,,,PSMA4,P25789,Proteasome subunit alpha type-4 OS=Homo sapiens OX=9606 GN=PSMA4 PE=1 SV=1
0.0,0,,,,,,,TSG101,Q99816,Tumor susceptibility gene 101 protein OS=Homo sapiens OX=9606 GN=TSG101 PE=1 SV=2
0.0,0,,,,,,,CTSB,E9PHZ5,Cathepsin B OS=Homo sapiens OX=9606 GN=CTSB PE=1 SV=9
0.0,0,,,,,,,NTN4,Q9HB63,Netrin-4 OS=Homo sapiens OX=9606 GN=NTN4 PE=1 SV=2
48.333333333333336,58,1681368.051237393,1586308.848041,792091.1000050562,47.10991739269231,235099.083924064,4011010.52727138,CER1,O95813,Cerberus OS=Homo sapiens OX=9606 GN=CER1 PE=1 SV=1
97.5,117,34615226.746670075,27067440.4199659,24152061.153640736,69.77293932059573,9701.57830705422,150040658.70346,TTC24,A2A3L6,Tetratricopeptide repeat protein 24 OS=Homo sapiens OX=9606 GN=TTC24 PE=1 SV=1
100.0,120,39789654.1296243,39783634.78427185,12566946.169471134,31.583451639291223,7084384.50746335,65495492.0,MLPH,H7C052,Melanophilin (Fragment) OS=Homo sapiens OX=9606 GN=MLPH PE=1 SV=1
17.5,21,116406.31866963174,74468.8580989754,110013.40277505181,94.50810233701881,20707.8758094912,344500.42298641,TOP1,P11387,DNA topoisomerase 1 OS=Homo sapiens OX=9606 GN=TOP1 PE=1 SV=2
90.83333333333333,109,1552239.525274898,1029700.38760823,1946718.8848850739,125.41356235213212,185844.300175914,18130388.5637227,TMEM14C,Q9P0S9,Transmembrane protein 14C OS=Homo sapiens OX=9606 GN=TMEM14C PE=1 SV=1
25.833333333333336,31,269019.45245038834,154559.501036992,325897.43412510597,121.14270219370357,62267.6864344663,1787757.51832308,NIBAN1,Q9BZQ8,Protein Niban 1 OS=Homo sapiens OX=9606 GN=NIBAN1 PE=1 SV=1
31.666666666666664,38,342065.6810527406,258965.713468469,221094.5164610506,64.63510626982824,91199.3550280402,1059673.64953275,OSBPL8,Q9BZF1,Oxysterol-binding protein-related protein 8 OS=Homo sapiens OX=9606 GN=OSBPL8 PE=1 SV=3
95.83333333333334,115,608647.331815141,576938.752638064,197744.3690235084,32.48915401202605,3834.3845245742,1185279.60353032,ZNF25,P17030,Zinc finger protein 25 OS=Homo sapiens OX=9606 GN=ZNF25 PE=1 SV=2
92.5,111,1174415.770890812,1172161.93150549,448231.97320719506,38.166378919384265,184756.573149485,2155570.87355668,PHF13,Q86YI8,PHD finger protein 13 OS=Homo sapiens OX=9606 GN=PHF13 PE=1 SV=2
0.0,0,,,,,,,RPL7,P18124,Large ribosomal subunit protein uL30 OS=Homo sapiens OX=9606 GN=RPL7 PE=1 SV=1
0.0,0,,,,,,,GRB2,P62993,Growth factor receptor-bound protein 2 OS=Homo sapiens OX=9606 GN=GRB2 PE=1 SV=1
0.0,0,,,,,,,ACTL7A,Q9Y615,Actin-like protein 7A OS=Homo sapiens OX=9606 GN=ACTL7A PE=1 SV=1
0.0,0,,,,,,,CHAD,O15335,Chondroadherin OS=Homo sapiens OX=9606 GN=CHAD PE=1 SV=2
99.16666666666667,119,7525996.4043349335,6699009.33653901,3543261.5592308175,47.0802983268756,3150211.05733087,22273279.2757441,DICER1,A0A8Q3SJI0,Endoribonuclease Dicer OS=Homo sapiens OX=9606 GN=DICER1 PE=1 SV=1
0.0,0,,,,,,,TMEM53,Q6P2H8,Transmembrane protein 53 OS=Homo sapiens OX=9606 GN=TMEM53 PE=1 SV=1
2.5,3,29912984.791634038,20547388.4425365,35174967.08730131,117.59096369794204,368710.152954122,68822855.7794115,ANKRD30A,Q5W026,Ankyrin repeat domain 30A OS=Homo sapiens OX=9606 GN=ANKRD30A PE=1 SV=2
95.83333333333334,115,4080544.7767499257,3516186.23745323,2489690.0052243164,61.01366708215137,969684.096792032,13542875.3606836,RB1,P06400,Retinoblastoma-associated protein OS=Homo sapiens OX=9606 GN=RB1 PE=1 SV=2
0.0,0,,,,,,,ZRANB3,Q5FWF4,DNA annealing helicase and endonuclease ZRANB3 OS=Homo sapiens OX=9606 GN=ZRANB3 PE=1 SV=2
50.83333333333333,61,733607.8453222406,429846.903363719,2039879.598692708,278.0613118711512,166943.064068748,16321555.1801404,RGS2,P41220,Regulator of G-protein signaling 2 OS=Homo sapiens OX=9606 GN=RGS2 PE=1 SV=1
0.0,0,,,,,,,INSL6,Q9Y581,Insulin-like peptide INSL6 OS=Homo sapiens OX=9606 GN=INSL6 PE=1 SV=2
0.0,0,,,,,,,COL6A1,P12109,Collagen alpha-1(VI) chain OS=Homo sapiens OX=9606 GN=COL6A1 PE=1 SV=3
0.0,0,,,,,,,MGAT3,Q09327,"Beta-1,4-mannosyl-glycoprotein 4-beta-N-acetylglucosaminyltransferase OS=Homo sapiens OX=9606 GN=MGAT3 PE=1 SV=3"
19.166666666666668,23,92152.5088923022,55262.0019060593,81090.609454216,87.99609520017069,24463.5975507443,344303.734515471,IRF2,K4DIA4,Interferon regulatory factor 2 OS=Homo sapiens OX=9606 GN=IRF2 PE=1 SV=2
1.6666666666666667,2,250717.09741910148,250717.09741910148,81979.91863908224,32.69817634416998,192748.541028285,308685.653809918,NEMF,O60524,Ribosome quality control complex subunit NEMF OS=Homo sapiens OX=9606 GN=NEMF PE=1 SV=4
0.0,0,,,,,,,PIWIL2,Q8TC59,Piwi-like protein 2 OS=Homo sapiens OX=9606 GN=PIWIL2 PE=1 SV=1
13.333333333333334,16,950260.8927408708,546241.732823442,1514993.8690737213,159.4292557598547,272539.427538174,6551347.59153902,CDC37,Q16543,Hsp90 co-chaperone Cdc37 OS=Homo sapiens OX=9606 GN=CDC37 PE=1 SV=1
0.0,0,,,,,,,ANKZF1,Q9H8Y5,tRNA endonuclease ANKZF1 OS=Homo sapiens OX=9606 GN=ANKZF1 PE=1 SV=1
0.0,0,,,,,,,TXNL1,O43396,Thioredoxin-like protein 1 OS=Homo sapiens OX=9606 GN=TXNL1 PE=1 SV=3
80.0,96,8255610.020174578,6103629.950842195,9891058.672736757,119.81014908123765,834218.606173566,84129432.1553955,PAPPA,Q13219,Pappalysin-1 OS=Homo sapiens OX=9606 GN=PAPPA PE=1 SV=3
99.16666666666667,119,12209737.926954929,12219798.8455441,3355143.0049016285,27.47923849777823,4252287.52018683,19422866.6962655,CHODL,Q9H9P2,Chondrolectin OS=Homo sapiens OX=9606 GN=CHODL PE=1 SV=2
0.0,0,,,,,,,CNOT10,H7C0K1,CCR4-NOT transcription complex subunit 10 (Fragment) OS=Homo sapiens OX=9606 GN=CNOT10 PE=1 SV=1
0.0,0,,,,,,,ARNT2,Q9HBZ2,Aryl hydrocarbon receptor nuclear translocator 2 OS=Homo sapiens OX=9606 GN=ARNT2 PE=1 SV=2
0.0,0,,,,,,,RYR3,A0A1B0GTF2,Ryanodine receptor 3 (Fragment) OS=Homo sapiens OX=9606 GN=RYR3 PE=1 SV=1
21.666666666666668,26,1254832.5757146974,1046114.8946391749,690276.1959489111,55.009425903352906,363054.197514834,3100699.27161626,SOD2,P04179,"Superoxide dismutase [Mn], mitochondrial OS=Homo sapiens OX=9606 GN=SOD2 PE=1 SV=3"
0.0,0,,,,,,,CLCN6,P51797,H(+)/Cl(-) exchange transporter 6 OS=Homo sapiens OX=9606 GN=CLCN6 PE=1 SV=2
37.5,45,1892637.745979017,1768391.07008506,894450.0428968016,47.25944226765506,466431.878075171,5978348.78183361,TFDP1,Q14186,Transcription factor Dp-1 OS=Homo sapiens OX=9606 GN=TFDP1 PE=1 SV=1
0.0,0,,,,,,,SPATS1,Q496A3,Spermatogenesis-associated serine-rich protein 1 OS=Homo sapiens OX=9606 GN=SPATS1 PE=1 SV=2
0.0,0,,,,,,,LRRK1,Q38SD2,Leucine-rich repeat serine/threonine-protein kinase 1 OS=Homo sapiens OX=9606 GN=LRRK1 PE=1 SV=3
0.0,0,,,,,,,GOLPH3L,Q9H4A5,Golgi phosphoprotein 3-like OS=Homo sapiens OX=9606 GN=GOLPH3L PE=1 SV=1
10.0,12,396913.7356661682,364110.0630546735,140565.17866365347,35.414541254848,244597.5778469,732623.441403694,SLC39A10,Q9ULF5,Zinc transporter ZIP10 OS=Homo sapiens OX=9606 GN=SLC39A10 PE=1 SV=2
93.33333333333333,112,9184908.797779286,9115484.921608595,2970218.0465571415,32.33802438272742,3339506.43585714,16799726.6113809,LIPJ,Q5W064,Lipase member J OS=Homo sapiens OX=9606 GN=LIPJ PE=2 SV=3
25.833333333333336,31,252955.52740766451,221998.095004035,135467.31001489237,53.55380505149924,72912.4933100772,661845.818138084,HDAC6,Q9UBN7,Histone deacetylase 6 OS=Homo sapiens OX=9606 GN=HDAC6 PE=1 SV=2
0.0,0,,,,,,,HMG20B,Q9P0W2,SWI/SNF-related matrix-associated actin-dependent regulator of chromatin subfamily E member 1-related OS=Homo sapiens OX=9606 GN=HMG20B PE=1 SV=1
0.0,0,,,,,,,FAM169A,Q9Y6X4,Soluble lamin-associated protein of 75 kDa OS=Homo sapiens OX=9606 GN=FAM169A PE=1 SV=2
35.0,42,871882.4654029551,819329.2613115974,317388.5610791419,36.40267738753703,363933.008765058,1540785.28339354,LGALS3BP,Q08380,Galectin-3-binding protein OS=Homo sapiens OX=9606 GN=LGALS3BP PE=1 SV=1
0.0,0,,,,,,,ANAPC1,Q9H1A4,Anaphase-promoting complex subunit 1 OS=Homo sapiens OX=9606 GN=ANAPC1 PE=1 SV=1
0.0,0,,,,,,,ZDBF2,Q9HCK1,DBF4-type zinc finger-containing protein 2 OS=Homo sapiens OX=9606 GN=ZDBF2 PE=1 SV=3
9.166666666666666,11,1519903.8030413885,1368232.01946351,841142.0990587998,55.34179843327194,221262.308522285,3109403.91501035,SNRNP200,O75643,U5 small nuclear ribonucleoprotein 200 kDa helicase OS=Homo sapiens OX=9606 GN=SNRNP200 PE=1 SV=2
0.0,0,,,,,,,PUS10,Q3MIT2,tRNA pseudouridine synthase Pus10 OS=Homo sapiens OX=9606 GN=PUS10 PE=1 SV=1
19.166666666666668,23,630288.8323947347,429888.043804458,644941.7547335371,102.3247948536752,219859.699553832,3336940.22260362,SCGB3A2,Q96PL1,Secretoglobin family 3A member 2 OS=Homo sapiens OX=9606 GN=SCGB3A2 PE=1 SV=1
9.166666666666666,11,264147.9018352422,250351.465108349,90007.03308573546,34.07448344673047,143408.850016031,412378.314600878,ACP1,P24666,Low molecular weight phosphotyrosine protein phosphatase OS=Homo sapiens OX=9606 GN=ACP1 PE=1 SV=3
59.166666666666664,71,762902.0036611638,731074.291279024,413225.00807683053,54.164886983356354,91066.5586851058,1785617.62291764,CENPE,Q02224,Centromere-associated protein E OS=Homo sapiens OX=9606 GN=CENPE PE=1 SV=2
100.0,120,16183004.395178543,15777711.79967605,7820673.057755354,48.32645945573242,3580282.41421224,45385715.7422471,HK3,P52790,Hexokinase-3 OS=Homo sapiens OX=9606 GN=HK3 PE=1 SV=2
0.0,0,,,,,,,DRG2,P55039,Developmentally-regulated GTP-binding protein 2 OS=Homo sapiens OX=9606 GN=DRG2 PE=1 SV=1
0.0,0,,,,,,,ZFYVE19,Q96K21,Abscission/NoCut checkpoint regulator OS=Homo sapiens OX=9606 GN=ZFYVE19 PE=1 SV=3
10.833333333333334,13,361948.10086540383,353517.36600385,98636.82206310143,27.251647909538583,214086.213322822,511702.895810723,STRAP,Q9Y3F4,Serine-threonine kinase receptor-associated protein OS=Homo sapiens OX=9606 GN=STRAP PE=1 SV=1
0.0,0,,,,,,,RACK1,P63244,Small ribosomal subunit protein RACK1 OS=Homo sapiens OX=9606 GN=RACK1 PE=1 SV=3
15.0,18,457620.5213940845,393192.70222069847,193585.90553352152,42.30271512819965,237360.922647223,931446.588480208,VAV1,P15498,Proto-oncogene vav OS=Homo sapiens OX=9606 GN=VAV1 PE=1 SV=4
0.0,0,,,,,,,FAT4,A0A6Q8JR05,FAT atypical cadherin 4 OS=Homo sapiens OX=9606 GN=FAT4 PE=1 SV=1
50.83333333333333,61,1169592.8763365927,928315.547435418,667423.8469324491,57.064629961064654,460909.880041507,3212877.22960343,AKT1,A0AAQ5BHJ3,non-specific serine/threonine protein kinase OS=Homo sapiens OX=9606 GN=AKT1 PE=1 SV=1
0.0,0,,,,,,,LCE3B,Q5TA77,Late cornified envelope protein 3B OS=Homo sapiens OX=9606 GN=LCE3B PE=1 SV=1
0.0,0,,,,,,,ZNF212,Q9UDV6,Zinc finger protein 212 OS=Homo sapiens OX=9606 GN=ZNF212 PE=1 SV=3
0.0,0,,,,,,,LTA4H,P09960,Leukotriene A-4 hydrolase OS=Homo sapiens OX=9606 GN=LTA4H PE=1 SV=2
0.0,0,,,,,,,C1orf52,Q8N6N3,UPF0690 protein C1orf52 OS=Homo sapiens OX=9606 GN=C1orf52 PE=1 SV=1
0.0,0,,,,,,,INTS13,Q9NVM9,Integrator complex subunit 13 OS=Homo sapiens OX=9606 GN=INTS13 PE=1 SV=2
100.0,120,468695404.4710137,458092315.9540405,104346542.2323119,22.263188680094085,153832038.365425,888021732.855481,BIRC6,Q9NR09,Dual E2 ubiquitin-conjugating enzyme/E3 ubiquitin-protein ligase BIRC6 OS=Homo sapiens OX=9606 GN=BIRC6 PE=1 SV=3
0.0,0,,,,,,,PTPRH,Q9HD43,Receptor-type tyrosine-protein phosphatase H OS=Homo sapiens OX=9606 GN=PTPRH PE=1 SV=4
0.0,0,,,,,,,POU2F2,A0A8I5KYI8,POU domain protein OS=Homo sapiens OX=9606 GN=POU2F2 PE=1 SV=1
99.16666666666667,119,13108486.630162923,12372881.3201546,4308209.828524829,32.865806328943734,4502413.76650143,23467175.8078262,SLC15A2,Q16348,Solute carrier family 15 member 2 OS=Homo sapiens OX=9606 GN=SLC15A2 PE=1 SV=2
0.0,0,,,,,,,PLCZ1,A0A3B3ISW9,Phosphoinositide phospholipase C OS=Homo sapiens OX=9606 GN=PLCZ1 PE=1 SV=1
100.0,120,1678675803.3664193,1679481742.099975,329694589.28123057,19.640158547592122,725092539.695914,2749434466.75501,MDN1,Q9NU22,Midasin OS=Homo sapiens OX=9606 GN=MDN1 PE=1 SV=2
0.0,0,,,,,,,PPM1F,P49593,Protein phosphatase 1F OS=Homo sapiens OX=9606 GN=PPM1F PE=1 SV=3
35.0,42,279011.381112186,254819.776457233,155865.9588283388,55.863656244785076,95379.7073931243,868395.325230949,HSF2BP,O75031,Heat shock factor 2-binding protein OS=Homo sapiens OX=9606 GN=HSF2BP PE=1 SV=1
2.5,3,638659.1879063473,602101.907660043,137244.8471687307,21.489528338055667,523394.494163248,790481.161895751,DDX39B,Q13838,Spliceosome RNA helicase DDX39B OS=Homo sapiens OX=9606 GN=DDX39B PE=1 SV=1
61.66666666666667,74,284991.580783282,256436.98275092652,130430.78545718914,45.76653987416333,108902.780930212,712889.231026377,ECM2,O94769,Extracellular matrix protein 2 OS=Homo sapiens OX=9606 GN=ECM2 PE=1 SV=1
3.3333333333333335,4,302595.2105620675,248316.72739805252,149284.14065772848,49.33460129141988,196930.613946949,516816.773505216,MMP1,P03956,Interstitial collagenase OS=Homo sapiens OX=9606 GN=MMP1 PE=1 SV=3
69.16666666666667,83,17423038.16192601,14610562.939104,12554885.717955388,72.05910703559823,2578710.08446811,100122388.082114,CSMD3,Q7Z407,CUB and sushi domain-containing protein 3 OS=Homo sapiens OX=9606 GN=CSMD3 PE=1 SV=3
98.33333333333333,118,22134773.405744817,21881002.2318592,8205800.69279171,37.07198868664267,6295979.25901579,41346737.7211761,GRAP,A8MW78,GRB2 related adaptor protein OS=Homo sapiens OX=9606 GN=GRAP PE=1 SV=1
0.0,0,,,,,,,SRRT,Q9BXP5,Serrate RNA effector molecule homolog OS=Homo sapiens OX=9606 GN=SRRT PE=1 SV=1
17.5,21,2664312.9257338024,2165824.133859,2173513.6994804773,81.57876946387033,112055.30506112,10294040.4730576,HGS,A0A7I2V5A3,Hepatocyte growth factor-regulated tyrosine kinase substrate OS=Homo sapiens OX=9606 GN=HGS PE=1 SV=1
99.16666666666667,119,10284638.33316211,10073175.3973707,2882843.9614713714,28.030581806419374,4067106.47556584,19873528.2335982,FSTL4,Q6MZW2,Follistatin-related protein 4 OS=Homo sapiens OX=9606 GN=FSTL4 PE=1 SV=3
0.0,0,,,,,,,SLC27A6,Q9Y2P4,Long-chain fatty acid transport protein 6 OS=Homo sapiens OX=9606 GN=SLC27A6 PE=1 SV=1
0.0,0,,,,,,,CPSF6,Q16630,Cleavage and polyadenylation specificity factor subunit 6 OS=Homo sapiens OX=9606 GN=CPSF6 PE=1 SV=2
10.0,12,626809.1266987241,615187.278514806,174480.7412039178,27.83634343725534,363511.353247963,882230.932699832,PMVK,Q15126,Phosphomevalonate kinase OS=Homo sapiens OX=9606 GN=PMVK PE=1 SV=3
0.0,0,,,,,,,FLII,A0A1W2PNT9,FLII actin remodeling protein (Fragment) OS=Homo sapiens OX=9606 GN=FLII PE=1 SV=1
5.0,6,414735.8325765527,388296.897765514,112250.95785277105,27.065652165960742,293768.149125974,562803.097824716,GABRR2,P28476,Gamma-aminobutyric acid receptor subunit rho-2 OS=Homo sapiens OX=9606 GN=GABRR2 PE=2 SV=5
25.0,30,500443.1456521856,426581.19743623096,427023.49050276756,85.32907168630787,277314.115599609,2721293.38085193,THAP9,Q9H5L6,DNA transposase THAP9 OS=Homo sapiens OX=9606 GN=THAP9 PE=1 SV=2
15.833333333333332,19,436699.3310506913,408011.873821688,131142.0039627382,30.03027360889533,269513.35723736,673611.596432876,PRPF40A,O75400,Pre-mRNA-processing factor 40 homolog A OS=Homo sapiens OX=9606 GN=PRPF40A PE=1 SV=2
0.0,0,,,,,,,CRLF3,Q8IUI8,Cytokine receptor-like factor 3 OS=Homo sapiens OX=9606 GN=CRLF3 PE=1 SV=2
0.0,0,,,,,,,COL15A1,P39059,Collagen alpha-1(XV) chain OS=Homo sapiens OX=9606 GN=COL15A1 PE=1 SV=2
0.0,0,,,,,,,ENDOU,P21128,Uridylate-specific endoribonuclease OS=Homo sapiens OX=9606 GN=ENDOU PE=1 SV=2
0.0,0,,,,,,,ADGRE1,Q14246,Adhesion G protein-coupled receptor E1 OS=Homo sapiens OX=9606 GN=ADGRE1 PE=1 SV=3
36.666666666666664,44,310889.5169592974,298855.999609277,69265.83563230518,22.2798878230988,182529.205969617,475164.176753504,PKHD1,P08F94,Fibrocystin OS=Homo sapiens OX=9606 GN=PKHD1 PE=1 SV=1
70.83333333333334,85,10552746.094792368,9105348.18091232,10107093.202504462,95.7769012133455,1824604.43465598,88095268.2285232,VPS13B,Q7Z7G8,Intermembrane lipid transfer protein VPS13B OS=Homo sapiens OX=9606 GN=VPS13B PE=1 SV=2
98.33333333333333,118,67770469.8380913,66734720.6262472,16834069.27202742,24.83982966658674,35330870.2258772,112581841.593481,FSBP,O95073,Fibrinogen silencer-binding protein OS=Homo sapiens OX=9606 GN=FSBP PE=1 SV=1
0.0,0,,,,,,,DHX16,O60231,Pre-mRNA-splicing factor ATP-dependent RNA helicase DHX16 OS=Homo sapiens OX=9606 GN=DHX16 PE=1 SV=2
35.0,42,268745.04425635503,209608.55340646597,145458.44785616297,54.125071685939865,52140.902655079,650120.378516164,SNX3,O60493,Sorting nexin-3 OS=Homo sapiens OX=9606 GN=SNX3 PE=1 SV=3
23.333333333333332,28,799339.1120377702,541336.4852890085,983028.0494875703,122.98010127160155,384485.11522008,5092647.05276601,GPC1,P35052,Glypican-1 OS=Homo sapiens OX=9606 GN=GPC1 PE=1 SV=2
0.0,0,,,,,,,ZNF530,Q6P9A1,Zinc finger protein 530 OS=Homo sapiens OX=9606 GN=ZNF530 PE=1 SV=2
44.166666666666664,53,254477.28879680947,245270.981401169,117522.63021918209,46.18197198454887,80896.4349034975,565569.190077688,CD82,P27701,CD82 antigen OS=Homo sapiens OX=9606 GN=CD82 PE=1 SV=1
23.333333333333332,28,1184009.1755134857,916507.528186372,941505.3089436855,79.51841323656717,531393.19721286,5327924.56111853,GBP2,P32456,Guanylate-binding protein 2 OS=Homo sapiens OX=9606 GN=GBP2 PE=1 SV=3
0.0,0,,,,,,,MSI2,A0A6Q8PF05,Musashi RNA binding protein 2 (Fragment) OS=Homo sapiens OX=9606 GN=MSI2 PE=1 SV=1
0.0,0,,,,,,,ERVMER34-1,Q9H9K5,Endogenous retroviral envelope protein HEMO OS=Homo sapiens OX=9606 GN=ERVMER34-1 PE=1 SV=1
87.5,105,6684712.014645615,6838162.59503654,2838221.5341374045,42.45839653105641,1020766.143864,12889454.2106061,RPL10,P27635,Large ribosomal subunit protein uL16 OS=Homo sapiens OX=9606 GN=RPL10 PE=1 SV=5
0.0,0,,,,,,,GNPDA2,Q8TDQ7,Glucosamine-6-phosphate isomerase 2 OS=Homo sapiens OX=9606 GN=GNPDA2 PE=1 SV=1
0.0,0,,,,,,,DOCK9,A0A804HIE8,Dedicator of cytokinesis 9 OS=Homo sapiens OX=9606 GN=DOCK9 PE=1 SV=1
60.0,72,501725.0776663098,481128.412504995,138948.2867117331,27.694108366683164,285541.536394185,899653.74612895,AP3M1,Q9Y2T2,AP-3 complex subunit mu-1 OS=Homo sapiens OX=9606 GN=AP3M1 PE=1 SV=1
0.0,0,,,,,,,ZFP30,Q9Y2G7,Zinc finger protein 30 homolog OS=Homo sapiens OX=9606 GN=ZFP30 PE=1 SV=1
0.0,0,,,,,,,CA3,P07451,Carbonic anhydrase 3 OS=Homo sapiens OX=9606 GN=CA3 PE=1 SV=3
99.16666666666667,119,2695108.916158674,2686595.60341252,1161530.7241775051,43.09772852642369,13508.4838431053,7660590.39009573,KIF4A,O95239,Chromosome-associated kinesin KIF4A OS=Homo sapiens OX=9606 GN=KIF4A PE=1 SV=3
0.0,0,,,,,,,LRRC10B,A6NIK2,Leucine-rich repeat-containing protein 10B OS=Homo sapiens OX=9606 GN=LRRC10B PE=1 SV=2
15.0,18,658974.6659700739,598984.4550512265,248900.7133855842,37.7709077812845,435396.794096551,1458505.09716129,PPEF1,O14829,Serine/threonine-protein phosphatase with EF-hands 1 OS=Homo sapiens OX=9606 GN=PPEF1 PE=1 SV=1
0.0,0,,,,,,,KCNG3,Q8TAE7,Voltage-gated potassium channel regulatory subunit KCNG3 OS=Homo sapiens OX=9606 GN=KCNG3 PE=1 SV=1
0.0,0,,,,,,,CHD6,Q8TD26,Chromodomain-helicase-DNA-binding protein 6 OS=Homo sapiens OX=9606 GN=CHD6 PE=1 SV=4
27.500000000000004,33,191566.32702765396,150250.075318359,105749.96949542651,55.20279640803509,84072.0104756945,531612.305964243,GNAQ,P50148,Guanine nucleotide-binding protein G(q) subunit alpha OS=Homo sapiens OX=9606 GN=GNAQ PE=1 SV=4
0.0,0,,,,,,,TAX1BP1,V9GZ06,Tax1 binding protein 1 (Fragment) OS=Homo sapiens OX=9606 GN=TAX1BP1 PE=1 SV=1
90.83333333333333,109,6266963.881556761,5673604.00335223,3530040.4233970684,56.327760780395295,812998.1992171,16338532.979822,LOXL1,Q08397,Lysyl oxidase homolog 1 OS=Homo sapiens OX=9606 GN=LOXL1 PE=1 SV=2
0.0,0,,,,,,,TRIM43B,A6NCK2,Tripartite motif-containing protein 43B OS=Homo sapiens OX=9606 GN=TRIM43B PE=3 SV=3
0.0,0,,,,,,,SNX5,Q9Y5X3,Sorting nexin-5 OS=Homo sapiens OX=9606 GN=SNX5 PE=1 SV=1
76.66666666666667,92,1310066.7626250293,1109190.4722125651,784346.047661767,59.87069285615214,351194.889378341,5413591.58055098,GAS8,O95995,Dynein regulatory complex subunit 4 OS=Homo sapiens OX=9606 GN=GAS8 PE=1 SV=1
0.0,0,,,,,,,RPL17-C18orf32,A0A0A6YYL6,Large ribosomal subunit protein uL22 OS=Homo sapiens OX=9606 GN=RPL17-C18orf32 PE=3 SV=1
68.33333333333333,82,3417432.1071318337,3367161.8296753,1138678.1996508006,33.31970216100255,1515610.6798419,8013567.81990856,GTF3C4,Q9UKN8,General transcription factor 3C polypeptide 4 OS=Homo sapiens OX=9606 GN=GTF3C4 PE=1 SV=2
0.0,0,,,,,,,HSP90B2P,Q58FF3,Putative endoplasmin-like protein OS=Homo sapiens OX=9606 GN=HSP90B2P PE=5 SV=1
0.0,0,,,,,,,TMEM132C,Q8N3T6,Transmembrane protein 132C OS=Homo sapiens OX=9606 GN=TMEM132C PE=1 SV=3
0.0,0,,,,,,,CD247,A0A8V8TQY8,T-cell surface glycoprotein CD3 zeta chain OS=Homo sapiens OX=9606 GN=CD247 PE=1 SV=1
0.0,0,,,,,,,ATP2A1,O14983,Sarcoplasmic/endoplasmic reticulum calcium ATPase 1 OS=Homo sapiens OX=9606 GN=ATP2A1 PE=1 SV=1
44.166666666666664,53,6082453.29315711,5414174.47035747,2758457.775655438,45.35107205440874,1557645.20204809,14350405.0886272,SAMD9,Q5K651,Sterile alpha motif domain-containing protein 9 OS=Homo sapiens OX=9606 GN=SAMD9 PE=1 SV=1
16.666666666666664,20,1014495.6429586286,891036.570329845,434701.06434581976,42.84898287764721,513056.494677504,1748037.1100694,PSMC1,P62191,26S proteasome regulatory subunit 4 OS=Homo sapiens OX=9606 GN=PSMC1 PE=1 SV=1
0.0,0,,,,,,,TMEM39A,Q9NV64,Transmembrane protein 39A OS=Homo sapiens OX=9606 GN=TMEM39A PE=1 SV=1
9.166666666666666,11,1608685.010280951,1841428.74478377,791154.3277097669,49.18018895268967,453331.225947813,2877053.56449476,PPP1R36,Q96LQ0,Protein phosphatase 1 regulatory subunit 36 OS=Homo sapiens OX=9606 GN=PPP1R36 PE=1 SV=1
0.0,0,,,,,,,ARHGAP26,Q9UNA1,Rho GTPase-activating protein 26 OS=Homo sapiens OX=9606 GN=ARHGAP26 PE=1 SV=1
100.0,120,25891684.226089973,26514261.7216584,8381063.507319529,32.36971158050151,6104962.7527332,44619033.7672226,FLOT2,E7EMK3,Flotillin OS=Homo sapiens OX=9606 GN=FLOT2 PE=1 SV=1
49.166666666666664,59,7022442.591201696,4484372.48073896,5883926.775094625,83.78746709110162,1273248.3876542,23492318.9042017,STX12,B1AJQ6,Syntaxin 12 (Fragment) OS=Homo sapiens OX=9606 GN=STX12 PE=1 SV=2
1.6666666666666667,2,360304.805922405,360304.805922405,283436.64236457035,78.66579565569577,159884.834069671,560724.777775139,GOSR1,G5E9T8,Golgi SNAP receptor complex member 1 (Fragment) OS=Homo sapiens OX=9606 GN=GOSR1 PE=1 SV=2
30.0,36,318148.552742016,262000.74680585548,207388.68279243264,65.18611541841662,118980.430341212,1070785.20719305,LIMD2,Q9BT23,LIM domain-containing protein 2 OS=Homo sapiens OX=9606 GN=LIMD2 PE=1 SV=1
38.333333333333336,46,1106578.5440816241,890555.5820632995,748510.0304172309,67.64183477264483,365043.887762413,3795733.31932295,COG1,Q8WTW3,Conserved oligomeric Golgi complex subunit 1 OS=Homo sapiens OX=9606 GN=COG1 PE=1 SV=1
50.0,60,697615.4176011767,579737.809464416,383989.9824597832,55.04321905329627,241925.671875,1982079.94224884,ATP6V0A4,Q9HBG4,V-type proton ATPase 116 kDa subunit a 4 OS=Homo sapiens OX=9606 GN=ATP6V0A4 PE=1 SV=2
3.3333333333333335,4,765712.8408591028,677912.1895318916,282993.6907273359,36.95820098952853,536224.143462868,1170802.84090976,EFHD2,Q96C19,EF-hand domain-containing protein D2 OS=Homo sapiens OX=9606 GN=EFHD2 PE=1 SV=1
0.0,0,,,,,,,CINP,H0YN33,Cyclin dependent kinase 2 interacting protein (Fragment) OS=Homo sapiens OX=9606 GN=CINP PE=1 SV=1
21.666666666666668,26,695322.6087923783,676769.5855950131,227220.2986074227,32.678399311947324,373838.561140989,1376705.04256863,PATJ,A0A2R8Y549,PATJ crumbs cell polarity complex component OS=Homo sapiens OX=9606 GN=PATJ PE=1 SV=1
85.83333333333333,103,1378268.018286519,1122335.28902464,806160.6812706443,58.490850152125994,398272.444346383,5152922.32866802,OR51G2,Q8NGK0,Olfactory receptor 51G2 OS=Homo sapiens OX=9606 GN=OR51G2 PE=2 SV=1
100.0,120,21815819.63216454,11101128.5325282,90479059.78947207,414.7405933631421,1656433.87391179,998018294.733655,TMEM201,Q5SNT2,Transmembrane protein 201 OS=Homo sapiens OX=9606 GN=TMEM201 PE=1 SV=1
12.5,15,572395.5246043706,522796.307207265,214723.93026277397,37.513209141735906,293348.901383359,1224168.8843494,TNNI1,P19237,"Troponin I, slow skeletal muscle OS=Homo sapiens OX=9606 GN=TNNI1 PE=1 SV=3"
54.166666666666664,65,2756674.0368173425,2692343.4883947,1101884.7653116689,39.971529117886774,137350.821838617,5337017.16523598,RPS15A,P62244,Small ribosomal subunit protein uS8 OS=Homo sapiens OX=9606 GN=RPS15A PE=1 SV=2
0.0,0,,,,,,,ASTN1,B1AJS1,Astrotactin 1 OS=Homo sapiens OX=9606 GN=ASTN1 PE=1 SV=1
100.0,120,81822337.92134324,78826869.4159976,21251877.495526783,25.973197583227776,25352754.6755557,128876273.727903,DPP9,Q86TI2,Dipeptidyl peptidase 9 OS=Homo sapiens OX=9606 GN=DPP9 PE=1 SV=3
96.66666666666667,116,6083711.662661501,4029707.09119792,7024010.038298971,115.45599837363278,457738.340702559,63077316.4193231,UCHL3,P15374,Ubiquitin carboxyl-terminal hydrolase isozyme L3 OS=Homo sapiens OX=9606 GN=UCHL3 PE=1 SV=1
85.83333333333333,103,1535790.3218563886,1494841.50451422,460161.8541421134,29.962544208892538,741294.513881451,2993335.28860621,PTPN23,Q9H3S7,Tyrosine-protein phosphatase non-receptor type 23 OS=Homo sapiens OX=9606 GN=PTPN23 PE=1 SV=1
11.666666666666666,14,253864.60186599806,207064.483915582,128239.91354361932,50.51508268620708,94989.8972337328,526937.50429927,KRTDAP,P60985,Keratinocyte differentiation-associated protein OS=Homo sapiens OX=9606 GN=KRTDAP PE=1 SV=1
45.83333333333333,55,822301.7881921979,653821.38788011,565669.1782778015,68.7909459033776,190134.73889128,3042280.34124679,DDX53,Q86TM3,Probable ATP-dependent RNA helicase DDX53 OS=Homo sapiens OX=9606 GN=DDX53 PE=1 SV=3
0.0,0,,,,,,,ARFGAP2,E9PN48,ADP-ribosylation factor GTPase-activating protein 2 OS=Homo sapiens OX=9606 GN=ARFGAP2 PE=1 SV=2
0.0,0,,,,,,,IGLV1-40,P01703,Immunoglobulin lambda variable 1-40 OS=Homo sapiens OX=9606 GN=IGLV1-40 PE=1 SV=2
26.666666666666668,32,1294738.2103469954,1161267.431523785,652756.6019617184,50.41610703578269,498547.933849061,3545578.36671457,ABCC9,A0A804HK56,ATP binding cassette subfamily C member 9 OS=Homo sapiens OX=9606 GN=ABCC9 PE=3 SV=1
0.0,0,,,,,,,POLB,E5RJ55,DNA-directed DNA polymerase (Fragment) OS=Homo sapiens OX=9606 GN=POLB PE=1 SV=1
60.83333333333333,73,1103492.5782627554,1083539.60307811,258309.9890754406,23.40840293480739,350810.172575746,1791839.79635266,ALDH3A2,J3KTD9,aldehyde dehydrogenase (NAD(+)) (Fragment) OS=Homo sapiens OX=9606 GN=ALDH3A2 PE=1 SV=2
28.333333333333332,34,362275.5691135727,375443.5095336365,238876.75345049528,65.93785886113889,5536.41075466842,910000.257181717,PXN,A0A1B0GTU4,Paxillin OS=Homo sapiens OX=9606 GN=PXN PE=1 SV=1
94.16666666666667,113,1804505.4257823667,1663379.78219631,582682.1569280921,32.29040758774459,760344.440610227,3403254.97353473,SF3B4,Q15427,Splicing factor 3B subunit 4 OS=Homo sapiens OX=9606 GN=SF3B4 PE=1 SV=1
100.0,120,27098282.939998496,26527917.23821535,7586363.323088419,27.99573441566863,3598810.87342162,50780078.2812941,DNAH8,Q96JB1,Dynein axonemal heavy chain 8 OS=Homo sapiens OX=9606 GN=DNAH8 PE=1 SV=2
98.33333333333333,118,125070075.3347628,112116439.1870215,86617900.81133643,69.25549583263206,2052147.81130401,336519546.565513,SPIN4,Q56A73,Spindlin-4 OS=Homo sapiens OX=9606 GN=SPIN4 PE=1 SV=1
0.0,0,,,,,,,CLDND1,D6RC11,Claudin domain containing 1 OS=Homo sapiens OX=9606 GN=CLDND1 PE=1 SV=1
0.0,0,,,,,,,IARS1,P41252,"Isoleucine--tRNA ligase, cytoplasmic OS=Homo sapiens OX=9606 GN=IARS1 PE=1 SV=2"
98.33333333333333,118,47460737.04129919,45113563.80671885,20500782.55553782,43.19524692104662,5790552.58193447,106039438.775179,HUWE1,Q7Z6Z7,E3 ubiquitin-protein ligase HUWE1 OS=Homo sapiens OX=9606 GN=HUWE1 PE=1 SV=3
0.0,0,,,,,,,PNP,G3V5M2,Purine nucleoside phosphorylase OS=Homo sapiens OX=9606 GN=PNP PE=1 SV=2
0.0,0,,,,,,,SARS2,M0R1C0,"Seryl-tRNA synthetase 2, mitochondrial OS=Homo sapiens OX=9606 GN=SARS2 PE=1 SV=1"
0.0,0,,,,,,,NOTCH3,Q9UM47,Neurogenic locus notch homolog protein 3 OS=Homo sapiens OX=9606 GN=NOTCH3 PE=1 SV=2
0.0,0,,,,,,,MLXIPL,Q9NP71,Carbohydrate-responsive element-binding protein OS=Homo sapiens OX=9606 GN=MLXIPL PE=1 SV=1
0.0,0,,,,,,,SPMIP5,Q8WW14,Sperm-associated microtubule inner protein 5 OS=Homo sapiens OX=9606 GN=SPMIP5 PE=1 SV=3
95.83333333333334,115,3267784.880362957,3133551.21277342,1179404.458463483,36.09186349905889,615097.702850661,6821777.49635451,ALKBH7,Q9BT30,"Alpha-ketoglutarate-dependent dioxygenase alkB homolog 7, mitochondrial OS=Homo sapiens OX=9606 GN=ALKBH7 PE=1 SV=1"
95.0,114,8520635.558093237,7086803.881692895,4928798.552934478,57.845433234765096,1955647.49065164,27448172.6498848,ZFHX4,E7EVZ1,Zinc finger homeobox 4 OS=Homo sapiens OX=9606 GN=ZFHX4 PE=1 SV=1
0.0,0,,,,,,,SPATA9,Q9BWV2,Spermatogenesis-associated protein 9 OS=Homo sapiens OX=9606 GN=SPATA9 PE=1 SV=2
25.833333333333336,31,415891.27533841436,353597.761786265,214272.90243409888,51.521374729427336,198043.890024194,1060228.14913484,,H0YIV9,"Glutamyl-tRNA(Gln) amidotransferase subunit C, mitochondrial (Fragment) OS=Homo sapiens OX=9606 PE=3 SV=1"
0.0,0,,,,,,,TAT,P17735,Tyrosine aminotransferase OS=Homo sapiens OX=9606 GN=TAT PE=1 SV=1
0.0,0,,,,,,,CHIC1,Q5VXU3,Cysteine-rich hydrophobic domain-containing protein 1 OS=Homo sapiens OX=9606 GN=CHIC1 PE=1 SV=2
51.66666666666667,62,10796480.747138977,9027011.4443959,8054807.5058881715,74.60586180383513,1753857.23666149,53221714.9497582,TRMT11,Q7Z4G4,tRNA (guanine(10)-N(2))-methyltransferase homolog OS=Homo sapiens OX=9606 GN=TRMT11 PE=1 SV=1
45.83333333333333,55,903415.2602837022,860436.854905286,334249.7776180786,36.99846486023638,442562.049939525,2258405.11969187,SMARCA2,P51531,Probable global transcription activator SNF2L2 OS=Homo sapiens OX=9606 GN=SMARCA2 PE=1 SV=2
0.0,0,,,,,,,PPP1R13B,Q96KQ4,Apoptosis-stimulating of p53 protein 1 OS=Homo sapiens OX=9606 GN=PPP1R13B PE=1 SV=3
0.0,0,,,,,,,PRMT7,A0A8I5KPP4,Protein arginine methyltransferase 7 OS=Homo sapiens OX=9606 GN=PRMT7 PE=1 SV=1
64.16666666666667,77,2663271.148601278,2196046.93761605,1718334.022799833,64.51968000713273,362548.193895106,8947855.01017011,DUS4L-BCAP29,A0A669KAY5,DUS4L-BCAP29 readthrough OS=Homo sapiens OX=9606 GN=DUS4L-BCAP29 PE=1 SV=1
0.0,0,,,,,,,RTN4,Q9NQC3,Reticulon-4 OS=Homo sapiens OX=9606 GN=RTN4 PE=1 SV=2
0.0,0,,,,,,,MVB12B,Q9H7P6,Multivesicular body subunit 12B OS=Homo sapiens OX=9606 GN=MVB12B PE=1 SV=2
0.0,0,,,,,,,GAS7,O60861,Growth arrest-specific protein 7 OS=Homo sapiens OX=9606 GN=GAS7 PE=1 SV=3
0.0,0,,,,,,,TCTE1,Q5JU00,Dynein regulatory complex subunit 5 OS=Homo sapiens OX=9606 GN=TCTE1 PE=1 SV=1
4.166666666666666,5,961378.2621784605,1158331.75415875,646134.2126104599,67.20915564975797,294456.593242048,1764816.09547732,ERFE,Q4G0M1,Erythroferrone OS=Homo sapiens OX=9606 GN=ERFE PE=1 SV=2
43.333333333333336,52,587998.2208166791,512651.265869232,351398.63561428053,59.761853552246805,193531.314380021,2205581.41203808,RAB24,Q969Q5,Ras-related protein Rab-24 OS=Homo sapiens OX=9606 GN=RAB24 PE=1 SV=1
78.33333333333333,94,4816574.864536194,3735139.3019793453,3588686.9251400526,74.50703095187166,1354057.30083428,30043669.4257838,TENT4B,A0A7N4YH79,Terminal nucleotidyltransferase 4B OS=Homo sapiens OX=9606 GN=TENT4B PE=1 SV=1
0.0,0,,,,,,,ITGBL1,O95965,Integrin beta-like protein 1 OS=Homo sapiens OX=9606 GN=ITGBL1 PE=1 SV=1
100.0,120,270171790.51176107,265666576.4832365,81358603.42430519,30.11365593358034,115949526.560724,514938960.066361,DLK2,Q6UY11,Protein delta homolog 2 OS=Homo sapiens OX=9606 GN=DLK2 PE=1 SV=1
91.66666666666666,110,4901610.608645252,3849895.7221461004,4461301.582388824,91.01705416011974,424375.303081292,33451336.2009129,MAP9,Q49MG5,Microtubule-associated protein 9 OS=Homo sapiens OX=9606 GN=MAP9 PE=1 SV=3
23.333333333333332,28,1346749.2930712232,1170141.6303855502,498154.06927769515,36.989369279093445,498068.695823791,2662631.68256157,TDRD6,O60522,Tudor domain-containing protein 6 OS=Homo sapiens OX=9606 GN=TDRD6 PE=1 SV=2
4.166666666666666,5,1085881.226204337,951549.116546714,369649.0149767515,34.04138556376444,719417.030574079,1616038.16782855,FETUB,Q9UGM5,Fetuin-B OS=Homo sapiens OX=9606 GN=FETUB PE=1 SV=2
0.0,0,,,,,,,AK1,Q5T9B7,Adenylate kinase isoenzyme 1 OS=Homo sapiens OX=9606 GN=AK1 PE=1 SV=1
0.0,0,,,,,,,PRUNE2,Q8WUY3,Protein prune homolog 2 OS=Homo sapiens OX=9606 GN=PRUNE2 PE=1 SV=3
30.833333333333336,37,1071598.5780791773,969947.298363732,415061.34414158855,38.73291292394015,491086.864803124,2035971.26900989,AKNAD1,Q5T1N1,Protein AKNAD1 OS=Homo sapiens OX=9606 GN=AKNAD1 PE=1 SV=3
0.0,0,,,,,,,SRPK2,A0A994J591,non-specific serine/threonine protein kinase OS=Homo sapiens OX=9606 GN=SRPK2 PE=1 SV=1
0.0,0,,,,,,,ANGPTL8,Q6UXH0,Angiopoietin-like protein 8 OS=Homo sapiens OX=9606 GN=ANGPTL8 PE=1 SV=1
5.833333333333333,7,3858241.943218425,4166500.457575,2284342.1539809345,59.206814595857296,1249009.62738965,8253484.32848791,FRYL,A0A669KB90,FRY like transcription coactivator (Fragment) OS=Homo sapiens OX=9606 GN=FRYL PE=1 SV=1
0.0,0,,,,,,,SETDB1,A0A8I5KT93,SET domain bifurcated histone lysine methyltransferase 1 OS=Homo sapiens OX=9606 GN=SETDB1 PE=1 SV=1
0.0,0,,,,,,,JAK1,P23458,Tyrosine-protein kinase JAK1 OS=Homo sapiens OX=9606 GN=JAK1 PE=1 SV=2
0.0,0,,,,,,,NARF,E7EP87,Nuclear prelamin A recognition factor OS=Homo sapiens OX=9606 GN=NARF PE=1 SV=2
0.0,0,,,,,,,BEST3,Q8N1M1,Bestrophin-3 OS=Homo sapiens OX=9606 GN=BEST3 PE=1 SV=1
100.0,120,32324840.55786368,31546369.18897535,15612511.65289741,48.29880483076148,7160564.82842448,90474146.9176567,DCLK3,A0A1B0GTZ4,non-specific serine/threonine protein kinase OS=Homo sapiens OX=9606 GN=DCLK3 PE=1 SV=1
100.0,120,6802393.260815386,5338950.147248635,3956848.5895368657,58.16847744351917,2513742.43080172,19288958.5625162,PER1,J3QL46,Period circadian regulator 1 (Fragment) OS=Homo sapiens OX=9606 GN=PER1 PE=1 SV=1
0.0,0,,,,,,,BRPF3,Q9ULD4,Bromodomain and PHD finger-containing protein 3 OS=Homo sapiens OX=9606 GN=BRPF3 PE=1 SV=2
0.0,0,,,,,,,GSK3B,A0A7I2V4X2,Glycogen synthase kinase-3 beta (Fragment) OS=Homo sapiens OX=9606 GN=GSK3B PE=1 SV=1
98.33333333333333,118,11859987.914594624,9322728.284267168,9735005.681379825,82.08276223789532,4063494.22518665,94908218.8093944,CDK14,O94921,Cyclin-dependent kinase 14 OS=Homo sapiens OX=9606 GN=CDK14 PE=1 SV=3
1.6666666666666667,2,203753.3259686335,203753.3259686335,87698.10738854817,43.041313299616384,141741.399536965,265765.252400302,RPS18,P62269,Small ribosomal subunit protein uS13 OS=Homo sapiens OX=9606 GN=RPS18 PE=1 SV=3
0.0,0,,,,,,,ATP6V1H,Q9UI12,V-type proton ATPase subunit H OS=Homo sapiens OX=9606 GN=ATP6V1H PE=1 SV=1
0.0,0,,,,,,,GPR108,M0QYF6,G protein-coupled receptor 108 (Fragment) OS=Homo sapiens OX=9606 GN=GPR108 PE=1 SV=1
0.0,0,,,,,,,HDDC3,Q8N4P3,"Guanosine-3',5'-bis(diphosphate) 3'-pyrophosphohydrolase MESH1 OS=Homo sapiens OX=9606 GN=HDDC3 PE=1 SV=3"
100.0,120,170015369.4518685,167197130.3823115,52161449.36277311,30.68043173446155,49212371.5334898,308217421.02094,BICD1,A0A087WYJ7,BICD cargo adaptor 1 (Fragment) OS=Homo sapiens OX=9606 GN=BICD1 PE=1 SV=1
100.0,120,6507630.193373569,6215238.061918755,2648260.5066120205,40.694698806158755,1781871.71161451,13865188.1549223,SRGAP2,O75044,SLIT-ROBO Rho GTPase-activating protein 2 OS=Homo sapiens OX=9606 GN=SRGAP2 PE=1 SV=3
0.0,0,,,,,,,PSMD7,P51665,26S proteasome non-ATPase regulatory subunit 7 OS=Homo sapiens OX=9606 GN=PSMD7 PE=1 SV=2
29.166666666666668,35,975278.1643288091,838896.94903039,466281.98033116164,47.810152773394556,449556.767215777,2447318.61521224,PRR4,A0A0J9YXF8,Proline rich 4 OS=Homo sapiens OX=9606 GN=PRR4 PE=1 SV=1
23.333333333333332,28,556980.8118825989,481517.0564347495,392259.03027968825,70.42595039384751,230693.815841857,2148474.69790945,SSX7,Q7RTT5,Protein SSX7 OS=Homo sapiens OX=9606 GN=SSX7 PE=1 SV=1
55.833333333333336,67,5227168.670571952,3444945.27593802,4033594.791726395,77.16595820668329,933611.164056554,16988378.4503999,CEP164,Q9UPV0,Centrosomal protein of 164 kDa OS=Homo sapiens OX=9606 GN=CEP164 PE=1 SV=3
82.5,99,374039.49588853586,327733.03584851,159819.28208161186,42.727916126065516,170557.574100543,1003490.17609384,DNAH5,Q8TE73,Dynein axonemal heavy chain 5 OS=Homo sapiens OX=9606 GN=DNAH5 PE=1 SV=3
0.0,0,,,,,,,SMARCE1,Q969G3,SWI/SNF-related matrix-associated actin-dependent regulator of chromatin subfamily E member 1 OS=Homo sapiens OX=9606 GN=SMARCE1 PE=1 SV=2
14.166666666666666,17,326735.16313221835,229850.609727888,224413.2099655447,68.68351964760294,108890.858785705,872119.111945543,ASH2L,Q9UBL3,Set1/Ash2 histone methyltransferase complex subunit ASH2 OS=Homo sapiens OX=9606 GN=ASH2L PE=1 SV=1
0.0,0,,,,,,,IL2RB,A0A8V8TMD3,Interleukin-2 receptor subunit beta OS=Homo sapiens OX=9606 GN=IL2RB PE=1 SV=1
0.0,0,,,,,,,BAZ1A,Q9NRL2,Bromodomain adjacent to zinc finger domain protein 1A OS=Homo sapiens OX=9606 GN=BAZ1A PE=1 SV=2
11.666666666666666,14,3149160.866912424,455997.682033313,4238685.902849923,134.59731280751362,113990.7890625,11465215.1243058,HMOX2,A0A087WT44,heme oxygenase (biliverdin-producing) OS=Homo sapiens OX=9606 GN=HMOX2 PE=1 SV=1
0.0,0,,,,,,,HPCAL1,P37235,Hippocalcin-like protein 1 OS=Homo sapiens OX=9606 GN=HPCAL1 PE=1 SV=3
31.666666666666664,38,1367446.2090041246,1012835.5347362144,2047082.3515424188,149.7011244803008,284391.713845497,13266505.3550295,DNMT1,A0A7I2V490,DNA (cytosine-5)-methyltransferase OS=Homo sapiens OX=9606 GN=DNMT1 PE=1 SV=1
0.0,0,,,,,,,MICAL3,Q7RTP6,[F-actin]-monooxygenase MICAL3 OS=Homo sapiens OX=9606 GN=MICAL3 PE=1 SV=2
86.66666666666667,104,853456.8215363997,809548.3873795605,288960.9605329558,33.85771292011774,309045.228634143,1755521.10952225,HLF,Q16534,Hepatic leukemia factor OS=Homo sapiens OX=9606 GN=HLF PE=1 SV=1
55.833333333333336,67,4852496.426915561,4335330.4362911,4318913.722811459,89.00395472432592,1018230.39441745,38236354.7245051,PTPRZ1,A0A494C087,protein-tyrosine-phosphatase OS=Homo sapiens OX=9606 GN=PTPRZ1 PE=1 SV=1
95.83333333333334,115,6351231.955892048,5991338.65419336,2379469.2577564833,37.46468833576525,1701763.8203442,12827466.6164239,MFN1,Q8IWA4,Mitofusin-1 OS=Homo sapiens OX=9606 GN=MFN1 PE=1 SV=3
0.0,0,,,,,,,GCNT7,Q6ZNI0,"Beta-1,3-galactosyl-O-glycosyl-glycoprotein beta-1,6-N-acetylglucosaminyltransferase 7 OS=Homo sapiens OX=9606 GN=GCNT7 PE=2 SV=2"
100.0,120,41824908.798006006,36443022.279427305,30597276.26976096,73.15563177323575,5326712.68615045,239307959.527323,SPATS2L,Q9NUQ6,SPATS2-like protein OS=Homo sapiens OX=9606 GN=SPATS2L PE=1 SV=2
14.166666666666666,17,1876693.275204963,1642442.57394419,936892.5873580548,49.922520623714185,572574.702575684,4347827.43373132,GPD1L,Q8N335,Glycerol-3-phosphate dehydrogenase 1-like protein OS=Homo sapiens OX=9606 GN=GPD1L PE=1 SV=1
100.0,120,9187902.419267625,8241011.222896385,3942905.9197515585,42.91410313068879,2852033.29576189,30891607.3075317,STAR,P49675,"Steroidogenic acute regulatory protein, mitochondrial OS=Homo sapiens OX=9606 GN=STAR PE=1 SV=2"
0.0,0,,,,,,,TMED10,P49755,Transmembrane emp24 domain-containing protein 10 OS=Homo sapiens OX=9606 GN=TMED10 PE=1 SV=2
88.33333333333333,106,19512771.64360799,18978124.57608775,11004119.2783214,56.39444502967952,668905.010134797,47860241.0357322,ZBTB24,A0A8V8TLS8,Zinc finger and BTB domain containing 24 OS=Homo sapiens OX=9606 GN=ZBTB24 PE=1 SV=1
0.0,0,,,,,,,CYRIB,A0A8V8TMP7,CYFIP related Rac1 interactor B OS=Homo sapiens OX=9606 GN=CYRIB PE=1 SV=1
0.0,0,,,,,,,TMCO1,Q9UM00,Calcium load-activated calcium channel OS=Homo sapiens OX=9606 GN=TMCO1 PE=1 SV=2
0.0,0,,,,,,,GLA,P06280,Alpha-galactosidase A OS=Homo sapiens OX=9606 GN=GLA PE=1 SV=1
0.0,0,,,,,,,PASK,Q96RG2,PAS domain-containing serine/threonine-protein kinase OS=Homo sapiens OX=9606 GN=PASK PE=1 SV=3
15.833333333333332,19,1527639.0019003386,721503.343684205,1590281.4626535205,104.10060627381577,123490.326891847,5134174.8436624,RABGGTA,H0YLH3,Geranylgeranyl transferase type-2 subunit alpha OS=Homo sapiens OX=9606 GN=RABGGTA PE=1 SV=1
0.0,0,,,,,,,DOCK11,A6NIW2,Dedicator of cytokinesis 11 OS=Homo sapiens OX=9606 GN=DOCK11 PE=1 SV=2
74.16666666666667,89,4577856.355507974,3906976.67110333,2795211.3264317,61.05939350998999,1300555.73138052,12152947.0,ACTL7B,Q9Y614,Actin-like protein 7B OS=Homo sapiens OX=9606 GN=ACTL7B PE=1 SV=1
0.0,0,,,,,,,TCF19,A0A0G2JIJ7,TCF19 OS=Homo sapiens OX=9606 GN=TCF19 PE=1 SV=1
80.83333333333333,97,5469715.261400575,4393406.16857203,4642058.355619152,84.86837310120796,1256221.46742331,39366975.9129693,DDX11,Q96FC9,ATP-dependent DNA helicase DDX11 OS=Homo sapiens OX=9606 GN=DDX11 PE=1 SV=1
0.0,0,,,,,,,GREP1,A0A0J9YXV3,Glycine-rich extracellular protein 1 OS=Homo sapiens OX=9606 GN=GREP1 PE=3 SV=1
0.0,0,,,,,,,TMEM43,Q9BTV4,Transmembrane protein 43 OS=Homo sapiens OX=9606 GN=TMEM43 PE=1 SV=1
0.0,0,,,,,,,OGDHL,Q9ULD0,"2-oxoglutarate dehydrogenase-like, mitochondrial OS=Homo sapiens OX=9606 GN=OGDHL PE=1 SV=3"
2.5,3,514790.43266853,519592.850352533,39989.00880975539,7.768017094347213,472617.080134266,552161.367518791,ARHGAP10,A1A4S6,Rho GTPase-activating protein 10 OS=Homo sapiens OX=9606 GN=ARHGAP10 PE=1 SV=1
0.0,0,,,,,,,PDZRN4,Q6ZMN7,PDZ domain-containing RING finger protein 4 OS=Homo sapiens OX=9606 GN=PDZRN4 PE=1 SV=3
100.0,120,248659493.96023554,177983069.96368,243450353.84486347,97.90511110900712,83862374.9506153,2283937927.14949,APOLD1,Q96LR9,Apolipoprotein L domain-containing protein 1 OS=Homo sapiens OX=9606 GN=APOLD1 PE=1 SV=2
0.0,0,,,,,,,XPO6,I3L2K0,Exportin 6 (Fragment) OS=Homo sapiens OX=9606 GN=XPO6 PE=1 SV=1
98.33333333333333,118,5055807.953514375,4996790.612701115,1326206.7265810848,26.231350928969064,2368321.16022847,8479816.0,CNTRL,Q7Z7A1,Centriolin OS=Homo sapiens OX=9606 GN=CNTRL PE=1 SV=2
58.333333333333336,70,4028855.3198680854,3603797.3738342654,2678927.9650561297,66.49352613495797,158101.329659005,13543339.6520655,TENM2,Q9NT68,Teneurin-2 OS=Homo sapiens OX=9606 GN=TENM2 PE=1 SV=3
96.66666666666667,116,3930789.963105312,3587813.2658558153,1879286.4996312652,47.8093848124776,1041925.79325232,10391507.0872743,ING5,A0A1B0GW41,Inhibitor of growth family member 5 OS=Homo sapiens OX=9606 GN=ING5 PE=1 SV=1
0.0,0,,,,,,,GPC6,Q9Y625,Glypican-6 OS=Homo sapiens OX=9606 GN=GPC6 PE=1 SV=1
6.666666666666667,8,169789.45270410512,164182.0013751685,44187.569487395784,26.024920148839982,121932.230597328,255805.68146106,CTNNA1,P35221,Catenin alpha-1 OS=Homo sapiens OX=9606 GN=CTNNA1 PE=1 SV=1
0.0,0,,,,,,,MYO10,A0A0A0MQX1,Myosin X OS=Homo sapiens OX=9606 GN=MYO10 PE=1 SV=1
0.0,0,,,,,,,SMARCC2,F8VXC8,"SWI/SNF related, matrix associated, actin dependent regulator of chromatin subfamily c member 2 OS=Homo sapiens OX=9606 GN=SMARCC2 PE=1 SV=1"
11.666666666666666,14,362255.8522313329,340028.970622331,156143.71379347792,43.10315839805015,166772.329546326,835605.664769718,GCLM,P48507,Glutamate--cysteine ligase regulatory subunit OS=Homo sapiens OX=9606 GN=GCLM PE=1 SV=1
0.0,0,,,,,,,ITPKB,P27987,Inositol-trisphosphate 3-kinase B OS=Homo sapiens OX=9606 GN=ITPKB PE=1 SV=5
88.33333333333333,106,4564598.750725236,4099775.8440836696,3026433.184093702,66.30228305637718,319883.033048562,16562435.8358306,MYO3A,Q8NEV4,Myosin-IIIa OS=Homo sapiens OX=9606 GN=MYO3A PE=1 SV=2
36.666666666666664,44,1518392.903970335,1331770.66389714,844013.5982376224,55.58598146966261,479012.956318329,4061444.13771974,KIF1C,O43896,Kinesin-like protein KIF1C OS=Homo sapiens OX=9606 GN=KIF1C PE=1 SV=3
60.0,72,793958.7583174945,685039.5530130321,467336.9568322395,58.86161616537734,260444.938736089,2956578.38321918,CMAS,Q8NFW8,N-acylneuraminate cytidylyltransferase OS=Homo sapiens OX=9606 GN=CMAS PE=1 SV=2
0.0,0,,,,,,,RPL34,P49207,Large ribosomal subunit protein eL34 OS=Homo sapiens OX=9606 GN=RPL34 PE=1 SV=3
62.5,75,233520.90251502962,209293.117496911,129567.91189679888,55.48450288661408,82887.2114067463,761511.086871166,PLXDC1,Q8IUK5,Plexin domain-containing protein 1 OS=Homo sapiens OX=9606 GN=PLXDC1 PE=1 SV=2
0.0,0,,,,,,,BET1,H7C1N3,Bet1 golgi vesicular membrane trafficking protein (Fragment) OS=Homo sapiens OX=9606 GN=BET1 PE=1 SV=1
38.333333333333336,46,554352.4773172694,541129.8958965885,172045.93301377512,31.03547653405886,205933.464861807,1138637.57693388,SIMC1,Q8NDZ2,SUMO-interacting motif-containing protein 1 OS=Homo sapiens OX=9606 GN=SIMC1 PE=1 SV=3
0.0,0,,,,,,,CYTH2,A0A994J5E5,Cytohesin-2 OS=Homo sapiens OX=9606 GN=CYTH2 PE=1 SV=1
12.5,15,445845.73378461035,384117.362520277,156852.9739420567,35.1809969360014,247358.642769378,885102.681120406,PUF60,E9PL19,Poly(U)-binding-splicing factor PUF60 OS=Homo sapiens OX=9606 GN=PUF60 PE=1 SV=2
16.666666666666664,20,272269.9844597053,234981.1929984255,115490.4589717492,42.41762425664709,110636.738879033,572509.676747842,TCEAL5,Q5H9L2,Transcription elongation factor A protein-like 5 OS=Homo sapiens OX=9606 GN=TCEAL5 PE=1 SV=1
38.333333333333336,46,911900.4956663711,740473.7334868689,509003.977105614,55.81792964523606,323340.595671224,2666353.56619472,LRRC75A,Q8NAA5,Leucine-rich repeat-containing protein 75A OS=Homo sapiens OX=9606 GN=LRRC75A PE=1 SV=2
0.0,0,,,,,,,TP53BP2,Q13625,Apoptosis-stimulating of p53 protein 2 OS=Homo sapiens OX=9606 GN=TP53BP2 PE=1 SV=2
0.0,0,,,,,,,ZNF799,Q96GE5,Zinc finger protein 799 OS=Homo sapiens OX=9606 GN=ZNF799 PE=1 SV=4
0.8333333333333334,1,435759.645402983,435759.645402983,,,435759.645402983,435759.645402983,ADH5,P11766,Alcohol dehydrogenase class-3 OS=Homo sapiens OX=9606 GN=ADH5 PE=1 SV=4
0.0,0,,,,,,,BBOF1,Q8ND07,Basal body-orientation factor 1 OS=Homo sapiens OX=9606 GN=BBOF1 PE=1 SV=3
0.0,0,,,,,,,OTUB1,F5GYJ8,ubiquitinyl hydrolase 1 OS=Homo sapiens OX=9606 GN=OTUB1 PE=1 SV=1
0.0,0,,,,,,,HMMR,O75330,Hyaluronan mediated motility receptor OS=Homo sapiens OX=9606 GN=HMMR PE=1 SV=2
0.0,0,,,,,,,UBE3C,Q15386,Ubiquitin-protein ligase E3C OS=Homo sapiens OX=9606 GN=UBE3C PE=1 SV=3
0.0,0,,,,,,,GDPD4,Q6W3E5,Glycerophosphodiester phosphodiesterase domain-containing protein 4 OS=Homo sapiens OX=9606 GN=GDPD4 PE=2 SV=1
89.16666666666667,107,4002325.9701567716,3937969.91841473,1388122.6495885742,34.68289839306121,1374702.11320462,9352621.93863891,USO1,O60763,General vesicular transport factor p115 OS=Homo sapiens OX=9606 GN=USO1 PE=1 SV=2
79.16666666666666,95,5504414.440024673,5213144.31095672,2352994.7859433386,42.74741321863097,1354002.81042608,13970372.6752436,DCANP1,Q8TF63,Dendritic cell nuclear protein 1 OS=Homo sapiens OX=9606 GN=DCANP1 PE=1 SV=1
0.0,0,,,,,,,FHIP1A,Q05DH4,FHF complex subunit HOOK-interacting protein 1A OS=Homo sapiens OX=9606 GN=FHIP1A PE=1 SV=2
0.0,0,,,,,,,DNAAF2,Q9NVR5,Protein kintoun OS=Homo sapiens OX=9606 GN=DNAAF2 PE=1 SV=2
0.0,0,,,,,,,CIBAR1,E5RHK0,CBY1 interacting BAR domain containing 1 OS=Homo sapiens OX=9606 GN=CIBAR1 PE=1 SV=1
41.66666666666667,50,4125686.601062698,3656115.18301997,1740750.5553533733,42.19299049290339,509023.105652639,9829303.15924894,PPIE,Q9UNP9,Peptidyl-prolyl cis-trans isomerase E OS=Homo sapiens OX=9606 GN=PPIE PE=1 SV=1
0.0,0,,,,,,,TAF1,A0A804HIC2,Transcription initiation factor TFIID subunit OS=Homo sapiens OX=9606 GN=TAF1 PE=1 SV=1
100.0,120,224808752.78959742,225782336.2578835,53278198.41861946,23.699343445263224,128224881.540263,379814413.350992,CFAP52,Q8N1V2,Cilia- and flagella-associated protein 52 OS=Homo sapiens OX=9606 GN=CFAP52 PE=1 SV=3
50.0,60,13601658.27552124,11723675.71833355,8829762.737659132,64.91681057411921,2320709.15600363,47218706.2671903,CFAP100,Q494V2,Cilia- and flagella-associated protein 100 OS=Homo sapiens OX=9606 GN=CFAP100 PE=1 SV=1
0.0,0,,,,,,,C19orf18,Q8NEA5,Uncharacterized protein C19orf18 OS=Homo sapiens OX=9606 GN=C19orf18 PE=1 SV=1
0.0,0,,,,,,,SLC28A2,O43868,Sodium/nucleoside cotransporter 2 OS=Homo sapiens OX=9606 GN=SLC28A2 PE=1 SV=2
78.33333333333333,94,1935802.1616272198,1506659.177656315,1943932.879756843,100.4200180313255,496120.1934772,13249014.4262789,BNIP5,P0C671,Protein BNIP5 OS=Homo sapiens OX=9606 GN=BNIP5 PE=1 SV=1
73.33333333333333,88,4262943.154707633,4060648.8046420254,1754857.5439277228,41.16539865162891,1003606.8674505,9105125.87513172,ZNF41,P51814,Zinc finger protein 41 OS=Homo sapiens OX=9606 GN=ZNF41 PE=1 SV=2
0.0,0,,,,,,,WFS1,A0A669KAX3,Wolframin ER transmembrane glycoprotein OS=Homo sapiens OX=9606 GN=WFS1 PE=1 SV=1
91.66666666666666,110,4901610.608645252,3849895.7221461004,4461301.582388824,91.01705416011974,424375.303081292,33451336.2009129,GOLGA4,C9J0Y3,Golgin A4 OS=Homo sapiens OX=9606 GN=GOLGA4 PE=1 SV=2
0.0,0,,,,,,,COL5A1,P20908,Collagen alpha-1(V) chain OS=Homo sapiens OX=9606 GN=COL5A1 PE=1 SV=3
0.0,0,,,,,,,NF2,P35240,Merlin OS=Homo sapiens OX=9606 GN=NF2 PE=1 SV=1
6.666666666666667,8,1135367.427645526,996808.731723091,453117.3011132553,39.90930953981212,484736.475231924,1738478.7391028,TAFA1,Q7Z5A9,Chemokine-like protein TAFA-1 OS=Homo sapiens OX=9606 GN=TAFA1 PE=1 SV=1
30.833333333333336,37,96469.1446449954,74250.1619765865,80332.64391929956,83.27288918640478,16946.6302163532,415173.692370553,SH3KBP1,Q5JPT2,SH3 domain containing kinase binding protein 1 OS=Homo sapiens OX=9606 GN=SH3KBP1 PE=1 SV=2
12.5,15,1377518.1695039468,1191887.96215769,1075813.1418906923,78.09792754153649,487808.345080086,4810403.66424968,FST,P19883,Follistatin OS=Homo sapiens OX=9606 GN=FST PE=1 SV=2
18.333333333333332,22,445617.46687174065,459967.116030568,113908.78674418363,25.5620111895141,224934.777428934,618966.884325913,SNX6,A0A0A0MRI2,Sorting nexin OS=Homo sapiens OX=9606 GN=SNX6 PE=1 SV=1
16.666666666666664,20,68534.33863967258,55092.9194773255,46024.62959497062,67.15557559685601,20664.4202636521,202323.648811184,ZNF518B,Q9C0D4,Zinc finger protein 518B OS=Homo sapiens OX=9606 GN=ZNF518B PE=1 SV=2
100.0,120,260849091.50549552,261266957.6891345,70197089.16122639,26.910996222406812,78455079.0544644,447163113.4194,CFAP47,Q6ZTR5,Cilia- and flagella-associated protein 47 OS=Homo sapiens OX=9606 GN=CFAP47 PE=1 SV=5
0.0,0,,,,,,,RAP1GAP2,Q684P5,Rap1 GTPase-activating protein 2 OS=Homo sapiens OX=9606 GN=RAP1GAP2 PE=1 SV=2
0.0,0,,,,,,,WDR43,Q15061,WD repeat-containing protein 43 OS=Homo sapiens OX=9606 GN=WDR43 PE=1 SV=3
0.0,0,,,,,,,PRPF19,Q9UMS4,Pre-mRNA-processing factor 19 OS=Homo sapiens OX=9606 GN=PRPF19 PE=1 SV=1
0.0,0,,,,,,,MAP1A,E9PGC8,Microtubule associated protein 1A OS=Homo sapiens OX=9606 GN=MAP1A PE=1 SV=1
99.16666666666667,119,38365357.214677915,38918554.3349367,10313272.342564493,26.88173157063377,11783745.0275873,66149177.9106894,HMGXB3,A0A8C8PVR7,HMG-box containing 3 OS=Homo sapiens OX=9606 GN=HMGXB3 PE=1 SV=1
0.0,0,,,,,,,PYCR3,A0A0A0MQS1,Pyrroline-5-carboxylate reductase OS=Homo sapiens OX=9606 GN=PYCR3 PE=1 SV=1
95.0,114,5629648.820572153,5337895.94547005,2801850.1291726707,49.76953658164263,1281951.61915265,18425351.2266906,PRRC2B,Q5JSZ5,Protein PRRC2B OS=Homo sapiens OX=9606 GN=PRRC2B PE=1 SV=2
36.666666666666664,44,249875.63975501712,198998.7100035595,193444.47444777,77.4162998191527,105892.032278735,1346459.08092219,FLII,Q13045,Protein flightless-1 homolog OS=Homo sapiens OX=9606 GN=FLII PE=1 SV=2
65.0,78,1011675.5318347611,1003448.3900873901,326257.56648557936,32.24922974008109,420205.86205503,1814645.00615961,WDR54,Q9H977,WD repeat-containing protein 54 OS=Homo sapiens OX=9606 GN=WDR54 PE=1 SV=1
13.333333333333334,16,4378266.281161199,2110112.472621875,6995058.731371059,159.76777752119352,550118.148685834,29389113.3595386,PABIR3,A0A2R8YFQ2,PABIR family member 3 OS=Homo sapiens OX=9606 GN=PABIR3 PE=1 SV=1
6.666666666666667,8,767924.295728342,605911.3664144375,536858.9030466741,69.910394297069,174985.561925474,1840040.44915357,SPRR3,Q9UBC9,Small proline-rich protein 3 OS=Homo sapiens OX=9606 GN=SPRR3 PE=1 SV=2
42.5,51,2645000.294726394,2278686.05390082,1503928.0210518737,56.85927612372701,241256.592010453,9098316.8547955,MUC5B,Q9HC84,Mucin-5B OS=Homo sapiens OX=9606 GN=MUC5B PE=1 SV=3
11.666666666666666,14,415680.14590846776,401210.769636242,227631.21001511454,54.76114562018044,174033.922702889,1098370.71064248,LHFPL2,Q6ZUX7,LHFPL tetraspan subfamily member 2 protein OS=Homo sapiens OX=9606 GN=LHFPL2 PE=1 SV=2
0.0,0,,,,,,,KANK3,Q6NY19,KN motif and ankyrin repeat domain-containing protein 3 OS=Homo sapiens OX=9606 GN=KANK3 PE=1 SV=2
0.0,0,,,,,,,OLFM2,K7EKW2,Olfactomedin 2 OS=Homo sapiens OX=9606 GN=OLFM2 PE=1 SV=9
6.666666666666667,8,304150.61853291653,309726.130280592,74035.71557886942,24.34179352847739,197133.294336664,419506.878637831,DCP1A,Q9NPI6,mRNA-decapping enzyme 1A OS=Homo sapiens OX=9606 GN=DCP1A PE=1 SV=3
0.0,0,,,,,,,RB1CC1,Q8TDY2,RB1-inducible coiled-coil protein 1 OS=Homo sapiens OX=9606 GN=RB1CC1 PE=1 SV=3
0.0,0,,,,,,,C2CD3,A0A7P0T831,C2 domain containing 3 centriole elongation regulator OS=Homo sapiens OX=9606 GN=C2CD3 PE=1 SV=1
0.0,0,,,,,,,KBTBD6,Q86V97,Kelch repeat and BTB domain-containing protein 6 OS=Homo sapiens OX=9606 GN=KBTBD6 PE=1 SV=1
0.0,0,,,,,,,HAP1,P54257,Huntingtin-associated protein 1 OS=Homo sapiens OX=9606 GN=HAP1 PE=1 SV=3
9.166666666666666,11,1605629.6487636326,704234.997211483,1476201.0884579336,91.93907758209612,383049.578575703,5116519.52319765,GBP5,Q96PP8,Guanylate-binding protein 5 OS=Homo sapiens OX=9606 GN=GBP5 PE=1 SV=1
99.16666666666667,119,8450179.897532536,7501267.00765536,4920793.8765500765,58.23300729948904,1182769.0685499,32272902.3855442,HIP1R,O75146,Huntingtin-interacting protein 1-related protein OS=Homo sapiens OX=9606 GN=HIP1R PE=1 SV=2
16.666666666666664,20,856099.1195723496,804343.9597150215,258685.85836257305,30.21681163412426,435343.609418169,1520365.50726405,CFAP36,Q96G28,Cilia- and flagella-associated protein 36 OS=Homo sapiens OX=9606 GN=CFAP36 PE=1 SV=2
30.833333333333336,37,344356.6701969447,288504.225022926,128479.77828884526,37.31008846593999,155164.729038479,641144.941316753,PLA2G4D,Q86XP0,Cytosolic phospholipase A2 delta OS=Homo sapiens OX=9606 GN=PLA2G4D PE=1 SV=2
0.0,0,,,,,,,ZNF330,Q9Y3S2,Zinc finger protein 330 OS=Homo sapiens OX=9606 GN=ZNF330 PE=1 SV=1
99.16666666666667,119,4518358.900008286,4266763.41893971,1931646.8188159082,42.75107094331009,3440.9917852009,12006191.9356353,RABEP1,Q15276,Rab GTPase-binding effector protein 1 OS=Homo sapiens OX=9606 GN=RABEP1 PE=1 SV=2
11.666666666666666,14,2831909.1481380453,1085185.050559575,4059835.5671552927,143.36037474311624,507743.670690576,14590392.2842111,HERC1,Q15751,Probable E3 ubiquitin-protein ligase HERC1 OS=Homo sapiens OX=9606 GN=HERC1 PE=1 SV=2
50.83333333333333,61,466492.3241907545,411638.327907795,256106.9933349944,54.900580364162444,103299.011255465,1397276.25981891,TNPO1,Q92973,Transportin-1 OS=Homo sapiens OX=9606 GN=TNPO1 PE=1 SV=2
17.5,21,525725.8031968975,474928.274752911,168199.68155500924,31.9938037152067,361533.162057201,1079923.84790273,SYPL1,A0A994J846,Synaptophysin like 1 OS=Homo sapiens OX=9606 GN=SYPL1 PE=1 SV=1
100.0,120,1000934968.7134134,974174317.844412,240890129.70102316,24.0665115347763,527015094.0,1629860819.90611,CACNA1A,O00555,Voltage-dependent P/Q-type calcium channel subunit alpha-1A OS=Homo sapiens OX=9606 GN=CACNA1A PE=1 SV=3
0.0,0,,,,,,,CAPN15,O75808,Calpain-15 OS=Homo sapiens OX=9606 GN=CAPN15 PE=1 SV=1
13.333333333333334,16,3970998.9239993505,4128462.55570532,1598409.179269573,40.252067801110144,679300.045059162,6932302.8257745,ZNF729,A6NN14,Zinc finger protein 729 OS=Homo sapiens OX=9606 GN=ZNF729 PE=1 SV=4
0.0,0,,,,,,,PPA1,Q15181,Inorganic pyrophosphatase OS=Homo sapiens OX=9606 GN=PPA1 PE=1 SV=2
62.5,75,16900777.755171243,15539872.5858782,12773318.47854134,75.578287955612,210987.218772795,44882185.8926966,SMARCD2,Q92925,SWI/SNF-related matrix-associated actin-dependent regulator of chromatin subfamily D member 2 OS=Homo sapiens OX=9606 GN=SMARCD2 PE=1 SV=3
99.16666666666667,119,17497964.506074764,17135128.3077501,6501092.21341622,37.15341982296991,2425660.76827092,34342091.3293612,,A0A1W2PRG0,glutathione transferase OS=Homo sapiens OX=9606 PE=3 SV=1
0.0,0,,,,,,,MOBP,C9JLT8,Myelin associated oligodendrocyte basic protein (Fragment) OS=Homo sapiens OX=9606 GN=MOBP PE=1 SV=2
0.0,0,,,,,,,MYO6,A0A590UJ40,Unconventional myosin-VI OS=Homo sapiens OX=9606 GN=MYO6 PE=1 SV=1
0.0,0,,,,,,,CAMSAP2,Q08AD1,Calmodulin-regulated spectrin-associated protein 2 OS=Homo sapiens OX=9606 GN=CAMSAP2 PE=1 SV=3
30.833333333333336,37,662307.4317202927,247085.087702404,839397.5331084239,126.73835335474845,88074.838723537,3057585.24376601,ARHGAP15,Q53QZ3,Rho GTPase-activating protein 15 OS=Homo sapiens OX=9606 GN=ARHGAP15 PE=1 SV=2
0.0,0,,,,,,,ZNF516,Q92618,Zinc finger protein 516 OS=Homo sapiens OX=9606 GN=ZNF516 PE=1 SV=1
40.833333333333336,49,1559196.820593526,484396.253013654,2089065.9170903324,133.98346440285235,142195.327402339,6651085.23185617,ATP2B3,A0A994J7W3,ATPase plasma membrane Ca2+ transporting 3 (Fragment) OS=Homo sapiens OX=9606 GN=ATP2B3 PE=1 SV=1
0.0,0,,,,,,,AEBP1,Q8IUX7,Adipocyte enhancer-binding protein 1 OS=Homo sapiens OX=9606 GN=AEBP1 PE=1 SV=1
99.16666666666667,119,47476568.11436249,46423323.2522217,10705292.468453277,22.54858110777122,27950270.124439,89148522.5401394,NUTM2F,A1L443,NUT family member 2F OS=Homo sapiens OX=9606 GN=NUTM2F PE=2 SV=2
0.0,0,,,,,,,CNGB1,Q14028,Cyclic nucleotide-gated channel beta-1 OS=Homo sapiens OX=9606 GN=CNGB1 PE=1 SV=2
41.66666666666667,50,526574.3911021292,502397.57560288045,154689.53053014388,29.376576822578865,288936.21875,965671.189968997,OCEL1,Q9H607,Occludin/ELL domain-containing protein 1 OS=Homo sapiens OX=9606 GN=OCEL1 PE=1 SV=1
0.0,0,,,,,,,DLEC1,Q9Y238,Deleted in lung and esophageal cancer protein 1 OS=Homo sapiens OX=9606 GN=DLEC1 PE=1 SV=2
0.0,0,,,,,,,CARHSP1,Q9Y2V2,Calcium-regulated heat-stable protein 1 OS=Homo sapiens OX=9606 GN=CARHSP1 PE=1 SV=2
0.0,0,,,,,,,MTG1,Q9BT17,Mitochondrial ribosome-associated GTPase 1 OS=Homo sapiens OX=9606 GN=MTG1 PE=1 SV=2
0.0,0,,,,,,,EXOC7,Q9UPT5,Exocyst complex component 7 OS=Homo sapiens OX=9606 GN=EXOC7 PE=1 SV=3
51.66666666666667,62,2206673.196897614,1009385.8560270739,4017397.8298574374,182.05676470378765,224783.103824056,25810280.8428922,COL6A3,P12111,Collagen alpha-3(VI) chain OS=Homo sapiens OX=9606 GN=COL6A3 PE=1 SV=5
9.166666666666666,11,412342.2733816644,377753.266252226,140709.95250581726,34.12455175935259,275328.423811786,747433.035309297,FN3KRP,Q9HA64,Ketosamine-3-kinase OS=Homo sapiens OX=9606 GN=FN3KRP PE=1 SV=2
0.0,0,,,,,,,SLAIN2,Q9P270,SLAIN motif-containing protein 2 OS=Homo sapiens OX=9606 GN=SLAIN2 PE=1 SV=2
100.0,120,5022047.456379715,4953749.74240546,1969519.4602505357,39.2174601565856,590502.04518902,11072164.2527145,GLUL,P15104,Glutamine synthetase OS=Homo sapiens OX=9606 GN=GLUL PE=1 SV=4
0.0,0,,,,,,,KLHL2,O95198,Kelch-like protein 2 OS=Homo sapiens OX=9606 GN=KLHL2 PE=1 SV=2
94.16666666666667,113,1322366.237636777,1294445.01908327,485312.8138809485,36.70033308989037,421012.109470183,2942762.10814885,CCDC80,Q76M96,Coiled-coil domain-containing protein 80 OS=Homo sapiens OX=9606 GN=CCDC80 PE=1 SV=1
24.166666666666668,29,321717.388445976,285945.144716944,141991.73845141951,44.13554988037686,120303.849952541,639821.908756806,SSR4,P51571,Translocon-associated protein subunit delta OS=Homo sapiens OX=9606 GN=SSR4 PE=1 SV=1
0.0,0,,,,,,,SRP68,Q9UHB9,Signal recognition particle subunit SRP68 OS=Homo sapiens OX=9606 GN=SRP68 PE=1 SV=2
56.666666666666664,68,2442058.355832603,2282466.344021265,1532947.6114988741,62.772767400811205,262089.917041465,7420402.41558808,ADAM23,E7EWD3,ADAM metallopeptidase domain 23 OS=Homo sapiens OX=9606 GN=ADAM23 PE=1 SV=2
5.833333333333333,7,703924.2105424259,615851.497052953,345337.7144914096,49.0589340896943,429092.194302728,1412344.53624871,ADA,A0A8Q3WKZ1,Adenosine deaminase OS=Homo sapiens OX=9606 GN=ADA PE=1 SV=1
58.333333333333336,70,947066.0105999932,751130.028063479,780470.7963839533,82.40933447601006,393587.080162935,5949692.92229867,GPR182,Q7Z4H2,G protein-coupled receptor 182 OS=Homo sapiens OX=9606 GN=GPR182 PE=2 SV=1
10.0,12,1352752.2807855632,1288263.59571145,535907.611398314,39.61609372316893,531698.170419484,2112593.54226607,TRIM27,P14373,Zinc finger protein RFP OS=Homo sapiens OX=9606 GN=TRIM27 PE=1 SV=1
0.0,0,,,,,,,C16orf78,Q8WTQ4,Uncharacterized protein C16orf78 OS=Homo sapiens OX=9606 GN=C16orf78 PE=1 SV=1
0.0,0,,,,,,,SERPINB2,P05120,Plasminogen activator inhibitor 2 OS=Homo sapiens OX=9606 GN=SERPINB2 PE=1 SV=2
10.833333333333334,13,1211443.0872975735,1227139.83318361,451616.57849670266,37.27922369874975,667736.455966522,2295032.75702121,ERCC6,Q03468,DNA excision repair protein ERCC-6 OS=Homo sapiens OX=9606 GN=ERCC6 PE=1 SV=1
1.6666666666666667,2,761067.4230028535,761067.4230028535,51828.731360879116,6.8100052366431125,724418.97559728,797715.870408427,PDE4DIP,E9PS60,CDK5 regulatory subunit-associated protein 2 (Fragment) OS=Homo sapiens OX=9606 GN=PDE4DIP PE=1 SV=1
24.166666666666668,29,574025.7889469361,568786.594038407,173483.85905090114,30.222310981735053,330334.834854546,1032821.77311948,ANKRD26,Q9UPS8,Ankyrin repeat domain-containing protein 26 OS=Homo sapiens OX=9606 GN=ANKRD26 PE=1 SV=4
98.33333333333333,118,6544781.653769119,6194582.0135890655,2963404.0224919342,45.278882921713965,270790.620017889,16003197.7862581,NASP,P49321,Nuclear autoantigenic sperm protein OS=Homo sapiens OX=9606 GN=NASP PE=1 SV=2
0.0,0,,,,,,,SCUBE2,A0A3B3ISZ7,"Signal peptide, CUB domain and EGF like domain containing 2 OS=Homo sapiens OX=9606 GN=SCUBE2 PE=1 SV=1"
100.0,120,22320399.033497296,22623163.4212849,7930710.292921725,35.5312209294275,6240379.04370967,43622700.000603,LARS1,Q9P2J5,"Leucine--tRNA ligase, cytoplasmic OS=Homo sapiens OX=9606 GN=LARS1 PE=1 SV=2"
100.0,120,75140246.81808373,74056280.36244175,23742785.155656904,31.597960029514855,18388182.4607988,136786730.89068,BBX,C9IYG9,BBX high mobility group box domain containing (Fragment) OS=Homo sapiens OX=9606 GN=BBX PE=1 SV=1
100.0,120,49462962.311255045,47665148.248569,16525724.686821345,33.41030119229434,18808136.7369443,90895138.3620081,COPG1,Q9Y678,Coatomer subunit gamma-1 OS=Homo sapiens OX=9606 GN=COPG1 PE=1 SV=1
46.666666666666664,56,1250015.040697022,1264892.80115749,600236.3449603436,48.0183298135073,274309.894820177,2478959.79435115,ELMOD2,Q8IZ81,ELMO domain-containing protein 2 OS=Homo sapiens OX=9606 GN=ELMOD2 PE=1 SV=1
0.0,0,,,,,,,HAS1,M0R2V0,hyaluronan synthase OS=Homo sapiens OX=9606 GN=HAS1 PE=1 SV=1
0.0,0,,,,,,,SCLT1,Q96NL6,Sodium channel and clathrin linker 1 OS=Homo sapiens OX=9606 GN=SCLT1 PE=1 SV=2
21.666666666666668,26,548075.0832223945,428927.865058964,319082.4978356669,58.21875644476098,299597.248337939,1465265.93683048,S100A16,Q96FQ6,Protein S100-A16 OS=Homo sapiens OX=9606 GN=S100A16 PE=1 SV=1
55.00000000000001,66,3996891.717963154,4100483.403167005,1166485.1749293269,29.18480802686785,932631.353403386,6980796.71589719,PLXNB1,O43157,Plexin-B1 OS=Homo sapiens OX=9606 GN=PLXNB1 PE=1 SV=3
98.33333333333333,118,32446670.891803604,31534600.01374975,8920624.703283897,27.493189464739036,11789957.4971921,66048561.7762268,FRAS1,Q86XX4,Extracellular matrix organizing protein FRAS1 OS=Homo sapiens OX=9606 GN=FRAS1 PE=1 SV=2
3.3333333333333335,4,238975.50889526398,190087.2989447715,112655.41974292844,47.140989578267636,168515.663745999,407211.773945514,PLIN3,O60664,Perilipin-3 OS=Homo sapiens OX=9606 GN=PLIN3 PE=1 SV=3
10.833333333333334,13,485086.84468707576,475386.882209976,99189.10931899276,20.447701356028027,346365.241452495,631302.563025414,CD5,P06127,T-cell surface glycoprotein CD5 OS=Homo sapiens OX=9606 GN=CD5 PE=1 SV=2
14.166666666666666,17,771042.2289954548,587824.471984778,412511.98981494363,53.5005703062958,351664.894574298,1832387.95478458,TCAF1,Q9Y4C2,TRPM8 channel-associated factor 1 OS=Homo sapiens OX=9606 GN=TCAF1 PE=1 SV=3
0.0,0,,,,,,,MAP2K1,A0A8I5KYB4,Dual specificity mitogen-activated protein kinase kinase 1 OS=Homo sapiens OX=9606 GN=MAP2K1 PE=1 SV=1
25.833333333333336,31,1030453.3451703996,977675.807789568,494158.62594060786,47.955458464632564,350652.41423857,2243477.48620783,USP28,A0A8V8TLZ9,ubiquitinyl hydrolase 1 OS=Homo sapiens OX=9606 GN=USP28 PE=1 SV=1
0.0,0,,,,,,,KAT6A,A0A3F2YNX6,Histone acetyltransferase OS=Homo sapiens OX=9606 GN=KAT6A PE=1 SV=1
0.0,0,,,,,,,CHD4,A0A2R8YDW2,Chromodomain helicase DNA binding protein 4 (Fragment) OS=Homo sapiens OX=9606 GN=CHD4 PE=1 SV=1
0.0,0,,,,,,,WDR48,Q8TAF3,WD repeat-containing protein 48 OS=Homo sapiens OX=9606 GN=WDR48 PE=1 SV=1
86.66666666666667,104,1206823.5158062612,1133490.85940309,344813.9858162611,28.572030731924862,628176.447265839,2421643.2340647,FLVCR1,Q9Y5Y0,Choline/ethanolamine transporter FLVCR1 OS=Homo sapiens OX=9606 GN=FLVCR1 PE=1 SV=1
0.0,0,,,,,,,GPC4,O75487,Glypican-4 OS=Homo sapiens OX=9606 GN=GPC4 PE=1 SV=4
0.0,0,,,,,,,HOXB13,Q92826,Homeobox protein Hox-B13 OS=Homo sapiens OX=9606 GN=HOXB13 PE=1 SV=2
48.333333333333336,58,3240724.165730428,2875890.0419106297,1915031.6683311702,59.09270799971156,461022.63226599,10984443.7304195,DENND11,A4D1U4,DENN domain-containing protein 11 OS=Homo sapiens OX=9606 GN=DENND11 PE=1 SV=1
19.166666666666668,23,376833.66296753846,343278.961692051,159282.47484669884,42.26864277261235,209689.580828786,861334.748815568,RTL5,Q5HYW3,Retrotransposon Gag-like protein 5 OS=Homo sapiens OX=9606 GN=RTL5 PE=1 SV=1
44.166666666666664,53,1040012.2025592993,863089.063958274,582699.3553895563,56.02812678116938,120150.472682559,2424240.39779729,EYA4,F2Z2Y1,Eyes absent homolog OS=Homo sapiens OX=9606 GN=EYA4 PE=1 SV=1
30.0,36,275671.05953789444,239143.722322614,146012.11294321594,52.966065131383424,68392.1816985608,715592.635577833,TREML1,Q86YW5,Trem-like transcript 1 protein OS=Homo sapiens OX=9606 GN=TREML1 PE=1 SV=2
40.0,48,1789963.200234076,1410020.97409637,1138682.5870816137,63.614860178840914,616836.49735697,7187029.66906604,ADAP1,O75689,Arf-GAP with dual PH domain-containing protein 1 OS=Homo sapiens OX=9606 GN=ADAP1 PE=1 SV=2
89.16666666666667,107,3535731.9752844167,2585086.61965486,3691756.7954151034,104.4128011178827,662455.876700933,31949551.7705681,MUC2,Q02817,Mucin-2 OS=Homo sapiens OX=9606 GN=MUC2 PE=1 SV=3
0.0,0,,,,,,,ZFX,P17010,Zinc finger X-chromosomal protein OS=Homo sapiens OX=9606 GN=ZFX PE=1 SV=2
87.5,105,2346192.4245496476,1633275.83328722,2689116.2452565716,114.61618480729467,496332.246878302,24526683.1546044,LDHC,P07864,L-lactate dehydrogenase C chain OS=Homo sapiens OX=9606 GN=LDHC PE=1 SV=4
36.666666666666664,44,2970926.273970566,2653451.121132215,1493478.6532631684,50.269798559059254,684308.763161702,6977105.33727786,GGNBP1,Q5YKI7,Putative gametogenetin-binding protein 1 OS=Homo sapiens OX=9606 GN=GGNBP1 PE=5 SV=1
0.0,0,,,,,,,SCG2,P13521,Secretogranin-2 OS=Homo sapiens OX=9606 GN=SCG2 PE=1 SV=2
0.0,0,,,,,,,FCHO1,A0A8V8TPN1,FCH and mu domain containing endocytic adaptor 1 OS=Homo sapiens OX=9606 GN=FCHO1 PE=1 SV=1
0.0,0,,,,,,,DPP8,Q6V1X1,Dipeptidyl peptidase 8 OS=Homo sapiens OX=9606 GN=DPP8 PE=1 SV=1
0.0,0,,,,,,,FEZ2,Q7Z674,Fasciculation and elongation protein zeta 2 OS=Homo sapiens OX=9606 GN=FEZ2 PE=1 SV=1
0.0,0,,,,,,,TFDP3,Q5H9I0,Transcription factor Dp family member 3 OS=Homo sapiens OX=9606 GN=TFDP3 PE=1 SV=1
0.0,0,,,,,,,SAMHD1,Q9Y3Z3,Deoxynucleoside triphosphate triphosphohydrolase SAMHD1 OS=Homo sapiens OX=9606 GN=SAMHD1 PE=1 SV=2
0.0,0,,,,,,,PXDNL,A1KZ92,Probable oxidoreductase PXDNL OS=Homo sapiens OX=9606 GN=PXDNL PE=1 SV=3
0.0,0,,,,,,,VAMP3,Q15836,Vesicle-associated membrane protein 3 OS=Homo sapiens OX=9606 GN=VAMP3 PE=1 SV=3
85.83333333333333,103,17602359.448103614,13189331.3847064,14542674.712624855,82.61775789490315,2910680.24147133,94056326.6353271,MYT1,Q01538,Myelin transcription factor 1 OS=Homo sapiens OX=9606 GN=MYT1 PE=1 SV=2
98.33333333333333,118,7849985.363746948,6118307.25071466,5537326.35683686,70.53932077898536,1714448.49489035,28504728.573845,ZC3H7A,Q8IWR0,Zinc finger CCCH domain-containing protein 7A OS=Homo sapiens OX=9606 GN=ZC3H7A PE=1 SV=1
0.0,0,,,,,,,TP53RK,Q96S44,EKC/KEOPS complex subunit TP53RK OS=Homo sapiens OX=9606 GN=TP53RK PE=1 SV=2
0.8333333333333334,1,3514980.36941907,3514980.36941907,,,3514980.36941907,3514980.36941907,SYTL5,Q8TDW5,Synaptotagmin-like protein 5 OS=Homo sapiens OX=9606 GN=SYTL5 PE=1 SV=1
6.666666666666667,8,452659.7947652625,340383.741136731,286535.9206464614,63.30050160409131,253410.881699117,1048162.97751639,F11R,Q9Y624,Junctional adhesion molecule A OS=Homo sapiens OX=9606 GN=F11R PE=1 SV=1
83.33333333333334,100,776034.432448462,725109.755866734,301941.0793833837,38.90820648649971,294626.0625,1833317.74895067,GOLGB1,A0A8J9C4H3,Golgin B1 OS=Homo sapiens OX=9606 GN=GOLGB1 PE=1 SV=1
74.16666666666667,89,1128903.8620486099,1056255.36507842,380663.69682936714,33.719762118501464,449677.231186241,2657442.08114692,,V9GYY9,SUZ domain-containing protein (Fragment) OS=Homo sapiens OX=9606 PE=4 SV=1
0.0,0,,,,,,,DNTTIP1,Q9H147,Deoxynucleotidyltransferase terminal-interacting protein 1 OS=Homo sapiens OX=9606 GN=DNTTIP1 PE=1 SV=2
0.0,0,,,,,,,GSR,P00390,"Glutathione reductase, mitochondrial OS=Homo sapiens OX=9606 GN=GSR PE=1 SV=2"
0.0,0,,,,,,,NT5C2,S4R3A6,"5'-nucleotidase, cytosolic II OS=Homo sapiens OX=9606 GN=NT5C2 PE=1 SV=1"
1.6666666666666667,2,624301.0000998729,624301.0000998729,525789.3435932009,84.22048715428734,252511.789769497,996090.210430249,PLXNC1,O60486,Plexin-C1 OS=Homo sapiens OX=9606 GN=PLXNC1 PE=1 SV=1
75.0,90,339618.2676926111,266118.63191159803,288070.89349552256,84.82196657226221,17526.6380136081,1699373.97694518,CDC5L,Q99459,Cell division cycle 5-like protein OS=Homo sapiens OX=9606 GN=CDC5L PE=1 SV=2
0.0,0,,,,,,,ZAR1L,A6NP61,Protein ZAR1-like OS=Homo sapiens OX=9606 GN=ZAR1L PE=1 SV=2
0.0,0,,,,,,,DCLK1,O15075,Serine/threonine-protein kinase DCLK1 OS=Homo sapiens OX=9606 GN=DCLK1 PE=1 SV=2
0.0,0,,,,,,,TTC8,Q8TAM2,Tetratricopeptide repeat protein 8 OS=Homo sapiens OX=9606 GN=TTC8 PE=1 SV=2
100.0,120,2451835.6248428007,2342981.3793385196,875538.8313291857,35.70952401775796,220229.352545328,5512191.57440724,SIK2,Q9H0K1,Serine/threonine-protein kinase SIK2 OS=Homo sapiens OX=9606 GN=SIK2 PE=1 SV=1
0.0,0,,,,,,,LYG2,Q86SG7,Lysozyme g-like protein 2 OS=Homo sapiens OX=9606 GN=LYG2 PE=1 SV=2
75.83333333333333,91,1194400.7830638927,978005.466686442,1096828.6947027217,91.83087538582502,79781.2367403336,5161451.64202131,ASAP1,Q9ULH1,"Arf-GAP with SH3 domain, ANK repeat and PH domain-containing protein 1 OS=Homo sapiens OX=9606 GN=ASAP1 PE=1 SV=4"
100.0,120,21398704.94255909,21717063.242607303,6492009.524615243,30.338329081324574,5343417.20780546,36121953.3809339,NSD3,Q9BZ95,Histone-lysine N-methyltransferase NSD3 OS=Homo sapiens OX=9606 GN=NSD3 PE=1 SV=1
0.0,0,,,,,,,CEP112,Q8N8E3,Centrosomal protein of 112 kDa OS=Homo sapiens OX=9606 GN=CEP112 PE=1 SV=2
96.66666666666667,116,1668246.3792812466,1680048.211105935,651445.3520669716,39.04970873352908,588848.132188856,5227096.01545951,BECN2,A8MW95,Beclin-2 OS=Homo sapiens OX=9606 GN=BECN2 PE=1 SV=2
0.0,0,,,,,,,RHPN2P1,A8MT19,Putative rhophilin-2-like protein RHPN2P1 OS=Homo sapiens OX=9606 GN=RHPN2P1 PE=5 SV=2
0.0,0,,,,,,,CRYBB2,P43320,Beta-crystallin B2 OS=Homo sapiens OX=9606 GN=CRYBB2 PE=1 SV=2
0.0,0,,,,,,,VPS53,A0A7P0T805,VPS53 subunit of GARP complex (Fragment) OS=Homo sapiens OX=9606 GN=VPS53 PE=1 SV=1
83.33333333333334,100,4368855.960267892,4381136.072188854,1155792.589225706,26.45526883323556,721132.822766491,7600599.88864468,RNF214,Q8ND24,RING finger protein 214 OS=Homo sapiens OX=9606 GN=RNF214 PE=1 SV=2
40.833333333333336,49,631209.3708264792,525612.510472275,449262.41422241495,71.17486447233341,238149.602153879,3128099.56095661,RCC1,M0R1Q8,Regulator of chromosome condensation 1 (Fragment) OS=Homo sapiens OX=9606 GN=RCC1 PE=1 SV=1
0.0,0,,,,,,,NAPSA,O96009,Napsin-A OS=Homo sapiens OX=9606 GN=NAPSA PE=1 SV=1
30.0,36,862125.7457993058,758339.590051498,374888.00214940857,43.48414416064529,295230.683592846,1694313.64812445,AXDND1,Q5T1B0,Axonemal dynein light chain domain-containing protein 1 OS=Homo sapiens OX=9606 GN=AXDND1 PE=1 SV=1
94.16666666666667,113,8680067.992285186,8132980.69489864,3175748.6252674214,36.5866791376521,10018.9995749375,18048193.9286795,GRIP2,A0A087WX15,Glutamate receptor interacting protein 2 OS=Homo sapiens OX=9606 GN=GRIP2 PE=1 SV=1
3.3333333333333335,4,675252.8086267936,585674.750666884,291979.8371429018,43.24007740696071,436116.146912906,1093545.5862605,FBXL22,A0A1W2PQW8,F-box and leucine rich repeat protein 22 OS=Homo sapiens OX=9606 GN=FBXL22 PE=1 SV=1
0.0,0,,,,,,,PRKAR1A,P10644,cAMP-dependent protein kinase type I-alpha regulatory subunit OS=Homo sapiens OX=9606 GN=PRKAR1A PE=1 SV=1
3.3333333333333335,4,710143.831323581,616601.6924551,378937.4505938108,53.36066214748908,377837.335555274,1229534.60482885,MYBPC1,Q00872,"Myosin-binding protein C, slow-type OS=Homo sapiens OX=9606 GN=MYBPC1 PE=1 SV=2"
0.0,0,,,,,,,B4GALT2,O60909,"Beta-1,4-galactosyltransferase 2 OS=Homo sapiens OX=9606 GN=B4GALT2 PE=1 SV=1"
4.166666666666666,5,1092038.1755537658,969012.048043264,687707.2518339142,62.97465301386392,557575.047880133,2274767.11054888,SNED1,Q8TER0,"Sushi, nidogen and EGF-like domain-containing protein 1 OS=Homo sapiens OX=9606 GN=SNED1 PE=1 SV=2"
23.333333333333332,28,279178.342230898,267520.0010136785,96468.50601936215,34.55443758584133,147562.240018368,568231.798807029,ZNF471,Q9BX82,Zinc finger protein 471 OS=Homo sapiens OX=9606 GN=ZNF471 PE=1 SV=1
0.0,0,,,,,,,BPIFA1,Q9NP55,BPI fold-containing family A member 1 OS=Homo sapiens OX=9606 GN=BPIFA1 PE=1 SV=1
0.0,0,,,,,,,INTS10,H0YAU7,Integrator complex subunit 10 (Fragment) OS=Homo sapiens OX=9606 GN=INTS10 PE=1 SV=1
81.66666666666667,98,1137415.8078539628,1053447.0706343749,411061.75454019126,36.13997200511645,368589.29708,2133696.52077204,FBXO24,O75426,F-box only protein 24 OS=Homo sapiens OX=9606 GN=FBXO24 PE=1 SV=2
0.0,0,,,,,,,ATP5PB,P24539,"ATP synthase F(0) complex subunit B1, mitochondrial OS=Homo sapiens OX=9606 GN=ATP5PB PE=1 SV=2"
13.333333333333334,16,866290.1431835982,600469.1155981314,1006861.0815582788,116.2267733831168,286867.549342471,4560064.46953154,KIF14,Q15058,Kinesin-like protein KIF14 OS=Homo sapiens OX=9606 GN=KIF14 PE=1 SV=1
0.0,0,,,,,,,RBM7,J3KPD3,RNA binding motif protein 7 OS=Homo sapiens OX=9606 GN=RBM7 PE=1 SV=1
41.66666666666667,50,1311556.8762941016,1276997.767983665,517565.48128619196,39.46191664585759,398513.846460033,2998942.67926616,DYNC2LI1,Q8TCX1,Cytoplasmic dynein 2 light intermediate chain 1 OS=Homo sapiens OX=9606 GN=DYNC2LI1 PE=1 SV=1
0.0,0,,,,,,,FHL2,Q14192,Four and a half LIM domains protein 2 OS=Homo sapiens OX=9606 GN=FHL2 PE=1 SV=3
25.833333333333336,31,455826.3696095103,382558.268701788,239567.22803071243,52.556684738520254,205026.897163634,1479382.00278874,TNFSF13,O75888,Tumor necrosis factor ligand superfamily member 13 OS=Homo sapiens OX=9606 GN=TNFSF13 PE=1 SV=1
50.0,60,4146532.6139012743,3938953.01930073,1701493.8434901012,41.03413627535048,253801.624448611,8540163.83289329,DNAH17,Q9UFH2,Dynein axonemal heavy chain 17 OS=Homo sapiens OX=9606 GN=DNAH17 PE=1 SV=3
15.833333333333332,19,855471.113844896,649877.577284718,777114.498395976,90.84053053565447,261134.025040258,3816920.06482435,KLHL15,A0A8I5QJW5,Kelch-like protein 15 OS=Homo sapiens OX=9606 GN=KLHL15 PE=1 SV=1
38.333333333333336,46,1673246.5167801753,1341471.899380235,1165761.719646084,69.67064971928684,261135.957722065,6036600.80350812,ERVK-19,O71037,Endogenous retrovirus group K member 19 Env polyprotein OS=Homo sapiens OX=9606 GN=ERVK-19 PE=1 SV=2
95.0,114,3088131.8021455826,2680856.028384855,2014247.889700772,65.22545081467398,674898.008593461,13204909.4849524,FRMPD3,Q5JV73,FERM and PDZ domain-containing protein 3 OS=Homo sapiens OX=9606 GN=FRMPD3 PE=1 SV=3
0.0,0,,,,,,,ZNF569,K7ELU1,Zinc finger protein 569 OS=Homo sapiens OX=9606 GN=ZNF569 PE=1 SV=2
24.166666666666668,29,1185811.1017598673,860119.442941121,806486.913424045,68.01141532805136,311157.528712432,3099022.7696214,ANGPTL4,Q9BY76,Angiopoietin-related protein 4 OS=Homo sapiens OX=9606 GN=ANGPTL4 PE=1 SV=2
5.833333333333333,7,500377.0792617175,405559.397120266,235093.78703089256,46.98332453152375,326314.391248335,940941.953774069,SCYL1,Q96KG9,N-terminal kinase-like protein OS=Homo sapiens OX=9606 GN=SCYL1 PE=1 SV=1
0.0,0,,,,,,,OTUD6B,A0A087X0W9,ubiquitinyl hydrolase 1 OS=Homo sapiens OX=9606 GN=OTUD6B PE=1 SV=1
0.0,0,,,,,,,TOP2A,P11388,DNA topoisomerase 2-alpha OS=Homo sapiens OX=9606 GN=TOP2A PE=1 SV=3
0.0,0,,,,,,,DOK4,H3BQ19,Docking protein 4 OS=Homo sapiens OX=9606 GN=DOK4 PE=1 SV=1
43.333333333333336,52,1551444.0864745681,1326592.56461667,754060.9689021603,48.60381211775763,684104.467632866,4921497.13298927,TRAPPC10,P48553,Trafficking protein particle complex subunit 10 OS=Homo sapiens OX=9606 GN=TRAPPC10 PE=1 SV=2
0.0,0,,,,,,,TDRD7,Q8NHU6,Tudor domain-containing protein 7 OS=Homo sapiens OX=9606 GN=TDRD7 PE=1 SV=2
20.0,24,902160.8894102896,792493.754531824,296472.3919376921,32.86247446744068,454905.516034574,1501039.69035991,CD84,Q9UIB8,SLAM family member 5 OS=Homo sapiens OX=9606 GN=CD84 PE=1 SV=1
100.0,120,5100825.771092111,4595307.84356267,2387560.1633380996,46.80732631310619,1763463.00805065,16573640.1272928,GCC2,Q8IWJ2,GRIP and coiled-coil domain-containing protein 2 OS=Homo sapiens OX=9606 GN=GCC2 PE=1 SV=4
0.0,0,,,,,,,RELN,J3KQ66,Reelin OS=Homo sapiens OX=9606 GN=RELN PE=1 SV=2
0.0,0,,,,,,,GAB1,D6RIS0,GRB2 associated binding protein 1 OS=Homo sapiens OX=9606 GN=GAB1 PE=1 SV=2
21.666666666666668,26,583524.5658346537,486586.1540473985,525139.7492838462,89.99445439502692,338105.891078622,3106081.24348559,COL6A2,P12110,Collagen alpha-2(VI) chain OS=Homo sapiens OX=9606 GN=COL6A2 PE=1 SV=4
41.66666666666667,50,11872876.512740519,10971566.180573251,6403871.564292125,53.936984499251494,864906.368291707,32220154.3949919,HARBI1,E9PQI1,Harbinger transposase derived 1 (Fragment) OS=Homo sapiens OX=9606 GN=HARBI1 PE=1 SV=8
35.0,42,3286138.832806505,2868157.571876525,2286137.5629258924,69.56911071749917,332174.472176476,10939276.824399,MED1,Q15648,Mediator of RNA polymerase II transcription subunit 1 OS=Homo sapiens OX=9606 GN=MED1 PE=1 SV=4
15.833333333333332,19,794913.3310958942,745394.139419659,523104.2838546341,65.80645504252205,418446.883789013,2800173.77395866,UMPS,P11172,Uridine 5'-monophosphate synthase OS=Homo sapiens OX=9606 GN=UMPS PE=1 SV=1
0.0,0,,,,,,,ELOVL4,Q9GZR5,Very long chain fatty acid elongase 4 OS=Homo sapiens OX=9606 GN=ELOVL4 PE=1 SV=1
27.500000000000004,33,388201.6399490198,371272.118107189,127811.12358789248,32.923900992452566,192322.716252126,676959.962770708,FGF2,A0A0A0MQV6,Fibroblast growth factor OS=Homo sapiens OX=9606 GN=FGF2 PE=1 SV=1
0.0,0,,,,,,,MUC16,A0AAG2UXK0,"Mucin 16, cell surface associated OS=Homo sapiens OX=9606 GN=MUC16 PE=1 SV=1"
93.33333333333333,112,1708757.1975884119,1447663.260015055,1230448.9023247024,72.00841079477229,358967.789218934,11954610.4438751,IREB2,H0YLE0,Iron responsive element binding protein 2 (Fragment) OS=Homo sapiens OX=9606 GN=IREB2 PE=1 SV=1
0.0,0,,,,,,,ATRNL1,Q5VV63,Attractin-like protein 1 OS=Homo sapiens OX=9606 GN=ATRNL1 PE=1 SV=2
0.8333333333333334,1,3236075.5803532,3236075.5803532,,,3236075.5803532,3236075.5803532,KIFC3,Q9BVG8,Kinesin-like protein KIFC3 OS=Homo sapiens OX=9606 GN=KIFC3 PE=1 SV=4
24.166666666666668,29,7072509.541251692,3529126.08046374,11173909.471639208,157.99073025586407,945486.912930673,43466805.7858161,APBB2,Q92870,Amyloid beta precursor protein binding family B member 2 OS=Homo sapiens OX=9606 GN=APBB2 PE=1 SV=3
0.0,0,,,,,,,ENOX1,Q8TC92,Ecto-NOX disulfide-thiol exchanger 1 OS=Homo sapiens OX=9606 GN=ENOX1 PE=1 SV=1
0.0,0,,,,,,,ZBTB18,Q99592,Zinc finger and BTB domain-containing protein 18 OS=Homo sapiens OX=9606 GN=ZBTB18 PE=1 SV=1
14.166666666666666,17,5677322.980186573,4172164.58520163,3024817.500434946,53.27893993333353,1072489.09193654,10954088.1966279,CUL5,Q93034,Cullin-5 OS=Homo sapiens OX=9606 GN=CUL5 PE=1 SV=4
0.0,0,,,,,,,USP34,Q70CQ2,Ubiquitin carboxyl-terminal hydrolase 34 OS=Homo sapiens OX=9606 GN=USP34 PE=1 SV=2
32.5,39,1229825.3226847334,593417.105882387,1694822.241962703,137.80999713543642,373600.459713034,8019634.32912567,VPS16,Q9H269,Vacuolar protein sorting-associated protein 16 homolog OS=Homo sapiens OX=9606 GN=VPS16 PE=1 SV=2
77.5,93,1070160.3337128474,880411.45239584,666720.9628413185,62.30103488588258,262403.08176472,4685932.35089504,RPL10A,P62906,Large ribosomal subunit protein uL1 OS=Homo sapiens OX=9606 GN=RPL10A PE=1 SV=2
0.0,0,,,,,,,DDOST,P39656,Dolichyl-diphosphooligosaccharide--protein glycosyltransferase 48 kDa subunit OS=Homo sapiens OX=9606 GN=DDOST PE=1 SV=4
0.0,0,,,,,,,DNAH3,A0A8I5KSE2,Dynein axonemal heavy chain 3 OS=Homo sapiens OX=9606 GN=DNAH3 PE=1 SV=1
0.0,0,,,,,,,CFAP54,Q96N23,Cilia- and flagella-associated protein 54 OS=Homo sapiens OX=9606 GN=CFAP54 PE=1 SV=3
36.666666666666664,44,1417974.207725522,1359116.3062986801,764438.2669442053,53.910590388691894,348988.756897919,3920631.65997453,TRMT13,Q9NUP7,tRNA:m(4)X modification enzyme TRM13 homolog OS=Homo sapiens OX=9606 GN=TRMT13 PE=1 SV=2
32.5,39,874994.2957584319,731259.938756053,453537.92371010606,51.83324347468874,298943.780511176,2401568.10690015,CRK,I3L297,"CRK proto-oncogene, adaptor protein OS=Homo sapiens OX=9606 GN=CRK PE=1 SV=1"
7.5,9,219319.41897374424,182260.588007501,103302.92141701745,47.10158448367234,103449.661344448,384724.797047503,CCDC9,A0A2R8Y4Z8,Coiled-coil domain containing 9 OS=Homo sapiens OX=9606 GN=CCDC9 PE=1 SV=1
29.166666666666668,35,4081635.376679212,4308832.38237051,2622043.8286181213,64.24003093464455,322250.552496269,8406262.66026969,CPNE1,B0QZ18,Copine 1 OS=Homo sapiens OX=9606 GN=CPNE1 PE=1 SV=1
25.833333333333336,31,531766.766897441,365700.983647726,664834.5831559268,125.02371801736716,187495.778601289,3839066.23526392,UTRN,P46939,Utrophin OS=Homo sapiens OX=9606 GN=UTRN PE=1 SV=2
25.833333333333336,31,889308.1918242326,822514.600047707,393136.8000940144,44.20703685272203,423645.304882386,2152122.02817818,IFNAR1,P17181,Interferon alpha/beta receptor 1 OS=Homo sapiens OX=9606 GN=IFNAR1 PE=1 SV=3
0.0,0,,,,,,,ADAD1,Q96M93,Adenosine deaminase domain-containing protein 1 OS=Homo sapiens OX=9606 GN=ADAD1 PE=1 SV=1
10.833333333333334,13,88176.61113556844,47236.3424055021,83623.43815956825,94.8363030543328,10695.9988091439,268342.886747875,GRAP2,O75791,GRB2-related adapter protein 2 OS=Homo sapiens OX=9606 GN=GRAP2 PE=1 SV=1
91.66666666666666,110,2646129.7852898864,2000810.7076383699,1638728.273370428,61.929247857769134,270090.835355349,7715459.78487145,SYNE1,Q8NF91,Nesprin-1 OS=Homo sapiens OX=9606 GN=SYNE1 PE=1 SV=4
42.5,51,671922.0919981402,612151.354109064,301606.38986736804,44.887107219597546,304020.446175964,1829256.56998666,TAF9B,Q9HBM6,Transcription initiation factor TFIID subunit 9B OS=Homo sapiens OX=9606 GN=TAF9B PE=1 SV=1
100.0,120,47911351.52163181,42707944.782706454,32173466.982057303,67.15207557342876,1650.7052805968,311171231.419939,G3BP2,Q9UN86,Ras GTPase-activating protein-binding protein 2 OS=Homo sapiens OX=9606 GN=G3BP2 PE=1 SV=2
0.0,0,,,,,,,NRN1,A0A087WWT2,Neuritin 1 OS=Homo sapiens OX=9606 GN=NRN1 PE=1 SV=1
0.0,0,,,,,,,ID2B,Q14602,Putative DNA-binding protein inhibitor ID-2B OS=Homo sapiens OX=9606 GN=ID2B PE=5 SV=1
41.66666666666667,50,2032007.2764023177,1455505.016026315,1448338.0726576785,71.27622472011865,334509.822782164,6562447.96340348,ZNF491,Q8N8L2,Zinc finger protein 491 OS=Homo sapiens OX=9606 GN=ZNF491 PE=1 SV=1
75.0,90,2137701.2438894035,1723628.157793295,1583505.4173998144,74.07515067534567,480444.035235092,8203343.21233033,PARP6,Q2NL67,Protein mono-ADP-ribosyltransferase PARP6 OS=Homo sapiens OX=9606 GN=PARP6 PE=1 SV=1
74.16666666666667,89,1724640.5169747344,1639702.46835313,766285.8857394177,44.4316295597411,488638.555180293,6851460.82877561,CLMN,Q96JQ2,Calmin OS=Homo sapiens OX=9606 GN=CLMN PE=1 SV=1
23.333333333333332,28,823757.2162307353,647461.4230796045,532775.1103274677,64.6762298199081,399815.413642003,2628073.55929824,FOXJ2,Q9P0K8,Forkhead box protein J2 OS=Homo sapiens OX=9606 GN=FOXJ2 PE=1 SV=1
0.0,0,,,,,,,TBC1D24,Q9ULP9,TBC1 domain family member 24 OS=Homo sapiens OX=9606 GN=TBC1D24 PE=1 SV=2
0.0,0,,,,,,,EPN1,Q9Y6I3,Epsin-1 OS=Homo sapiens OX=9606 GN=EPN1 PE=1 SV=2
0.0,0,,,,,,,APOBEC3A,P31941,DNA dC->dU-editing enzyme APOBEC-3A OS=Homo sapiens OX=9606 GN=APOBEC3A PE=1 SV=3
0.0,0,,,,,,,CLUH,A0A494C0R8,Clustered mitochondria protein homolog OS=Homo sapiens OX=9606 GN=CLUH PE=1 SV=1
0.0,0,,,,,,,CRKL,P46109,Crk-like protein OS=Homo sapiens OX=9606 GN=CRKL PE=1 SV=1
0.0,0,,,,,,,DYTN,A2CJ06,Dystrotelin OS=Homo sapiens OX=9606 GN=DYTN PE=2 SV=1
100.0,120,51702687.91507563,50812607.47632505,15681926.63850318,30.330969763625376,18219424.7254995,104232660.080897,ALDH3B1,P43353,Aldehyde dehydrogenase family 3 member B1 OS=Homo sapiens OX=9606 GN=ALDH3B1 PE=1 SV=1
0.0,0,,,,,,,EML4,Q9HC35,Echinoderm microtubule-associated protein-like 4 OS=Homo sapiens OX=9606 GN=EML4 PE=1 SV=3
17.5,21,205870.16655991538,181313.701014973,57209.75722644616,27.789241239961854,121350.406509062,304389.261033633,DOT1L,A0A8I5QL06,"Histone-lysine N-methyltransferase, H3 lysine-79 specific OS=Homo sapiens OX=9606 GN=DOT1L PE=1 SV=1"
0.0,0,,,,,,,ZNF26,P17031,Zinc finger protein 26 OS=Homo sapiens OX=9606 GN=ZNF26 PE=1 SV=3
0.0,0,,,,,,,ATP7B,P35670,Copper-transporting ATPase 2 OS=Homo sapiens OX=9606 GN=ATP7B PE=1 SV=4
0.0,0,,,,,,,HSPA13,P48723,Heat shock 70 kDa protein 13 OS=Homo sapiens OX=9606 GN=HSPA13 PE=1 SV=1
0.0,0,,,,,,,RORC,P51449,Nuclear receptor ROR-gamma OS=Homo sapiens OX=9606 GN=RORC PE=1 SV=2
100.0,120,6215110.157399287,5946353.848936875,2261454.60561141,36.38639619153131,500536.26832807,11842881.3972882,XPA,P23025,DNA repair protein complementing XP-A cells OS=Homo sapiens OX=9606 GN=XPA PE=1 SV=1
0.0,0,,,,,,,EVPLL,A8MZ36,Envoplakin-like protein OS=Homo sapiens OX=9606 GN=EVPLL PE=1 SV=1
100.0,120,17476524.846377317,16776574.89291405,5266597.455314927,30.135267174736015,2836435.85457243,27916213.2069589,PARP14,Q460N5,Protein mono-ADP-ribosyltransferase PARP14 OS=Homo sapiens OX=9606 GN=PARP14 PE=1 SV=3
13.333333333333334,16,776594.752692524,633188.844086178,341427.8589392008,43.96473936444196,334983.29669847,1476060.28304267,ALDH1L2,A0A494C1M4,10-formyltetrahydrofolate dehydrogenase OS=Homo sapiens OX=9606 GN=ALDH1L2 PE=1 SV=1
100.0,120,17150744.10383317,17188650.27808765,6063028.758663686,35.35140354236063,3828989.86500448,35646641.6200928,OR5K2,Q8NHB8,Olfactory receptor 5K2 OS=Homo sapiens OX=9606 GN=OR5K2 PE=1 SV=3
0.0,0,,,,,,,CYP2E1,P05181,Cytochrome P450 2E1 OS=Homo sapiens OX=9606 GN=CYP2E1 PE=1 SV=1
90.0,108,3894187.97548813,3901873.8706048597,1018301.0757572998,26.149253250407295,1578837.0223431,7403688.24468757,CTSV,A0A7P0T8X8,Cathepsin V OS=Homo sapiens OX=9606 GN=CTSV PE=1 SV=1
80.83333333333333,97,125962.30098443314,111427.265338989,60448.51368902571,47.98936921333007,44589.7152319384,410804.139271223,RASGRP4,Q8TDF6,RAS guanyl-releasing protein 4 OS=Homo sapiens OX=9606 GN=RASGRP4 PE=1 SV=2
95.83333333333334,115,8260576.142822542,7881075.78947981,3349954.009819223,40.55351529844483,2013445.60055351,19199760.7101518,TCF7,P36402,Transcription factor 7 OS=Homo sapiens OX=9606 GN=TCF7 PE=1 SV=3
0.0,0,,,,,,,NRP2,O60462,Neuropilin-2 OS=Homo sapiens OX=9606 GN=NRP2 PE=1 SV=3
5.0,6,758199.7642850537,728006.6681569736,267076.5184612737,35.225085926149575,427746.393579339,1133388.47979607,PIK3C2A,O00443,Phosphatidylinositol 4-phosphate 3-kinase C2 domain-containing subunit alpha OS=Homo sapiens OX=9606 GN=PIK3C2A PE=1 SV=2
100.0,120,18695905.12887158,17655837.707863048,9482884.15112714,50.72171732666197,5198265.24065581,56244945.1439366,CCDC144A,A0A8V8TL21,Coiled-coil domain containing 144A OS=Homo sapiens OX=9606 GN=CCDC144A PE=1 SV=1
0.0,0,,,,,,,PSTPIP1,H0YKY3,Proline-serine-threonine phosphatase interacting protein 1 OS=Homo sapiens OX=9606 GN=PSTPIP1 PE=1 SV=1
0.0,0,,,,,,,TDRD15,B5MCY1,Tudor domain-containing protein 15 OS=Homo sapiens OX=9606 GN=TDRD15 PE=1 SV=1
0.0,0,,,,,,,RNASE7,Q9H1E1,Ribonuclease 7 OS=Homo sapiens OX=9606 GN=RNASE7 PE=1 SV=2
0.0,0,,,,,,,PKDREJ,Q9NTG1,Polycystin family receptor for egg jelly OS=Homo sapiens OX=9606 GN=PKDREJ PE=1 SV=2
0.0,0,,,,,,,RUFY1,Q96T51,RUN and FYVE domain-containing protein 1 OS=Homo sapiens OX=9606 GN=RUFY1 PE=1 SV=2
0.0,0,,,,,,,NSD1,Q96L73,"Histone-lysine N-methyltransferase, H3 lysine-36 specific OS=Homo sapiens OX=9606 GN=NSD1 PE=1 SV=1"
25.833333333333336,31,199325.32028936665,152380.609901107,155399.5999150401,77.96279955273206,50770.4189188656,882191.486664831,TSPAN6,O43657,Tetraspanin-6 OS=Homo sapiens OX=9606 GN=TSPAN6 PE=1 SV=1
100.0,120,14001768.559392534,13843734.218258299,6761385.032869718,48.28950717324998,1611754.52493104,46611698.0804377,TRIM6,E9PFM0,Tripartite motif containing 6 OS=Homo sapiens OX=9606 GN=TRIM6 PE=1 SV=1
0.0,0,,,,,,,PTN,P21246,Pleiotrophin OS=Homo sapiens OX=9606 GN=PTN PE=1 SV=1
0.0,0,,,,,,,TMEM131L,A2VDJ0,Transmembrane protein 131-like OS=Homo sapiens OX=9606 GN=TMEM131L PE=1 SV=2
12.5,15,572064.7713910324,630972.421693533,202730.27986106343,35.438343698057935,204576.252775992,889874.207180257,PHEX,A0A804HJR7,Phosphate regulating endopeptidase X-linked OS=Homo sapiens OX=9606 GN=PHEX PE=1 SV=1
43.333333333333336,52,362389.16276755737,313425.685291183,205342.6445594966,56.66357210886213,103990.161618184,1088909.87118233,RIPK2,O43353,Receptor-interacting serine/threonine-protein kinase 2 OS=Homo sapiens OX=9606 GN=RIPK2 PE=1 SV=2
19.166666666666668,23,909803.032171331,779723.651562927,408654.2726793097,44.91678508742905,436793.673579932,1879214.39370636,ZNF99,A8MXY4,Zinc finger protein 99 OS=Homo sapiens OX=9606 GN=ZNF99 PE=2 SV=3
0.0,0,,,,,,,SLC16A10,Q8TF71,Monocarboxylate transporter 10 OS=Homo sapiens OX=9606 GN=SLC16A10 PE=1 SV=1
0.0,0,,,,,,,TTLL3,H7C0T5,Tubulin tyrosine ligase like 3 (Fragment) OS=Homo sapiens OX=9606 GN=TTLL3 PE=4 SV=1
25.833333333333336,31,1062356.5034528044,542242.862162268,2626066.2434586054,247.19256058804456,211510.917542719,15140847.0121821,HDLBP,Q00341,Vigilin OS=Homo sapiens OX=9606 GN=HDLBP PE=1 SV=3
91.66666666666666,110,395479.115358782,308371.94520309404,258095.4946034146,65.26147262397616,66659.2603476368,1272085.28142981,SERF2,F8WBV6,Small EDRK-rich factor 2 OS=Homo sapiens OX=9606 GN=SERF2 PE=1 SV=1
0.0,0,,,,,,,ZNF563,A0A0C4DGQ9,Zinc finger protein 563 OS=Homo sapiens OX=9606 GN=ZNF563 PE=1 SV=1
25.0,30,1590663.5793025312,1329838.3917087,1006376.35205187,63.2677057013616,359966.500192622,4691236.28305731,CFAP61,Q8NHU2,Cilia- and flagella-associated protein 61 OS=Homo sapiens OX=9606 GN=CFAP61 PE=1 SV=3
0.0,0,,,,,,,CHD2,A0A8V8TR03,Chromodomain helicase DNA binding protein 2 OS=Homo sapiens OX=9606 GN=CHD2 PE=1 SV=1
24.166666666666668,29,1666644.0837427634,1083142.05507204,1551068.470042612,93.06536921544733,470349.355916919,7407105.75143784,CORIN,Q9Y5Q5,Atrial natriuretic peptide-converting enzyme OS=Homo sapiens OX=9606 GN=CORIN PE=1 SV=2
35.833333333333336,43,1209800.7703225166,1100114.18050065,475894.6954405034,39.336616996337035,648542.382565278,2748368.615973,ASTE1,D6RG30,Asteroid homolog 1 OS=Homo sapiens OX=9606 GN=ASTE1 PE=1 SV=1
100.0,120,96676408.39727129,76076709.99745145,63575002.40601087,65.7606167419489,21966954.0955592,454029705.870938,MYBL1,P10243,Myb-related protein A OS=Homo sapiens OX=9606 GN=MYBL1 PE=1 SV=2
35.0,42,494540.7906387626,425549.50624335103,236977.03150348068,47.9186016581958,199183.730880811,1287176.44453745,PARVG,Q9HBI0,Gamma-parvin OS=Homo sapiens OX=9606 GN=PARVG PE=1 SV=1
0.0,0,,,,,,,CUL2,Q13617,Cullin-2 OS=Homo sapiens OX=9606 GN=CUL2 PE=1 SV=2
34.166666666666664,41,325267.83295778086,207710.086051669,401140.1759017237,123.32611320769334,25262.218200114,1907131.15625774,ZNF766,G3XAE0,Zinc finger protein 766 OS=Homo sapiens OX=9606 GN=ZNF766 PE=1 SV=1
100.0,120,3160330.248628224,3223357.42129237,949312.2634888814,30.038388041912416,799905.455386479,5538358.77060171,PALMD,Q9NP74,Palmdelphin OS=Homo sapiens OX=9606 GN=PALMD PE=1 SV=1
0.0,0,,,,,,,NOP58,Q9Y2X3,Nucleolar protein 58 OS=Homo sapiens OX=9606 GN=NOP58 PE=1 SV=1
0.0,0,,,,,,,LEO1,Q8WVC0,RNA polymerase-associated protein LEO1 OS=Homo sapiens OX=9606 GN=LEO1 PE=1 SV=1
0.0,0,,,,,,,IQCA1,A0A0A0MSY6,IQ motif containing with AAA domain 1 OS=Homo sapiens OX=9606 GN=IQCA1 PE=1 SV=1
0.0,0,,,,,,,TREM1,K7EKM5,Triggering receptor expressed on myeloid cells 1 OS=Homo sapiens OX=9606 GN=TREM1 PE=1 SV=1
0.0,0,,,,,,,ANKRD11,Q6UB99,Ankyrin repeat domain-containing protein 11 OS=Homo sapiens OX=9606 GN=ANKRD11 PE=1 SV=3
15.0,18,1128855.7121748384,1008081.1875926515,413398.2855075126,36.621003113946685,639979.756019446,2184766.03619781,STK11,A0AAQ5BHW9,non-specific serine/threonine protein kinase OS=Homo sapiens OX=9606 GN=STK11 PE=1 SV=1
40.833333333333336,49,3936949.7864551684,3405935.27525865,2000843.103838761,50.82216467993922,879683.254792547,11512607.2636464,ZNF410,J3KNQ6,Zinc finger protein 410 OS=Homo sapiens OX=9606 GN=ZNF410 PE=1 SV=1
80.83333333333333,97,2111987.25251043,1727700.2742734,1397754.8999166298,66.18197615800842,591799.934848091,6688507.84295505,BEND5,Q7L4P6,BEN domain-containing protein 5 OS=Homo sapiens OX=9606 GN=BEND5 PE=1 SV=1
98.33333333333333,118,5118954.176594119,4688555.7515254505,2324549.7721806895,45.41063842316561,1677525.79145542,13244894.4203078,ZNF528,Q3MIS6,Zinc finger protein 528 OS=Homo sapiens OX=9606 GN=ZNF528 PE=1 SV=1
46.666666666666664,56,1332306.0008812768,1250806.931869845,358061.1148274736,26.87529100601723,591584.795993067,2313602.53215312,MID1,A0A6Q8PF94,E3 ubiquitin-protein ligase Midline-1 OS=Homo sapiens OX=9606 GN=MID1 PE=1 SV=1
53.333333333333336,64,3128877.180712845,2438634.51912578,2535760.4183291863,81.0437825415528,399461.235957155,13561273.3660131,DCUN1D4,H0Y9C5,Defective in cullin neddylation 1 domain containing 4 (Fragment) OS=Homo sapiens OX=9606 GN=DCUN1D4 PE=4 SV=1
0.0,0,,,,,,,C1QTNF3-AMACR,E9PGA6,C1QTNF3-AMACR readthrough (NMD candidate) OS=Homo sapiens OX=9606 GN=C1QTNF3-AMACR PE=4 SV=1
39.166666666666664,47,781414.1224576602,780143.990991505,299157.6526475272,38.28413693198086,388512.523960405,1981678.43543472,KCND3,Q9UK17,A-type voltage-gated potassium channel KCND3 OS=Homo sapiens OX=9606 GN=KCND3 PE=1 SV=3
99.16666666666667,119,14820238.390968176,11887899.7090969,11563119.069808183,78.02249035923091,3973761.93218508,100620675.557283,DCAF13,A0A087WT20,DDB1- and CUL4-associated factor 13 OS=Homo sapiens OX=9606 GN=DCAF13 PE=1 SV=1
0.0,0,,,,,,,RAP2C,Q9Y3L5,Ras-related protein Rap-2c OS=Homo sapiens OX=9606 GN=RAP2C PE=1 SV=1
0.0,0,,,,,,,GPRC5B,Q9NZH0,G-protein coupled receptor family C group 5 member B OS=Homo sapiens OX=9606 GN=GPRC5B PE=1 SV=2
94.16666666666667,113,484793.17995485995,438610.454729859,253861.7784567371,52.3649648867533,163209.499107203,1703996.55400862,RASAL3,Q86YV0,RAS protein activator like-3 OS=Homo sapiens OX=9606 GN=RASAL3 PE=1 SV=2
0.0,0,,,,,,,ATXN7,A0A2R8YDD6,Ataxin 7 OS=Homo sapiens OX=9606 GN=ATXN7 PE=1 SV=1
0.0,0,,,,,,,PRKCH,G3V5U5,protein kinase C (Fragment) OS=Homo sapiens OX=9606 GN=PRKCH PE=1 SV=1
0.0,0,,,,,,,ALB,D6RCE7,Albumin OS=Homo sapiens OX=9606 GN=ALB PE=1 SV=1
0.0,0,,,,,,,NUP98,A0A8V8TRD0,Nucleoporin 98 and 96 precursor OS=Homo sapiens OX=9606 GN=NUP98 PE=1 SV=1
23.333333333333332,28,424934.75034370116,408676.7093092085,99260.51670866998,23.35900197109905,245810.31146719,700731.589856905,CIDEB,Q9UHD4,Lipid transferase CIDEB OS=Homo sapiens OX=9606 GN=CIDEB PE=1 SV=2
0.0,0,,,,,,,HOMEZ,Q8IX15,Homeobox and leucine zipper protein Homez OS=Homo sapiens OX=9606 GN=HOMEZ PE=1 SV=2
100.0,120,16792406.09512797,16176218.7588818,5403586.986240171,32.178753632023756,7402654.20284145,38960949.328031,SAFB2,Q14151,Scaffold attachment factor B2 OS=Homo sapiens OX=9606 GN=SAFB2 PE=1 SV=1
16.666666666666664,20,2417751.845869585,2074623.87139197,1198891.9664094988,49.587056192621674,522722.324406188,5626963.70971057,ALDH2,P05091,"Aldehyde dehydrogenase, mitochondrial OS=Homo sapiens OX=9606 GN=ALDH2 PE=1 SV=2"
0.0,0,,,,,,,PRKAR2B,P31323,cAMP-dependent protein kinase type II-beta regulatory subunit OS=Homo sapiens OX=9606 GN=PRKAR2B PE=1 SV=3
0.0,0,,,,,,,DTWD2,Q8NBA8,tRNA-uridine aminocarboxypropyltransferase 2 OS=Homo sapiens OX=9606 GN=DTWD2 PE=1 SV=1
15.0,18,237102.81364017085,197069.5602264045,145358.5966613567,61.306145814850645,66175.4298230983,556141.860958265,ARCN1,B0YIW6,Coatomer subunit delta OS=Homo sapiens OX=9606 GN=ARCN1 PE=1 SV=1
0.0,0,,,,,,,,A0A087WY73,Uncharacterized protein (Fragment) OS=Homo sapiens OX=9606 PE=1 SV=2
0.0,0,,,,,,,KCNMB4,H0YC85,Calcium-activated potassium channel subunit beta (Fragment) OS=Homo sapiens OX=9606 GN=KCNMB4 PE=1 SV=1
0.0,0,,,,,,,TMEM132B,A0A804HK64,Transmembrane protein 132B OS=Homo sapiens OX=9606 GN=TMEM132B PE=1 SV=1
0.0,0,,,,,,,KBTBD4,E9PM58,Kelch repeat and BTB domain containing 4 (Fragment) OS=Homo sapiens OX=9606 GN=KBTBD4 PE=1 SV=1
0.0,0,,,,,,,CYBB,P04839,Cytochrome b-245 heavy chain OS=Homo sapiens OX=9606 GN=CYBB PE=1 SV=2
32.5,39,165900.69449327065,132417.849828996,96770.24408135172,58.330222412225616,42833.9872638627,457635.1934565,AIMP2,Q13155,Aminoacyl tRNA synthase complex-interacting multifunctional protein 2 OS=Homo sapiens OX=9606 GN=AIMP2 PE=1 SV=2
98.33333333333333,118,13933225.456927909,11264040.09159575,8636593.725878736,61.98560234726145,17843.5257941365,39757117.2946182,IGHE,P01854,Immunoglobulin heavy constant epsilon OS=Homo sapiens OX=9606 GN=IGHE PE=1 SV=2
99.16666666666667,119,59587886.717361495,59102811.4707412,18229834.89041695,30.593189144104212,19813065.7536598,95497961.1077316,IZUMO3,Q5VZ72,Izumo sperm-egg fusion protein 3 OS=Homo sapiens OX=9606 GN=IZUMO3 PE=1 SV=4
75.83333333333333,91,595855.9597578892,564547.395159012,281719.24005759927,47.279755357665415,140404.621061271,1420990.90930775,OVCH2,A0A087X1V8,Ovochymase 2 OS=Homo sapiens OX=9606 GN=OVCH2 PE=1 SV=2
98.33333333333333,118,9351277.98090074,8961022.41160468,3789053.420678891,40.519097265825465,784391.993860563,36154188.4602817,RYR3,Q15413,Ryanodine receptor 3 OS=Homo sapiens OX=9606 GN=RYR3 PE=1 SV=3
0.0,0,,,,,,,DNAH6,Q9C0G6,Dynein axonemal heavy chain 6 OS=Homo sapiens OX=9606 GN=DNAH6 PE=1 SV=3
100.0,120,57386243.448440045,50794095.2280978,23770321.111966155,41.42163641243242,17379974.4279581,131175727.479189,ATP2A2,P16615,Sarcoplasmic/endoplasmic reticulum calcium ATPase 2 OS=Homo sapiens OX=9606 GN=ATP2A2 PE=1 SV=1
0.0,0,,,,,,,TRAF2,Q12933,TNF receptor-associated factor 2 OS=Homo sapiens OX=9606 GN=TRAF2 PE=1 SV=2
0.0,0,,,,,,,TOLLIP,Q9H0E2,Toll-interacting protein OS=Homo sapiens OX=9606 GN=TOLLIP PE=1 SV=1
0.0,0,,,,,,,ERLIN2,O94905,Erlin-2 OS=Homo sapiens OX=9606 GN=ERLIN2 PE=1 SV=1
0.0,0,,,,,,,PLK4,O00444,Serine/threonine-protein kinase PLK4 OS=Homo sapiens OX=9606 GN=PLK4 PE=1 SV=3
0.0,0,,,,,,,NYAP1,Q6ZVC0,Neuronal tyrosine-phosphorylated phosphoinositide-3-kinase adapter 1 OS=Homo sapiens OX=9606 GN=NYAP1 PE=1 SV=1
0.0,0,,,,,,,RPS23,P62266,Small ribosomal subunit protein uS12 OS=Homo sapiens OX=9606 GN=RPS23 PE=1 SV=3
8.333333333333332,10,1125981.9118624895,1117478.9007903598,187841.003266813,16.682417478279444,830678.351417553,1443355.8954657,ERAP1,Q9NZ08,Endoplasmic reticulum aminopeptidase 1 OS=Homo sapiens OX=9606 GN=ERAP1 PE=1 SV=3
0.0,0,,,,,,,RPS10P5,Q9NQ39,Putative ribosomal protein eS10-like OS=Homo sapiens OX=9606 GN=RPS10P5 PE=5 SV=1
0.0,0,,,,,,,ESR1,H0Y4W6,Estrogen receptor OS=Homo sapiens OX=9606 GN=ESR1 PE=1 SV=2
0.0,0,,,,,,,PLEKHG5,A0A5F9ZHW8,Pleckstrin homology and RhoGEF domain containing G5 OS=Homo sapiens OX=9606 GN=PLEKHG5 PE=1 SV=1
0.0,0,,,,,,,HACD3,H3BS72,Very-long-chain (3R)-3-hydroxyacyl-CoA dehydratase OS=Homo sapiens OX=9606 GN=HACD3 PE=1 SV=1
7.5,9,802387.3954979633,670736.141400465,530225.5319195158,66.08098966839538,200677.589800288,1587426.49996295,PIH1D1,A0AAQ5BIK2,PIH1 domain containing 1 OS=Homo sapiens OX=9606 GN=PIH1D1 PE=1 SV=1
84.16666666666667,101,30807279.511719238,31620230.6661813,10806611.32513351,35.07810977279777,8031722.93923329,56578893.4568221,RAPGEF4,Q8WZA2,Rap guanine nucleotide exchange factor 4 OS=Homo sapiens OX=9606 GN=RAPGEF4 PE=1 SV=1
11.666666666666666,14,177406.7748442241,178485.596507384,120471.31817708915,67.90683066239811,37256.1307443068,540378.487706175,STX17,P56962,Syntaxin-17 OS=Homo sapiens OX=9606 GN=STX17 PE=1 SV=2
14.166666666666666,17,568961.6751345213,463189.2146268,219689.69696592918,38.61238929915399,330287.90762568,1123785.24062663,ECE1,A0A3B3ISF9,Endothelin-converting enzyme 1 OS=Homo sapiens OX=9606 GN=ECE1 PE=1 SV=1
36.666666666666664,44,5840706.99280762,5203286.70191347,4292082.962480845,73.48567506923757,417714.651131299,18626305.3807812,ZNF407,Q9C0G0,Zinc finger protein 407 OS=Homo sapiens OX=9606 GN=ZNF407 PE=1 SV=2
15.833333333333332,19,703235.9461992286,501209.586132111,813717.8667768255,115.7105052969373,252408.01970907,3895229.69333466,OFD1,O75665,Centriole and centriolar satellite protein OFD1 OS=Homo sapiens OX=9606 GN=OFD1 PE=1 SV=1
99.16666666666667,119,292682879.1776611,281165076.846152,93951158.79385889,32.09998448075594,166792.824196994,596060827.461329,CUL4B,Q13620,Cullin-4B OS=Homo sapiens OX=9606 GN=CUL4B PE=1 SV=4
0.0,0,,,,,,,NUFIP1,Q9UHK0,FMR1-interacting protein NUFIP1 OS=Homo sapiens OX=9606 GN=NUFIP1 PE=1 SV=2
46.666666666666664,56,11748499.362132711,9789388.98719415,11851040.675862161,100.87280350084502,220270.368570151,57490755.0586098,FSTL1,Q12841,Follistatin-related protein 1 OS=Homo sapiens OX=9606 GN=FSTL1 PE=1 SV=1
0.0,0,,,,,,,NELL1,J3KNC5,"NEL-like 1 (Chicken), isoform CRA_a OS=Homo sapiens OX=9606 GN=NELL1 PE=1 SV=1"
0.0,0,,,,,,,RAD23A,K7ELU6,"RAD23 homolog A, nucleotide excision repair protein (Fragment) OS=Homo sapiens OX=9606 GN=RAD23A PE=1 SV=1"
0.0,0,,,,,,,OTUD4,Q01804,OTU domain-containing protein 4 OS=Homo sapiens OX=9606 GN=OTUD4 PE=1 SV=4
39.166666666666664,47,3776998.152337402,3401332.15395486,1779719.5814118646,47.119948425457444,515071.829578077,8125699.51509963,COG2,Q14746,Conserved oligomeric Golgi complex subunit 2 OS=Homo sapiens OX=9606 GN=COG2 PE=1 SV=1
7.5,9,3325151.427701687,3311470.2738904,1095585.844172168,32.948449656905595,1490107.06556689,5197241.60885032,GPC3,P51654,Glypican-3 OS=Homo sapiens OX=9606 GN=GPC3 PE=1 SV=1
0.0,0,,,,,,,SPTBN2,A0A087WYQ1,Spectrin beta chain OS=Homo sapiens OX=9606 GN=SPTBN2 PE=1 SV=1
8.333333333333332,10,380921.1332198528,238942.456117801,341159.60149844043,89.56174172188457,128224.25510357,1253221.58836167,TMPO,P42167,"Lamina-associated polypeptide 2, isoforms beta/gamma OS=Homo sapiens OX=9606 GN=TMPO PE=1 SV=2"
0.0,0,,,,,,,PEAK1,Q9H792,Inactive tyrosine-protein kinase PEAK1 OS=Homo sapiens OX=9606 GN=PEAK1 PE=1 SV=4
0.0,0,,,,,,,INO80,Q9ULG1,Chromatin-remodeling ATPase INO80 OS=Homo sapiens OX=9606 GN=INO80 PE=1 SV=2
0.0,0,,,,,,,ZNF224,Q9NZL3,Zinc finger protein 224 OS=Homo sapiens OX=9606 GN=ZNF224 PE=1 SV=3
0.0,0,,,,,,,PI4KA,P42356,Phosphatidylinositol 4-kinase alpha OS=Homo sapiens OX=9606 GN=PI4KA PE=1 SV=4
0.0,0,,,,,,,FDFT1,A0A1W2PQ47,Squalene synthase OS=Homo sapiens OX=9606 GN=FDFT1 PE=1 SV=1
0.0,0,,,,,,,KIF17,Q9P2E2,Kinesin-like protein KIF17 OS=Homo sapiens OX=9606 GN=KIF17 PE=1 SV=3
50.0,60,554472.8614991236,507243.97359948955,221454.13363385614,39.93958027722267,234816.878747501,1404912.28114729,PCMT1,F6S8N6,Protein-L-isoaspartate(D-aspartate) O-methyltransferase OS=Homo sapiens OX=9606 GN=PCMT1 PE=1 SV=1
0.0,0,,,,,,,LSS,P48449,Lanosterol synthase OS=Homo sapiens OX=9606 GN=LSS PE=1 SV=1
85.0,102,1543400.188195958,1542607.617906825,517352.0510480075,33.52027912169218,577891.42716407,2809880.19938787,DYSF,O75923,Dysferlin OS=Homo sapiens OX=9606 GN=DYSF PE=1 SV=1
15.833333333333332,19,1004815.0061091417,523906.939722306,1961061.443614222,195.1664168718848,250352.308310961,9042814.15672296,UTP3,Q9NQZ2,Something about silencing protein 10 OS=Homo sapiens OX=9606 GN=UTP3 PE=1 SV=1
0.0,0,,,,,,,PTPN18,Q99952,Tyrosine-protein phosphatase non-receptor type 18 OS=Homo sapiens OX=9606 GN=PTPN18 PE=1 SV=2
18.333333333333332,22,902048.5466292887,952874.0618377735,490670.0982334553,54.395087721936555,222104.420389021,1805274.46650769,DBN1,Q16643,Drebrin OS=Homo sapiens OX=9606 GN=DBN1 PE=1 SV=4
0.0,0,,,,,,,ANKRD34B,A5PLL1,Ankyrin repeat domain-containing protein 34B OS=Homo sapiens OX=9606 GN=ANKRD34B PE=1 SV=3
0.0,0,,,,,,,,K7ENM7,Zinc finger protein 284 OS=Homo sapiens OX=9606 PE=4 SV=1
88.33333333333333,106,28240096.802232567,25501417.96252505,16083046.274944346,56.95110178826609,179122.302126812,73307543.5982921,BUD13,Q9BRD0,BUD13 homolog OS=Homo sapiens OX=9606 GN=BUD13 PE=1 SV=1
30.0,36,975433.7601529573,1004081.251836872,268211.7635150823,27.496666044552747,461155.22342099,1654618.27517508,AMER3,Q8N944,APC membrane recruitment protein 3 OS=Homo sapiens OX=9606 GN=AMER3 PE=1 SV=2
0.0,0,,,,,,,RNF123,Q5XPI4,E3 ubiquitin-protein ligase RNF123 OS=Homo sapiens OX=9606 GN=RNF123 PE=1 SV=1
13.333333333333334,16,29084045.533477977,26009851.024109602,16367685.449889148,56.27719648234177,456174.744604179,66022025.9759052,FSTL5,Q8N475,Follistatin-related protein 5 OS=Homo sapiens OX=9606 GN=FSTL5 PE=1 SV=2
75.83333333333333,91,1209108.849253212,1159970.25462212,480479.5991763401,39.738324591131814,463835.053479014,2526466.21849676,PRDM16,Q9HAZ2,Histone-lysine N-methyltransferase PRDM16 OS=Homo sapiens OX=9606 GN=PRDM16 PE=1 SV=3
0.0,0,,,,,,,NUAK1,O60285,NUAK family SNF1-like kinase 1 OS=Homo sapiens OX=9606 GN=NUAK1 PE=1 SV=1
96.66666666666667,116,1147162.3697735798,953869.654177967,823832.731272574,71.81483223121914,243505.30795852,6238664.29529649,ZSWIM8,A7E2V4,Zinc finger SWIM domain-containing protein 8 OS=Homo sapiens OX=9606 GN=ZSWIM8 PE=1 SV=1
0.0,0,,,,,,,CEMIP,Q8WUJ3,Cell migration-inducing and hyaluronan-binding protein OS=Homo sapiens OX=9606 GN=CEMIP PE=1 SV=2
100.0,120,223708090.12537894,222297907.457878,42025744.37600333,18.785974325939524,86352603.327148,360235309.395523,CCDC40,Q4G0X9,Coiled-coil domain-containing protein 40 OS=Homo sapiens OX=9606 GN=CCDC40 PE=1 SV=2
0.0,0,,,,,,,CES4A,Q5XG92,Carboxylesterase 4A OS=Homo sapiens OX=9606 GN=CES4A PE=1 SV=2
0.0,0,,,,,,,SPRR4,Q96PI1,Small proline-rich protein 4 OS=Homo sapiens OX=9606 GN=SPRR4 PE=1 SV=1
0.0,0,,,,,,,ATP10B,O94823,Phospholipid-transporting ATPase VB OS=Homo sapiens OX=9606 GN=ATP10B PE=1 SV=2
0.0,0,,,,,,,PTK2,A0A8Q3WLM4,Focal adhesion kinase 1 OS=Homo sapiens OX=9606 GN=PTK2 PE=1 SV=1
29.166666666666668,35,2150935.837719685,459553.80564871,6703121.083201817,311.6374261683292,211104.833221889,39261388.0132718,ZNF648,Q5T619,Zinc finger protein 648 OS=Homo sapiens OX=9606 GN=ZNF648 PE=1 SV=1
0.0,0,,,,,,,ZC3HAV1L,Q96H79,Zinc finger CCCH-type antiviral protein 1-like OS=Homo sapiens OX=9606 GN=ZC3HAV1L PE=1 SV=2
30.0,36,4443537.893631574,3851918.684869275,2965360.552200312,66.73422446673025,609934.40823951,17394075.314741,,Q6ZRG5,Putative uncharacterized protein FLJ43944 OS=Homo sapiens OX=9606 PE=5 SV=1
0.0,0,,,,,,,SMCHD1,A6NHR9,Structural maintenance of chromosomes flexible hinge domain-containing protein 1 OS=Homo sapiens OX=9606 GN=SMCHD1 PE=1 SV=2
100.0,120,18614577.968654584,13698092.4480367,14069775.831385998,75.58471567326609,3834855.32654159,90765392.2931928,CEP192,Q8TEP8,Centrosomal protein of 192 kDa OS=Homo sapiens OX=9606 GN=CEP192 PE=1 SV=3
0.0,0,,,,,,,ITLN1,Q8WWA0,Intelectin-1 OS=Homo sapiens OX=9606 GN=ITLN1 PE=1 SV=1
59.166666666666664,71,1346559.2323057402,1185026.27882825,711092.6291793751,52.808121033172604,495836.178700025,5123068.61790813,GJC1,P36383,Gap junction gamma-1 protein OS=Homo sapiens OX=9606 GN=GJC1 PE=1 SV=2
5.0,6,5308312.463444569,3417444.498474965,4817848.664254541,90.76045725326865,933491.945656779,13050645.1810131,MEP1A,B7ZL91,Meprin A subunit OS=Homo sapiens OX=9606 GN=MEP1A PE=1 SV=1
0.0,0,,,,,,,IRS4,O14654,Insulin receptor substrate 4 OS=Homo sapiens OX=9606 GN=IRS4 PE=1 SV=1
0.0,0,,,,,,,FBN2,P35556,Fibrillin-2 OS=Homo sapiens OX=9606 GN=FBN2 PE=1 SV=3
0.0,0,,,,,,,PRKG1,Q13976,cGMP-dependent protein kinase 1 OS=Homo sapiens OX=9606 GN=PRKG1 PE=1 SV=3
34.166666666666664,41,1322359.7476562846,1211111.39201434,653194.7441813223,49.396145439168684,290034.225479026,2961034.87979332,MICALL1,A0A7P0T9P2,MICAL like 1 OS=Homo sapiens OX=9606 GN=MICALL1 PE=1 SV=1
100.0,120,52193775.91541766,51441804.9299441,15291959.497255374,29.298434974385984,14224153.588591,91497536.3835256,DYNC2H1,Q8NCM8,Cytoplasmic dynein 2 heavy chain 1 OS=Homo sapiens OX=9606 GN=DYNC2H1 PE=1 SV=4
0.0,0,,,,,,,HMGN1,A6NEL0,High mobility group nucleosome binding domain 1 OS=Homo sapiens OX=9606 GN=HMGN1 PE=1 SV=1
97.5,117,1820952.1615315836,1864762.63912048,593159.2068058793,32.57412354572672,767975.290053974,3554367.99745115,SNX30,Q5VWJ9,Sorting nexin-30 OS=Homo sapiens OX=9606 GN=SNX30 PE=1 SV=1
15.833333333333332,19,8843423.559924183,3809281.92471829,14114753.99835789,159.60735005752568,46036.7530237223,60007836.1511694,RBM12B,Q8IXT5,RNA-binding protein 12B OS=Homo sapiens OX=9606 GN=RBM12B PE=1 SV=2
97.5,117,2789283.84726851,2004471.7245024,2163876.1983403624,77.57819988307763,418850.365715635,12239847.1506414,PRPS1,P60891,Ribose-phosphate pyrophosphokinase 1 OS=Homo sapiens OX=9606 GN=PRPS1 PE=1 SV=2
0.8333333333333334,1,3603873.34156166,3603873.34156166,,,3603873.34156166,3603873.34156166,LIPI,Q6XZB0,Lipase member I OS=Homo sapiens OX=9606 GN=LIPI PE=1 SV=3
22.5,27,646839.230667952,513653.357431457,333788.65471191285,51.60303192606753,283619.645369788,1662929.13242714,CSRP3,P50461,Cysteine and glycine-rich protein 3 OS=Homo sapiens OX=9606 GN=CSRP3 PE=1 SV=1
75.0,90,1816796.1524876293,1669774.24311371,1024199.0815288433,56.37391295256043,491531.047886774,4853139.16098947,CD6,P30203,T-cell differentiation antigen CD6 OS=Homo sapiens OX=9606 GN=CD6 PE=1 SV=3
10.0,12,909560.4570151268,891958.97522176,197108.73265570984,21.67076758180042,580108.8654689,1226432.18683945,MRPS7,J3QLS3,Small ribosomal subunit protein uS7m OS=Homo sapiens OX=9606 GN=MRPS7 PE=1 SV=1
0.0,0,,,,,,,PRKAB1,Q9Y478,5'-AMP-activated protein kinase subunit beta-1 OS=Homo sapiens OX=9606 GN=PRKAB1 PE=1 SV=4
25.833333333333336,31,116724.35289349945,109293.346996643,65056.9964690032,55.735581184469616,22632.2892945011,307797.846080901,RPGRIP1L,Q68CZ1,Protein fantom OS=Homo sapiens OX=9606 GN=RPGRIP1L PE=1 SV=2
98.33333333333333,118,6877122.244059064,6538764.552570815,2575534.906469347,37.45076523387777,2312922.45138769,15729747.9335291,TRIM36,E9PBG3,RING-type E3 ubiquitin transferase OS=Homo sapiens OX=9606 GN=TRIM36 PE=1 SV=1
0.0,0,,,,,,,NEXN,Q0ZGT2,Nexilin OS=Homo sapiens OX=9606 GN=NEXN PE=1 SV=1
0.0,0,,,,,,,PBRM1,A0A9L9PXL4,Polybromo 1 OS=Homo sapiens OX=9606 GN=PBRM1 PE=1 SV=1
0.0,0,,,,,,,ZNF711,Q9Y462,Zinc finger protein 711 OS=Homo sapiens OX=9606 GN=ZNF711 PE=1 SV=2
70.0,84,1021230.7373336008,911794.132479765,419377.5588562629,41.065896621095014,429034.663302069,2253442.07795481,ASXL2,Q76L83,Putative Polycomb group protein ASXL2 OS=Homo sapiens OX=9606 GN=ASXL2 PE=1 SV=1
100.0,120,18659630.33456735,14715288.77379035,13284140.696694052,71.19187496488024,5438012.53384105,111226038.112599,CCDC7,Q96M83,Coiled-coil domain-containing protein 7 OS=Homo sapiens OX=9606 GN=CCDC7 PE=1 SV=3
88.33333333333333,106,5055027.073903991,4083042.418673865,3620193.5518628308,71.61571043905329,896168.59006511,23251231.6606045,LYST,Q99698,Lysosomal-trafficking regulator OS=Homo sapiens OX=9606 GN=LYST PE=1 SV=3
19.166666666666668,23,389411.79561890126,251535.404278214,299227.2409703267,76.8408261734234,93432.9722371181,1231922.87218754,UBE4B,O95155,Ubiquitin conjugation factor E4 B OS=Homo sapiens OX=9606 GN=UBE4B PE=1 SV=1
0.0,0,,,,,,,ZNF3,P17036,Zinc finger protein 3 OS=Homo sapiens OX=9606 GN=ZNF3 PE=1 SV=3
44.166666666666664,53,2203013.3018687824,1684042.69563621,1412751.1654295202,64.1281268810817,457749.110142475,6497157.71720668,QSOX2,Q6ZRP7,Sulfhydryl oxidase 2 OS=Homo sapiens OX=9606 GN=QSOX2 PE=1 SV=3
0.0,0,,,,,,,SYNJ1,J3KQV8,phosphoinositide 5-phosphatase OS=Homo sapiens OX=9606 GN=SYNJ1 PE=1 SV=1
0.0,0,,,,,,,POLD4,Q9HCU8,DNA polymerase delta subunit 4 OS=Homo sapiens OX=9606 GN=POLD4 PE=1 SV=1
11.666666666666666,14,553777.0005933505,454618.10111557,311564.1837009058,56.261669113574044,233644.570194215,1146995.38749644,CCDC88C,Q9P219,Protein Daple OS=Homo sapiens OX=9606 GN=CCDC88C PE=1 SV=3
100.0,120,148578333.39859334,113117924.453504,125673377.21053988,84.58391902498597,29040594.0475157,1161114732.04993,CFAP46,Q8IYW2,Cilia- and flagella-associated protein 46 OS=Homo sapiens OX=9606 GN=CFAP46 PE=1 SV=3
0.0,0,,,,,,,INTS12,E9PGI3,Integrator complex subunit 12 (Fragment) OS=Homo sapiens OX=9606 GN=INTS12 PE=1 SV=1
0.0,0,,,,,,,XRCC6,P12956,X-ray repair cross-complementing protein 6 OS=Homo sapiens OX=9606 GN=XRCC6 PE=1 SV=2
96.66666666666667,116,12000943.395143561,12661641.9480303,4570742.683769816,38.086528144274595,2816554.61404594,24448691.9024257,RAG1,P15918,V(D)J recombination-activating protein 1 OS=Homo sapiens OX=9606 GN=RAG1 PE=1 SV=2
74.16666666666667,89,2251120.037044623,2209062.89487536,625108.9281973109,27.768795884291603,823425.74542892,3744683.21601525,SCN8A,Q9UQD0,Sodium channel protein type 8 subunit alpha OS=Homo sapiens OX=9606 GN=SCN8A PE=1 SV=1
3.3333333333333335,4,799712.0983661677,704235.823166608,335319.74500391213,41.930057790669785,538876.160995545,1251500.58613591,GOLGA6L1,Q8N7Z2,Golgin subfamily A member 6-like protein 1 OS=Homo sapiens OX=9606 GN=GOLGA6L1 PE=2 SV=3
59.166666666666664,71,1303716.068223337,1074787.42451794,831554.9073152192,63.78343625452403,396643.592838625,4270062.60041001,SYBU,A0A0C4DG86,Syntabulin OS=Homo sapiens OX=9606 GN=SYBU PE=1 SV=1
0.0,0,,,,,,,MTRNR2L3,P0CJ70,Humanin-like 3 OS=Homo sapiens OX=9606 GN=MTRNR2L3 PE=2 SV=1
0.0,0,,,,,,,PHAF1,Q9BSU1,Phagosome assembly factor 1 OS=Homo sapiens OX=9606 GN=PHAF1 PE=1 SV=1
0.0,0,,,,,,,PSMD4,Q5VWC4,26S proteasome non-ATPase regulatory subunit 4 OS=Homo sapiens OX=9606 GN=PSMD4 PE=1 SV=1
100.0,120,16003804.332633052,15834429.06073995,5012737.924761074,31.322164533964564,6001099.48483489,29355779.2011896,GP2,P55259,Pancreatic secretory granule membrane major glycoprotein GP2 OS=Homo sapiens OX=9606 GN=GP2 PE=1 SV=3
0.8333333333333334,1,1341602.55300464,1341602.55300464,,,1341602.55300464,1341602.55300464,HTRA1,Q92743,Serine protease HTRA1 OS=Homo sapiens OX=9606 GN=HTRA1 PE=1 SV=1
83.33333333333334,100,4368855.960267892,4381136.072188854,1155792.589225706,26.45526883323556,721132.822766491,7600599.88864468,GCOM1,H8Y6P7,"GCOM1, MYZAP-POLR2M combined locus OS=Homo sapiens OX=9606 GN=GCOM1 PE=2 SV=1"
98.33333333333333,118,1379867.9357047218,921380.5298960444,1229961.7662183642,89.13619444241974,63414.2888574145,6609407.05989789,APRT,P07741,Adenine phosphoribosyltransferase OS=Homo sapiens OX=9606 GN=APRT PE=1 SV=2
0.0,0,,,,,,,IGFBP1,P08833,Insulin-like growth factor-binding protein 1 OS=Homo sapiens OX=9606 GN=IGFBP1 PE=1 SV=1
0.0,0,,,,,,,CEP162,Q5TB80,Centrosomal protein of 162 kDa OS=Homo sapiens OX=9606 GN=CEP162 PE=1 SV=2
0.0,0,,,,,,,SMYD3,Q9H7B4,Histone-lysine N-methyltransferase SMYD3 OS=Homo sapiens OX=9606 GN=SMYD3 PE=1 SV=4
31.666666666666664,38,2681235.5607556915,2712768.95118415,824035.5575888483,30.733426396769048,761830.336536442,4137230.84427703,UNC79,A0A8Q3SHI5,"Unc-79 homolog, NALCN channel complex subunit OS=Homo sapiens OX=9606 GN=UNC79 PE=1 SV=1"
0.0,0,,,,,,,EVC,P57679,EvC complex member EVC OS=Homo sapiens OX=9606 GN=EVC PE=1 SV=1
50.0,60,1136599.2915890403,901577.8980256005,608683.5299214838,53.553044984790056,368002.899470205,3260711.37829711,ZMYM2,Q9UBW7,Zinc finger MYM-type protein 2 OS=Homo sapiens OX=9606 GN=ZMYM2 PE=1 SV=1
4.166666666666666,5,317127.05993922555,289193.269659223,51126.72626853202,16.121842859556033,272189.943663651,391534.669767661,CSK,P41240,Tyrosine-protein kinase CSK OS=Homo sapiens OX=9606 GN=CSK PE=1 SV=1
0.0,0,,,,,,,PAIP1,Q9H074,Polyadenylate-binding protein-interacting protein 1 OS=Homo sapiens OX=9606 GN=PAIP1 PE=1 SV=1
30.833333333333336,37,117182.28936134803,89366.0513479277,85102.96300575954,72.6244242791098,29287.9252331698,544793.756305253,GAS2L2,Q8NHY3,GAS2-like protein 2 OS=Homo sapiens OX=9606 GN=GAS2L2 PE=1 SV=1
100.0,120,22885802.16547269,20448680.6371874,13115608.512690473,57.30893074168799,2963775.99363682,66176749.6295206,MYOZ2,Q9NPC6,Myozenin-2 OS=Homo sapiens OX=9606 GN=MYOZ2 PE=1 SV=1
99.16666666666667,119,4888974.073400262,4469746.21647209,2873124.428806843,58.767430255742724,1060053.41279631,23336229.7959048,UVRAG,Q9P2Y5,UV radiation resistance-associated gene protein OS=Homo sapiens OX=9606 GN=UVRAG PE=1 SV=1
0.0,0,,,,,,,ABCF2,Q9UG63,ATP-binding cassette sub-family F member 2 OS=Homo sapiens OX=9606 GN=ABCF2 PE=1 SV=2
0.0,0,,,,,,,LDAH,B5MCE2,Lipid droplet-associated hydrolase (Fragment) OS=Homo sapiens OX=9606 GN=LDAH PE=1 SV=2
12.5,15,2419281.7809967464,1142111.41145514,2542889.316944617,105.10926577130442,434993.66417149,8826017.87266346,GAD2,Q05329,Glutamate decarboxylase 2 OS=Homo sapiens OX=9606 GN=GAD2 PE=1 SV=1
20.0,24,3589048.651722394,2562303.5627899803,3078297.141367247,85.76916726637194,953501.946979528,12661420.004303,TMEM214,H7C085,Transmembrane protein 214 (Fragment) OS=Homo sapiens OX=9606 GN=TMEM214 PE=1 SV=1
99.16666666666667,119,4489234.007362654,4427040.17621842,1043671.5957121591,23.24832240868855,2387157.18862297,8024316.17376301,SPART-AS1,P0CW21,Putative uncharacterized protein SPART-AS1 OS=Homo sapiens OX=9606 GN=SPART-AS1 PE=5 SV=1
48.333333333333336,58,15610137.431263141,15665444.78243055,4758786.86043176,30.48523359506828,3925163.18331433,24994633.6875242,MTMR3,Q13615,"Phosphatidylinositol-3,5-bisphosphate 3-phosphatase MTMR3 OS=Homo sapiens OX=9606 GN=MTMR3 PE=1 SV=3"
0.0,0,,,,,,,PLCB4,A0A8I5KQF5,Phosphoinositide phospholipase C OS=Homo sapiens OX=9606 GN=PLCB4 PE=1 SV=1
0.0,0,,,,,,,SLC6A7,Q99884,Sodium-dependent proline transporter OS=Homo sapiens OX=9606 GN=SLC6A7 PE=1 SV=2
0.0,0,,,,,,,DPYS,Q14117,Dihydropyrimidinase OS=Homo sapiens OX=9606 GN=DPYS PE=1 SV=1
0.0,0,,,,,,,UBA1,P22314,Ubiquitin-like modifier-activating enzyme 1 OS=Homo sapiens OX=9606 GN=UBA1 PE=1 SV=3
0.0,0,,,,,,,CLIP1,P30622,CAP-Gly domain-containing linker protein 1 OS=Homo sapiens OX=9606 GN=CLIP1 PE=1 SV=2
100.0,120,132832565.99598226,103913266.802495,99287035.41594064,74.74600424337488,40374032.7068797,803584753.70081,SHISA7,A6NL88,Protein shisa-7 OS=Homo sapiens OX=9606 GN=SHISA7 PE=1 SV=3
94.16666666666667,113,2493407.799992483,2363921.64434355,788829.0814545914,31.636585136894553,1130693.87773324,5328865.80602738,TTLL11,Q8NHH1,Tubulin polyglutamylase TTLL11 OS=Homo sapiens OX=9606 GN=TTLL11 PE=1 SV=3
0.8333333333333334,1,695834.51446791,695834.51446791,,,695834.51446791,695834.51446791,TIMP3,P35625,Metalloproteinase inhibitor 3 OS=Homo sapiens OX=9606 GN=TIMP3 PE=1 SV=2
0.0,0,,,,,,,B3GLCT,Q6Y288,"Beta-1,3-glucosyltransferase OS=Homo sapiens OX=9606 GN=B3GLCT PE=1 SV=2"
0.0,0,,,,,,,CUL4B,A0A7P0T8W4,Cullin 4B (Fragment) OS=Homo sapiens OX=9606 GN=CUL4B PE=1 SV=1
34.166666666666664,41,723520.8693753202,643689.739848541,283290.3067935905,39.15440712002961,262093.270566871,1802848.51253283,FAM184A,Q8NB25,Protein FAM184A OS=Homo sapiens OX=9606 GN=FAM184A PE=1 SV=3
100.0,120,63650438.09074019,58384103.6448393,27006763.80646364,42.429816064993524,26487004.5304216,194249531.916353,DDX46,A0A0C4DG89,RNA helicase OS=Homo sapiens OX=9606 GN=DDX46 PE=1 SV=1
95.0,114,39785104.44027172,28998780.3856573,36754911.01390067,92.38359816066287,1353068.16220832,212951908.632945,MAST2,Q6P0Q8,Microtubule-associated serine/threonine-protein kinase 2 OS=Homo sapiens OX=9606 GN=MAST2 PE=1 SV=2
9.166666666666666,11,1364508.0600108616,921331.490759242,1218539.8088759305,89.3024998962799,370978.845670764,4793544.08174592,PSMG2,A0A8V8TNA9,Proteasome assembly chaperone 2 OS=Homo sapiens OX=9606 GN=PSMG2 PE=1 SV=1
27.500000000000004,33,1517623.041992879,1443195.95379551,863707.4570124177,56.91185710242203,429474.759266473,4129814.78627878,COG4,H3BMV9,Component of oligomeric golgi complex 4 OS=Homo sapiens OX=9606 GN=COG4 PE=1 SV=2
0.8333333333333334,1,1737486.57530457,1737486.57530457,,,1737486.57530457,1737486.57530457,VDAC1,P21796,Non-selective voltage-gated ion channel VDAC1 OS=Homo sapiens OX=9606 GN=VDAC1 PE=1 SV=2
56.666666666666664,68,640920.9151390381,601457.4961910645,292934.913500895,45.705313492125185,247444.917442152,2172008.56176027,ALDH9A1,P49189,4-trimethylaminobutyraldehyde dehydrogenase OS=Homo sapiens OX=9606 GN=ALDH9A1 PE=1 SV=3
0.0,0,,,,,,,NDRG2,Q9UN36,Protein NDRG2 OS=Homo sapiens OX=9606 GN=NDRG2 PE=1 SV=2
9.166666666666666,11,657652.3015615063,623447.120995337,178751.08690807133,27.180181150989828,415152.057781288,985176.576505592,COMMD2,Q86X83,COMM domain-containing protein 2 OS=Homo sapiens OX=9606 GN=COMMD2 PE=1 SV=2
0.0,0,,,,,,,ZNF229,Q9UJW7,Zinc finger protein 229 OS=Homo sapiens OX=9606 GN=ZNF229 PE=1 SV=4
0.0,0,,,,,,,PBXIP1,Q96AQ6,Pre-B-cell leukemia transcription factor-interacting protein 1 OS=Homo sapiens OX=9606 GN=PBXIP1 PE=1 SV=1
90.0,108,774322.0280148364,571992.6651774195,631858.720437389,81.60154271438114,3244.50897621695,2858987.72790171,EXOC5,O00471,Exocyst complex component 5 OS=Homo sapiens OX=9606 GN=EXOC5 PE=1 SV=1
100.0,120,38205441.61324675,38206333.72778255,8193620.296168189,21.446212764956663,21987788.002361,65582633.0272837,KMT2A,Q03164,Histone-lysine N-methyltransferase 2A OS=Homo sapiens OX=9606 GN=KMT2A PE=1 SV=5
26.666666666666668,32,1958777.7348022896,1021719.736063866,1956925.8524866113,99.90545725108187,307830.973591072,8090027.51221141,RSL1D1,O76021,Ribosomal L1 domain-containing protein 1 OS=Homo sapiens OX=9606 GN=RSL1D1 PE=1 SV=3
0.0,0,,,,,,,RIPK1,Q13546,Receptor-interacting serine/threonine-protein kinase 1 OS=Homo sapiens OX=9606 GN=RIPK1 PE=1 SV=3
0.0,0,,,,,,,CNOT6L,Q96LI5,CCR4-NOT transcription complex subunit 6-like OS=Homo sapiens OX=9606 GN=CNOT6L PE=1 SV=2
0.0,0,,,,,,,F8,P00451,Coagulation factor VIII OS=Homo sapiens OX=9606 GN=F8 PE=1 SV=1
95.0,114,1665665.3952520306,1560720.206526375,622053.1842390274,37.34562691955938,407552.132503942,3829292.35531762,ZNF385A,Q96PM9,Zinc finger protein 385A OS=Homo sapiens OX=9606 GN=ZNF385A PE=1 SV=2
0.0,0,,,,,,,FPR1,P21462,fMet-Leu-Phe receptor OS=Homo sapiens OX=9606 GN=FPR1 PE=1 SV=3
0.0,0,,,,,,,PSMA3,P25788,Proteasome subunit alpha type-3 OS=Homo sapiens OX=9606 GN=PSMA3 PE=1 SV=2
22.5,27,945157.5954153317,841447.5271067,661324.1769288972,69.96972569831496,214633.544896014,2898529.69431993,SPDL1,Q96EA4,Protein Spindly OS=Homo sapiens OX=9606 GN=SPDL1 PE=1 SV=2
90.83333333333333,109,2214822.8337996844,1849624.49948061,1624316.77697071,73.3384518247936,434777.448443632,15922597.100889,WDR17,Q8IZU2,WD repeat-containing protein 17 OS=Homo sapiens OX=9606 GN=WDR17 PE=1 SV=2
80.83333333333333,97,11996301.463501882,11232443.9385393,7509663.035665128,62.59981927357264,139966.287753675,30648345.8378703,TRIM22,Q8IYM9,E3 ubiquitin-protein ligase TRIM22 OS=Homo sapiens OX=9606 GN=TRIM22 PE=1 SV=1
0.0,0,,,,,,,PHEX,P78562,Phosphate-regulating neutral endopeptidase PHEX OS=Homo sapiens OX=9606 GN=PHEX PE=1 SV=1
100.0,120,10866457.427244505,8143061.83950851,8758604.448434366,80.6022064419513,2200178.65812571,57421843.8759084,HLA-DPB1,A0A140T9Q1,"Major histocompatibility complex, class II, DP beta 1 (Fragment) OS=Homo sapiens OX=9606 GN=HLA-DPB1 PE=1 SV=1"
98.33333333333333,118,48419371.608959965,29559513.9608038,65087208.02380423,134.4239007260472,11123881.4012618,587716778.577132,DKK2,Q9UBU2,Dickkopf-related protein 2 OS=Homo sapiens OX=9606 GN=DKK2 PE=1 SV=1
0.0,0,,,,,,,MARF1,H0YIB6,Meiosis regulator and mRNA stability factor 1 (Fragment) OS=Homo sapiens OX=9606 GN=MARF1 PE=4 SV=1
0.0,0,,,,,,,CFAP57,A0A087WVY5,Cilia and flagella associated protein 57 OS=Homo sapiens OX=9606 GN=CFAP57 PE=1 SV=1
0.0,0,,,,,,,UFD1,Q92890,Ubiquitin recognition factor in ER-associated degradation protein 1 OS=Homo sapiens OX=9606 GN=UFD1 PE=1 SV=3
0.0,0,,,,,,,ZFYVE26,A0A7I2V403,Zinc finger FYVE domain-containing protein 26 OS=Homo sapiens OX=9606 GN=ZFYVE26 PE=1 SV=1
8.333333333333332,10,807399.6032929459,707661.846075289,462934.4761542603,57.3364755526509,328521.65981497,2023304.2661178,MCM2,P49736,DNA replication licensing factor MCM2 OS=Homo sapiens OX=9606 GN=MCM2 PE=1 SV=4
95.83333333333334,115,1736185.2199641715,1681203.49437069,496811.4018599687,28.615115262311765,657447.306086044,2879349.22765404,CEP126,Q9P2H0,Centrosomal protein of 126 kDa OS=Homo sapiens OX=9606 GN=CEP126 PE=1 SV=4
10.0,12,172108.454213649,154373.475302773,82217.33292233848,47.770653276728034,87482.0863311992,410547.360660288,C19orf81,C9J6K1,Putative uncharacterized protein C19orf81 OS=Homo sapiens OX=9606 GN=C19orf81 PE=1 SV=1
0.0,0,,,,,,,CMIP,Q8IY22,C-Maf-inducing protein OS=Homo sapiens OX=9606 GN=CMIP PE=1 SV=3
65.83333333333333,79,16345045.602260424,15017054.0787657,13826898.865283363,84.59382250589245,316713.039370151,59329600.2184106,OSBPL8,F8VZ43,Oxysterol binding protein like 8 (Fragment) OS=Homo sapiens OX=9606 GN=OSBPL8 PE=1 SV=1
0.8333333333333334,1,1308630.09471875,1308630.09471875,,,1308630.09471875,1308630.09471875,HSD11B1,P28845,11-beta-hydroxysteroid dehydrogenase 1 OS=Homo sapiens OX=9606 GN=HSD11B1 PE=1 SV=3
0.8333333333333334,1,2150397.19242094,2150397.19242094,,,2150397.19242094,2150397.19242094,MORC3,Q14149,MORC family CW-type zinc finger protein 3 OS=Homo sapiens OX=9606 GN=MORC3 PE=1 SV=3
93.33333333333333,112,728843.6991120962,556435.1385673865,554512.4763119266,76.08112370148137,165073.686143359,3336775.3053192,PLEKHO2,Q8TD55,Pleckstrin homology domain-containing family O member 2 OS=Homo sapiens OX=9606 GN=PLEKHO2 PE=1 SV=1
7.5,9,1114146.5130194558,1121806.73459049,316627.33372403664,28.41882373853532,651915.712112519,1607316.07089232,LRTM2,Q8N967,Leucine-rich repeat and transmembrane domain-containing protein 2 OS=Homo sapiens OX=9606 GN=LRTM2 PE=1 SV=1
94.16666666666667,113,2835142.80543387,2842379.88928451,863397.106215019,30.453390374559667,1108802.76324829,5439392.64375983,RS1,O15537,Retinoschisin OS=Homo sapiens OX=9606 GN=RS1 PE=1 SV=2
7.5,9,441589.72601804393,388500.109401909,136525.3713281875,30.91679069603374,287612.139997531,641637.372166359,PSMD11,O00231,26S proteasome non-ATPase regulatory subunit 11 OS=Homo sapiens OX=9606 GN=PSMD11 PE=1 SV=3
70.83333333333334,85,897170.5205064074,886528.094087219,240291.40477744525,26.783247920563962,451183.798165024,1770997.96277627,SLC25A51,Q9H1U9,Mitochondrial nicotinamide adenine dinucleotide transporter SLC25A51 OS=Homo sapiens OX=9606 GN=SLC25A51 PE=1 SV=1
0.0,0,,,,,,,CAPN3,P20807,Calpain-3 OS=Homo sapiens OX=9606 GN=CAPN3 PE=1 SV=2
98.33333333333333,118,12634666.409426877,11104505.171415351,6420868.369784787,50.81945309607937,3239908.58906369,37847252.7677135,LMBR1,F8WDW0,Limb development membrane protein 1 OS=Homo sapiens OX=9606 GN=LMBR1 PE=1 SV=1
0.0,0,,,,,,,NOD2,Q9HC29,Nucleotide-binding oligomerization domain-containing protein 2 OS=Homo sapiens OX=9606 GN=NOD2 PE=1 SV=1
74.16666666666667,89,324212.1069693835,281580.793186615,181464.81171246033,55.971016446217014,39030.9850138421,988735.082466126,FAXDC2,Q96IV6,Fatty acid hydroxylase domain-containing protein 2 OS=Homo sapiens OX=9606 GN=FAXDC2 PE=1 SV=1
0.0,0,,,,,,,SEC61A2,Q9H9S3,Protein transport protein Sec61 subunit alpha isoform 2 OS=Homo sapiens OX=9606 GN=SEC61A2 PE=1 SV=3
0.0,0,,,,,,,TNKS,O95271,Poly [ADP-ribose] polymerase tankyrase-1 OS=Homo sapiens OX=9606 GN=TNKS PE=1 SV=2
0.0,0,,,,,,,MORC4,Q8TE76,MORC family CW-type zinc finger protein 4 OS=Homo sapiens OX=9606 GN=MORC4 PE=1 SV=2
0.0,0,,,,,,,DCST1,Q5T197,E3 ubiquitin-protein ligase DCST1 OS=Homo sapiens OX=9606 GN=DCST1 PE=1 SV=1
7.5,9,9151383.858387074,9620949.3207895,1864523.2104653316,20.37422142178563,6926369.69456303,11006161.14209,TMEM247,A6NEH6,Transmembrane protein 247 OS=Homo sapiens OX=9606 GN=TMEM247 PE=1 SV=2
98.33333333333333,118,93581102.82986604,89136680.98527876,40905957.5648749,43.71177121009513,4144502.92665343,212078877.550358,GALNT15,Q8N3T1,Polypeptide N-acetylgalactosaminyltransferase 15 OS=Homo sapiens OX=9606 GN=GALNT15 PE=1 SV=2
29.166666666666668,35,1135599.912560567,949530.811324762,580465.129616026,51.11528481075565,422422.429887799,2869947.80035704,IFITM2,A0A7P0T953,Interferon induced transmembrane protein 2 OS=Homo sapiens OX=9606 GN=IFITM2 PE=1 SV=1
23.333333333333332,28,359435.9290919737,344782.04715353495,104083.06624859186,28.95733504202879,197648.371551788,614850.365789033,DNAJB8,Q8NHS0,DnaJ homolog subfamily B member 8 OS=Homo sapiens OX=9606 GN=DNAJB8 PE=1 SV=1
0.0,0,,,,,,,CXCR4,P61073,C-X-C chemokine receptor type 4 OS=Homo sapiens OX=9606 GN=CXCR4 PE=1 SV=1
0.0,0,,,,,,,DEFB110,Q30KQ9,Beta-defensin 110 OS=Homo sapiens OX=9606 GN=DEFB110 PE=3 SV=1
0.0,0,,,,,,,AIDA,Q96BJ3,"Axin interactor, dorsalization-associated protein OS=Homo sapiens OX=9606 GN=AIDA PE=1 SV=1"
8.333333333333332,10,310370.6180764393,234142.32321976748,142590.86864645468,45.94212864934812,189322.150647587,598629.257290387,CMTM5,Q96DZ9,CKLF-like MARVEL transmembrane domain-containing protein 5 OS=Homo sapiens OX=9606 GN=CMTM5 PE=1 SV=2
0.0,0,,,,,,,THRAP3,Q9Y2W1,Thyroid hormone receptor-associated protein 3 OS=Homo sapiens OX=9606 GN=THRAP3 PE=1 SV=2
18.333333333333332,22,845031.1072072643,757983.8244372305,267338.93050523486,31.636578609367515,380149.296600451,1312364.38242647,KIF20A,O95235,Kinesin-like protein KIF20A OS=Homo sapiens OX=9606 GN=KIF20A PE=1 SV=1
0.0,0,,,,,,,TAS1R3,Q7RTX0,Taste receptor type 1 member 3 OS=Homo sapiens OX=9606 GN=TAS1R3 PE=1 SV=2
0.0,0,,,,,,,SERTAD2,Q14140,SERTA domain-containing protein 2 OS=Homo sapiens OX=9606 GN=SERTAD2 PE=1 SV=1
0.0,0,,,,,,,OR52A5,Q9H2C5,Olfactory receptor 52A5 OS=Homo sapiens OX=9606 GN=OR52A5 PE=3 SV=1
30.833333333333336,37,529408.863779608,462455.77240868,221282.55011628408,41.79804405549273,186128.851307695,1004031.0255714,LRRC23,Q53EV4,Leucine-rich repeat-containing protein 23 OS=Homo sapiens OX=9606 GN=LRRC23 PE=1 SV=2
33.33333333333333,40,359120.40201306087,313824.8175674695,243661.5165851839,67.84953325384231,103426.751642231,1418135.12084872,TPT1,A0A0B4J2C3,Translationally-controlled tumor protein OS=Homo sapiens OX=9606 GN=TPT1 PE=1 SV=1
0.0,0,,,,,,,L1RE1,Q9UN81,LINE-1 retrotransposable element ORF1 protein OS=Homo sapiens OX=9606 GN=L1RE1 PE=1 SV=1
1.6666666666666667,2,867497.9106245565,867497.9106245565,462357.62951375486,53.29783782198159,540561.695462043,1194434.12578707,SSR1,C9IZQ1,Translocon-associated protein subunit alpha OS=Homo sapiens OX=9606 GN=SSR1 PE=1 SV=1
100.0,120,4693676.235471977,4251530.479377465,2280297.385161977,48.58233228634014,1142310.46507755,15346141.2483222,PHLDA1,Q8WV24,Pleckstrin homology-like domain family A member 1 OS=Homo sapiens OX=9606 GN=PHLDA1 PE=1 SV=4
46.666666666666664,56,2147079.6459387005,1973925.6564615201,878967.8414323214,40.937831211568195,721089.964765139,4521596.34085331,SAT2,I3L0W4,Spermidine/spermine N1-acetyltransferase family member 2 OS=Homo sapiens OX=9606 GN=SAT2 PE=1 SV=1
22.5,27,210086.12730214497,158695.753863751,170749.9756384614,81.27617840891013,85211.4085061604,927378.691890975,ANXA8L1,A0A075B752,Annexin OS=Homo sapiens OX=9606 GN=ANXA8L1 PE=1 SV=1
53.333333333333336,64,14642211.197058585,12440368.11156705,10735702.555029696,73.32022746117983,632511.279860302,51604402.0101349,SPIRE1,Q08AE8,Protein spire homolog 1 OS=Homo sapiens OX=9606 GN=SPIRE1 PE=1 SV=3
0.0,0,,,,,,,ADCY8,P40145,Adenylate cyclase type 8 OS=Homo sapiens OX=9606 GN=ADCY8 PE=1 SV=1
5.0,6,758725.6218312224,686205.066921003,270728.0970454348,35.68195000348333,496928.443291469,1249963.35336007,RAP1GDS1,P52306,Rap1 GTPase-GDP dissociation stimulator 1 OS=Homo sapiens OX=9606 GN=RAP1GDS1 PE=1 SV=3
0.0,0,,,,,,,UBR1,Q8IWV7,E3 ubiquitin-protein ligase UBR1 OS=Homo sapiens OX=9606 GN=UBR1 PE=1 SV=1
99.16666666666667,119,18125966.56871656,18169006.3213333,5821624.811334979,32.11759653900316,768786.232621966,28529038.1634855,ERI2,A8K979,ERI1 exoribonuclease 2 OS=Homo sapiens OX=9606 GN=ERI2 PE=1 SV=2
0.0,0,,,,,,,CILK1,A0A7I2PIU1,Ciliogenesis associated kinase 1 OS=Homo sapiens OX=9606 GN=CILK1 PE=1 SV=1
90.0,108,3963468.2468733485,4322533.28523317,3140139.8203220824,79.22707146195094,174621.880819612,11780463.8523621,DNAH11,Q96DT5,Dynein axonemal heavy chain 11 OS=Homo sapiens OX=9606 GN=DNAH11 PE=1 SV=4
98.33333333333333,118,3231180.1719674338,2599853.366246855,2158004.322539029,66.78687685883644,613251.783004998,11474367.1091217,LRRC9,H3BUS4,Leucine rich repeat containing 9 OS=Homo sapiens OX=9606 GN=LRRC9 PE=4 SV=2
1.6666666666666667,2,322104.67403938295,322104.67403938295,182267.57889958128,56.586443348939376,193222.033009035,450987.315069731,MPDU1,O75352,Mannose-P-dolichol utilization defect 1 protein OS=Homo sapiens OX=9606 GN=MPDU1 PE=1 SV=2
0.0,0,,,,,,,EZH1,K7EPC0,Enhancer of zeste 1 polycomb repressive complex 2 subunit (Fragment) OS=Homo sapiens OX=9606 GN=EZH1 PE=1 SV=1
86.66666666666667,104,519395.4956956471,470256.643790378,223341.37213623643,43.000252021266846,104278.586487458,1175498.60281585,HTR7,P34969,5-hydroxytryptamine receptor 7 OS=Homo sapiens OX=9606 GN=HTR7 PE=1 SV=2
0.0,0,,,,,,,UROD,A0A494C085,Uroporphyrinogen decarboxylase OS=Homo sapiens OX=9606 GN=UROD PE=1 SV=1
100.0,120,84709798.25452869,78299868.96528605,38271832.62526938,45.179935986004224,30853437.9118801,241413472.579042,DDX55,Q8NHQ9,ATP-dependent RNA helicase DDX55 OS=Homo sapiens OX=9606 GN=DDX55 PE=1 SV=3
0.0,0,,,,,,,FIGNL2,A6NMB9,Fidgetin-like protein 2 OS=Homo sapiens OX=9606 GN=FIGNL2 PE=1 SV=2
0.0,0,,,,,,,KIAA1217,Q5T5P2,Sickle tail protein homolog OS=Homo sapiens OX=9606 GN=KIAA1217 PE=1 SV=2
100.0,120,10478811.847754167,8572853.413131326,7400327.311357403,70.62181685172114,3254102.66620201,55056683.3085624,STXBP5,Q5T5C0,Syntaxin-binding protein 5 OS=Homo sapiens OX=9606 GN=STXBP5 PE=1 SV=1
100.0,120,134550296.06884208,118369608.1786385,70450220.24365355,52.35976605180266,15146019.4792954,379086824.536427,CDADC1,Q9BWV3,Cytidine and dCMP deaminase domain-containing protein 1 OS=Homo sapiens OX=9606 GN=CDADC1 PE=1 SV=1
0.0,0,,,,,,,SPSB3,Q6PJ21,SPRY domain-containing SOCS box protein 3 OS=Homo sapiens OX=9606 GN=SPSB3 PE=1 SV=2
100.0,120,22709605.19826793,22668495.967115797,5616813.447827149,24.733206054394756,9780926.88951678,36740615.296323,FARP2,O94887,"FERM, ARHGEF and pleckstrin domain-containing protein 2 OS=Homo sapiens OX=9606 GN=FARP2 PE=1 SV=3"
0.0,0,,,,,,,TRPM8,Q7Z2W7,Transient receptor potential cation channel subfamily M member 8 OS=Homo sapiens OX=9606 GN=TRPM8 PE=1 SV=2
93.33333333333333,112,7020491.54216236,5988077.98223093,3837464.0994841545,54.660903391704515,1203834.06425772,20752778.120321,SKP2,D6RHY6,S-phase kinase associated protein 2 OS=Homo sapiens OX=9606 GN=SKP2 PE=1 SV=1
100.0,120,925478761.711081,823530342.6841846,458516460.62822425,49.543704253190135,80220130.7449875,2349687117.51496,FAHD1,Q6P587,"Oxaloacetate tautomerase FAHD1, mitochondrial OS=Homo sapiens OX=9606 GN=FAHD1 PE=1 SV=3"
19.166666666666668,23,1178048.6701722739,848726.707204746,742466.0110220095,63.02507101964079,544639.322592766,3620890.92216549,IFI27,P40305,"Interferon alpha-inducible protein 27, mitochondrial OS=Homo sapiens OX=9606 GN=IFI27 PE=1 SV=4"
100.0,120,6178630.3054359555,5241826.668282095,4052584.3613123307,65.59033573746707,947290.105247639,23593568.093395,RIOK2,Q9BVS4,Serine/threonine-protein kinase RIO2 OS=Homo sapiens OX=9606 GN=RIOK2 PE=1 SV=2
0.0,0,,,,,,,ARHGAP20,Q9P2F6,Rho GTPase-activating protein 20 OS=Homo sapiens OX=9606 GN=ARHGAP20 PE=1 SV=2
100.0,120,7567496.302133607,6923811.818833824,3480616.6849063775,45.99429647458222,304231.608702511,22767211.5111611,SETD1A,O15047,Histone-lysine N-methyltransferase SETD1A OS=Homo sapiens OX=9606 GN=SETD1A PE=1 SV=3
76.66666666666667,92,1697908.3437333081,1766501.29295824,733670.542379541,43.210256023971766,234657.567498137,3194798.05557615,TEX14,Q8IWB6,Inactive serine/threonine-protein kinase TEX14 OS=Homo sapiens OX=9606 GN=TEX14 PE=1 SV=2
95.83333333333334,115,1375270.2986134891,1239246.85920509,809523.8344606789,58.86288937358854,181013.910807164,4641110.98510675,GTPBP4,Q9BZE4,GTP-binding protein 4 OS=Homo sapiens OX=9606 GN=GTPBP4 PE=1 SV=3
100.0,120,117907112.5749016,95705320.1391289,71488200.03923701,60.63094793693931,29443634.2810858,439657230.773307,NFIB,O00712,Nuclear factor 1 B-type OS=Homo sapiens OX=9606 GN=NFIB PE=1 SV=2
40.833333333333336,49,428233.6102939979,379314.875,323696.7664377112,75.58882783989831,75207.32248928,1861578.78574951,HEXIM2,Q96MH2,Protein HEXIM2 OS=Homo sapiens OX=9606 GN=HEXIM2 PE=1 SV=1
100.0,120,240076340.51911592,22981112.992180802,456488250.5347899,190.1429560062968,5616336.49994969,1546727722.26653,ZKSCAN4,Q969J2,Zinc finger protein with KRAB and SCAN domains 4 OS=Homo sapiens OX=9606 GN=ZKSCAN4 PE=1 SV=1
94.16666666666667,113,776407.4012969692,919759.983555588,471005.36675257765,60.66471880172381,1477.92780269099,1694127.8127509,TRPM6,Q9BX84,Transient receptor potential cation channel subfamily M member 6 OS=Homo sapiens OX=9606 GN=TRPM6 PE=1 SV=2
100.0,120,329116028.8396207,329573358.9732945,84428485.46612276,25.65310652410218,107049983.416078,492772011.231006,PDE6C,P51160,"Cone cGMP-specific 3',5'-cyclic phosphodiesterase subunit alpha' OS=Homo sapiens OX=9606 GN=PDE6C PE=1 SV=2"
100.0,120,67325675.97731991,69212372.7287601,19041227.370156564,28.282266897061692,14509796.5327916,106765681.941271,PHLDB2,Q86SQ0,Pleckstrin homology-like domain family B member 2 OS=Homo sapiens OX=9606 GN=PHLDB2 PE=1 SV=2
88.33333333333333,106,1446263.7672479572,1175912.5315439901,1031899.8074260036,71.3493507058929,320038.341679737,5498591.41497012,MED23,Q9ULK4,Mediator of RNA polymerase II transcription subunit 23 OS=Homo sapiens OX=9606 GN=MED23 PE=1 SV=2
21.666666666666668,26,3423849.0606490294,3547297.182310555,1126709.745527252,32.90769322972641,838578.096188383,5854765.63181243,FTCD,O95954,Formimidoyltransferase-cyclodeaminase OS=Homo sapiens OX=9606 GN=FTCD PE=1 SV=2
100.0,120,13072443.578331465,12290906.83026295,5091130.616028184,38.94551608137829,3420722.96782724,25912692.4798992,HIP1,O00291,Huntingtin-interacting protein 1 OS=Homo sapiens OX=9606 GN=HIP1 PE=1 SV=5
95.0,114,2080201.9234109994,1901188.86603435,1058841.5643313115,50.90090305248262,166106.354210883,5144512.59363408,RALGAPA1,Q6GYQ0,Ral GTPase-activating protein subunit alpha-1 OS=Homo sapiens OX=9606 GN=RALGAPA1 PE=1 SV=1
99.16666666666667,119,1674459.3664231389,1673464.84340025,751301.3134821409,44.86829173329045,2999.47180246552,4883685.22292413,,A0A087WZY1,Uncharacterized protein OS=Homo sapiens OX=9606 PE=1 SV=1
100.0,120,34771055.060052924,33702502.20436745,8487478.880531596,24.409609848976142,18803632.2436581,62215584.6970826,ASCC3,Q8N3C0,Activating signal cointegrator 1 complex subunit 3 OS=Homo sapiens OX=9606 GN=ASCC3 PE=1 SV=3
100.0,120,50124491.01317958,48742960.14080919,15179504.673105767,30.28360860385498,2271648.84873378,96030605.5537517,STRIP2,Q9ULQ0,Striatin-interacting protein 2 OS=Homo sapiens OX=9606 GN=STRIP2 PE=1 SV=2
0.0,0,,,,,,,ATAD2,Q6PL18,ATPase family AAA domain-containing protein 2 OS=Homo sapiens OX=9606 GN=ATAD2 PE=1 SV=1
42.5,51,1541050.4224741973,1469488.69271775,631437.3844501112,40.97447917611428,418009.113978153,3295830.76149224,ERCC2,P18074,General transcription and DNA repair factor IIH helicase subunit XPD OS=Homo sapiens OX=9606 GN=ERCC2 PE=1 SV=1
89.16666666666667,107,1087228.0234866925,922096.74566117,701620.7207342461,64.53298715426587,135930.252520093,3634602.46068707,CHD1,O14646,Chromodomain-helicase-DNA-binding protein 1 OS=Homo sapiens OX=9606 GN=CHD1 PE=1 SV=2
100.0,120,70606553.92167334,62456974.12950175,33290373.400914237,47.14912646472531,19226132.1150723,185548962.255536,ZFYVE27,Q5T4F4,Protrudin OS=Homo sapiens OX=9606 GN=ZFYVE27 PE=1 SV=1
100.0,120,42449090.924187854,39418194.574464306,17266558.43938947,40.675920410702695,12181982.5696365,102341955.052009,EMSY,Q7Z589,BRCA2-interacting transcriptional repressor EMSY OS=Homo sapiens OX=9606 GN=EMSY PE=1 SV=2
98.33333333333333,118,4304447.9259700095,3951236.9608039297,2325128.888962469,54.0168897138766,568598.818654521,17640358.2602654,KDM2A,Q9Y2K7,Lysine-specific demethylase 2A OS=Homo sapiens OX=9606 GN=KDM2A PE=1 SV=3
0.0,0,,,,,,,PPP1R13L,Q8WUF5,RelA-associated inhibitor OS=Homo sapiens OX=9606 GN=PPP1R13L PE=1 SV=4
5.833333333333333,7,603173.8870243238,594247.399234849,238303.95641441812,39.508334419127166,309599.102943132,1010274.3981654,CPSF1,Q10570,Cleavage and polyadenylation specificity factor subunit 1 OS=Homo sapiens OX=9606 GN=CPSF1 PE=1 SV=2
99.16666666666667,119,5268746.613172382,4467328.66176962,2695766.150723609,51.16522673502517,16785.7639928524,18012340.2607162,SBNO1,A3KN83,Protein strawberry notch homolog 1 OS=Homo sapiens OX=9606 GN=SBNO1 PE=1 SV=1
99.16666666666667,119,1644164.1810091962,1496996.10762511,1047526.3535506877,63.71178533446159,4122.76455360684,10197566.1156736,ZNF43,P17038,Zinc finger protein 43 OS=Homo sapiens OX=9606 GN=ZNF43 PE=1 SV=4
0.0,0,,,,,,,TCTN1,A0A087X1J4,Tectonic family member 1 OS=Homo sapiens OX=9606 GN=TCTN1 PE=1 SV=2
0.0,0,,,,,,,INTS8,Q75QN2,Integrator complex subunit 8 OS=Homo sapiens OX=9606 GN=INTS8 PE=1 SV=1
100.0,120,80371780.01509784,54750857.49136845,84054009.02365595,104.58149490762354,20724036.8461424,777007671.179977,GTF2I,P78347,General transcription factor II-I OS=Homo sapiens OX=9606 GN=GTF2I PE=1 SV=2
0.8333333333333334,1,3198552.08994967,3198552.08994967,,,3198552.08994967,3198552.08994967,SECISBP2,Q96T21,Selenocysteine insertion sequence-binding protein 2 OS=Homo sapiens OX=9606 GN=SECISBP2 PE=1 SV=2
100.0,120,20270968.866131816,20350825.461198248,4704854.954767456,23.209817872238954,3309692.08352941,34504059.6002793,BRWD3,Q6RI45,Bromodomain and WD repeat-containing protein 3 OS=Homo sapiens OX=9606 GN=BRWD3 PE=1 SV=2
100.0,120,10848052.092296602,9801213.125440456,5172522.646618697,47.68158009023388,1860846.0140436,28647602.6450391,RBSN,Q9H1K0,Rabenosyn-5 OS=Homo sapiens OX=9606 GN=RBSN PE=1 SV=2
70.83333333333334,85,6300197.098277127,5992408.25117174,2457015.431258212,38.99902483892314,713199.986827863,13002171.1645459,ZNF596,Q8TC21,Zinc finger protein 596 OS=Homo sapiens OX=9606 GN=ZNF596 PE=1 SV=2
95.83333333333334,115,10381979.99442741,6818777.20034377,10519101.48136356,101.32076431480073,43018.7140188059,63728772.8729774,DAB2IP,A0A3B3ITG3,DAB2 interacting protein OS=Homo sapiens OX=9606 GN=DAB2IP PE=1 SV=1
100.0,120,51252397.447559915,50096669.37374135,21241126.80942952,41.44416235584467,7313358.7611901,124277836.828495,TET1,Q8NFU7,Methylcytosine dioxygenase TET1 OS=Homo sapiens OX=9606 GN=TET1 PE=1 SV=2
98.33333333333333,118,4591699.262890356,3940006.8088612547,2150263.802198718,46.82936923976991,1925899.57035658,17057823.2551039,CFAP58,Q5T655,Cilia- and flagella-associated protein 58 OS=Homo sapiens OX=9606 GN=CFAP58 PE=1 SV=1
100.0,120,13314384.811362365,13530470.252166651,4195106.312806256,31.50807470448198,1892506.13462902,22563168.9061797,CCNB3,Q8WWL7,G2/mitotic-specific cyclin-B3 OS=Homo sapiens OX=9606 GN=CCNB3 PE=1 SV=2
98.33333333333333,118,11759548.250007018,6691911.06829202,40465175.02585896,344.1048428525714,796651.765290436,443049155.831108,CHD2,O14647,Chromodomain-helicase-DNA-binding protein 2 OS=Homo sapiens OX=9606 GN=CHD2 PE=1 SV=2
86.66666666666667,104,18489203.506680787,12788685.5610568,20839569.47045287,112.71209959327247,727815.206064749,140345046.359733,PROB1,E7EW31,Proline-rich basic protein 1 OS=Homo sapiens OX=9606 GN=PROB1 PE=1 SV=2
95.0,114,3339687.3536983146,2898779.84203459,2114540.0763061126,63.315509877429264,425337.290173703,8717024.70027782,INTS6,Q9UL03,Integrator complex subunit 6 OS=Homo sapiens OX=9606 GN=INTS6 PE=1 SV=1
94.16666666666667,113,15903670.413064146,15469877.0234342,5123879.909907942,32.218222440644304,6940411.54295477,31228455.0148662,SLC28A1,O00337,Sodium/nucleoside cotransporter 1 OS=Homo sapiens OX=9606 GN=SLC28A1 PE=1 SV=2
100.0,120,366338682.6566671,350598499.5963725,107604177.38903573,29.372867917932226,17053335.1923446,790215878.291425,BNC2,Q6ZN30,Zinc finger protein basonuclin-2 OS=Homo sapiens OX=9606 GN=BNC2 PE=1 SV=1
100.0,120,102969139.49880816,95584484.93648905,58075306.126912855,56.40069093476795,10455308.4449165,315241745.467668,DST,Q03001,Dystonin OS=Homo sapiens OX=9606 GN=DST PE=1 SV=4
35.833333333333336,43,1013747.8557543489,949412.018204447,507214.3617663373,50.03358171237851,294332.966087747,2557883.14546868,MKRN3,Q13064,Probable E3 ubiquitin-protein ligase makorin-3 OS=Homo sapiens OX=9606 GN=MKRN3 PE=1 SV=1
97.5,117,3123856.4107661075,1643782.22164196,3708328.940864592,118.709967848847,11670.9164798744,19659824.9103059,BROX,Q5VW32,BRO1 domain-containing protein BROX OS=Homo sapiens OX=9606 GN=BROX PE=1 SV=1
0.0,0,,,,,,,TCHP,Q9BT92,Trichoplein keratin filament-binding protein OS=Homo sapiens OX=9606 GN=TCHP PE=1 SV=1
100.0,120,56778873.11827331,51996293.473010704,24532704.213774733,43.207451762333946,31278887.5611532,257192207.185935,ZFC3H1,O60293,Zinc finger C3H1 domain-containing protein OS=Homo sapiens OX=9606 GN=ZFC3H1 PE=1 SV=3
1.6666666666666667,2,2848410.369663838,2848410.369663838,2697975.311568496,94.71863114607689,940653.731379866,4756167.00794781,PROM2,Q8N271,Prominin-2 OS=Homo sapiens OX=9606 GN=PROM2 PE=1 SV=1
0.0,0,,,,,,,SFRP2,Q96HF1,Secreted frizzled-related protein 2 OS=Homo sapiens OX=9606 GN=SFRP2 PE=1 SV=2
45.83333333333333,55,414754.0595003293,389910.158669574,113700.17095425485,27.413877778853802,214736.0850106,799260.782057296,NWD1,Q149M9,NACHT domain- and WD repeat-containing protein 1 OS=Homo sapiens OX=9606 GN=NWD1 PE=1 SV=3
81.66666666666667,98,3228062.433343102,2310528.997434455,7066714.224113139,218.91504176375506,278872.905601774,71323939.6270411,ATF6B,H0Y7D7,Activating transcription factor 6 beta OS=Homo sapiens OX=9606 GN=ATF6B PE=1 SV=2
100.0,120,151364720.8668642,137609395.1338265,70464520.2584382,46.552802961541246,1979.17728936404,386431856.098969,PLEKHA7,Q6IQ23,Pleckstrin homology domain-containing family A member 7 OS=Homo sapiens OX=9606 GN=PLEKHA7 PE=1 SV=2
92.5,111,1450274.4327116006,1355275.55733577,487688.72161334514,33.627340495929865,413015.7030523,3107033.95545959,SPART,Q8N0X7,Spartin OS=Homo sapiens OX=9606 GN=SPART PE=1 SV=1
51.66666666666667,62,64835250.251897484,70920914.11742505,66880461.28508448,103.15447387839325,210261.092235379,197624553.273263,MTCL2,O94964,Microtubule cross-linking factor 2 OS=Homo sapiens OX=9606 GN=MTCL2 PE=1 SV=3
46.666666666666664,56,1713549.107545122,1654030.35720672,488366.4581982254,28.500289606399008,572060.07527982,2826342.53353841,HOOK1,Q9UJC3,Protein Hook homolog 1 OS=Homo sapiens OX=9606 GN=HOOK1 PE=1 SV=2
73.33333333333333,88,48795465.76331207,45225046.7737529,44570557.65322378,91.34159692094818,729922.165478967,155729988.558171,POLR2B,P30876,DNA-directed RNA polymerase II subunit RPB2 OS=Homo sapiens OX=9606 GN=POLR2B PE=1 SV=1
93.33333333333333,112,1056068.9745359938,1023855.86386422,482225.42475202924,45.66230391948643,185209.500650784,2668835.5372066,NPIPB11,E5RHQ5,Nuclear pore complex-interacting protein family member B11 OS=Homo sapiens OX=9606 GN=NPIPB11 PE=3 SV=1
32.5,39,1071829.7270548313,909758.531708916,566885.9482006915,52.889552686542665,438058.342674446,2867316.84642012,ZC3H6,P61129,Zinc finger CCCH domain-containing protein 6 OS=Homo sapiens OX=9606 GN=ZC3H6 PE=1 SV=2
98.33333333333333,118,64710049.98460123,52895262.38759425,43162191.0955701,66.70090829143422,21332135.7358361,315956626.730364,RSPH3,Q86UC2,Radial spoke head protein 3 homolog OS=Homo sapiens OX=9606 GN=RSPH3 PE=1 SV=1
1.6666666666666667,2,1568750.424577402,1568750.424577402,1241345.115366173,79.12954769083635,690986.875709184,2446513.97344562,ATP9A,O75110,Probable phospholipid-transporting ATPase IIA OS=Homo sapiens OX=9606 GN=ATP9A PE=1 SV=3
100.0,120,335776607.1420489,313386724.92701197,136279022.25451618,40.586216953721234,131938274.055848,765321025.229497,FNDC1,Q4ZHG4,Fibronectin type III domain-containing protein 1 OS=Homo sapiens OX=9606 GN=FNDC1 PE=1 SV=4
100.0,120,34989205.97952472,30992206.80582955,17743578.596465513,50.7115783274672,661463.648430751,121537971.662661,NUP214,P35658,Nuclear pore complex protein Nup214 OS=Homo sapiens OX=9606 GN=NUP214 PE=1 SV=2
99.16666666666667,119,4529256.621650731,4656831.80881953,1595336.824238785,35.22292856211246,313561.678574591,8104099.15425628,MED13L,Q71F56,Mediator of RNA polymerase II transcription subunit 13-like OS=Homo sapiens OX=9606 GN=MED13L PE=1 SV=1
0.0,0,,,,,,,MTHFSD,Q2M296,Methenyltetrahydrofolate synthase domain-containing protein OS=Homo sapiens OX=9606 GN=MTHFSD PE=1 SV=2
99.16666666666667,119,2640003.3981960397,2654856.00065914,808592.7346759884,30.628473252288764,574655.932768995,4561632.10006064,RASA1,P20936,Ras GTPase-activating protein 1 OS=Homo sapiens OX=9606 GN=RASA1 PE=1 SV=1
100.0,120,12894376.452400947,11534463.64526895,8675233.854125159,67.2792041255304,2378956.64918715,94058728.000049,MUC7,Q8TAX7,Mucin-7 OS=Homo sapiens OX=9606 GN=MUC7 PE=1 SV=2
91.66666666666666,110,3238900.228369782,3157570.57312428,1067538.0050602192,32.95989162338407,1211233.95727676,5770135.17150589,EXT1,Q16394,Exostosin-1 OS=Homo sapiens OX=9606 GN=EXT1 PE=1 SV=2
100.0,120,12596115.805070007,12376282.730744299,4360504.158205965,34.61784748319666,2088931.8407039,29928233.2966778,RBCK1,A0A8V8TMZ2,RanBP-type and C3HC4-type zinc finger-containing protein 1 OS=Homo sapiens OX=9606 GN=RBCK1 PE=1 SV=1
100.0,120,168946108.77755725,139576509.43461448,94554451.72112317,55.96722671228741,32903507.7729831,497478567.071887,ATAD3B,Q5T9A4,ATPase family AAA domain-containing protein 3B OS=Homo sapiens OX=9606 GN=ATAD3B PE=1 SV=1
99.16666666666667,119,60632165.75816385,36752261.0374542,94680989.43150148,156.15637054619495,11610805.6101802,920243466.089366,TNRC18,O15417,Trinucleotide repeat-containing gene 18 protein OS=Homo sapiens OX=9606 GN=TNRC18 PE=1 SV=3
78.33333333333333,94,3792486.999503028,3724787.11944914,1340738.5682644194,35.35248949937367,135988.668575542,7350822.31849482,UTP20,O75691,Small subunit processome component 20 homolog OS=Homo sapiens OX=9606 GN=UTP20 PE=1 SV=3
39.166666666666664,47,608334.3922308614,530750.698943671,264936.80452294846,43.551179730506774,249778.281957358,1557887.84267408,PEG10,Q86TG7,Retrotransposon-derived protein PEG10 OS=Homo sapiens OX=9606 GN=PEG10 PE=1 SV=2
100.0,120,20349249.85840852,5265925.74401442,42008239.132684305,206.43630318061116,1513519.8319545,199723091.303956,NET1,Q5SQI6,Neuroepithelial cell transforming 1 (Fragment) OS=Homo sapiens OX=9606 GN=NET1 PE=1 SV=1
100.0,120,78485532.32803436,77714772.83418025,34165644.075339854,43.53113632783017,10545806.3863546,174010700.773009,CAAP1,Q9H8G2,Caspase activity and apoptosis inhibitor 1 OS=Homo sapiens OX=9606 GN=CAAP1 PE=1 SV=2
100.0,120,27876044.16862699,26311441.42635365,10238053.437582057,36.72706706751614,9248547.0000448,85546778.3586227,TTK,P33981,Dual specificity protein kinase TTK OS=Homo sapiens OX=9606 GN=TTK PE=1 SV=2
98.33333333333333,118,3583343.1406620787,3421433.360586795,1334601.4138178483,37.24458868237943,922895.099466646,8540912.0995984,CDK12,H0YLT2,Cyclin-dependent kinase 12 OS=Homo sapiens OX=9606 GN=CDK12 PE=1 SV=2
99.16666666666667,119,62723116.54566151,60870776.4850063,18901227.399013586,30.134388148990922,15826.7103276406,132515766.402522,AFAP1L1,Q8TED9,Actin filament-associated protein 1-like 1 OS=Homo sapiens OX=9606 GN=AFAP1L1 PE=1 SV=2
95.83333333333334,115,1149372.568736588,859706.436113915,1435976.9286179307,124.93572299157825,158946.057640598,13306425.8032961,CDK12,Q9NYV4,Cyclin-dependent kinase 12 OS=Homo sapiens OX=9606 GN=CDK12 PE=1 SV=2
98.33333333333333,118,12754163.524541875,11213717.0620983,6411431.574271982,50.269322342738874,3239908.58906369,37847252.7677135,HEXA-AS1,Q9H8Q6,Putative uncharacterized protein encoded by HEXA-AS1 OS=Homo sapiens OX=9606 GN=HEXA-AS1 PE=5 SV=1
94.16666666666667,113,2163517.4318781006,1873746.63987399,1425095.490898694,65.86937872100252,321604.562925418,11246041.0338266,JAM2,P57087,Junctional adhesion molecule B OS=Homo sapiens OX=9606 GN=JAM2 PE=1 SV=1
0.0,0,,,,,,,,O00370,LINE-1 retrotransposable element ORF2 protein OS=Homo sapiens OX=9606 PE=1 SV=1
100.0,120,22010164.75833381,18237387.953496598,14109896.622662028,64.10627443086055,5969778.23158365,112765717.463116,WDHD1,O75717,WD repeat and HMG-box DNA-binding protein 1 OS=Homo sapiens OX=9606 GN=WDHD1 PE=1 SV=1
11.666666666666666,14,146265520.45465767,19906642.44791703,214743541.78184232,146.81761027091335,33919.67578125,631182910.154126,USP24,Q9UPU5,Ubiquitin carboxyl-terminal hydrolase 24 OS=Homo sapiens OX=9606 GN=USP24 PE=1 SV=3
100.0,120,9778374.423198529,9500502.906040136,2747038.45982179,28.092997270636598,3989936.93655812,17451221.1552169,ECT2,Q9H8V3,Protein ECT2 OS=Homo sapiens OX=9606 GN=ECT2 PE=1 SV=4
0.0,0,,,,,,,MYCL,P12524,Protein L-Myc OS=Homo sapiens OX=9606 GN=MYCL PE=1 SV=2
100.0,120,43525931.465095155,40178641.84208485,25081507.571020294,57.624286779787724,4333247.5713628,123605808.00822,TTC21B,Q7Z4L5,Tetratricopeptide repeat protein 21B OS=Homo sapiens OX=9606 GN=TTC21B PE=1 SV=2
100.0,120,120065834.27884984,118140421.9791915,30362662.212732017,25.288344844392206,44502867.2433626,186043189.68879,CD96,P40200,T-cell surface protein tactile OS=Homo sapiens OX=9606 GN=CD96 PE=1 SV=2
100.0,120,165822021.92821738,125662573.729038,142413296.3646456,85.88322269179352,4021793.39136488,758957214.88445,CADPS2,Q86UW7,Calcium-dependent secretion activator 2 OS=Homo sapiens OX=9606 GN=CADPS2 PE=1 SV=2
0.0,0,,,,,,,HAGH,Q16775,"Hydroxyacylglutathione hydrolase, mitochondrial OS=Homo sapiens OX=9606 GN=HAGH PE=1 SV=2"
100.0,120,20871436.14437712,20736343.775246,5714679.377101305,27.380384069262387,6749828.53631422,36583681.7462205,EPG5,Q9HCE0,Ectopic P granules protein 5 homolog OS=Homo sapiens OX=9606 GN=EPG5 PE=1 SV=2
100.0,120,20944693.51183134,18869138.0745075,8751746.495246558,41.7850301333024,6319220.20582645,69399832.4939493,THAP4,Q8WY91,Peroxynitrite isomerase THAP4 OS=Homo sapiens OX=9606 GN=THAP4 PE=1 SV=2
90.83333333333333,109,20086791.681573395,5343086.37733744,152068535.09976202,757.0573614265238,675718.740836189,1592774200.68531,RBM22,Q9NW64,Pre-mRNA-splicing factor RBM22 OS=Homo sapiens OX=9606 GN=RBM22 PE=1 SV=1
98.33333333333333,118,14926582.634082846,13376228.63514995,8502808.38507206,56.9642000015264,1458578.17703854,49365434.8405501,CYB5R3,A0A8I5KW26,cytochrome-b5 reductase OS=Homo sapiens OX=9606 GN=CYB5R3 PE=1 SV=1
0.0,0,,,,,,,SCYL3,Q8IZE3,Protein-associating with the carboxyl-terminal domain of ezrin OS=Homo sapiens OX=9606 GN=SCYL3 PE=1 SV=3
35.833333333333336,43,6881304.6085122675,1170459.85167942,6865946.366127852,99.77681205442617,550466.691674928,23624471.8146368,CNKSR2,Q8WXI2,Connector enhancer of kinase suppressor of ras 2 OS=Homo sapiens OX=9606 GN=CNKSR2 PE=1 SV=1
100.0,120,18742666.772558402,18597809.15525425,3780584.760953594,20.17100771640907,4297659.20656674,27296943.6184429,LAMB1,P07942,Laminin subunit beta-1 OS=Homo sapiens OX=9606 GN=LAMB1 PE=1 SV=2
0.0,0,,,,,,,MYO1A,Q9UBC5,Unconventional myosin-Ia OS=Homo sapiens OX=9606 GN=MYO1A PE=1 SV=1
100.0,120,13071964.111843597,12942651.172288999,3330626.767699624,25.47916089122349,5466781.45789218,24818240.0656113,TEX15,Q9BXT5,Testis-expressed protein 15 OS=Homo sapiens OX=9606 GN=TEX15 PE=1 SV=2
55.833333333333336,67,323106.72833205713,177452.516684442,568264.2382939907,175.8750866091482,33702.3088261257,4399972.1926751,HMGN4,O00479,High mobility group nucleosome-binding domain-containing protein 4 OS=Homo sapiens OX=9606 GN=HMGN4 PE=1 SV=3
24.166666666666668,29,599099.6879202016,598420.127890145,198960.35235364712,33.20989083542105,311510.485665022,1125955.16653868,GRM5,P41594,Metabotropic glutamate receptor 5 OS=Homo sapiens OX=9606 GN=GRM5 PE=1 SV=2
100.0,120,14550932.797144886,12514266.2289309,7879110.609513136,54.14849150467616,5688314.87951972,62621246.9264438,BLTP2,Q14667,Bridge-like lipid transfer protein family member 2 OS=Homo sapiens OX=9606 GN=BLTP2 PE=1 SV=3
100.0,120,11601063.55889544,9466819.85596513,12132086.328622447,104.5773628170482,2788735.97845013,127680140.274096,AGPAT5,Q9NUQ2,1-acyl-sn-glycerol-3-phosphate acyltransferase epsilon OS=Homo sapiens OX=9606 GN=AGPAT5 PE=1 SV=3
99.16666666666667,119,1741910.1026263016,1249576.39582292,1311922.449915176,75.31516396495851,500433.081427369,7724700.48424213,PIK3C2B,O00750,Phosphatidylinositol 4-phosphate 3-kinase C2 domain-containing subunit beta OS=Homo sapiens OX=9606 GN=PIK3C2B PE=1 SV=2
100.0,120,144733762.28554794,121283462.66510999,75384832.81088854,52.085174613343085,39892788.722971,411150690.143379,MAP3K13,O43283,Mitogen-activated protein kinase kinase kinase 13 OS=Homo sapiens OX=9606 GN=MAP3K13 PE=1 SV=1
77.5,93,2820508.1703006253,2538996.60692958,1826244.153706538,64.74876311072295,630517.706789455,14346481.658734,OR10T2,Q8NGX3,Olfactory receptor 10T2 OS=Homo sapiens OX=9606 GN=OR10T2 PE=3 SV=1
0.0,0,,,,,,,SLC6A14,Q9UN76,Sodium- and chloride-dependent neutral and basic amino acid transporter B(0+) OS=Homo sapiens OX=9606 GN=SLC6A14 PE=1 SV=1
99.16666666666667,119,14206784.429085422,13261289.3322076,9000160.092985027,63.35114140648942,1521304.77912264,49890920.4319824,DLC1,Q96QB1,Rho GTPase-activating protein 7 OS=Homo sapiens OX=9606 GN=DLC1 PE=1 SV=4
100.0,120,19927423.245187297,20576153.57063645,5634630.684410525,28.275761572793172,2024889.269057,33534970.3249353,RYR2,Q92736,Ryanodine receptor 2 OS=Homo sapiens OX=9606 GN=RYR2 PE=1 SV=3
97.5,117,10949295.41512669,7794567.45705233,10670018.565715767,97.4493623669602,691916.487668493,92064493.107414,CNOT1,A5YKK6,CCR4-NOT transcription complex subunit 1 OS=Homo sapiens OX=9606 GN=CNOT1 PE=1 SV=2
100.0,120,180340689.1792625,173666153.439642,64586816.14600869,35.81377915319378,58728035.9112308,535847285.282625,SETD2,Q9BYW2,Histone-lysine N-methyltransferase SETD2 OS=Homo sapiens OX=9606 GN=SETD2 PE=1 SV=3
99.16666666666667,119,32288265.77525816,31024500.2448074,9768031.274253353,30.2525733102036,1590620.54276653,73890447.0518073,PEG3,Q9GZU2,Paternally-expressed gene 3 protein OS=Homo sapiens OX=9606 GN=PEG3 PE=1 SV=1
95.0,114,8915264.959537301,6918424.558527511,7556671.492220804,84.7610421733668,2446.77973699925,35783021.8302082,TIAM2,Q8IVF5,Rho guanine nucleotide exchange factor TIAM2 OS=Homo sapiens OX=9606 GN=TIAM2 PE=1 SV=4
0.0,0,,,,,,,IGF2BP2,F8W930,Insulin like growth factor 2 mRNA binding protein 2 OS=Homo sapiens OX=9606 GN=IGF2BP2 PE=1 SV=1
34.166666666666664,41,338763.3833728612,208474.774219464,324140.4412973061,95.683434871277,47299.9676330548,1398619.89214574,TMPRSS13,Q9BYE2,Transmembrane protease serine 13 OS=Homo sapiens OX=9606 GN=TMPRSS13 PE=1 SV=5
100.0,120,8784476.73866019,8655349.741677605,2178576.902837394,24.80030362252027,3434077.82141542,14580722.8008238,OPTN,Q96CV9,Optineurin OS=Homo sapiens OX=9606 GN=OPTN PE=1 SV=3
0.0,0,,,,,,,PNPLA2,Q96AD5,Patatin-like phospholipase domain-containing protein 2 OS=Homo sapiens OX=9606 GN=PNPLA2 PE=1 SV=1
0.0,0,,,,,,,,L7N2F9,Vesicle-associated membrane protein 2 (Fragment) OS=Homo sapiens OX=9606 PE=3 SV=1
0.0,0,,,,,,,PRB4,P10163,Basic salivary proline-rich protein 4 OS=Homo sapiens OX=9606 GN=PRB4 PE=1 SV=4
0.0,0,,,,,,,ANK2,Q01484,Ankyrin-2 OS=Homo sapiens OX=9606 GN=ANK2 PE=1 SV=4
100.0,120,73015002.53084365,66346040.94803735,38728291.5923554,53.04155344786224,7132445.434804,381210823.355226,DNAH10,Q8IVF4,Dynein axonemal heavy chain 10 OS=Homo sapiens OX=9606 GN=DNAH10 PE=1 SV=4
100.0,120,152090140.26673564,135886107.3351895,69044935.1163774,45.3973774994792,56104225.7384627,484422186.343784,GRK3,P35626,G protein-coupled receptor kinase 3 OS=Homo sapiens OX=9606 GN=GRK3 PE=1 SV=2
99.16666666666667,119,14002000.259146709,13311409.4541596,3790763.5563515625,27.07301447073801,5390428.6062061,23467175.8078262,FLT3,P36888,Receptor-type tyrosine-protein kinase FLT3 OS=Homo sapiens OX=9606 GN=FLT3 PE=1 SV=2
100.0,120,16940507.18390817,14314488.87172965,9833721.698289156,58.0485672095475,672196.043565484,65542927.7501689,,H0Y858,Toll-like receptor 9 (Fragment) OS=Homo sapiens OX=9606 PE=3 SV=1
100.0,120,20693616.93087125,19210604.2023336,9006722.265043408,43.52415672490273,11992142.8154562,95267824.5559302,CEP63,Q96MT8,Centrosomal protein of 63 kDa OS=Homo sapiens OX=9606 GN=CEP63 PE=1 SV=1
0.0,0,,,,,,,PIK3CB,H0Y871,Phosphatidylinositol 3-kinase catalytic subunit type 3 (Fragment) OS=Homo sapiens OX=9606 GN=PIK3CB PE=1 SV=1
100.0,120,532256446.3630165,519255218.2534385,134892096.58311355,25.343440648741844,25792732.0491951,928045305.116601,CCPG1,Q9ULG6,Cell cycle progression protein 1 OS=Homo sapiens OX=9606 GN=CCPG1 PE=1 SV=3
55.00000000000001,66,2198706.267069435,1981846.45571739,1064406.7255745595,48.41059224310409,558901.073744883,4625573.62443952,POLA1,P09884,DNA polymerase alpha catalytic subunit OS=Homo sapiens OX=9606 GN=POLA1 PE=1 SV=2
100.0,120,30901709.42971586,30672963.79487415,7172610.095960002,23.211046341218395,14288398.8142954,48005874.889099,PRDM2,Q13029,PR domain zinc finger protein 2 OS=Homo sapiens OX=9606 GN=PRDM2 PE=1 SV=3
0.0,0,,,,,,,WWTR1,H7C4Z7,WW domain containing transcription regulator 1 (Fragment) OS=Homo sapiens OX=9606 GN=WWTR1 PE=4 SV=1
100.0,120,61560435.04850253,61494885.0223583,18002009.03719085,29.242822964144654,28651726.6345406,101639249.35952,PIM1,P11309,Serine/threonine-protein kinase pim-1 OS=Homo sapiens OX=9606 GN=PIM1 PE=1 SV=4
100.0,120,149367977.44939134,143316784.693497,38647846.62377654,25.8742518200537,72928119.0912073,245054763.170359,HSD3B2,P26439,3 beta-hydroxysteroid dehydrogenase/Delta 5-->4-isomerase type 2 OS=Homo sapiens OX=9606 GN=HSD3B2 PE=1 SV=2
100.0,120,92221472.31601611,90579739.7299975,18385873.438929558,19.936651386269922,55960498.1364877,151424503.862347,MCM5,P33992,DNA replication licensing factor MCM5 OS=Homo sapiens OX=9606 GN=MCM5 PE=1 SV=5
96.66666666666667,116,713926.1106065154,654519.030848472,304959.36928645376,42.71581677092266,236677.6270599,2048394.40927129,NUAK2,Q9H093,NUAK family SNF1-like kinase 2 OS=Homo sapiens OX=9606 GN=NUAK2 PE=1 SV=1
35.0,42,995508.9377705678,929568.885261928,276499.4994576518,27.77468779706485,637101.437624886,1893840.53432909,GRM8,O00222,Metabotropic glutamate receptor 8 OS=Homo sapiens OX=9606 GN=GRM8 PE=1 SV=2
16.666666666666664,20,1011043.7129657294,842774.1948365781,520695.8987508993,51.50082949663215,471416.976166248,2329210.11136538,ZNF558,Q96NG5,Zinc finger protein 558 OS=Homo sapiens OX=9606 GN=ZNF558 PE=1 SV=1
30.833333333333336,37,17062733.14063128,326226.37673678,69134573.13110097,405.17877506078815,40888.4953398866,373299142.131101,SDAD1,Q9NVU7,Protein SDA1 homolog OS=Homo sapiens OX=9606 GN=SDAD1 PE=1 SV=3
100.0,120,21166099.48753519,20646582.5792861,5054688.686207576,23.88105890357505,10524197.9299498,33535255.0005568,TSHZ3,Q63HK5,Teashirt homolog 3 OS=Homo sapiens OX=9606 GN=TSHZ3 PE=1 SV=2
100.0,120,183471139.01961073,177045120.4267915,38768633.945204414,21.130644390374957,111876529.863682,295106784.075442,PPM1D,O15297,Protein phosphatase 1D OS=Homo sapiens OX=9606 GN=PPM1D PE=1 SV=1
100.0,120,24260971.799954366,21158484.61215795,15081390.873389944,62.16317712969071,983257.628892374,140257663.485198,TTC13,Q8NBP0,Tetratricopeptide repeat protein 13 OS=Homo sapiens OX=9606 GN=TTC13 PE=1 SV=3
98.33333333333333,118,47623498.412277736,48599148.624812245,14707468.425214758,30.882797181113958,12080950.0289267,87254446.7821427,TMC8,Q8IU68,Transmembrane channel-like protein 8 OS=Homo sapiens OX=9606 GN=TMC8 PE=1 SV=1
100.0,120,26988501.55152394,26262075.7489313,10013258.91778431,37.10194468806624,8557510.86873489,100949076.320229,UNC13C,Q8NB66,Protein unc-13 homolog C OS=Homo sapiens OX=9606 GN=UNC13C PE=1 SV=3
0.0,0,,,,,,,MPHOSPH8,Q99549,M-phase phosphoprotein 8 OS=Homo sapiens OX=9606 GN=MPHOSPH8 PE=1 SV=2
100.0,120,63174766.49939093,50591848.84807335,43759424.53866674,69.26725172634967,16870478.1071307,343630409.267712,ABCA12,Q86UK0,Glucosylceramide transporter ABCA12 OS=Homo sapiens OX=9606 GN=ABCA12 PE=1 SV=3
100.0,120,30983797.776560936,30120276.606210552,9071735.659879321,29.278966139980543,3637749.26555866,54119561.8612527,CILP,O75339,Cartilage intermediate layer protein 1 OS=Homo sapiens OX=9606 GN=CILP PE=1 SV=4
86.66666666666667,104,4942185.619969668,4680205.892988659,2473877.1299229492,50.05633782605948,647751.585761719,13146093.8347789,CHRNE,Q04844,Acetylcholine receptor subunit epsilon OS=Homo sapiens OX=9606 GN=CHRNE PE=1 SV=2
100.0,120,21906058.31268668,20838459.81070605,13660017.09079401,62.35725704648081,1449221.68482109,91337377.7234217,CCDC168,Q8NDH2,Leucine-rich repeat transmembrane protein CCDC168 OS=Homo sapiens OX=9606 GN=CCDC168 PE=1 SV=3
100.0,120,2517114.0302036535,2085506.9034621,1524171.2382334988,60.55233175551374,455393.284098401,9531265.32109551,RAD54B,Q9Y620,DNA repair and recombination protein RAD54B OS=Homo sapiens OX=9606 GN=RAD54B PE=1 SV=1
26.666666666666668,32,1352223.602090788,1045057.212125335,882726.6594742545,65.27963704445001,421337.671344197,4493755.60607151,TSC2,A0A2R8Y670,TSC complex subunit 2 OS=Homo sapiens OX=9606 GN=TSC2 PE=1 SV=2
100.0,120,126450593.21025363,129940958.92470199,26592445.059248574,21.029909298276227,42018577.2593931,186279560.014623,ZNF32,P17041,Zinc finger protein 32 OS=Homo sapiens OX=9606 GN=ZNF32 PE=1 SV=2
0.0,0,,,,,,,UNC13A,Q9UPW8,Protein unc-13 homolog A OS=Homo sapiens OX=9606 GN=UNC13A PE=1 SV=4
0.0,0,,,,,,,STAT5A,P42229,Signal transducer and activator of transcription 5A OS=Homo sapiens OX=9606 GN=STAT5A PE=1 SV=1
100.0,120,7747012.354029428,6588601.569136085,4969025.044237865,64.14117878169307,1238399.95385432,25996627.246451,CKMT1A; CKMT1B,P12532,"Creatine kinase U-type, mitochondrial OS=Homo sapiens OX=9606 GN=CKMT1A PE=1 SV=1"
100.0,120,304291005.44297135,266380155.235582,152880564.42447358,50.24156537322483,10962284.151967,724959713.834672,ATP9B,O43861,Probable phospholipid-transporting ATPase IIB OS=Homo sapiens OX=9606 GN=ATP9B PE=1 SV=4
35.0,42,742881.320945927,627473.920676471,337759.88809226797,45.4661974354384,357315.441183187,1786103.83315065,TTC9,Q92623,Tetratricopeptide repeat protein 9A OS=Homo sapiens OX=9606 GN=TTC9 PE=1 SV=3
100.0,120,19121678.469220735,19294310.649567753,5974888.738947667,31.246675068640883,4643886.89532457,33690317.6951906,PPM1G,O15355,Protein phosphatase 1G OS=Homo sapiens OX=9606 GN=PPM1G PE=1 SV=1
100.0,120,17341639.916353524,11358925.84339885,23039718.389457434,132.8577833502961,3990604.31073459,218807718.18605,TOP3B,F2Z2A5,DNA topoisomerase OS=Homo sapiens OX=9606 GN=TOP3B PE=1 SV=1
0.0,0,,,,,,,ABCC5,O15440,ATP-binding cassette sub-family C member 5 OS=Homo sapiens OX=9606 GN=ABCC5 PE=1 SV=2
100.0,120,5210091.749259297,3455053.123098465,6175157.3581159245,118.52300602947786,1208151.55899726,58135546.4423658,DNAH14,A0A804HLD3,Dynein axonemal heavy chain 14 OS=Homo sapiens OX=9606 GN=DNAH14 PE=1 SV=1
95.0,114,3397595.930727969,3375718.2963973703,1062130.0458838746,31.261223157172275,608541.63447549,5879841.81400784,MRPS31,Q92665,Small ribosomal subunit protein mS31 OS=Homo sapiens OX=9606 GN=MRPS31 PE=1 SV=3
61.66666666666667,74,1411395.8834413625,1158239.400059245,1089832.2002573404,77.21662030075052,483273.165053882,8776127.78898525,ADGRV1,Q8WXG9,Adhesion G-protein coupled receptor V1 OS=Homo sapiens OX=9606 GN=ADGRV1 PE=1 SV=2
100.0,120,134033968.26614062,122274196.61244851,51960667.325201005,38.766790237849875,51883942.4060464,335817170.697243,DDA1,Q9BW61,DET1- and DDB1-associated protein 1 OS=Homo sapiens OX=9606 GN=DDA1 PE=1 SV=1
99.16666666666667,119,17759837.599422608,15890499.4894242,6911508.20983801,38.91650568957179,6511930.10429947,40561368.3524132,RIMS1,Q86UR5,Regulating synaptic membrane exocytosis protein 1 OS=Homo sapiens OX=9606 GN=RIMS1 PE=1 SV=1
65.83333333333333,79,1230737.8905373532,1213195.85281996,422094.1287954026,34.29602127639962,431721.315384646,2079363.87094662,GLI1,P08151,Zinc finger protein GLI1 OS=Homo sapiens OX=9606 GN=GLI1 PE=1 SV=1
98.33333333333333,118,18763068.137504976,18615600.25053715,4215936.212548092,22.46933274266043,2496235.0018637,28647792.550629,OPA1,O60313,"Dynamin-like GTPase OPA1, mitochondrial OS=Homo sapiens OX=9606 GN=OPA1 PE=1 SV=3"
0.0,0,,,,,,,KIDINS220,Q9ULH0,Kinase D-interacting substrate of 220 kDa OS=Homo sapiens OX=9606 GN=KIDINS220 PE=1 SV=3
100.0,120,64864345.526760325,62580213.14826625,18606578.431339283,28.685371416663695,9919881.3218685,112727669.826442,BICRA,Q9NZM4,BRD4-interacting chromatin-remodeling complex-associated protein OS=Homo sapiens OX=9606 GN=BICRA PE=1 SV=2
0.0,0,,,,,,,ZC3H3,H0YEY2,Zinc finger CCCH-type containing 3 (Fragment) OS=Homo sapiens OX=9606 GN=ZC3H3 PE=1 SV=1
100.0,120,5705007.551039469,3712018.248820555,8432300.295387598,147.80524337520302,234730.760949933,71033525.2106784,TRHDE,Q9UKU6,Thyrotropin-releasing hormone-degrading ectoenzyme OS=Homo sapiens OX=9606 GN=TRHDE PE=1 SV=2
0.0,0,,,,,,,SH3PXD2B,A1X283,SH3 and PX domain-containing protein 2B OS=Homo sapiens OX=9606 GN=SH3PXD2B PE=1 SV=3
97.5,117,2363685.164123924,1927566.06677078,1831545.949380245,77.48688265169567,670.344648798855,8465004.68846171,MAP7D3,Q8IWC1,MAP7 domain-containing protein 3 OS=Homo sapiens OX=9606 GN=MAP7D3 PE=1 SV=2
96.66666666666667,116,858942.1534072876,742108.394667198,453738.71992898884,52.825294244679824,122622.096977969,2649774.62528655,UTP25,Q68CQ4,U3 small nucleolar RNA-associated protein 25 homolog OS=Homo sapiens OX=9606 GN=UTP25 PE=1 SV=2
0.8333333333333334,1,997769.287747478,997769.287747478,,,997769.287747478,997769.287747478,PRB1,A0A0G2JRP6,Proline rich protein BstNI subfamily 1 OS=Homo sapiens OX=9606 GN=PRB1 PE=1 SV=2
30.833333333333336,37,1704754.0761788916,1496095.99149886,880161.6598172582,51.62983166405386,466174.821252935,4455496.46378532,NRIP3,A0A8Q3WME3,Nuclear receptor interacting protein 3 OS=Homo sapiens OX=9606 GN=NRIP3 PE=1 SV=1
10.833333333333334,13,121491.32838126845,71838.3796463277,125616.77455868141,103.39567130624035,25667.9958102231,402447.5107488,ZNF207,O43670,BUB3-interacting and GLEBS motif-containing protein ZNF207 OS=Homo sapiens OX=9606 GN=ZNF207 PE=1 SV=1
0.0,0,,,,,,,ZNF90,Q03938,Zinc finger protein 90 OS=Homo sapiens OX=9606 GN=ZNF90 PE=1 SV=3
98.33333333333333,118,1413016.651306601,1362269.331529425,662058.0131460188,46.85422585316465,314298.064874807,3839793.82913315,NLRP2,A0A0G2JLQ8,NLR family pyrin domain containing 2 (Fragment) OS=Homo sapiens OX=9606 GN=NLRP2 PE=1 SV=1
100.0,120,333417689.0449144,333300087.248235,71152461.4427789,21.340337894668213,109947134.593525,547425211.153893,ABTB1,Q969K4,Ankyrin repeat and BTB/POZ domain-containing protein 1 OS=Homo sapiens OX=9606 GN=ABTB1 PE=1 SV=1
100.0,120,113391995.88226153,102221637.35201651,41061369.20928826,36.21187623500654,59500750.8941152,256370850.581518,SMC5,Q8IY18,Structural maintenance of chromosomes protein 5 OS=Homo sapiens OX=9606 GN=SMC5 PE=1 SV=2
100.0,120,7219835.3118519485,5962031.04784756,4434058.519269197,61.41495377311902,919700.085885342,22859963.1455523,MAP7D1,Q3KQU3,MAP7 domain-containing protein 1 OS=Homo sapiens OX=9606 GN=MAP7D1 PE=1 SV=1
100.0,120,67838711.00405495,65948400.034764454,31072285.43391938,45.8031778228541,659303.361712561,165404745.025364,DNAAF5,Q86Y56,Dynein axonemal assembly factor 5 OS=Homo sapiens OX=9606 GN=DNAAF5 PE=1 SV=4
100.0,120,6465258.098668843,5602336.07670591,3626046.2801799034,56.08509706559873,907280.355038387,17357421.2494809,TRPC6,Q9Y210,Short transient receptor potential channel 6 OS=Homo sapiens OX=9606 GN=TRPC6 PE=1 SV=1
37.5,45,2380355.429250957,712397.105794397,4181652.411523025,175.67344608023075,386512.424194029,17415591.598871,TRAF5,O00463,TNF receptor-associated factor 5 OS=Homo sapiens OX=9606 GN=TRAF5 PE=1 SV=2
46.666666666666664,56,19960369.765452642,8009569.90897943,22629907.751426324,113.37419104627064,3206690.88091465,97071975.2067007,DDB1,Q16531,DNA damage-binding protein 1 OS=Homo sapiens OX=9606 GN=DDB1 PE=1 SV=1
72.5,87,11290402.578215463,11058065.2836637,2332784.7389342193,20.661661289520946,5506774.26002913,16007894.7407894,SLC44A5,Q8NCS7,Choline transporter-like protein 5 OS=Homo sapiens OX=9606 GN=SLC44A5 PE=1 SV=5
99.16666666666667,119,4535876.294161606,3358051.53492892,5255827.345037149,115.87236961912377,6398.07265023378,52414834.5787615,LINC03122,Q2M2E5,Uncharacterized protein encoded by LINC03122 OS=Homo sapiens OX=9606 GN=LINC03122 PE=5 SV=2
100.0,120,53112318.31941736,50072801.168293044,18585286.122833315,34.99242117631064,16243853.3669306,98127146.4870413,GRK4,P32298,G protein-coupled receptor kinase 4 OS=Homo sapiens OX=9606 GN=GRK4 PE=1 SV=3
99.16666666666667,119,82506960.42429052,80543859.6593421,29279184.704866465,35.48692686568357,44250.8739664851,195339496.865385,RALGAPB,Q86X10,Ral GTPase-activating protein subunit beta OS=Homo sapiens OX=9606 GN=RALGAPB PE=1 SV=1
0.0,0,,,,,,,GLTPD2,A6NH11,Glycolipid transfer protein domain-containing protein 2 OS=Homo sapiens OX=9606 GN=GLTPD2 PE=1 SV=2
17.5,21,1387692.131255834,1358715.15008041,362193.64633355686,26.100432378021686,842170.730876317,2238712.07815814,GCFC2,P16383,Intron Large complex component GCFC2 OS=Homo sapiens OX=9606 GN=GCFC2 PE=1 SV=2
83.33333333333334,100,200827.18218519862,172442.96156121301,119406.17760219773,59.45717920400031,25159.7567615519,765169.543663899,AGAP2,F8VVT9,"ArfGAP with GTPase domain, ankyrin repeat and PH domain 2 OS=Homo sapiens OX=9606 GN=AGAP2 PE=1 SV=1"
70.0,84,4130720.778170587,4527997.511186056,2165353.4986910773,52.420718198485176,738918.427558286,8219581.67174065,ABCA8,O94911,ABC-type organic anion transporter ABCA8 OS=Homo sapiens OX=9606 GN=ABCA8 PE=1 SV=4
10.0,12,1487437.2799369022,1049773.4759409751,1498360.1625247037,100.7343423978364,486700.787984102,6036880.14567029,LEFTY2,O00292,Left-right determination factor 2 OS=Homo sapiens OX=9606 GN=LEFTY2 PE=1 SV=2
95.83333333333334,115,20720111.79407985,21448785.7669499,19647095.46618846,94.82137770995051,222684.333903715,136469742.957954,PLEKHM1,Q9Y4G2,Pleckstrin homology domain-containing family M member 1 OS=Homo sapiens OX=9606 GN=PLEKHM1 PE=1 SV=3
75.83333333333333,91,25531322.993969243,26624672.1970899,23117617.55988591,90.54610121593201,319002.20055711,97689561.5563209,OSBPL5,Q9H0X9,Oxysterol-binding protein-related protein 5 OS=Homo sapiens OX=9606 GN=OSBPL5 PE=1 SV=1
100.0,120,2974872.917776844,3075253.575175065,870869.2908473244,29.274167835651106,14924.3680005365,6235733.0245668,ZNF83,P51522,Zinc finger protein 83 OS=Homo sapiens OX=9606 GN=ZNF83 PE=1 SV=3
98.33333333333333,118,1196218.8203045893,900392.5440923074,1171246.4846115448,97.91239401444246,8602.16148575018,10266801.7136447,NFXL1,Q6ZNB6,NF-X1-type zinc finger protein NFXL1 OS=Homo sapiens OX=9606 GN=NFXL1 PE=1 SV=2
99.16666666666667,119,21059075.265838373,19045517.0386794,9884876.831776522,46.93879815231764,6758814.07397467,59680358.0843796,GFPT1,Q06210,Glutamine--fructose-6-phosphate aminotransferase [isomerizing] 1 OS=Homo sapiens OX=9606 GN=GFPT1 PE=1 SV=3
4.166666666666666,5,1572241.3368399772,944102.759603821,1368094.8445135606,87.01557531003941,437714.062628944,3863549.599356,TTPAL,Q9BTX7,Alpha-tocopherol transfer protein-like OS=Homo sapiens OX=9606 GN=TTPAL PE=1 SV=2
99.16666666666667,119,11934921.315395461,11390782.0822825,5248294.491568422,43.97426973228873,501109.913488307,30761613.9607313,PRB1,P04280,Basic salivary proline-rich protein 1 OS=Homo sapiens OX=9606 GN=PRB1 PE=1 SV=3
100.0,120,34061189.17046833,33200373.681686148,8989994.99036168,26.393661552357568,14430428.3693464,78400973.2118497,WDPCP,O95876,WD repeat-containing and planar cell polarity effector protein fritz homolog OS=Homo sapiens OX=9606 GN=WDPCP PE=1 SV=2
71.66666666666667,86,874217.1720081095,732873.2524675049,439134.48453956796,50.231738588577436,385218.021631449,2577399.1263777,LRRCC1,Q9C099,Leucine-rich repeat and coiled-coil domain-containing protein 1 OS=Homo sapiens OX=9606 GN=LRRCC1 PE=1 SV=2
0.0,0,,,,,,,CPLX4,Q7Z7G2,Complexin-4 OS=Homo sapiens OX=9606 GN=CPLX4 PE=1 SV=1
98.33333333333333,118,68565114.57667118,61042587.007055596,41307536.67462213,60.245705020198045,29304975.8490219,460065837.940401,NPHP1,O15259,Nephrocystin-1 OS=Homo sapiens OX=9606 GN=NPHP1 PE=1 SV=1
99.16666666666667,119,114853784.2913767,110764104.050352,46912119.132063486,40.84507917740912,335490.783156955,269373620.037343,TESPA1,A2RU30,Protein TESPA1 OS=Homo sapiens OX=9606 GN=TESPA1 PE=1 SV=2
100.0,120,25153921.33014861,25419991.0837083,7852987.15993951,31.219733324550052,9511210.98310731,47848396.713022,ACSL1,P33121,Long-chain-fatty-acid--CoA ligase 1 OS=Homo sapiens OX=9606 GN=ACSL1 PE=1 SV=1
98.33333333333333,118,41397277.0762347,35890533.6133803,19964918.896077804,48.227613761435634,14005885.5930755,121241364.693653,IGHV2-5,P01817,Immunoglobulin heavy variable 2-5 OS=Homo sapiens OX=9606 GN=IGHV2-5 PE=1 SV=2
70.0,84,3736243.7716347114,3452834.255648045,2566531.4357543904,68.6928260741258,417142.237072411,12822828.8622425,ZNF292,O60281,Zinc finger protein 292 OS=Homo sapiens OX=9606 GN=ZNF292 PE=1 SV=3
100.0,120,595778314.8032011,601564211.898267,89547538.16575685,15.030345338322093,283231086.282693,861380307.575156,DNAH12,Q6ZR08,Dynein axonemal heavy chain 12 OS=Homo sapiens OX=9606 GN=DNAH12 PE=1 SV=2
93.33333333333333,112,6434964.605217606,6228948.06483523,3402557.880147191,52.87609317055645,432182.731094898,14042210.2383001,XPO6,Q96QU8,Exportin-6 OS=Homo sapiens OX=9606 GN=XPO6 PE=1 SV=1
13.333333333333334,16,1138272.3769867313,781105.4775634975,643462.9895460198,56.529790457483855,416435.888613,2262071.91250604,TMSB4X,P62328,Thymosin beta-4 OS=Homo sapiens OX=9606 GN=TMSB4X PE=1 SV=2
100.0,120,44588106.636387035,43996734.630275354,7474257.60816849,16.762895247202465,26897123.807289,71791845.3138927,SPATA31H1,C9JG08,SPATA31 subfamily H member 1 OS=Homo sapiens OX=9606 GN=SPATA31H1 PE=1 SV=2
100.0,120,6148984.1201979695,5433443.733991034,3276891.67205446,53.291594318655655,1940588.14630813,28903179.4207363,TTC6,G3V3A5,Tetratricopeptide repeat domain 6 OS=Homo sapiens OX=9606 GN=TTC6 PE=1 SV=1
56.666666666666664,68,2250155.372718795,1871472.4559687749,1357295.7560328443,60.32009044748161,486893.30436234,7304774.18480629,SLC7A8,Q9UHI5,Large neutral amino acids transporter small subunit 2 OS=Homo sapiens OX=9606 GN=SLC7A8 PE=1 SV=1
0.0,0,,,,,,,COG3,Q96JB2,Conserved oligomeric Golgi complex subunit 3 OS=Homo sapiens OX=9606 GN=COG3 PE=1 SV=3
100.0,120,465575660.9723089,457069433.49370754,111753463.52180183,24.003287304240892,169424089.586267,752625094.003729,MOV10,Q9HCE1,Helicase MOV-10 OS=Homo sapiens OX=9606 GN=MOV10 PE=1 SV=2
0.0,0,,,,,,,VN1R17P,Q8TDU5,Putative vomeronasal receptor-like protein 4 OS=Homo sapiens OX=9606 GN=VN1R17P PE=5 SV=1
100.0,120,43177707.491505064,43821065.5928578,11832892.616302216,27.40509699045569,12220917.5145595,76229953.6453685,PRRG3,H7C0C2,Proline rich and Gla domain 3 (Fragment) OS=Homo sapiens OX=9606 GN=PRRG3 PE=4 SV=1
0.0,0,,,,,,,COPB1,P53618,Coatomer subunit beta OS=Homo sapiens OX=9606 GN=COPB1 PE=1 SV=3
100.0,120,34932471.67063564,35161126.96492495,11444741.836353572,32.76247367853464,9545938.89064694,61705799.4138947,C3AR1,Q16581,C3a anaphylatoxin chemotactic receptor OS=Homo sapiens OX=9606 GN=C3AR1 PE=1 SV=2
100.0,120,27292958.9506392,25067102.912923597,11700468.643966667,42.869916248830336,525142.605203661,58000650.3974471,SZT2,Q5T011,KICSTOR complex protein SZT2 OS=Homo sapiens OX=9606 GN=SZT2 PE=1 SV=3
100.0,120,128430590.45398709,128218824.3049355,32691433.96596293,25.454553973786574,45456990.0510608,240306542.849459,BAHCC1,Q9P281,BAH and coiled-coil domain-containing protein 1 OS=Homo sapiens OX=9606 GN=BAHCC1 PE=1 SV=4
31.666666666666664,38,139359563.33585128,113977643.68346,109041313.56299034,78.24458612876455,239552.546535012,386891951.491227,IMUP,Q9GZP8,Immortalization up-regulated protein OS=Homo sapiens OX=9606 GN=IMUP PE=1 SV=1
99.16666666666667,119,72134286.91410114,71929813.4710111,31642490.176974412,43.86608855599402,21502.939390672,166445271.971562,DENND1B,Q6P3S1,DENN domain-containing protein 1B OS=Homo sapiens OX=9606 GN=DENND1B PE=1 SV=2
100.0,120,12550020.956765287,5595578.849790615,25741542.99072865,205.11155383252378,855173.490411352,183744711.421513,MAGEE1,Q9HCI5,Melanoma-associated antigen E1 OS=Homo sapiens OX=9606 GN=MAGEE1 PE=1 SV=2
100.0,120,13195856.945319425,12490978.6273194,5547388.323770334,42.038863764266516,3751679.56829816,34667033.4185866,ARHGAP22,D6R9V6,Rho GTPase activating protein 22 OS=Homo sapiens OX=9606 GN=ARHGAP22 PE=1 SV=1
100.0,120,90054234.02843769,91224426.7850348,23834689.801495243,26.467039621888993,24210808.5410031,168405931.243471,VEPH1,Q14D04,Ventricular zone-expressed PH domain-containing protein homolog 1 OS=Homo sapiens OX=9606 GN=VEPH1 PE=1 SV=1
100.0,120,10995634.383054584,10983143.5349351,2965860.119232934,26.97306963756118,4538271.17382362,21384954.6779306,ZMYM5,Q9UJ78,Zinc finger MYM-type protein 5 OS=Homo sapiens OX=9606 GN=ZMYM5 PE=1 SV=4
99.16666666666667,119,3230789.195751948,3078747.050798,1366873.7265801833,42.30773485244528,561389.883819955,9302746.79491544,NPHP3,Q7Z494,Nephrocystin-3 OS=Homo sapiens OX=9606 GN=NPHP3 PE=1 SV=1
99.16666666666667,119,119373059.27605234,116006109.811574,38674998.750063635,32.39843142549192,8094.89256594353,252706138.531774,MLIP,E9PFJ4,Muscular LMNA interacting protein (Fragment) OS=Homo sapiens OX=9606 GN=MLIP PE=1 SV=1
100.0,120,15242816.58998561,12326514.533171698,11394560.933916748,74.75364455544829,4010650.06222494,93714172.0253679,DIXDC1,Q155Q3,Dixin OS=Homo sapiens OX=9606 GN=DIXDC1 PE=1 SV=2
100.0,120,1260975603.685073,1240199909.8663402,304955588.4170868,24.184099004444263,561014003.405293,2087700365.16305,MBTD1,Q05BQ5,MBT domain-containing protein 1 OS=Homo sapiens OX=9606 GN=MBTD1 PE=1 SV=2
100.0,120,20595152.84286168,19633882.568528153,7905852.661408434,38.38695794942167,5780017.66382974,46299632.703953,TARBP1,Q13395,Probable methyltransferase TARBP1 OS=Homo sapiens OX=9606 GN=TARBP1 PE=1 SV=1
26.666666666666668,32,954205.3364406257,766977.1334627045,886137.8013158623,92.8665736267344,248496.539621313,5388688.85682636,PRB1,G3V1M9,Proline rich protein BstNI subfamily 1 OS=Homo sapiens OX=9606 GN=PRB1 PE=4 SV=2
