Gene,Accession,Missing_Set1_pct,Missing_Set2_pct,Difference_pct
ENO2,P09104,0.0,100.0,-100.0
CFAP100,Q494V2,0.0,100.0,-100.0
CENPF,P49454,0.0,98.33333333333333,-98.33333333333333
CIRBP,K7EQR7,5.0,100.0,-95.0
TSNAXIP1,B4DXD0,5.0,100.0,-95.0
TRIM4,Q9C037,0.0,95.0,-95.0
SHOC2,Q9UQ13,3.3333333333333335,96.66666666666667,-93.33333333333334
CREM,Q03060,1.6666666666666667,95.0,-93.33333333333333
SAT2,I3L0W4,6.666666666666667,100.0,-93.33333333333333
BAIAP2L1,Q9UHR4,3.3333333333333335,95.0,-91.66666666666667
PLEKHG1,Q9ULL1,8.333333333333332,100.0,-91.66666666666667
SPIRE1,Q08AE8,1.6666666666666667,91.66666666666666,-89.99999999999999
BNIP2,H7C096,10.0,98.33333333333333,-88.33333333333333
HACE1,H0YC01,11.666666666666666,100.0,-88.33333333333333
DDX53,Q86TM3,10.0,98.33333333333333,-88.33333333333333
NPEPPS,A0A7I2V3W8,10.0,96.66666666666667,-86.66666666666667
DCUN1D4,H0Y9C5,3.3333333333333335,90.0,-86.66666666666667
GSDMA,Q96QA5,1.6666666666666667,88.33333333333333,-86.66666666666666
CCT8,P50990,8.333333333333332,93.33333333333333,-85.0
EEF1A1,A0A087WVQ9,15.0,100.0,-85.0
TNFAIP8L2,Q6P589,8.333333333333332,93.33333333333333,-85.0
TENM2,Q9NT68,0.0,83.33333333333334,-83.33333333333334
CER1,O95813,10.0,93.33333333333333,-83.33333333333333
BLM,P54132,15.0,98.33333333333333,-83.33333333333333
RIPK2,O43353,15.0,98.33333333333333,-83.33333333333333
ZNF410,J3KNQ6,18.333333333333332,100.0,-81.66666666666667
ARHGEF1,Q92888,0.0,81.66666666666667,-81.66666666666667
EIF3L,B0QY89,8.333333333333332,90.0,-81.66666666666667
ZNF398,Q8TD17,11.666666666666666,93.33333333333333,-81.66666666666666
LSM4,V9GZ56,18.333333333333332,98.33333333333333,-80.0
DYNC2LI1,Q8TCX1,18.333333333333332,98.33333333333333,-80.0
QSOX2,Q6ZRP7,16.666666666666664,95.0,-78.33333333333334
RIC8A,Q9NPQ8,1.6666666666666667,80.0,-78.33333333333333
NCF4,Q15080,0.0,78.33333333333333,-78.33333333333333
S100A4,P26447,6.666666666666667,83.33333333333334,-76.66666666666667
LRRC31,Q6UY01,23.333333333333332,100.0,-76.66666666666667
COG1,Q8WTW3,23.333333333333332,100.0,-76.66666666666667
MBP,P02686,16.666666666666664,93.33333333333333,-76.66666666666666
LGALSL,Q3ZCW2,11.666666666666666,88.33333333333333,-76.66666666666666
SMARCD2,Q92925,0.0,75.0,-75.0
AP3B1,O00203,1.6666666666666667,76.66666666666667,-75.0
KIF1C,O43896,26.666666666666668,100.0,-73.33333333333333
CAST,P20810,1.6666666666666667,75.0,-73.33333333333333
CENPE,Q02224,5.0,76.66666666666667,-71.66666666666667
MAPRE2,K7ERD8,28.333333333333332,100.0,-71.66666666666667
PON3,Q15166,5.0,76.66666666666667,-71.66666666666667
FKBP11,Q9NYL4,25.0,96.66666666666667,-71.66666666666667
WASF3,Q9UPY6,18.333333333333332,90.0,-71.66666666666667
EYA4,F2Z2Y1,20.0,91.66666666666666,-71.66666666666666
HSF2BP,O75031,30.0,100.0,-70.0
POLA1,P09884,10.0,80.0,-70.0
HARS2,A0A2R8Y5P7,31.666666666666664,100.0,-68.33333333333334
RPL29,P47914,10.0,78.33333333333333,-68.33333333333333
CAPNS1,A0A0C4DGQ5,30.0,98.33333333333333,-68.33333333333333
LY6G6F-LY6G6D,A0A0G2JK05,33.33333333333333,100.0,-66.66666666666667
SULT1A1,P50225,26.666666666666668,93.33333333333333,-66.66666666666666
SPRR2F,Q96RM1,0.0,66.66666666666666,-66.66666666666666
CD82,P27701,23.333333333333332,88.33333333333333,-65.0
AIMP2,Q13155,35.0,100.0,-65.0
EFEMP1,Q12805,0.0,65.0,-65.0
PIP,P12273,21.666666666666668,86.66666666666667,-65.0
OSBPL8,F8VZ43,1.6666666666666667,66.66666666666666,-64.99999999999999
ARPC5,O15511,21.666666666666668,85.0,-63.33333333333333
SH3KBP1,Q5JPT2,38.333333333333336,100.0,-61.666666666666664
BAX,Q07812,1.6666666666666667,61.66666666666667,-60.00000000000001
ITGB2,P05107,11.666666666666666,71.66666666666667,-60.00000000000001
LIMD2,Q9BT23,40.0,100.0,-60.0
IGKV2-30,P06310,3.3333333333333335,63.33333333333333,-59.99999999999999
SH3GL1,Q99961,41.66666666666667,100.0,-58.33333333333333
ASTE1,D6RG30,93.33333333333333,35.0,58.33333333333333
METAP1,P53582,26.666666666666668,83.33333333333334,-56.66666666666667
SH3BP1,Q9Y3L3,0.0,56.666666666666664,-56.666666666666664
GSTK1,Q9Y2Q3,43.333333333333336,100.0,-56.666666666666664
H1-4,P10412,43.333333333333336,100.0,-56.666666666666664
PTP4A1,Q93096,43.333333333333336,100.0,-56.666666666666664
HP1BP3,Q5SSJ5,21.666666666666668,78.33333333333333,-56.66666666666666
TREML1,Q86YW5,41.66666666666667,98.33333333333333,-56.66666666666666
RPL23A,P62750,0.0,55.00000000000001,-55.00000000000001
GNAQ,P50148,45.0,100.0,-55.0
LSM14A,Q8ND56,46.666666666666664,100.0,-53.333333333333336
LOC122394732,A0A1B0GW15,46.666666666666664,100.0,-53.333333333333336
RPS20,P60866,46.666666666666664,100.0,-53.333333333333336
ABCC9,A0A804HK56,46.666666666666664,100.0,-53.333333333333336
BTF3,P20290,45.0,98.33333333333333,-53.33333333333333
MOB3C,Q70IA8,45.0,98.33333333333333,-53.33333333333333
GNAZ,P19086,21.666666666666668,75.0,-53.33333333333333
FAM98B,Q52LJ0,20.0,73.33333333333333,-53.33333333333333
KIF5C,O60282,45.0,96.66666666666667,-51.66666666666667
SLC25A51,Q9H1U9,3.3333333333333335,55.00000000000001,-51.66666666666667
HDAC6,Q9UBN7,48.333333333333336,100.0,-51.666666666666664
ARHGAP15,Q53QZ3,43.333333333333336,95.0,-51.666666666666664
TNFSF13,O75888,48.333333333333336,100.0,-51.666666666666664
POLR2B,P30876,1.6666666666666667,51.66666666666667,-50.00000000000001
DAZAP1,Q96EP5,1.6666666666666667,51.66666666666667,-50.00000000000001
ADAM23,E7EWD3,18.333333333333332,68.33333333333333,-50.0
CAPZA2,P47755,50.0,100.0,-50.0
MOB2,Q70IA6,26.666666666666668,76.66666666666667,-50.0
WDR54,Q9H977,10.0,60.0,-50.0
ALOX5,P09917,48.333333333333336,98.33333333333333,-49.99999999999999
PIBF1,Q8WXW3,6.666666666666667,55.00000000000001,-48.33333333333334
EIF4G3,A0A804HJV5,6.666666666666667,55.00000000000001,-48.33333333333334
OSBPL5,Q9H0X9,0.0,48.333333333333336,-48.333333333333336
IGLV4-69,A0A075B6H9,36.666666666666664,85.0,-48.333333333333336
MARS1,P56192,0.0,48.333333333333336,-48.333333333333336
CNBP,P62633,13.333333333333334,61.66666666666667,-48.333333333333336
LUC7L2,A0A0A6YYJ8,45.0,93.33333333333333,-48.33333333333333
GSTM1,E7EWW9,51.66666666666667,100.0,-48.33333333333333
EIF3F,H0YDT6,41.66666666666667,90.0,-48.33333333333333
RAB26,Q9ULW5,51.66666666666667,100.0,-48.33333333333333
FBLN1,B1AHL2,25.0,71.66666666666667,-46.66666666666667
GBP2,P32456,53.333333333333336,100.0,-46.666666666666664
GSPT1,P15170,51.66666666666667,98.33333333333333,-46.66666666666666
LANCL1,O43813,16.666666666666664,61.66666666666667,-45.00000000000001
ASAP1,Q9ULH1,1.6666666666666667,46.666666666666664,-45.0
CXCL2,P19875,53.333333333333336,98.33333333333333,-44.99999999999999
STEAP3,Q658P3,48.333333333333336,93.33333333333333,-44.99999999999999
SCCPDH,Q8NBX0,43.333333333333336,88.33333333333333,-44.99999999999999
EIF3K,Q9UBQ5,55.00000000000001,100.0,-44.99999999999999
STAT3,A0A7I2YQR5,55.00000000000001,100.0,-44.99999999999999
SPDL1,Q96EA4,55.00000000000001,100.0,-44.99999999999999
GNA13,Q14344,56.666666666666664,100.0,-43.333333333333336
SOD2,P04179,56.666666666666664,100.0,-43.333333333333336
RSF1,Q96T23,3.3333333333333335,46.666666666666664,-43.33333333333333
NEBL,O76041,3.3333333333333335,46.666666666666664,-43.33333333333333
CRNKL1,Q9BZJ0,45.0,86.66666666666667,-41.66666666666667
KCND3,Q9UK17,40.0,81.66666666666667,-41.66666666666667
G6PD,E7EUI8,41.66666666666667,83.33333333333334,-41.66666666666667
LGALS3,P17931,53.333333333333336,95.0,-41.666666666666664
PLCB4,Q15147,58.333333333333336,100.0,-41.666666666666664
ATP5MG,O75964,58.333333333333336,100.0,-41.666666666666664
CDH5,P33151,50.0,91.66666666666666,-41.66666666666666
MTMR3,Q13615,31.666666666666664,71.66666666666667,-40.00000000000001
CD6,P30203,5.0,45.0,-40.0
ZC3H15,Q8WU90,60.0,100.0,-40.0
TBK1,A0A494C045,60.0,100.0,-40.0
ALDH1A3,P47895,28.333333333333332,68.33333333333333,-40.0
SERPINE1,P05121,10.0,50.0,-40.0
MGLL,Q99685,58.333333333333336,98.33333333333333,-39.99999999999999
SNRPD1,P62314,48.333333333333336,88.33333333333333,-39.99999999999999
FN3K,Q9H479,58.333333333333336,98.33333333333333,-39.99999999999999
PPP1CA,P62136,0.0,38.333333333333336,-38.333333333333336
UBE2M,P61081,15.0,53.333333333333336,-38.333333333333336
RPL10A,P62906,3.3333333333333335,41.66666666666667,-38.333333333333336
TSPAN9,B5MD23,1.6666666666666667,40.0,-38.333333333333336
UBASH3B,Q8TF42,0.0,38.333333333333336,-38.333333333333336
PDLIM5,Q96HC4,46.666666666666664,85.0,-38.333333333333336
NAP1L4,Q99733,0.0,38.333333333333336,-38.333333333333336
TRIM22,Q8IYM9,0.0,38.333333333333336,-38.333333333333336
TUBA1C,F5H5D3,26.666666666666668,65.0,-38.33333333333333
PDE5A,O76074,35.0,73.33333333333333,-38.33333333333333
TTC9,Q92623,46.666666666666664,83.33333333333334,-36.66666666666668
CLC,Q05315,63.33333333333333,100.0,-36.66666666666667
PRDX5,P30044,8.333333333333332,45.0,-36.66666666666667
CHMP3,Q9Y3E7,11.666666666666666,48.333333333333336,-36.66666666666667
LIAT1,Q6ZQX7,60.0,96.66666666666667,-36.66666666666667
RABL6,Q3YEC7,63.33333333333333,100.0,-36.66666666666667
ZNF471,Q9BX82,58.333333333333336,95.0,-36.666666666666664
SIMC1,Q8NDZ2,43.333333333333336,80.0,-36.666666666666664
TPT1,A0A0B4J2C3,48.333333333333336,85.0,-36.666666666666664
NINL,Q9Y2I6,66.66666666666666,30.0,36.66666666666666
RPS6KA1,Q15418,46.666666666666664,81.66666666666667,-35.00000000000001
STK38,Q15208,18.333333333333332,53.333333333333336,-35.0
IRF2,K4DIA4,63.33333333333333,98.33333333333333,-35.0
SLC44A5,Q8NCS7,10.0,45.0,-35.0
ACAD8,Q9UKU7,28.333333333333332,63.33333333333333,-35.0
GNL3,Q9BVP2,56.666666666666664,21.666666666666668,35.0
MYH7B,A7E2Y1,13.333333333333334,48.333333333333336,-35.0
FAXDC2,Q96IV6,8.333333333333332,43.333333333333336,-35.0
VPS13B,Q7Z7G8,46.666666666666664,11.666666666666666,35.0
GNL1,P36915,65.0,100.0,-35.0
DDX1,Q92499,10.0,45.0,-35.0
ACSL4,O60488,8.333333333333332,43.333333333333336,-35.0
PRNP,P04156,0.0,35.0,-35.0
TLN2,Q9Y4G6,65.0,100.0,-35.0
CARS1,P49589,63.33333333333333,98.33333333333333,-35.0
ALDH3A2,J3KTD9,56.666666666666664,21.666666666666668,35.0
RASA2,Q15283,65.0,100.0,-35.0
AKT1,A0AAQ5BHJ3,66.66666666666666,31.666666666666664,34.99999999999999
NIBAN1,Q9BZQ8,56.666666666666664,91.66666666666666,-34.99999999999999
IL1RN,P18510,53.333333333333336,88.33333333333333,-34.99999999999999
F13A1,P00488,58.333333333333336,93.33333333333333,-34.99999999999999
REEP5,Q00765,66.66666666666666,100.0,-33.33333333333334
RAP2B,P61225,18.333333333333332,51.66666666666667,-33.33333333333334
TCEAL5,Q5H9L2,66.66666666666666,100.0,-33.33333333333334
YWHAG,P61981,66.66666666666666,100.0,-33.33333333333334
ALDH2,P05091,66.66666666666666,100.0,-33.33333333333334
TENT4B,A0A7N4YH79,5.0,38.333333333333336,-33.333333333333336
ZNF407,Q9C0G0,46.666666666666664,80.0,-33.333333333333336
NME1-NME2,Q32Q12,56.666666666666664,90.0,-33.333333333333336
PATJ,A0A2R8Y549,61.66666666666667,95.0,-33.33333333333333
TRIR,Q9BQ61,41.66666666666667,75.0,-33.33333333333333
FTCD,O95954,95.0,61.66666666666667,33.33333333333333
CTHRC1,Q96CG8,88.33333333333333,55.00000000000001,33.33333333333332
SERPINB9,P50453,16.666666666666664,48.333333333333336,-31.66666666666667
UTP3,Q9NQZ2,68.33333333333333,100.0,-31.66666666666667
FBLN7,Q53RD9,51.66666666666667,83.33333333333334,-31.66666666666667
MTSS1,O43312,68.33333333333333,100.0,-31.66666666666667
DENND3,H0YAY3,68.33333333333333,100.0,-31.66666666666667
SNAP23,O00161,66.66666666666666,98.33333333333333,-31.66666666666667
NARS1,O43776,16.666666666666664,48.333333333333336,-31.66666666666667
PEG10,Q86TG7,45.0,76.66666666666667,-31.66666666666667
SRP9,P49458,6.666666666666667,38.333333333333336,-31.666666666666668
GLI1,P08151,18.333333333333332,50.0,-31.666666666666668
RPS3A,P61247,6.666666666666667,38.333333333333336,-31.666666666666668
SYBU,A0A0C4DG86,56.666666666666664,25.0,31.666666666666664
CDA,P32320,31.666666666666664,63.33333333333333,-31.666666666666664
ATP2B3,A0A994J7W3,75.0,43.333333333333336,31.666666666666664
PKP3,Q9Y446,56.666666666666664,86.66666666666667,-30.000000000000007
CMAS,Q8NFW8,25.0,55.00000000000001,-30.000000000000007
DARS1,P14868,18.333333333333332,48.333333333333336,-30.000000000000004
NAA10,P41227,28.333333333333332,58.333333333333336,-30.000000000000004
CORO6,Q6QEF8,70.0,100.0,-30.0
CFAP36,Q96G28,68.33333333333333,98.33333333333333,-30.0
DUSP22,Q9NRW4,70.0,100.0,-30.0
RPS25,P62851,16.666666666666664,46.666666666666664,-30.0
STK11,A0AAQ5BHW9,70.0,100.0,-30.0
COLEC10,Q9Y6Z7,3.3333333333333335,33.33333333333333,-29.999999999999996
EXOC4,Q96A65,85.0,55.00000000000001,29.999999999999993
GPC1,P35052,91.66666666666666,61.66666666666667,29.999999999999986
TOP1,P11387,68.33333333333333,96.66666666666667,-28.333333333333343
GCFC2,P16383,68.33333333333333,96.66666666666667,-28.333333333333343
PLA2G4D,Q86XP0,55.00000000000001,83.33333333333334,-28.333333333333336
IFI16,Q16666,10.0,38.333333333333336,-28.333333333333336
CPNE1,B0QZ18,85.0,56.666666666666664,28.333333333333336
H1-0,P07305,30.0,58.333333333333336,-28.333333333333336
ZC3H6,P61129,53.333333333333336,81.66666666666667,-28.333333333333336
ARG1,P05089,35.0,63.33333333333333,-28.33333333333333
ZNF766,G3XAE0,51.66666666666667,80.0,-28.33333333333333
TRAK1,A0A5F9ZI06,65.0,93.33333333333333,-28.33333333333333
TCAF1,Q9Y4C2,71.66666666666667,100.0,-28.33333333333333
ASH2L,Q9UBL3,71.66666666666667,100.0,-28.33333333333333
KHDRBS1,Q07666,51.66666666666667,80.0,-28.33333333333333
IDH1,O75874,16.666666666666664,43.333333333333336,-26.66666666666667
ADGRV1,Q8WXG9,51.66666666666667,25.0,26.66666666666667
ZNF729,A6NN14,73.33333333333333,100.0,-26.66666666666667
KALRN,O60229,31.666666666666664,58.333333333333336,-26.66666666666667
PRDX2,P32119,50.0,76.66666666666667,-26.66666666666667
RAB21,Q9UL25,60.0,86.66666666666667,-26.66666666666667
ALDH1L2,A0A494C1M4,73.33333333333333,100.0,-26.66666666666667
RPLP0,P05388,53.333333333333336,26.666666666666668,26.666666666666668
NEK7,Q8TDX7,5.0,31.666666666666664,-26.666666666666664
AP3D1,O14617,48.333333333333336,75.0,-26.666666666666664
ARHGAP29,Q52LW3,58.333333333333336,85.0,-26.666666666666664
PRXL2A,Q9BRX8,33.33333333333333,6.666666666666667,26.66666666666666
THAP9,Q9H5L6,61.66666666666667,88.33333333333333,-26.666666666666657
FSTL1,Q12841,40.0,66.66666666666666,-26.666666666666657
ARCN1,B0YIW6,71.66666666666667,98.33333333333333,-26.666666666666657
UBC,F5H2Z3,40.0,66.66666666666666,-26.666666666666657
RPS3,P23396,40.0,66.66666666666666,-26.666666666666657
EBP,Q15125,71.66666666666667,98.33333333333333,-26.666666666666657
PTPN1,P18031,28.333333333333332,53.333333333333336,-25.000000000000004
TAF9B,Q9HBM6,45.0,70.0,-25.0
EMP3,P54852,73.33333333333333,98.33333333333333,-25.0
RHAG,A0A2R8YEH1,71.66666666666667,96.66666666666667,-25.0
MACROH2A1,O75367,0.0,25.0,-25.0
NSF,K7EQD6,73.33333333333333,98.33333333333333,-25.0
ERCC2,P18074,70.0,45.0,25.0
GNG5B,A0A804HLA8,75.0,100.0,-25.0
IDH3G,P51553,98.33333333333333,73.33333333333333,25.0
PDGFA,P04085,75.0,100.0,-25.0
RPL10,P27635,0.0,25.0,-25.0
CNKSR2,Q8WXI2,51.66666666666667,76.66666666666667,-25.0
EIF3G,O75821,8.333333333333332,33.33333333333333,-24.999999999999996
MICU3,Q86XE3,31.666666666666664,6.666666666666667,24.999999999999996
S100A16,Q96FQ6,90.0,66.66666666666666,23.333333333333343
CDK5RAP3,Q96JB5,58.333333333333336,81.66666666666667,-23.333333333333336
PSMA5,P28066,58.333333333333336,81.66666666666667,-23.333333333333336
ATP6V0A4,Q9HBG4,38.333333333333336,61.66666666666667,-23.333333333333336
PROB1,E7EW31,1.6666666666666667,25.0,-23.333333333333332
AGAP2,F8VVT9,28.333333333333332,5.0,23.333333333333332
ATF6B,H0Y7D7,6.666666666666667,30.0,-23.333333333333332
SERPING1,E9PGN7,21.666666666666668,45.0,-23.333333333333332
PAPPA,Q13219,8.333333333333332,31.666666666666664,-23.333333333333332
PIP5K1C,O60331,5.0,28.333333333333332,-23.333333333333332
SRSF3,P84103,26.666666666666668,50.0,-23.333333333333332
ARPC4,P59998,5.0,28.333333333333332,-23.333333333333332
ZBTB24,A0A8V8TLS8,0.0,23.333333333333332,-23.333333333333332
CDC37,Q16543,75.0,98.33333333333333,-23.33333333333333
PKHD1,P08F94,51.66666666666667,75.0,-23.33333333333333
TMSB4X,P62328,75.0,98.33333333333333,-23.33333333333333
SSX7,Q7RTT5,88.33333333333333,65.0,23.33333333333333
NDUFA4,O00483,75.0,98.33333333333333,-23.33333333333333
NCK2,O43639,76.66666666666667,100.0,-23.33333333333333
CIDEB,Q9UHD4,65.0,88.33333333333333,-23.33333333333333
STX17,P56962,76.66666666666667,100.0,-23.33333333333333
EPHB2,P29323,76.66666666666667,100.0,-23.33333333333333
HCLS1,P14317,10.0,33.33333333333333,-23.33333333333333
PTPRZ1,A0A494C087,55.00000000000001,33.33333333333333,21.66666666666668
ANXA8L1,A0A075B752,66.66666666666666,88.33333333333333,-21.66666666666667
GJC1,P36383,51.66666666666667,30.0,21.66666666666667
STRAP,Q9Y3F4,78.33333333333333,100.0,-21.66666666666667
ZNF207,O43670,78.33333333333333,100.0,-21.66666666666667
ERCC6,Q03468,78.33333333333333,100.0,-21.66666666666667
APBB2,Q92870,86.66666666666667,65.0,21.66666666666667
COG2,Q14746,50.0,71.66666666666667,-21.66666666666667
NUCKS1,Q9H1E3,20.0,41.66666666666667,-21.66666666666667
RANBP1,F6WQW2,65.0,86.66666666666667,-21.66666666666667
UBN2,Q6ZU65,66.66666666666666,88.33333333333333,-21.66666666666667
MPO,P05164,81.66666666666667,60.0,21.66666666666667
SSR4,P51571,65.0,86.66666666666667,-21.66666666666667
UTRN,P46939,63.33333333333333,85.0,-21.66666666666667
TC2N,Q8N9U0,75.0,96.66666666666667,-21.66666666666667
PTPN23,Q9H3S7,25.0,3.3333333333333335,21.666666666666668
,A0A087WV05,5.0,26.666666666666668,-21.666666666666668
RARS1,P54136,21.666666666666668,43.333333333333336,-21.666666666666668
CAPG,P40121,28.333333333333332,50.0,-21.666666666666668
HYPK,Q9NX55,65.0,43.333333333333336,21.666666666666664
HARBI1,Q96MB7,35.0,56.666666666666664,-21.666666666666664
DCANP1,Q8TF63,10.0,31.666666666666664,-21.666666666666664
CSTB,P04080,6.666666666666667,28.333333333333332,-21.666666666666664
MKRN3,Q13064,75.0,53.333333333333336,21.666666666666664
ADH1B,P00325,51.66666666666667,73.33333333333333,-21.666666666666657
IGKV1D-39,P04432,76.66666666666667,98.33333333333333,-21.666666666666657
UBE4B,O95155,70.0,91.66666666666666,-21.666666666666657
PPP2R1A,C9J9C1,71.66666666666667,93.33333333333333,-21.666666666666657
RGS6,P49758,55.00000000000001,35.0,20.000000000000007
KRT13,K7EMD9,43.333333333333336,23.333333333333332,20.000000000000004
LSM7,Q9UK45,80.0,100.0,-20.0
THBS2,A0A3B3ITK0,80.0,100.0,-20.0
TMEM214,H7C085,90.0,70.0,20.0
PCID2,Q5JVF3,1.6666666666666667,21.666666666666668,-20.0
GUCY1A2,P33402,26.666666666666668,6.666666666666667,20.0
PREX1,H0YDZ4,3.3333333333333335,23.333333333333332,-20.0
SPP2,Q13103,16.666666666666664,36.666666666666664,-20.0
ZNF292,O60281,20.0,40.0,-20.0
DDX17,Q92841,60.0,80.0,-20.0
TRMT1L,Q7Z2T5,3.3333333333333335,23.333333333333332,-20.0
MYO3A,Q8NEV4,1.6666666666666667,21.666666666666668,-20.0
GCLM,P48507,78.33333333333333,98.33333333333333,-20.0
ADAP1,O75689,70.0,50.0,20.0
COL6A2,P12110,68.33333333333333,88.33333333333333,-20.0
IGLV3-21,P80748,16.666666666666664,36.666666666666664,-20.0
YBX1,P67809,41.66666666666667,61.66666666666667,-20.0
CD84,Q9UIB8,70.0,90.0,-20.0
KRT7,P08729,53.333333333333336,73.33333333333333,-19.999999999999993
CSRP3,P50461,68.33333333333333,86.66666666666667,-18.333333333333343
TOMM20L,Q6UXN7,41.66666666666667,23.333333333333332,18.33333333333334
ARHGAP4,P98171,3.3333333333333335,21.666666666666668,-18.333333333333336
CEMIP2,Q9UHN6,56.666666666666664,75.0,-18.333333333333336
IGHV2-26,A0A0B4J1V2,76.66666666666667,58.333333333333336,18.333333333333336
PTGES3,A0A087WYT3,31.666666666666664,50.0,-18.333333333333336
DNAH5,Q8TE73,26.666666666666668,8.333333333333332,18.333333333333336
FAM184A,Q8NB25,56.666666666666664,75.0,-18.333333333333336
PLXDC1,Q8IUK5,46.666666666666664,28.333333333333332,18.333333333333332
CHD1,O14646,1.6666666666666667,20.0,-18.333333333333332
CCDC138,Q96M89,6.666666666666667,25.0,-18.333333333333332
ZNF648,Q5T619,61.66666666666667,80.0,-18.33333333333333
COMMD2,Q86X83,81.66666666666667,100.0,-18.33333333333333
ACP1,P24666,81.66666666666667,100.0,-18.33333333333333
OVCH2,A0A087X1V8,15.0,33.33333333333333,-18.33333333333333
SIGLEC1,Q9BZZ2,100.0,81.66666666666667,18.33333333333333
OFD1,O75665,93.33333333333333,75.0,18.33333333333333
FN3KRP,Q9HA64,81.66666666666667,100.0,-18.33333333333333
RPS7,P62081,70.0,88.33333333333333,-18.33333333333333
P3H1,Q32P28,70.0,51.66666666666667,18.33333333333333
DBNL,Q9UJU6,81.66666666666667,100.0,-18.33333333333333
RCC1,M0R1Q8,68.33333333333333,50.0,18.33333333333333
VDAC2,P45880,45.0,61.66666666666667,-16.66666666666667
PLP2,Q04941,73.33333333333333,90.0,-16.66666666666667
BLTP3A,Q6BDS2,80.0,96.66666666666667,-16.66666666666667
LHFPL2,Q6ZUX7,80.0,96.66666666666667,-16.66666666666667
PRB1,G3V1M9,81.66666666666667,65.0,16.66666666666667
SLC7A8,Q9UHI5,35.0,51.66666666666667,-16.66666666666667
BCL2L2-PABPN1,A0A7I2V383,36.666666666666664,53.333333333333336,-16.66666666666667
CHRNE,Q04844,21.666666666666668,5.0,16.666666666666668
FBXO24,O75426,10.0,26.666666666666668,-16.666666666666668
TNFAIP8,D6RCM8,3.3333333333333335,20.0,-16.666666666666668
NONO,A0A7I2V535,41.66666666666667,58.333333333333336,-16.666666666666664
RAP1B,F5GZG1,0.0,16.666666666666664,-16.666666666666664
GGNBP1,Q5YKI7,71.66666666666667,55.00000000000001,16.666666666666664
PPP2R5E,Q16537,16.666666666666664,33.33333333333333,-16.666666666666664
NUGGC,Q68CJ6,48.333333333333336,65.0,-16.666666666666664
PCMT1,F6S8N6,41.66666666666667,58.333333333333336,-16.666666666666664
TGM3,Q08188,70.0,53.333333333333336,16.666666666666664
PARVG,Q9HBI0,56.666666666666664,73.33333333333333,-16.666666666666664
SYNE1,Q8NF91,0.0,16.666666666666664,-16.666666666666664
TPM3,P06753,60.0,43.333333333333336,16.666666666666664
ECM2,O94769,46.666666666666664,30.0,16.666666666666664
UGT2B7,P16662,83.33333333333334,100.0,-16.666666666666657
SRP14,P37108,83.33333333333334,100.0,-16.666666666666657
ZNF518B,Q9C0D4,75.0,91.66666666666666,-16.666666666666657
PDCD6IP,Q8WUM4,75.0,91.66666666666666,-16.666666666666657
CMTM5,Q96DZ9,83.33333333333334,100.0,-16.666666666666657
NOP56,O00567,81.66666666666667,98.33333333333333,-16.666666666666657
RPGRIP1L,Q68CZ1,81.66666666666667,66.66666666666666,15.000000000000014
IFNAR1,P17181,81.66666666666667,66.66666666666666,15.000000000000014
TSPAN6,O43657,81.66666666666667,66.66666666666666,15.000000000000014
USP28,A0A8V8TLZ9,66.66666666666666,81.66666666666667,-15.000000000000014
,H0YIV9,66.66666666666666,81.66666666666667,-15.000000000000014
RENBP,P51606,46.666666666666664,61.66666666666667,-15.000000000000007
BICC1,Q9H694,56.666666666666664,71.66666666666667,-15.000000000000007
MGAM,O43451,41.66666666666667,26.666666666666668,15.000000000000004
HBA1,G3V1N2,28.333333333333332,43.333333333333336,-15.000000000000004
KTN1,Q86UP2,11.666666666666666,26.666666666666668,-15.000000000000002
KRT23,Q9C075,76.66666666666667,61.66666666666667,15.0
IFI27,P40305,88.33333333333333,73.33333333333333,15.0
,A0A3B3IRZ5,76.66666666666667,61.66666666666667,15.0
CD226,Q15762,85.0,100.0,-15.0
HLA-DRA,P01903,78.33333333333333,93.33333333333333,-15.0
,A0A0G2JRQ6,76.66666666666667,61.66666666666667,15.0
SCGB3A2,Q96PL1,73.33333333333333,88.33333333333333,-15.0
OR10T2,Q8NGX3,15.0,30.0,-15.0
DUSP3,P51452,85.0,100.0,-15.0
TNNI2,A0AAG2TUI5,90.0,75.0,15.0
CRK,I3L297,75.0,60.0,15.0
HNRNPCL1,O60812,80.0,95.0,-15.0
SYPL1,A0A994J846,75.0,90.0,-15.0
CCDC9,A0A2R8Y4Z8,85.0,100.0,-15.0
HLA-DRB1,P01911,80.0,95.0,-15.0
AKNAD1,Q5T1N1,76.66666666666667,61.66666666666667,15.0
PSMD11,O00231,85.0,100.0,-15.0
,C9JWU6,71.66666666666667,86.66666666666667,-15.0
ACTR2,P61160,73.33333333333333,88.33333333333333,-15.0
LOXL1,Q08397,16.666666666666664,1.6666666666666667,14.999999999999998
SCN8A,Q9UQD0,18.333333333333332,33.33333333333333,-14.999999999999996
,V9GYY9,33.33333333333333,18.333333333333332,14.999999999999996
MICALL1,A0A7P0T9P2,73.33333333333333,58.333333333333336,14.999999999999993
ARRB2,P32121,73.33333333333333,58.333333333333336,14.999999999999993
RAB11FIP5,A0A1B0GTL5,48.333333333333336,63.33333333333333,-14.999999999999993
KDM5C,P41229,58.333333333333336,73.33333333333333,-14.999999999999993
PPP1R36,Q96LQ0,83.33333333333334,98.33333333333333,-14.999999999999986
HLA-A,A0A0G2JL56,83.33333333333334,98.33333333333333,-14.999999999999986
RBM12B,Q8IXT5,91.66666666666666,76.66666666666667,14.999999999999986
GPI,P06744,83.33333333333334,98.33333333333333,-14.999999999999986
RABGGTA,H0YLH3,76.66666666666667,91.66666666666666,-14.999999999999986
HNRNPC,P07910,81.66666666666667,68.33333333333333,13.333333333333343
S100A2,P29034,86.66666666666667,73.33333333333333,13.333333333333343
SNX3,O60493,58.333333333333336,71.66666666666667,-13.333333333333336
GAS8,O95995,30.0,16.666666666666664,13.333333333333336
GPR182,Q7Z4H2,35.0,48.333333333333336,-13.333333333333336
HK1,P19367,30.0,16.666666666666664,13.333333333333336
FAT1,Q14517,70.0,56.666666666666664,13.333333333333336
COL6A3,P12111,55.00000000000001,41.66666666666667,13.333333333333336
MID1,A0A6Q8PF94,46.666666666666664,60.0,-13.333333333333336
SKP2,D6RHY6,0.0,13.333333333333334,-13.333333333333334
DNAJC8,O75937,1.6666666666666667,15.0,-13.333333333333334
SERF2,F8WBV6,1.6666666666666667,15.0,-13.333333333333334
GOLGB1,A0A8J9C4H3,10.0,23.333333333333332,-13.333333333333332
COL1A1,P02452,18.333333333333332,5.0,13.333333333333332
LYST,Q99698,5.0,18.333333333333332,-13.333333333333332
SPN,P16150,5.0,18.333333333333332,-13.333333333333332
CTSV,A0A7P0T8X8,3.3333333333333335,16.666666666666664,-13.33333333333333
TGOLN2,A0AAG2UW97,90.0,76.66666666666667,13.333333333333329
TRAPPC10,P48553,63.33333333333333,50.0,13.333333333333329
UNC79,A0A8Q3SHI5,75.0,61.66666666666667,13.333333333333329
SNX6,A0A0A0MRI2,75.0,88.33333333333333,-13.333333333333329
ARPC2,O15144,85.0,98.33333333333333,-13.333333333333329
DCP1A,Q9NPI6,86.66666666666667,100.0,-13.333333333333329
HSPD1,P10809,95.0,81.66666666666667,13.333333333333329
DNAH17,Q9UFH2,43.333333333333336,56.666666666666664,-13.333333333333329
ENSA,Q5T5H1,75.0,88.33333333333333,-13.333333333333329
PTPN11,A0A8I5KW48,86.66666666666667,100.0,-13.333333333333329
EFS,O43281,100.0,86.66666666666667,13.333333333333329
GMFG,O60234,78.33333333333333,91.66666666666666,-13.333333333333329
DNMT1,A0A7I2V490,61.66666666666667,75.0,-13.333333333333329
C19orf81,C9J6K1,83.33333333333334,96.66666666666667,-13.333333333333329
RAB24,Q969Q5,63.33333333333333,50.0,13.333333333333329
ANXA11,P50995,86.66666666666667,100.0,-13.333333333333329
LRRC75A,Q8NAA5,68.33333333333333,55.00000000000001,13.333333333333321
RALY,Q9UKM9,88.33333333333333,100.0,-11.666666666666671
REEP6,Q96HR9,75.0,86.66666666666667,-11.666666666666671
SEC16B,Q96JE7,45.0,33.33333333333333,11.666666666666671
RABGAP1,Q9Y3P9,46.666666666666664,58.333333333333336,-11.666666666666671
RAB32,Q13637,88.33333333333333,100.0,-11.666666666666671
SERPINA10,G3V2W1,65.0,76.66666666666667,-11.666666666666671
TNPO1,Q92973,43.333333333333336,55.00000000000001,-11.666666666666671
S100A7L2,Q5SY68,60.0,71.66666666666667,-11.666666666666671
SCYL1,Q96KG9,88.33333333333333,100.0,-11.666666666666671
UMPS,P11172,78.33333333333333,90.0,-11.666666666666671
COG4,H3BMV9,78.33333333333333,66.66666666666666,11.666666666666671
GBP5,Q96PP8,96.66666666666667,85.0,11.666666666666671
SDAD1,Q9NVU7,75.0,63.33333333333333,11.666666666666671
PRPF40A,O75400,78.33333333333333,90.0,-11.666666666666671
PHB2,Q99623,85.0,96.66666666666667,-11.666666666666671
AP2M1,E9PFW3,88.33333333333333,100.0,-11.666666666666671
ADAMTSL4,Q6UY14,21.666666666666668,10.0,11.666666666666668
MARCKSL1,P49006,20.0,8.333333333333332,11.666666666666668
GGT5,P36269,10.0,21.666666666666668,-11.666666666666668
ZNF596,Q8TC21,23.333333333333332,35.0,-11.666666666666668
HNRNPA2B1,P22626,28.333333333333332,40.0,-11.666666666666668
HLA-H,P01893,1.6666666666666667,13.333333333333334,-11.666666666666668
OR51G2,Q8NGK0,20.0,8.333333333333332,11.666666666666668
SCFD1,A0A7I2V4B8,23.333333333333332,35.0,-11.666666666666668
BLVRB,P30043,23.333333333333332,35.0,-11.666666666666668
RPL6,Q02878,16.666666666666664,28.333333333333332,-11.666666666666668
HNRNPR,O43390,0.0,11.666666666666666,-11.666666666666666
ARFGEF1,Q9Y6D6,3.3333333333333335,15.0,-11.666666666666666
SF3B4,Q15427,0.0,11.666666666666666,-11.666666666666666
DRGX,A6NNA5,0.0,11.666666666666666,-11.666666666666666
RASGRP4,Q8TDF6,13.333333333333334,25.0,-11.666666666666666
RPS8,P62241,3.3333333333333335,15.0,-11.666666666666666
CRCP,O75575,25.0,13.333333333333334,11.666666666666666
RBM3,P98179,0.0,11.666666666666666,-11.666666666666666
RIPOR2,A0A2R8YF77,5.0,16.666666666666664,-11.666666666666664
TRAF5,O00463,56.666666666666664,68.33333333333333,-11.666666666666664
SLF2,Q8IX21,5.0,16.666666666666664,-11.666666666666664
LSM8,O95777,5.0,16.666666666666664,-11.666666666666664
LRTM2,Q8N967,98.33333333333333,86.66666666666667,11.666666666666657
PIH1D1,A0AAQ5BIK2,86.66666666666667,98.33333333333333,-11.666666666666657
HLA-B,A0A1W2PP29,63.33333333333333,51.66666666666667,11.666666666666657
GRAP2,O75791,83.33333333333334,95.0,-11.666666666666657
PNPLA8,Q9NP80,88.33333333333333,76.66666666666667,11.666666666666657
ECE1,A0A3B3ISF9,80.0,91.66666666666666,-11.666666666666657
CHN1,P15882,98.33333333333333,86.66666666666667,11.666666666666657
ATE1,A0A8I5KXC6,66.66666666666666,55.00000000000001,11.66666666666665
LIPC,P11150,66.66666666666666,55.00000000000001,11.66666666666665
TBC1D1,A0A8V8TNS9,55.00000000000001,66.66666666666666,-11.66666666666665
RAB11FIP1,Q6WKZ4,66.66666666666666,55.00000000000001,11.66666666666665
PSMC2,P35998,73.33333333333333,83.33333333333334,-10.000000000000014
BNIP5,P0C671,26.666666666666668,16.666666666666664,10.000000000000004
C2CD2,H7BZB0,11.666666666666666,21.666666666666668,-10.000000000000002
GRM8,O00222,60.0,70.0,-10.0
DENND11,A4D1U4,56.666666666666664,46.666666666666664,10.0
FLVCR1,Q9Y5Y0,8.333333333333332,18.333333333333332,-10.0
CDC5L,Q99459,20.0,30.0,-10.0
RALGAPA1,Q6GYQ0,10.0,0.0,10.0
TSC2,A0A2R8Y670,78.33333333333333,68.33333333333333,10.0
ARHGAP30,Q7Z6I6,90.0,100.0,-10.0
IGHV3-49,A0A0A0MS15,10.0,20.0,-10.0
MED1,Q15648,70.0,60.0,10.0
MEP1A,B7ZL91,90.0,100.0,-10.0
LIPJ,Q5W064,1.6666666666666667,11.666666666666666,-10.0
CYP2C9,P11712,0.0,10.0,-10.0
PRRC2B,Q5JSZ5,0.0,10.0,-10.0
SLC4A10,Q6U841,100.0,90.0,10.0
PMVK,Q15126,85.0,95.0,-10.0
RNASEL,Q05823,90.0,100.0,-10.0
VAV1,P15498,90.0,80.0,10.0
FAM151A,Q8WW52,20.0,30.0,-10.0
PIP4K2C,Q8TBX8,85.0,75.0,10.0
,H0YJW9,0.0,10.0,-10.0
MTARC2,Q969Z3,68.33333333333333,78.33333333333333,-10.0
CTNNA1,P35221,88.33333333333333,98.33333333333333,-10.0
PPEF1,O14829,80.0,90.0,-10.0
HSD17B13,Q7Z5P4,96.66666666666667,86.66666666666667,10.0
APPL2,Q8NEU8,75.0,85.0,-10.0
PPP1R12A,O14974,90.0,100.0,-10.0
IREB2,H0YLE0,1.6666666666666667,11.666666666666666,-10.0
PLCG2,P16885,90.0,100.0,-10.0
PARP6,Q2NL67,30.0,20.0,10.0
MOGS,Q13724,78.33333333333333,88.33333333333333,-10.0
HLF,Q16534,18.333333333333332,8.333333333333332,10.0
ITGA11,Q9UKX5,78.33333333333333,88.33333333333333,-10.0
NPIPB11,E5RHQ5,1.6666666666666667,11.666666666666666,-10.0
SCGB3A1,Q96QR1,98.33333333333333,88.33333333333333,10.0
ABCA8,O94911,25.0,35.0,-10.0
RAP1GDS1,P52306,100.0,90.0,10.0
ANO6,Q4KMQ2,86.66666666666667,76.66666666666667,10.0
DGKH,Q86XP1,78.33333333333333,88.33333333333333,-10.0
BRINP3,Q76B58,15.0,5.0,10.0
KRT72,Q14CN4,0.0,10.0,-10.0
ANTXR2,J3KPY9,1.6666666666666667,11.666666666666666,-10.0
ANGPTL3,Q9Y5C1,16.666666666666664,6.666666666666667,9.999999999999996
GTF3C4,Q9UKN8,26.666666666666668,36.666666666666664,-9.999999999999996
ICAM2,P13598,56.666666666666664,66.66666666666666,-9.999999999999993
ERVK-19,O71037,66.66666666666666,56.666666666666664,9.999999999999993
KRTDAP,P60985,83.33333333333334,93.33333333333333,-9.999999999999986
USP24,Q9UPU5,93.33333333333333,83.33333333333334,9.999999999999986
TTPAL,Q9BTX7,100.0,91.66666666666666,8.333333333333343
CD44,P16070,75.0,83.33333333333334,-8.333333333333343
FETUB,Q9UGM5,91.66666666666666,100.0,-8.333333333333343
CSK,P41240,91.66666666666666,100.0,-8.333333333333343
GPC3,P51654,88.33333333333333,96.66666666666667,-8.333333333333343
PRMT8,Q9NR22,91.66666666666666,100.0,-8.333333333333343
APBB1IP,Q7Z5R6,83.33333333333334,75.0,8.333333333333343
VIM,P08670,91.66666666666666,100.0,-8.333333333333343
RNF25,Q96BH1,75.0,83.33333333333334,-8.333333333333343
RAB6B,Q9NRW1,91.66666666666666,100.0,-8.333333333333343
GAL3ST1,Q99999,91.66666666666666,100.0,-8.333333333333343
MAP1S,Q66K74,73.33333333333333,81.66666666666667,-8.333333333333343
CANX,A0A7P0T840,68.33333333333333,76.66666666666667,-8.333333333333343
HSPA9,P38646,73.33333333333333,81.66666666666667,-8.333333333333343
PDS5B,Q9NTI5,75.0,66.66666666666666,8.333333333333343
SMARCA2,P51531,50.0,58.333333333333336,-8.333333333333336
NWD1,Q149M9,58.333333333333336,50.0,8.333333333333336
CEP164,Q9UPV0,40.0,48.333333333333336,-8.333333333333336
NAA16,Q6N069,65.0,56.666666666666664,8.333333333333336
SNX33,Q8WV41,43.333333333333336,35.0,8.333333333333336
HLA-DRB5,Q30154,25.0,16.666666666666664,8.333333333333336
MBL2,P11226,51.66666666666667,43.333333333333336,8.333333333333336
KRT33B,Q14525,11.666666666666666,20.0,-8.333333333333334
TMEM14C,Q9P0S9,13.333333333333334,5.0,8.333333333333334
TRPM6,Q9BX84,10.0,1.6666666666666667,8.333333333333334
RBM22,Q9NW64,13.333333333333334,5.0,8.333333333333334
ITGA1,P56199,1.6666666666666667,10.0,-8.333333333333334
IGHV4-4,A0A075B6R2,1.6666666666666667,10.0,-8.333333333333334
BCAP31,P51572,13.333333333333334,5.0,8.333333333333334
PLTP,P55058,1.6666666666666667,10.0,-8.333333333333334
GRK2,P25098,5.0,13.333333333333334,-8.333333333333334
USO1,O60763,15.0,6.666666666666667,8.333333333333332
RB1,P06400,0.0,8.333333333333332,-8.333333333333332
TCF7,P36402,8.333333333333332,0.0,8.333333333333332
RP1,P56715,6.666666666666667,15.0,-8.333333333333332
CCL27,Q9Y4X3,8.333333333333332,16.666666666666664,-8.333333333333332
CDK12,Q9NYV4,0.0,8.333333333333332,-8.333333333333332
SPART,Q8N0X7,3.3333333333333335,11.666666666666666,-8.333333333333332
CLMN,Q96JQ2,30.0,21.666666666666668,8.333333333333332
MYT1,Q01538,10.0,18.333333333333332,-8.333333333333332
RAB1A,P62820,0.0,8.333333333333332,-8.333333333333332
WDR44,Q5JSH3,6.666666666666667,15.0,-8.333333333333332
LUM,P51884,20.0,28.333333333333332,-8.333333333333332
EPPK1,P58107,80.0,71.66666666666667,8.333333333333329
AP2B1,P63010,90.0,98.33333333333333,-8.333333333333329
LRG1,P02750,70.0,61.66666666666667,8.333333333333329
IGHV5-10-1,A0A0J9YXX1,80.0,88.33333333333333,-8.333333333333329
RCSD1,Q6JBY9,41.66666666666667,50.0,-8.333333333333329
SQOR,Q9Y6N5,76.66666666666667,85.0,-8.333333333333329
TMPRSS13,Q9BYE2,61.66666666666667,70.0,-8.333333333333329
CD5,P06127,93.33333333333333,85.0,8.333333333333329
GK,A0A8I5KXY7,80.0,88.33333333333333,-8.333333333333329
SNRPD3,P62318,81.66666666666667,90.0,-8.333333333333329
PROZ,P22891,91.66666666666666,83.33333333333334,8.333333333333314
TNNI1,P19237,91.66666666666666,83.33333333333334,8.333333333333314
FST,P19883,83.33333333333334,91.66666666666666,-8.333333333333314
KIF20A,O95235,85.0,78.33333333333333,6.666666666666671
COA3,Q9Y2R0,81.66666666666667,75.0,6.666666666666671
KRT75,O95678,90.0,96.66666666666667,-6.666666666666671
SNRPB,P14678,93.33333333333333,100.0,-6.666666666666671
PXN,A0A1B0GTU4,68.33333333333333,75.0,-6.666666666666671
PLIN3,O60664,93.33333333333333,100.0,-6.666666666666671
RSL1D1,O76021,76.66666666666667,70.0,6.666666666666671
MMP1,P03956,93.33333333333333,100.0,-6.666666666666671
SPRR3,Q9UBC9,90.0,96.66666666666667,-6.666666666666671
AXDND1,Q5T1B0,66.66666666666666,73.33333333333333,-6.666666666666671
PUM3,Q15397,48.333333333333336,55.00000000000001,-6.666666666666671
GOLGA6L1,Q8N7Z2,93.33333333333333,100.0,-6.666666666666671
AMER3,Q8N944,66.66666666666666,73.33333333333333,-6.666666666666671
EFHD2,Q96C19,93.33333333333333,100.0,-6.666666666666671
FOXJ2,Q9P0K8,80.0,73.33333333333333,6.666666666666671
ADH4,P08319,90.0,96.66666666666667,-6.666666666666671
YES1,P07947,71.66666666666667,65.0,6.666666666666671
MYBPC1,Q00872,93.33333333333333,100.0,-6.666666666666671
GABRR2,P28476,98.33333333333333,91.66666666666666,6.666666666666671
AP3M1,Q9Y2T2,36.666666666666664,43.333333333333336,-6.666666666666671
PIK3C2A,O00443,91.66666666666666,98.33333333333333,-6.666666666666671
KLK7,P49862,98.33333333333333,91.66666666666666,6.666666666666671
RPLP2,P05387,93.33333333333333,100.0,-6.666666666666671
,A0A0J9YWU9,100.0,93.33333333333333,6.666666666666671
ZNF41,P51814,30.0,23.333333333333332,6.666666666666668
RAP1B,B7ZB78,21.666666666666668,15.0,6.666666666666668
IPO9,Q96P70,30.0,23.333333333333332,6.666666666666668
TRIM25,Q14258,0.0,6.666666666666667,-6.666666666666667
MORC1,Q86VD1,0.0,6.666666666666667,-6.666666666666667
DOCK5,Q9H7D0,6.666666666666667,0.0,6.666666666666667
CUBN,O60494,13.333333333333334,6.666666666666667,6.666666666666667
ZWINT,O95229,0.0,6.666666666666667,-6.666666666666667
EXOC5,O00471,6.666666666666667,13.333333333333334,-6.666666666666667
GCOM1,H8Y6P7,13.333333333333334,20.0,-6.666666666666666
USP8,H0YNL5,3.3333333333333335,10.0,-6.666666666666666
KRT15,P19012,18.333333333333332,11.666666666666666,6.666666666666666
NT5C3A,Q9H0P0,3.3333333333333335,10.0,-6.666666666666666
XPO6,Q96QU8,3.3333333333333335,10.0,-6.666666666666666
RNF214,Q8ND24,13.333333333333334,20.0,-6.666666666666666
DYSF,O75923,11.666666666666666,18.333333333333332,-6.666666666666666
DYNC1H1,Q14204,8.333333333333332,1.6666666666666667,6.666666666666665
ZNF385A,Q96PM9,1.6666666666666667,8.333333333333332,-6.666666666666665
AMPD3,Q01432,1.6666666666666667,8.333333333333332,-6.666666666666665
ELMOD2,Q8IZ81,56.666666666666664,50.0,6.666666666666664
MCF2,P10911,21.666666666666668,28.333333333333332,-6.666666666666664
RNH1,P13489,53.333333333333336,60.0,-6.666666666666664
ZNF491,Q8N8L2,55.00000000000001,61.66666666666667,-6.666666666666664
GPX3,P22352,28.333333333333332,21.666666666666668,6.666666666666664
MACF1,H3BQK9,60.0,53.333333333333336,6.666666666666664
HOOK1,Q9UJC3,50.0,56.666666666666664,-6.666666666666664
ALDH9A1,P49189,40.0,46.666666666666664,-6.666666666666664
BPIFB4,A0A669KBJ0,53.333333333333336,60.0,-6.666666666666664
ASXL2,Q76L83,26.666666666666668,33.33333333333333,-6.666666666666661
KRT86,O43790,26.666666666666668,33.33333333333333,-6.666666666666661
LEFTY2,O00292,86.66666666666667,93.33333333333333,-6.666666666666657
LGALS3BP,Q08380,61.66666666666667,68.33333333333333,-6.666666666666657
HNRNPL,P14866,83.33333333333334,90.0,-6.666666666666657
RAB7A,A0A6Q8PH84,81.66666666666667,88.33333333333333,-6.666666666666657
NACA4P,Q9BZK3,60.0,66.66666666666666,-6.666666666666657
KIF14,Q15058,90.0,83.33333333333334,6.666666666666657
VRK2,Q86Y07,71.66666666666667,78.33333333333333,-6.666666666666657
HMOX2,A0A087WT44,91.66666666666666,85.0,6.666666666666657
LRRC23,Q53EV4,71.66666666666667,66.66666666666666,5.000000000000014
ACTN3,A0A087WSZ2,96.66666666666667,91.66666666666666,5.000000000000014
CPSF1,Q10570,91.66666666666666,96.66666666666667,-5.000000000000014
GNL3L,Q9NVN8,96.66666666666667,91.66666666666666,5.000000000000014
GM2A,P17900,78.33333333333333,83.33333333333334,-5.000000000000014
ADA,A0A8Q3WKZ1,96.66666666666667,91.66666666666666,5.000000000000014
PPP2R5D,H0Y8C4,91.66666666666666,96.66666666666667,-5.000000000000014
RGS2,P41220,51.66666666666667,46.666666666666664,5.000000000000007
BEND5,Q7L4P6,21.666666666666668,16.666666666666664,5.0000000000000036
PPP1CB,A0A8V8TRH9,8.333333333333332,13.333333333333334,-5.000000000000002
C1QB,P02746,80.0,85.0,-5.0
RNF17,Q9BXT8,35.0,30.0,5.0
AARS1,A0A6Q8PFK3,0.0,5.0,-5.0
MELK,Q14680,70.0,65.0,5.0
ALKBH7,Q9BT30,6.666666666666667,1.6666666666666667,5.0
RPS15A,P62244,48.333333333333336,43.333333333333336,5.0
BROX,Q5VW32,0.0,5.0,-5.0
UNC45A,A0A1W2PNX8,0.0,5.0,-5.0
MAP4,P27816,5.0,10.0,-5.0
MAP7D3,Q8IWC1,5.0,0.0,5.0
LSM2,Q9Y333,43.333333333333336,48.333333333333336,-5.0
RXFP1,B4DGP2,1.6666666666666667,6.666666666666667,-5.0
FLNA,F8WE98,95.0,100.0,-5.0
GTPBP4,Q9BZE4,1.6666666666666667,6.666666666666667,-5.0
PRKAG2,Q9UGJ0,98.33333333333333,93.33333333333333,5.0
IGHG1,A0A0A0MS07,30.0,35.0,-5.0
DEF6,H0Y7V7,71.66666666666667,76.66666666666667,-5.0
PREX1,Q8TCU6,23.333333333333332,28.333333333333332,-5.0
VPS16,Q9H269,65.0,70.0,-5.0
DOT1L,A0A8I5QL06,80.0,85.0,-5.0
GPR63,Q9BZJ6,93.33333333333333,98.33333333333333,-5.0
H2BC1,Q96A08,85.0,80.0,5.0
F13B,P05160,80.0,75.0,5.0
ALDH16A1,Q8IZ83,95.0,100.0,-5.0
DOCK10,A0A2R8YD85,35.0,40.0,-5.0
PRR4,A0A0J9YXF8,68.33333333333333,73.33333333333333,-5.0
ARHGAP10,A1A4S6,95.0,100.0,-5.0
MYL3,P08590,78.33333333333333,73.33333333333333,5.0
TXK,E7EQN8,68.33333333333333,63.33333333333333,5.0
IGFALS,P35858,93.33333333333333,98.33333333333333,-5.0
CDHR2,Q9BYE9,0.0,5.0,-5.0
SAA1,P0DJI8,0.0,5.0,-5.0
CBR1,P16152,76.66666666666667,81.66666666666667,-5.0
SNRPB2,P08579,95.0,100.0,-5.0
NRDC,O43847,100.0,95.0,5.0
PUF60,E9PL19,90.0,85.0,5.0
DDX39B,Q13838,95.0,100.0,-5.0
F10,P00742,31.666666666666664,36.666666666666664,-5.0
ERICH6B,Q5W0A0,0.0,5.0,-5.0
NAV3,Q8IVL0,81.66666666666667,76.66666666666667,5.0
KLHL15,A0A8I5QJW5,86.66666666666667,81.66666666666667,5.0
SNED1,Q8TER0,93.33333333333333,98.33333333333333,-5.0
EIF4A1,P60842,23.333333333333332,18.333333333333332,5.0
EIF5A2,F8WCJ1,45.0,50.0,-5.0
SPON1,Q9HCB6,5.0,0.0,5.0
ANGPTL4,Q9BY76,78.33333333333333,73.33333333333333,5.0
PSMG2,A0A8V8TNA9,93.33333333333333,88.33333333333333,5.0
COL3A1,A0AAG2UVC5,95.0,90.0,5.0
MUCL1,Q96DR8,0.0,5.0,-5.0
ARPC4,F8WDD7,76.66666666666667,81.66666666666667,-5.0
PLEKHM1,Q9Y4G2,1.6666666666666667,6.666666666666667,-5.0
GRM5,P41594,73.33333333333333,78.33333333333333,-5.0
JAM2,P57087,3.3333333333333335,8.333333333333332,-4.999999999999998
HDGF,P51858,8.333333333333332,3.3333333333333335,4.999999999999998
GRIP2,A0A087WX15,8.333333333333332,3.3333333333333335,4.999999999999998
RS1,O15537,8.333333333333332,3.3333333333333335,4.999999999999998
RGS12,O14924,16.666666666666664,11.666666666666666,4.999999999999998
EIF2A,Q9BY44,8.333333333333332,3.3333333333333335,4.999999999999998
SLC28A1,O00337,3.3333333333333335,8.333333333333332,-4.999999999999998
LINS1,Q8NG48,18.333333333333332,13.333333333333334,4.999999999999998
RAPGEF4,Q8WZA2,13.333333333333334,18.333333333333332,-4.999999999999998
CSMD3,Q7Z407,33.33333333333333,28.333333333333332,4.9999999999999964
CUL5,Q93034,88.33333333333333,83.33333333333334,4.999999999999986
GPD1L,Q8N335,83.33333333333334,88.33333333333333,-4.999999999999986
EPHA3,P29320,83.33333333333334,88.33333333333333,-4.999999999999986
SNRPF,P62306,70.0,66.66666666666666,3.333333333333343
CFAP61,Q8NHU2,73.33333333333333,76.66666666666667,-3.333333333333343
APP,P05067,91.66666666666666,95.0,-3.333333333333343
HSPE1,P61604,93.33333333333333,96.66666666666667,-3.333333333333343
HAL,P42357,96.66666666666667,93.33333333333333,3.333333333333343
SCP2D1-AS1,Q9BR46,78.33333333333333,81.66666666666667,-3.333333333333343
,Q6ZRG5,68.33333333333333,71.66666666666667,-3.333333333333343
RPSA,A0A8V8TLA4,71.66666666666667,68.33333333333333,3.333333333333343
DBN1,Q16643,80.0,83.33333333333334,-3.333333333333343
F11R,Q9Y624,91.66666666666666,95.0,-3.333333333333343
SERPINH1,P50454,93.33333333333333,96.66666666666667,-3.333333333333343
TAFA1,Q7Z5A9,95.0,91.66666666666666,3.333333333333343
URB1,O60287,91.66666666666666,95.0,-3.333333333333343
IMUP,Q9GZP8,70.0,66.66666666666666,3.333333333333343
PPIE,Q9UNP9,60.0,56.666666666666664,3.3333333333333357
OCEL1,Q9H607,60.0,56.666666666666664,3.3333333333333357
DDB1,Q16531,55.00000000000001,51.66666666666667,3.3333333333333357
HARBI1,E9PQI1,56.666666666666664,60.0,-3.3333333333333357
MYO1G,B0I1T2,51.66666666666667,55.00000000000001,-3.3333333333333357
ZMYM2,Q9UBW7,51.66666666666667,48.333333333333336,3.3333333333333357
CD248,Q9HCU0,35.0,31.666666666666664,3.3333333333333357
TRMT11,Q7Z4G4,50.0,46.666666666666664,3.3333333333333357
C1QB,A0A8Q3SI33,56.666666666666664,60.0,-3.3333333333333357
CBL,P22681,38.333333333333336,35.0,3.3333333333333357
HTR7,P34969,15.0,11.666666666666666,3.333333333333334
DNAH11,Q96DT5,8.333333333333332,11.666666666666666,-3.333333333333334
MED23,Q9ULK4,10.0,13.333333333333334,-3.333333333333334
TYMP,P19971,11.666666666666666,15.0,-3.333333333333334
SDF2L1,Q9HCN8,8.333333333333332,11.666666666666666,-3.333333333333334
PRKCQ,Q04759,3.3333333333333335,0.0,3.3333333333333335
ATP5F1A,P25705,3.3333333333333335,0.0,3.3333333333333335
NAT8L,Q8N9F0,0.0,3.3333333333333335,-3.3333333333333335
CNTRL,Q7Z7A1,3.3333333333333335,0.0,3.3333333333333335
ACTR3,P61158,6.666666666666667,3.3333333333333335,3.3333333333333335
EHD1,A0A024R571,3.3333333333333335,0.0,3.3333333333333335
ARPC1B,O15143,0.0,3.3333333333333335,-3.3333333333333335
HSP90B1,A0A7P0T823,0.0,3.3333333333333335,-3.3333333333333335
FRMPD3,Q5JV73,3.3333333333333335,6.666666666666667,-3.3333333333333335
LRRC9,H3BUS4,3.3333333333333335,0.0,3.3333333333333335
KDM2A,Q9Y2K7,0.0,3.3333333333333335,-3.3333333333333335
CDKN2AIP,Q9NXV6,3.3333333333333335,6.666666666666667,-3.3333333333333335
C4A,P0C0L4,0.0,3.3333333333333335,-3.3333333333333335
PDIA3,P30101,0.0,3.3333333333333335,-3.3333333333333335
ALOX12,P18054,3.3333333333333335,0.0,3.3333333333333335
MAST2,Q6P0Q8,3.3333333333333335,6.666666666666667,-3.3333333333333335
IGKV1-33,A0AAG2T928,0.0,3.3333333333333335,-3.3333333333333335
IGHE,P01854,3.3333333333333335,0.0,3.3333333333333335
F9,P00740,0.0,3.3333333333333335,-3.3333333333333335
FEN1,P39748,0.0,3.3333333333333335,-3.3333333333333335
APRT,P07741,3.3333333333333335,0.0,3.3333333333333335
HUWE1,Q7Z6Z7,3.3333333333333335,0.0,3.3333333333333335
KRAS,A0A8I5KQ21,0.0,3.3333333333333335,-3.3333333333333335
GRAP,A8MW78,0.0,3.3333333333333335,-3.3333333333333335
FSBP,O95073,3.3333333333333335,0.0,3.3333333333333335
GALNT15,Q8N3T1,3.3333333333333335,0.0,3.3333333333333335
MTPN,P58546,0.0,3.3333333333333335,-3.3333333333333335
STXBP2,Q15833,0.0,3.3333333333333335,-3.3333333333333335
TMC8,Q8IU68,3.3333333333333335,0.0,3.3333333333333335
CFAP58,Q5T655,3.3333333333333335,0.0,3.3333333333333335
NLRP2,A0A0G2JLQ8,0.0,3.3333333333333335,-3.3333333333333335
INTS6,Q9UL03,3.3333333333333335,6.666666666666667,-3.3333333333333335
BNIP3,Q12983,1.6666666666666667,5.0,-3.333333333333333
CFB,P00751,1.6666666666666667,5.0,-3.333333333333333
PIK3CD,O00329,10.0,6.666666666666667,3.333333333333333
FANCE,Q9HB96,5.0,1.6666666666666667,3.333333333333333
YWHAH,Q04917,1.6666666666666667,5.0,-3.333333333333333
CTSL,P07711,5.0,1.6666666666666667,3.333333333333333
TESK1,Q15569,1.6666666666666667,5.0,-3.333333333333333
MYH10,P35580,1.6666666666666667,5.0,-3.333333333333333
RAB11A,P62491,1.6666666666666667,5.0,-3.333333333333333
UTP25,Q68CQ4,1.6666666666666667,5.0,-3.333333333333333
EXT1,Q16394,6.666666666666667,10.0,-3.333333333333333
ARHGAP1,Q07960,10.0,6.666666666666667,3.333333333333333
GOLGA4,C9J0Y3,6.666666666666667,10.0,-3.333333333333333
ING5,A0A1B0GW41,1.6666666666666667,5.0,-3.333333333333333
UCHL3,P15374,1.6666666666666667,5.0,-3.333333333333333
MAP9,Q49MG5,6.666666666666667,10.0,-3.333333333333333
ZSWIM8,A7E2V4,5.0,1.6666666666666667,3.333333333333333
HLA-A,Q5RJ27,6.666666666666667,10.0,-3.333333333333333
PDHA2,P29803,31.666666666666664,28.333333333333332,3.333333333333332
OLFM1,Q99784,8.333333333333332,5.0,3.333333333333332
FCN2,Q15485,5.0,8.333333333333332,-3.333333333333332
TADA2B,Q86TJ2,8.333333333333332,5.0,3.333333333333332
PLEKHO2,Q8TD55,5.0,8.333333333333332,-3.333333333333332
FGD6,Q6ZV73,25.0,21.666666666666668,3.333333333333332
STK39,Q9UEW8,31.666666666666664,28.333333333333332,3.333333333333332
CTPS1,P17812,53.333333333333336,56.666666666666664,-3.3333333333333286
TUBA8,C9J2C0,86.66666666666667,83.33333333333334,3.3333333333333286
MRPS7,J3QLS3,91.66666666666666,88.33333333333333,3.3333333333333286
GOSR1,G5E9T8,96.66666666666667,100.0,-3.3333333333333286
MYBPC3,Q14896,63.33333333333333,66.66666666666666,-3.3333333333333286
NEMF,O60524,96.66666666666667,100.0,-3.3333333333333286
MCM2,P49736,90.0,93.33333333333333,-3.3333333333333286
HP,H0Y300,98.33333333333333,95.0,3.3333333333333286
TLL2,Q9Y6L7,100.0,96.66666666666667,3.3333333333333286
KRT19,K7EMS3,100.0,96.66666666666667,3.3333333333333286
MACROH2A1,A0A8I5KRC6,95.0,98.33333333333333,-3.3333333333333286
POTEE,Q6S8J3,96.66666666666667,100.0,-3.3333333333333286
PKM,A0A804F729,73.33333333333333,70.0,3.3333333333333286
MARCHF6,O60337,73.33333333333333,70.0,3.3333333333333286
IGFBP6,P24592,98.33333333333333,95.0,3.3333333333333286
PSMC1,P62191,81.66666666666667,85.0,-3.3333333333333286
IGKV1-9,A0A0C4DH69,90.0,86.66666666666667,3.3333333333333286
YWHAB,P31946,96.66666666666667,100.0,-3.3333333333333286
KRTAP11-1,Q8IUC1,100.0,96.66666666666667,3.3333333333333286
RAB5C,P51148,96.66666666666667,100.0,-3.3333333333333286
MYH6,P13533,98.33333333333333,95.0,3.3333333333333286
MKI67,P46013,41.66666666666667,45.0,-3.3333333333333286
EIF2AK2,P19525,33.33333333333333,30.0,3.3333333333333286
PDE4DIP,E9PS60,96.66666666666667,100.0,-3.3333333333333286
TRIM27,P14373,88.33333333333333,91.66666666666666,-3.3333333333333286
PLXNB1,O43157,46.666666666666664,43.333333333333336,3.3333333333333286
PLXNC1,O60486,96.66666666666667,100.0,-3.3333333333333286
FBXL22,A0A1W2PQW8,98.33333333333333,95.0,3.3333333333333286
FLII,Q13045,65.0,61.66666666666667,3.3333333333333286
TNNC1,P63316,91.66666666666666,88.33333333333333,3.3333333333333286
SSR1,C9IZQ1,96.66666666666667,100.0,-3.3333333333333286
PROM2,Q8N271,96.66666666666667,100.0,-3.3333333333333286
ZNF558,Q96NG5,81.66666666666667,85.0,-3.3333333333333286
MPDU1,O75352,96.66666666666667,100.0,-3.3333333333333286
SF3B3,Q15393,86.66666666666667,90.0,-3.3333333333333286
PABIR3,A0A2R8YFQ2,85.0,88.33333333333333,-3.3333333333333286
TRMT13,Q9NUP7,65.0,61.66666666666667,3.3333333333333286
DNAJB8,Q8NHS0,75.0,78.33333333333333,-3.3333333333333286
MGST1,P10620,96.66666666666667,100.0,-3.3333333333333286
TMEM212,A6NML5,88.33333333333333,91.66666666666666,-3.3333333333333286
RPS18,P62269,100.0,96.66666666666667,3.3333333333333286
FSTL5,Q8N475,88.33333333333333,85.0,3.3333333333333286
TDRD6,O60522,75.0,78.33333333333333,-3.3333333333333286
ERAP1,Q9NZ08,90.0,93.33333333333333,-3.3333333333333286
IGHV3-23,P01764,96.66666666666667,100.0,-3.3333333333333286
TMPO,P42167,90.0,93.33333333333333,-3.3333333333333286
ARL2,P36404,96.66666666666667,100.0,-3.3333333333333286
TTN,C9JQJ2,100.0,96.66666666666667,3.3333333333333286
TCP1,P17987,93.33333333333333,91.66666666666666,1.6666666666666714
HLA-B,A0A140T997,98.33333333333333,100.0,-1.6666666666666714
PSMD6,Q15008,70.0,71.66666666666667,-1.6666666666666714
TMEM247,A6NEH6,91.66666666666666,93.33333333333333,-1.6666666666666714
DMTN,Q08495,35.0,33.33333333333333,1.6666666666666714
RRBP1,Q9P2E9,86.66666666666667,85.0,1.6666666666666714
IFITM2,A0A7P0T953,70.0,71.66666666666667,-1.6666666666666714
KRT20,P35900,95.0,96.66666666666667,-1.6666666666666714
NBEAL2,Q6ZNJ1,78.33333333333333,80.0,-1.6666666666666714
TIMP3,P35625,98.33333333333333,100.0,-1.6666666666666714
LIPI,Q6XZB0,98.33333333333333,100.0,-1.6666666666666714
STX12,B1AJQ6,51.66666666666667,50.0,1.6666666666666714
HDLBP,Q00341,73.33333333333333,75.0,-1.6666666666666714
HSF1,Q00613,95.0,96.66666666666667,-1.6666666666666714
RPL22L1,H0Y8C2,100.0,98.33333333333333,1.6666666666666714
ADH5,P11766,100.0,98.33333333333333,1.6666666666666714
SOD1,P00441,100.0,98.33333333333333,1.6666666666666714
PSMF1,Q92530,98.33333333333333,100.0,-1.6666666666666714
GSN,Q5T0I0,88.33333333333333,90.0,-1.6666666666666714
SNRNP70,P08621,98.33333333333333,100.0,-1.6666666666666714
KIFC3,Q9BVG8,98.33333333333333,100.0,-1.6666666666666714
ZNF99,A8MXY4,81.66666666666667,80.0,1.6666666666666714
MUC5B,Q9HC84,56.666666666666664,58.333333333333336,-1.6666666666666714
ANKRD26,Q9UPS8,75.0,76.66666666666667,-1.6666666666666714
RTL5,Q5HYW3,80.0,81.66666666666667,-1.6666666666666714
SYTL5,Q8TDW5,98.33333333333333,100.0,-1.6666666666666714
NRIP3,A0A8Q3WME3,70.0,68.33333333333333,1.6666666666666714
PRB1,A0A0G2JRP6,100.0,98.33333333333333,1.6666666666666714
KCNB1,Q14721,93.33333333333333,91.66666666666666,1.6666666666666714
ACADVL,P49748,98.33333333333333,100.0,-1.6666666666666714
DNAJA4,Q8WW22,100.0,98.33333333333333,1.6666666666666714
MTARC1,A0A8Q3SHG3,98.33333333333333,100.0,-1.6666666666666714
PIK3CG,P48736,98.33333333333333,100.0,-1.6666666666666714
IGHV3OR15-7,A0A075B7D8,98.33333333333333,100.0,-1.6666666666666714
SH3BGRL3,Q9H299,98.33333333333333,100.0,-1.6666666666666714
SRSF4,Q08170,100.0,98.33333333333333,1.6666666666666714
SCGB2A1,O75556,100.0,98.33333333333333,1.6666666666666714
PTTG1IP,P53801,98.33333333333333,100.0,-1.6666666666666714
TBC1D10C,Q8IV04,95.0,96.66666666666667,-1.6666666666666714
SECISBP2,Q96T21,98.33333333333333,100.0,-1.6666666666666714
RTL4,Q6ZR62,86.66666666666667,85.0,1.6666666666666714
SAMD14,J3KN99,95.0,96.66666666666667,-1.6666666666666714
ZBTB24,A0A8V8TNA6,68.33333333333333,70.0,-1.6666666666666714
VDAC1,P21796,98.33333333333333,100.0,-1.6666666666666714
GAS2L2,Q8NHY3,68.33333333333333,70.0,-1.6666666666666714
HTRA1,Q92743,98.33333333333333,100.0,-1.6666666666666714
ERFE,Q4G0M1,96.66666666666667,95.0,1.6666666666666714
FRYL,A0A669KB90,95.0,93.33333333333333,1.6666666666666714
ASPRV1,Q53RT3,95.0,96.66666666666667,-1.6666666666666714
CORIN,Q9Y5Q5,75.0,76.66666666666667,-1.6666666666666714
DMBT1,A0A590UJZ9,100.0,98.33333333333333,1.6666666666666714
DDX3Y,O15523,70.0,68.33333333333333,1.6666666666666714
HGS,A0A7I2V5A3,83.33333333333334,81.66666666666667,1.6666666666666714
ARHGEF7,A0A2R8YG42,95.0,93.33333333333333,1.6666666666666714
HSD11B1,P28845,98.33333333333333,100.0,-1.6666666666666714
MORC3,Q14149,100.0,98.33333333333333,1.6666666666666714
GPRC5C,A0A0C4DFY5,16.666666666666664,18.333333333333332,-1.6666666666666679
ACTL7B,Q9Y614,25.0,26.666666666666668,-1.6666666666666679
LDHC,P07864,13.333333333333334,11.666666666666666,1.6666666666666679
MAPKAPK2,P49137,16.666666666666664,18.333333333333332,-1.6666666666666679
CYFIP2,Q96F07,16.666666666666664,18.333333333333332,-1.6666666666666679
DDX11,Q96FC9,20.0,18.333333333333332,1.6666666666666679
PRDM16,Q9HAZ2,25.0,23.333333333333332,1.6666666666666679
WDR17,Q8IZU2,10.0,8.333333333333332,1.6666666666666679
KHSRP,M0R0C6,20.0,21.666666666666668,-1.6666666666666679
CCDC80,Q76M96,6.666666666666667,5.0,1.666666666666667
RASAL3,Q86YV0,5.0,6.666666666666667,-1.666666666666667
MYL6,G3V1V0,5.0,6.666666666666667,-1.666666666666667
TTLL11,Q8NHH1,6.666666666666667,5.0,1.666666666666667
TRA,P0DTU3,6.666666666666667,5.0,1.666666666666667
TNRC18,O15417,1.6666666666666667,0.0,1.6666666666666667
SLPI,P03973,1.6666666666666667,3.3333333333333335,-1.6666666666666667
FSTL4,Q6MZW2,1.6666666666666667,0.0,1.6666666666666667
KRT36,O76013,1.6666666666666667,0.0,1.6666666666666667
NCCRP1,Q6ZVX7,1.6666666666666667,0.0,1.6666666666666667
FAM3C,Q92520,1.6666666666666667,0.0,1.6666666666666667
POF1B,Q8WVV4,0.0,1.6666666666666667,-1.6666666666666667
ZNF43,P17038,1.6666666666666667,0.0,1.6666666666666667
POLR1B,Q9H9Y6,1.6666666666666667,3.3333333333333335,-1.6666666666666667
SBNO1,A3KN83,1.6666666666666667,0.0,1.6666666666666667
HMOX1,P09601,0.0,1.6666666666666667,-1.6666666666666667
EWSR1,Q01844,0.0,1.6666666666666667,-1.6666666666666667
MAGED2,Q9UNF1,1.6666666666666667,0.0,1.6666666666666667
IGHV3-30,P01768,1.6666666666666667,0.0,1.6666666666666667
IGLV3-19,P01714,1.6666666666666667,0.0,1.6666666666666667
TPI1,P60174,1.6666666666666667,0.0,1.6666666666666667
PEG3,Q9GZU2,1.6666666666666667,0.0,1.6666666666666667
SCARB1,B7ZKQ9,0.0,1.6666666666666667,-1.6666666666666667
GGCT,O75223,1.6666666666666667,0.0,1.6666666666666667
FLT3,P36888,1.6666666666666667,0.0,1.6666666666666667
LRRFIP1,Q32MZ4,1.6666666666666667,0.0,1.6666666666666667
MYO16,F8W883,0.0,1.6666666666666667,-1.6666666666666667
DNAJA2,O60884,0.0,1.6666666666666667,-1.6666666666666667
APOA5,Q6Q788,1.6666666666666667,0.0,1.6666666666666667
NAA15,Q9BXJ9,0.0,1.6666666666666667,-1.6666666666666667
IGLV2-11,P01706,1.6666666666666667,0.0,1.6666666666666667
SLC15A2,Q16348,1.6666666666666667,0.0,1.6666666666666667
WAS,P42768,0.0,1.6666666666666667,-1.6666666666666667
SLCO4A1,Q96BD0,0.0,1.6666666666666667,-1.6666666666666667
HIP1R,O75146,1.6666666666666667,0.0,1.6666666666666667
PAPOLA,P51003,1.6666666666666667,0.0,1.6666666666666667
EIF4H,Q15056,0.0,1.6666666666666667,-1.6666666666666667
RABEP1,Q15276,1.6666666666666667,0.0,1.6666666666666667
CNOT1,A5YKK6,3.3333333333333335,1.6666666666666667,1.6666666666666667
CORO1B,Q9BR76,1.6666666666666667,0.0,1.6666666666666667
RPL15,E7EX53,1.6666666666666667,3.3333333333333335,-1.6666666666666667
SNX30,Q5VWJ9,1.6666666666666667,3.3333333333333335,-1.6666666666666667
PRPS1,P60891,3.3333333333333335,1.6666666666666667,1.6666666666666667
PIK3C2B,O00750,1.6666666666666667,0.0,1.6666666666666667
EIF4E,P06730,1.6666666666666667,0.0,1.6666666666666667
GSTP1,P09211,0.0,1.6666666666666667,-1.6666666666666667
ANK1,P16157,1.6666666666666667,0.0,1.6666666666666667
DLC1,Q96QB1,0.0,1.6666666666666667,-1.6666666666666667
NRGN,Q92686,1.6666666666666667,0.0,1.6666666666666667
GNAS,A0A7I2V5R6,1.6666666666666667,3.3333333333333335,-1.6666666666666667
KPNB1,Q14974,0.0,1.6666666666666667,-1.6666666666666667
EIF3I,A0A7I2V607,0.0,1.6666666666666667,-1.6666666666666667
MASP1,F8W876,3.3333333333333335,1.6666666666666667,1.6666666666666667
KLKB1,P03952,1.6666666666666667,3.3333333333333335,-1.6666666666666667
HPN,P05981,0.0,1.6666666666666667,-1.6666666666666667
PRKACB,P22694,1.6666666666666667,0.0,1.6666666666666667
CLIP2,Q9UDT6,0.0,1.6666666666666667,-1.6666666666666667
HCK,P08631,0.0,1.6666666666666667,-1.6666666666666667
RPL4,P36578,1.6666666666666667,0.0,1.6666666666666667
IPO5,O00410,0.0,1.6666666666666667,-1.6666666666666667
RPL7A,P62424,0.0,1.6666666666666667,-1.6666666666666667
DICER1,A0A8Q3SJI0,0.0,1.6666666666666667,-1.6666666666666667
MED13L,Q71F56,1.6666666666666667,0.0,1.6666666666666667
CHODL,Q9H9P2,1.6666666666666667,0.0,1.6666666666666667
CAND2,O75155,1.6666666666666667,0.0,1.6666666666666667
AFAP1L1,Q8TED9,1.6666666666666667,0.0,1.6666666666666667
CPNE7,Q9UBL6,3.3333333333333335,1.6666666666666667,1.6666666666666667
CPNE4,Q96A23,1.6666666666666667,0.0,1.6666666666666667
RPL5,P46777,0.0,1.6666666666666667,-1.6666666666666667
RASA1,P20936,1.6666666666666667,0.0,1.6666666666666667
RAB13,P51153,0.0,1.6666666666666667,-1.6666666666666667
TESPA1,A2RU30,1.6666666666666667,0.0,1.6666666666666667
PYGL,E9PK47,0.0,1.6666666666666667,-1.6666666666666667
SRSF5,Q13243,3.3333333333333335,1.6666666666666667,1.6666666666666667
UBXN6,Q9BZV1,1.6666666666666667,0.0,1.6666666666666667
BID,P55957,1.6666666666666667,3.3333333333333335,-1.6666666666666667
NPHP3,Q7Z494,0.0,1.6666666666666667,-1.6666666666666667
MLIP,E9PFJ4,1.6666666666666667,0.0,1.6666666666666667
,A0A087WZY1,1.6666666666666667,0.0,1.6666666666666667
COPB2,P35606,1.6666666666666667,0.0,1.6666666666666667
ACTBL2,Q562R1,0.0,1.6666666666666667,-1.6666666666666667
CISD2,D6RCF4,0.0,1.6666666666666667,-1.6666666666666667
SCN9A,Q15858,1.6666666666666667,3.3333333333333335,-1.6666666666666667
RALGAPB,Q86X10,1.6666666666666667,0.0,1.6666666666666667
NUTM2F,A1L443,0.0,1.6666666666666667,-1.6666666666666667
CYB5R1,Q9UHQ9,0.0,1.6666666666666667,-1.6666666666666667
UBA52,P62987,1.6666666666666667,0.0,1.6666666666666667
DENND1B,Q6P3S1,1.6666666666666667,0.0,1.6666666666666667
SNAPC2,M0QXY9,1.6666666666666667,0.0,1.6666666666666667
CSRP1,E9PP21,1.6666666666666667,0.0,1.6666666666666667
SNRPC,A0A0A0MRR7,1.6666666666666667,0.0,1.6666666666666667
CD46,P15529,1.6666666666666667,3.3333333333333335,-1.6666666666666667
DCAF13,A0A087WT20,1.6666666666666667,0.0,1.6666666666666667
,A0A1W2PRG0,1.6666666666666667,0.0,1.6666666666666667
KRT84,Q9NSB2,3.3333333333333335,1.6666666666666667,1.6666666666666667
LINC03122,Q2M2E5,1.6666666666666667,0.0,1.6666666666666667
SVIL,O95425,1.6666666666666667,0.0,1.6666666666666667
RIMS1,Q86UR5,1.6666666666666667,0.0,1.6666666666666667
FCN3,O75636,1.6666666666666667,0.0,1.6666666666666667
SEPTIN5,G3XAH0,1.6666666666666667,0.0,1.6666666666666667
DROSHA,Q9NRR4,1.6666666666666667,3.3333333333333335,-1.6666666666666667
HMGXB3,A0A8C8PVR7,1.6666666666666667,0.0,1.6666666666666667
LOC100653049,A0A140TA62,3.3333333333333335,1.6666666666666667,1.6666666666666667
UVRAG,Q9P2Y5,0.0,1.6666666666666667,-1.6666666666666667
HLA-B,A0A140T9D4,1.6666666666666667,0.0,1.6666666666666667
SEC22B,O75396,0.0,1.6666666666666667,-1.6666666666666667
PKN1,Q16512,1.6666666666666667,0.0,1.6666666666666667
HLA-C,P10321,1.6666666666666667,0.0,1.6666666666666667
IZUMO3,Q5VZ72,0.0,1.6666666666666667,-1.6666666666666667
PPIA,P62937,1.6666666666666667,0.0,1.6666666666666667
CUL4B,Q13620,1.6666666666666667,0.0,1.6666666666666667
H2AZ1,P0C0S5,1.6666666666666667,0.0,1.6666666666666667
LTBP1,C9JD84,1.6666666666666667,0.0,1.6666666666666667
ERI2,A8K979,1.6666666666666667,0.0,1.6666666666666667
SPART-AS1,P0CW21,0.0,1.6666666666666667,-1.6666666666666667
ERC1,X6RLX0,0.0,1.6666666666666667,-1.6666666666666667
FLNB,O75369,3.3333333333333335,1.6666666666666667,1.6666666666666667
KIF4A,O95239,1.6666666666666667,0.0,1.6666666666666667
EIF3A,Q14152,1.6666666666666667,0.0,1.6666666666666667
ITGAM,P11215,0.0,1.6666666666666667,-1.6666666666666667
RTCB,Q9Y3I0,1.6666666666666667,0.0,1.6666666666666667
PRKCA,P17252,1.6666666666666667,0.0,1.6666666666666667
PRB1,P04280,0.0,1.6666666666666667,-1.6666666666666667
TTC24,A2A3L6,1.6666666666666667,3.3333333333333335,-1.6666666666666667
MYO5B,Q9ULV0,1.6666666666666667,0.0,1.6666666666666667
LIPC,E7EUK6,1.6666666666666667,3.3333333333333335,-1.6666666666666667
EIF3H,O15372,0.0,1.6666666666666667,-1.6666666666666667
GFPT1,Q06210,0.0,1.6666666666666667,-1.6666666666666667
CEP126,Q9P2H0,3.3333333333333335,5.0,-1.6666666666666665
MFN1,Q8IWA4,5.0,3.3333333333333335,1.6666666666666665
ZNF25,P17030,3.3333333333333335,5.0,-1.6666666666666665
DAB2IP,A0A3B3ITG3,5.0,3.3333333333333335,1.6666666666666665
ANGPTL6,Q8NI99,3.3333333333333335,5.0,-1.6666666666666665
SRL,Q86TD4,15.0,13.333333333333334,1.666666666666666
MUC2,Q02817,11.666666666666666,10.0,1.666666666666666
PHF13,Q86YI8,6.666666666666667,8.333333333333332,-1.6666666666666652
HEXIM2,Q96MH2,60.0,58.333333333333336,1.6666666666666643
PI3,P19957,26.666666666666668,28.333333333333332,-1.6666666666666643
TXLNA,P40222,38.333333333333336,40.0,-1.6666666666666643
PABPC1,H0YAR2,48.333333333333336,50.0,-1.6666666666666643
DUS4L-BCAP29,A0A669KAY5,36.666666666666664,35.0,1.6666666666666643
AMPD2,Q01433,33.33333333333333,31.666666666666664,1.6666666666666643
SULT2B1,O00204,48.333333333333336,50.0,-1.6666666666666643
HMGN4,O00479,43.333333333333336,45.0,-1.6666666666666643
ABCB9,Q9NP78,91.66666666666666,90.0,1.6666666666666572
PPP1R9B,Q96SB3,91.66666666666666,90.0,1.6666666666666572
RPL18,Q07020,91.66666666666666,90.0,1.6666666666666572
MAPK8IP2,Q13387,91.66666666666666,90.0,1.6666666666666572
ANKRD30A,Q5W026,98.33333333333333,96.66666666666667,1.6666666666666572
TPM1,P09493,98.33333333333333,96.66666666666667,1.6666666666666572
FGF2,A0A0A0MQV6,73.33333333333333,71.66666666666667,1.6666666666666572
PHEX,A0A804HJR7,88.33333333333333,86.66666666666667,1.6666666666666572
SAMD9,Q5K651,55.00000000000001,56.666666666666664,-1.6666666666666572
GAD2,Q05329,88.33333333333333,86.66666666666667,1.6666666666666572
MARCO,Q9UEW3,96.66666666666667,98.33333333333333,-1.6666666666666572
LCN2,X6R8F3,66.66666666666666,65.0,1.6666666666666572
TFDP1,Q14186,63.33333333333333,61.66666666666667,1.6666666666666572
SNRNP200,O75643,90.0,91.66666666666666,-1.6666666666666572
SLC16A10,Q8TF71,100.0,100.0,0.0
OTUD6B,A0A087X0W9,100.0,100.0,0.0
CRYBB2,P43320,100.0,100.0,0.0
TTLL3,H7C0T5,100.0,100.0,0.0
ZNF563,A0A0C4DGQ9,100.0,100.0,0.0
ZNF569,K7ELU1,100.0,100.0,0.0
FHL2,Q14192,100.0,100.0,0.0
HOMEZ,Q8IX15,100.0,100.0,0.0
VPS53,A0A7P0T805,100.0,100.0,0.0
ATP5PB,P24539,100.0,100.0,0.0
INTS10,H0YAU7,100.0,100.0,0.0
CHD2,A0A8V8TR03,100.0,100.0,0.0
BPIFA1,Q9NP55,100.0,100.0,0.0
NRP2,O60462,100.0,100.0,0.0
SAMHD1,Q9Y3Z3,100.0,100.0,0.0
TFDP3,Q5H9I0,100.0,100.0,0.0
CCDC144A,A0A8V8TL21,0.0,0.0,0.0
RBM7,J3KPD3,100.0,100.0,0.0
PALMD,Q9NP74,0.0,0.0,0.0
NOP58,Q9Y2X3,100.0,100.0,0.0
LEO1,Q8WVC0,100.0,100.0,0.0
TBC1D10B,Q4KMP7,0.0,0.0,0.0
IQCA1,A0A0A0MSY6,100.0,100.0,0.0
NAPSA,O96009,100.0,100.0,0.0
TREM1,K7EKM5,100.0,100.0,0.0
ANKRD11,Q6UB99,100.0,100.0,0.0
HSPB1,P04792,0.0,0.0,0.0
TOP2A,P11388,100.0,100.0,0.0
PTN,P21246,100.0,100.0,0.0
CFP,P27918,0.0,0.0,0.0
KRT17,Q04695,0.0,0.0,0.0
EIF1AX,P47813,0.0,0.0,0.0
EIF1AY,A6NJH9,100.0,100.0,0.0
TMEM131L,A2VDJ0,100.0,100.0,0.0
STOM,P27105,0.0,0.0,0.0
MYLK,Q15746,0.0,0.0,0.0
ANG,P03950,0.0,0.0,0.0
TRIM6,E9PFM0,0.0,0.0,0.0
VAMP3,Q15836,100.0,100.0,0.0
PXDNL,A1KZ92,100.0,100.0,0.0
ATXN7,A0A2R8YDD6,100.0,100.0,0.0
RHPN2P1,A8MT19,100.0,100.0,0.0
PRKCH,G3V5U5,100.0,100.0,0.0
EMILIN1,Q9Y6C2,0.0,0.0,0.0
BECN2,A8MW95,3.3333333333333335,3.3333333333333335,0.0
CEP112,Q8N8E3,100.0,100.0,0.0
PSTPIP1,H0YKY3,100.0,100.0,0.0
C8A,P07357,0.0,0.0,0.0
LYG2,Q86SG7,100.0,100.0,0.0
SIK2,Q9H0K1,0.0,0.0,0.0
ALB,D6RCE7,100.0,100.0,0.0
TTC8,Q8TAM2,100.0,100.0,0.0
MYL6,B7Z6Z4,0.0,0.0,0.0
DCLK1,O15075,100.0,100.0,0.0
NUP98,A0A8V8TRD0,100.0,100.0,0.0
SERPINF2,P08697,0.0,0.0,0.0
NSD3,Q9BZ95,0.0,0.0,0.0
FEZ2,Q7Z674,100.0,100.0,0.0
DPP8,Q6V1X1,100.0,100.0,0.0
TDRD15,B5MCY1,100.0,100.0,0.0
RNASE7,Q9H1E1,100.0,100.0,0.0
GLIPR2,Q9H4G4,0.0,0.0,0.0
PKDREJ,Q9NTG1,100.0,100.0,0.0
RUFY1,Q96T51,100.0,100.0,0.0
NSD1,Q96L73,100.0,100.0,0.0
HSPA5,P11021,0.0,0.0,0.0
ZC3H7A,Q8IWR0,1.6666666666666667,1.6666666666666667,0.0
SCG2,P13521,100.0,100.0,0.0
ZFX,P17010,100.0,100.0,0.0
RAP2C,Q9Y3L5,100.0,100.0,0.0
GPRC5B,Q9NZH0,100.0,100.0,0.0
ZAR1L,A6NP61,100.0,100.0,0.0
NT5C2,S4R3A6,100.0,100.0,0.0
GSR,P00390,100.0,100.0,0.0
DNTTIP1,Q9H147,100.0,100.0,0.0
TP53RK,Q96S44,100.0,100.0,0.0
FCHO1,A0A8V8TPN1,100.0,100.0,0.0
EPN1,Q9Y6I3,100.0,100.0,0.0
TJP2,Q9UDY2,0.0,0.0,0.0
APOBEC3A,P31941,100.0,100.0,0.0
S100A7,P31151,0.0,0.0,0.0
FLG,P20930,0.0,0.0,0.0
CASP14,P31944,0.0,0.0,0.0
IGHV4-34,P06331,0.0,0.0,0.0
CLUH,A0A494C0R8,100.0,100.0,0.0
CRKL,P46109,100.0,100.0,0.0
DYTN,A2CJ06,100.0,100.0,0.0
BDH1,Q02338,0.0,0.0,0.0
ALDH3B1,P43353,0.0,0.0,0.0
SFTPB,P07988,0.0,0.0,0.0
APOM,O95445,0.0,0.0,0.0
EML4,Q9HC35,100.0,100.0,0.0
ZNF26,P17031,100.0,100.0,0.0
DDOST,P39656,100.0,100.0,0.0
GPLD1,P80108,0.0,0.0,0.0
RELN,J3KQ66,100.0,100.0,0.0
TNIK,Q9UKE5,0.0,0.0,0.0
ANXA2,H0YMW4,100.0,100.0,0.0
TXN,P10599,0.0,0.0,0.0
MSN,P26038,0.0,0.0,0.0
COLEC11,Q9BWP8,0.0,0.0,0.0
CDSN,Q15517,0.0,0.0,0.0
ITGB3,P05106,0.0,0.0,0.0
GCC2,Q8IWJ2,0.0,0.0,0.0
ST6GAL1,P15907,0.0,0.0,0.0
ATP7B,P35670,100.0,100.0,0.0
HSPA13,P48723,100.0,100.0,0.0
TDRD7,Q8NHU6,100.0,100.0,0.0
DOK4,H3BQ19,100.0,100.0,0.0
CYP2E1,P05181,100.0,100.0,0.0
IGHV3-72,A0A4W8ZXM2,0.0,0.0,0.0
XPA,P23025,0.0,0.0,0.0
CD36,P16671,0.0,0.0,0.0
EVPLL,A8MZ36,100.0,100.0,0.0
DCD,P81605,0.0,0.0,0.0
PARP14,Q460N5,0.0,0.0,0.0
EIF3J,O75822,0.0,0.0,0.0
OR5K2,Q8NHB8,0.0,0.0,0.0
TMT1A,H0YI09,0.0,0.0,0.0
JCHAIN,P01591,0.0,0.0,0.0
RORC,P51449,100.0,100.0,0.0
ZBTB18,Q99592,100.0,100.0,0.0
USP34,Q70CQ2,100.0,100.0,0.0
IGLL5,B9A064,0.0,0.0,0.0
AMBP,P02760,0.0,0.0,0.0
HBA1; HBA2,P69905,0.0,0.0,0.0
H1-5,P16401,0.0,0.0,0.0
GNAI2,P04899,0.0,0.0,0.0
IGHV5-51,A0A0C4DH38,0.0,0.0,0.0
KRT4,P19013,0.0,0.0,0.0
IGLV3-25,P01717,0.0,0.0,0.0
CFHR2,P36980,0.0,0.0,0.0
C8G,P07360,0.0,0.0,0.0
IGKV4-1,P06312,0.0,0.0,0.0
RASGRP2,Q7LDG7,0.0,0.0,0.0
BANF1,O75531,0.0,0.0,0.0
SYTL4,Q96C24,0.0,0.0,0.0
PF4V1,P10720,0.0,0.0,0.0
MYBL1,P10243,0.0,0.0,0.0
B4GALT2,O60909,100.0,100.0,0.0
PRKAR1A,P10644,100.0,100.0,0.0
CUL2,Q13617,100.0,100.0,0.0
HPSE,Q9Y251,0.0,0.0,0.0
RAP1A,P62834,0.0,0.0,0.0
RAB8B,Q92930,0.0,0.0,0.0
CD9,P21926,100.0,100.0,0.0
DNAH3,A0A8I5KSE2,100.0,100.0,0.0
CFAP54,Q96N23,100.0,100.0,0.0
ADAD1,Q96M93,100.0,100.0,0.0
CD9,A0A087WU13,0.0,0.0,0.0
UBE2O,Q9C0C9,0.0,0.0,0.0
G3BP2,Q9UN86,0.0,0.0,0.0
LRRC47,Q8N1G4,0.0,0.0,0.0
CIRBP,Q14011,0.0,0.0,0.0
NRN1,A0A087WWT2,100.0,100.0,0.0
DTD1,Q8TEA8,0.0,0.0,0.0
ID2B,Q14602,100.0,100.0,0.0
TBC1D24,Q9ULP9,100.0,100.0,0.0
SPTB,P11277,0.0,0.0,0.0
GAB1,D6RIS0,100.0,100.0,0.0
ELOVL4,Q9GZR5,100.0,100.0,0.0
PIGR,P01833,0.0,0.0,0.0
MUC16,A0AAG2UXK0,100.0,100.0,0.0
ATRNL1,Q5VV63,100.0,100.0,0.0
ENOX1,Q8TC92,100.0,100.0,0.0
CDC42,P60953,0.0,0.0,0.0
TCF19,A0A0G2JIJ7,100.0,100.0,0.0
DOCK11,A6NIW2,100.0,100.0,0.0
PASK,Q96RG2,100.0,100.0,0.0
CYTH2,A0A994J5E5,100.0,100.0,0.0
BET1,H7C1N3,100.0,100.0,0.0
RPL34,P49207,100.0,100.0,0.0
ITPKB,P27987,100.0,100.0,0.0
SMARCC2,F8VXC8,100.0,100.0,0.0
MYO10,A0A0A0MQX1,100.0,100.0,0.0
GPC6,Q9Y625,100.0,100.0,0.0
XPO6,I3L2K0,100.0,100.0,0.0
KRT77,Q7Z794,0.0,0.0,0.0
CNGB1,Q14028,100.0,100.0,0.0
VASP,P50552,0.0,0.0,0.0
CTSC,P53634,0.0,0.0,0.0
KRT6A,P02538,0.0,0.0,0.0
ATP6V1H,Q9UI12,100.0,100.0,0.0
CDK14,O94921,1.6666666666666667,1.6666666666666667,0.0
GSK3B,A0A7I2V4X2,100.0,100.0,0.0
NPM1,P06748,0.0,0.0,0.0
LPL,P06858,0.0,0.0,0.0
ADD3,Q9UEY8,0.0,0.0,0.0
POLG,P54098,0.0,0.0,0.0
SYNJ2,O15056,0.0,0.0,0.0
GRK6,P43250,0.0,0.0,0.0
FMNL1,O95466,0.0,0.0,0.0
SARS1,P49591,0.0,0.0,0.0
SEPTIN6,Q14141,0.0,0.0,0.0
BPNT2,Q9NX62,0.0,0.0,0.0
PDAP1,Q13442,0.0,0.0,0.0
H2BC3,P33778,0.0,0.0,0.0
TGFB1,P01137,0.0,0.0,0.0
CALML5,Q9NZT1,0.0,0.0,0.0
LMAN2,Q12907,0.0,0.0,0.0
MICAL3,Q7RTP6,100.0,100.0,0.0
HPCAL1,P37235,100.0,100.0,0.0
BAZ1A,Q9NRL2,100.0,100.0,0.0
IL2RB,A0A8V8TMD3,100.0,100.0,0.0
SMARCE1,Q969G3,100.0,100.0,0.0
GREP1,A0A0J9YXV3,100.0,100.0,0.0
SRGAP2,O75044,0.0,0.0,0.0
BICD1,A0A087WYJ7,0.0,0.0,0.0
GLA,P06280,100.0,100.0,0.0
TMCO1,Q9UM00,100.0,100.0,0.0
CYRIB,A0A8V8TMP7,100.0,100.0,0.0
TMED10,P49755,100.0,100.0,0.0
STAR,P49675,0.0,0.0,0.0
SPATS2L,Q9NUQ6,0.0,0.0,0.0
GCNT7,Q6ZNI0,100.0,100.0,0.0
APOLD1,Q96LR9,0.0,0.0,0.0
PDZRN4,Q6ZMN7,100.0,100.0,0.0
OGDHL,Q9ULD0,100.0,100.0,0.0
TMEM43,Q9BTV4,100.0,100.0,0.0
PSMD7,P51665,100.0,100.0,0.0
CHIC1,Q5VXU3,100.0,100.0,0.0
TAT,P17735,100.0,100.0,0.0
SPATA9,Q9BWV2,100.0,100.0,0.0
ZFHX4,E7EVZ1,5.0,5.0,0.0
SRPK2,A0A994J591,100.0,100.0,0.0
PRUNE2,Q8WUY3,100.0,100.0,0.0
AK1,Q5T9B7,100.0,100.0,0.0
DLK2,Q6UY11,0.0,0.0,0.0
ITGBL1,O95965,100.0,100.0,0.0
TCTE1,Q5JU00,100.0,100.0,0.0
GAS7,O60861,100.0,100.0,0.0
MVB12B,Q9H7P6,100.0,100.0,0.0
C4BPB,P20851,0.0,0.0,0.0
PER1,J3QL46,0.0,0.0,0.0
DCLK3,A0A1B0GTZ4,0.0,0.0,0.0
BEST3,Q8N1M1,100.0,100.0,0.0
NARF,E7EP87,100.0,100.0,0.0
JAK1,P23458,100.0,100.0,0.0
SETDB1,A0A8I5KT93,100.0,100.0,0.0
ANGPTL8,Q6UXH0,100.0,100.0,0.0
GSTM5,P46439,1.6666666666666667,1.6666666666666667,0.0
SERBP1,Q8NC51,0.0,0.0,0.0
CAPN1,P07384,0.0,0.0,0.0
EIF4G1,Q04637,0.0,0.0,0.0
MYO9A,B2RTY4,0.0,0.0,0.0
B2M,P61769,0.0,0.0,0.0
BRPF3,Q9ULD4,100.0,100.0,0.0
KRT80,Q6KB66,0.0,0.0,0.0
RPS19,P39019,0.0,0.0,0.0
IGF1,P05019,0.0,0.0,0.0
MAPRE1,Q15691,0.0,0.0,0.0
FUS,P35637,0.0,0.0,0.0
EIF3I,Q13347,100.0,100.0,0.0
METAP2,P50579,0.0,0.0,0.0
CC2D2B,Q6DHV5,0.0,0.0,0.0
HDDC3,Q8N4P3,100.0,100.0,0.0
GPR108,M0QYF6,100.0,100.0,0.0
ASPN,Q9BXN1,0.0,0.0,0.0
G3BP1,Q13283,0.0,0.0,0.0
PPP1R13B,Q96KQ4,100.0,100.0,0.0
TPM4,P67936,0.0,0.0,0.0
H2AX,P16104,0.0,0.0,0.0
DHX29,Q7Z478,0.0,0.0,0.0
SPMIP5,Q8WW14,100.0,100.0,0.0
MLXIPL,Q9NP71,100.0,100.0,0.0
NOTCH3,Q9UM47,100.0,100.0,0.0
SARS2,M0R1C0,100.0,100.0,0.0
PNP,G3V5M2,100.0,100.0,0.0
IARS1,P41252,100.0,100.0,0.0
CLDND1,D6RC11,100.0,100.0,0.0
SPIN4,Q56A73,1.6666666666666667,1.6666666666666667,0.0
RTN4,Q9NQC3,100.0,100.0,0.0
PRMT7,A0A8I5KPP4,100.0,100.0,0.0
ITGB1,P05556,0.0,0.0,0.0
ZNF516,Q92618,100.0,100.0,0.0
CAMSAP2,Q08AD1,100.0,100.0,0.0
MYO6,A0A590UJ40,100.0,100.0,0.0
MOBP,C9JLT8,100.0,100.0,0.0
PPA1,Q15181,100.0,100.0,0.0
CAPN15,O75808,100.0,100.0,0.0
CACNA1A,O00555,0.0,0.0,0.0
SLAIN2,Q9P270,100.0,100.0,0.0
EXOC7,Q9UPT5,100.0,100.0,0.0
MTG1,Q9BT17,100.0,100.0,0.0
CARHSP1,Q9Y2V2,100.0,100.0,0.0
DLEC1,Q9Y238,100.0,100.0,0.0
MASP2,A0A8V8TQL2,0.0,0.0,0.0
AEBP1,Q8IUX7,100.0,100.0,0.0
ACTA1,P68133,0.0,0.0,0.0
NASP,P49321,1.6666666666666667,1.6666666666666667,0.0
SERPINB2,P05120,100.0,100.0,0.0
C16orf78,Q8WTQ4,100.0,100.0,0.0
SRP68,Q9UHB9,100.0,100.0,0.0
KLHL2,O95198,100.0,100.0,0.0
GLUL,P15104,0.0,0.0,0.0
ARF5,P84085,0.0,0.0,0.0
IQGAP1,P46940,0.0,0.0,0.0
DNAJB11,Q9UBS4,0.0,0.0,0.0
PPP2R5A,Q15172,0.0,0.0,0.0
CFI,P05156,0.0,0.0,0.0
IGHG2,P01859,0.0,0.0,0.0
KRT13,P13646,0.0,0.0,0.0
PSTPIP2,Q9H939,0.0,0.0,0.0
CFHR5,Q9BXR6,0.0,0.0,0.0
LCP2,Q13094,0.0,0.0,0.0
ABCF1,Q8NE71,0.0,0.0,0.0
SPRR2G,Q9BYE4,100.0,100.0,0.0
SPRR2A,P35326,100.0,100.0,0.0
SPRR2D,P22532,0.0,0.0,0.0
S100A6,P06703,0.0,0.0,0.0
MTDH,Q86UE4,0.0,0.0,0.0
MOB1A,Q9H8S9,0.0,0.0,0.0
HAS1,M0R2V0,100.0,100.0,0.0
SCLT1,Q96NL6,100.0,100.0,0.0
BBX,C9IYG9,0.0,0.0,0.0
LARS1,Q9P2J5,0.0,0.0,0.0
SCUBE2,A0A3B3ISZ7,100.0,100.0,0.0
SBSN,Q6UWP8,0.0,0.0,0.0
EHD4,Q9H223,0.0,0.0,0.0
DNAJC13,O75165,0.0,0.0,0.0
HOXB13,Q92826,100.0,100.0,0.0
GPC4,O75487,100.0,100.0,0.0
WDR48,Q8TAF3,100.0,100.0,0.0
CHD4,A0A2R8YDW2,100.0,100.0,0.0
KAT6A,A0A3F2YNX6,100.0,100.0,0.0
MAP2K1,A0A8I5KYB4,100.0,100.0,0.0
FRAS1,Q86XX4,1.6666666666666667,1.6666666666666667,0.0
COPG1,Q9Y678,0.0,0.0,0.0
C2CD3,A0A7P0T831,100.0,100.0,0.0
RB1CC1,Q8TDY2,100.0,100.0,0.0
FHIP1A,Q05DH4,100.0,100.0,0.0
GDPD4,Q6W3E5,100.0,100.0,0.0
UBE3C,Q15386,100.0,100.0,0.0
HMMR,O75330,100.0,100.0,0.0
OTUB1,F5GYJ8,100.0,100.0,0.0
BBOF1,Q8ND07,100.0,100.0,0.0
ZNF799,Q96GE5,100.0,100.0,0.0
TP53BP2,Q13625,100.0,100.0,0.0
COL5A1,P20908,100.0,100.0,0.0
WFS1,A0A669KAX3,100.0,100.0,0.0
UGT2B17,O75795,0.0,0.0,0.0
C19orf18,Q8NEA5,100.0,100.0,0.0
CFAP52,Q8N1V2,0.0,0.0,0.0
TAF1,A0A804HIC2,100.0,100.0,0.0
CIBAR1,E5RHK0,100.0,100.0,0.0
DNAAF2,Q9NVR5,100.0,100.0,0.0
FGG,C9JU00,0.0,0.0,0.0
EPB41,P11171,0.0,0.0,0.0
RASA3,Q14644,0.0,0.0,0.0
PRPF19,Q9UMS4,100.0,100.0,0.0
WDR43,Q15061,100.0,100.0,0.0
RAP1GAP2,Q684P5,100.0,100.0,0.0
CFAP47,Q6ZTR5,0.0,0.0,0.0
NF2,P35240,100.0,100.0,0.0
SLC28A2,O43868,100.0,100.0,0.0
HMGN3,A0A087WZE9,0.0,0.0,0.0
BZW2,Q9Y6E2,0.0,0.0,0.0
BTK,Q06187,0.0,0.0,0.0
SPRR1B,P22528,0.0,0.0,0.0
IGFBP5,P24593,0.0,0.0,0.0
ITGA2B,P08514,0.0,0.0,0.0
KRT74,Q7RTS7,0.0,0.0,0.0
RAB35,Q15286,0.0,0.0,0.0
ARF4,P18085,0.0,0.0,0.0
PTTG1IP,A8MZH8,100.0,100.0,0.0
SERPIND1,P05546,0.0,0.0,0.0
LORICRIN,P23490,0.0,0.0,0.0
SERPINE2,P07093,0.0,0.0,0.0
KBTBD6,Q86V97,100.0,100.0,0.0
TAGLN2,P37802,0.0,0.0,0.0
CKAP5,Q14008,0.0,0.0,0.0
APOF,Q13790,0.0,0.0,0.0
NMT1,A0A7I2V3U5,100.0,100.0,0.0
OLFM2,K7EKW2,100.0,100.0,0.0
KANK3,Q6NY19,100.0,100.0,0.0
PYCR3,A0A0A0MQS1,100.0,100.0,0.0
MAP1A,E9PGC8,100.0,100.0,0.0
ACTN1,P12814,0.0,0.0,0.0
C8B,A0A8Q3WM97,0.0,0.0,0.0
HERC1,Q15751,88.33333333333333,88.33333333333333,0.0
ZNF330,Q9Y3S2,100.0,100.0,0.0
HAP1,P54257,100.0,100.0,0.0
TUBB4B,P68371,0.0,0.0,0.0
CAAP1,Q9H8G2,0.0,0.0,0.0
NET1,Q5SQI6,0.0,0.0,0.0
UTP20,O75691,21.666666666666668,21.666666666666668,0.0
ATAD3B,Q5T9A4,0.0,0.0,0.0
RBCK1,A0A8V8TMZ2,0.0,0.0,0.0
PON1,P27169,0.0,0.0,0.0
EEF1A1,P68104,0.0,0.0,0.0
BIN2,Q9UBW5,0.0,0.0,0.0
IGHG3,A0A9H3ZR93,0.0,0.0,0.0
FHL1,Q5JXI8,0.0,0.0,0.0
TCTN1,A0A087X1J4,100.0,100.0,0.0
PRG4,Q92954,0.0,0.0,0.0
ATP2A2,P16615,0.0,0.0,0.0
ITIH2,P19823,0.0,0.0,0.0
C4BPA,P04003,0.0,0.0,0.0
CLEC3B,P05452,0.0,0.0,0.0
C8B,A0A8Q3WL56,0.0,0.0,0.0
MAPRE2,Q15555,0.0,0.0,0.0
IQGAP2,Q13576,0.0,0.0,0.0
YARS1,P54577,0.0,0.0,0.0
F11,P03951,0.0,0.0,0.0
APOA2,V9GYM3,0.0,0.0,0.0
PDIA5,Q14554,0.0,0.0,0.0
IGKC,P01834,0.0,0.0,0.0
DSP,P15924,0.0,0.0,0.0
HBB,P68871,0.0,0.0,0.0
HP,P00738,0.0,0.0,0.0
IGF2BP2,F8W930,100.0,100.0,0.0
TIAM2,Q8IVF5,5.0,5.0,0.0
SETD2,Q9BYW2,0.0,0.0,0.0
RYR2,Q92736,0.0,0.0,0.0
CCNB3,Q8WWL7,0.0,0.0,0.0
TET1,Q8NFU7,0.0,0.0,0.0
RBSN,Q9H1K0,0.0,0.0,0.0
BRWD3,Q6RI45,0.0,0.0,0.0
GTF2I,P78347,0.0,0.0,0.0
INTS8,Q75QN2,100.0,100.0,0.0
APOC1,P02654,0.0,0.0,0.0
MTCL2,O94964,48.333333333333336,48.333333333333336,0.0
TTK,P33981,0.0,0.0,0.0
SFRP2,Q96HF1,100.0,100.0,0.0
ZFC3H1,O60293,0.0,0.0,0.0
TCHP,Q9BT92,100.0,100.0,0.0
DST,Q03001,0.0,0.0,0.0
BNC2,Q6ZN30,0.0,0.0,0.0
CHD2,O14647,1.6666666666666667,1.6666666666666667,0.0
MUC7,Q8TAX7,0.0,0.0,0.0
MTHFSD,Q2M296,100.0,100.0,0.0
NUP214,P35658,0.0,0.0,0.0
FNDC1,Q4ZHG4,0.0,0.0,0.0
ATP9A,O75110,98.33333333333333,98.33333333333333,0.0
RSPH3,Q86UC2,1.6666666666666667,1.6666666666666667,0.0
CDK12,H0YLT2,1.6666666666666667,1.6666666666666667,0.0
PLEKHA7,Q6IQ23,0.0,0.0,0.0
PPP1R13L,Q8WUF5,100.0,100.0,0.0
EMSY,Q7Z589,0.0,0.0,0.0
ZFYVE27,Q5T4F4,0.0,0.0,0.0
ATAD2,Q6PL18,100.0,100.0,0.0
STRIP2,Q9ULQ0,0.0,0.0,0.0
ASCC3,Q8N3C0,0.0,0.0,0.0
HIP1,O00291,0.0,0.0,0.0
C1S,P09871,0.0,0.0,0.0
RALB,P11234,0.0,0.0,0.0
LTF,P02788,0.0,0.0,0.0
PIP4K2A,P48426,0.0,0.0,0.0
RAC1,P63000,0.0,0.0,0.0
CFL1,P23528,0.0,0.0,0.0
ITIH1,P19827,0.0,0.0,0.0
F2,P00734,0.0,0.0,0.0
TTR,P02766,0.0,0.0,0.0
RAN,P62826,0.0,0.0,0.0
CFHR1,Q03591,0.0,0.0,0.0
SYNCRIP,O60506,0.0,0.0,0.0
SERPINA5,P05154,0.0,0.0,0.0
EPHX1,P07099,0.0,0.0,0.0
AHSG,P02765,0.0,0.0,0.0
TUBA1B,P68363,0.0,0.0,0.0
ARHGAP18,Q8N392,0.0,0.0,0.0
ENO1,P06733,0.0,0.0,0.0
DSG1,Q02413,0.0,0.0,0.0
IGLC6,P0CF74,0.0,0.0,0.0
GGT1,P19440,0.0,0.0,0.0
ANTXR2,P58335,0.0,0.0,0.0
APOL1,O14791,0.0,0.0,0.0
RAB8A,P61006,0.0,0.0,0.0
ILK,A0A0A0MTH3,0.0,0.0,0.0
RHOA,P61586,0.0,0.0,0.0
FIGNL2,A6NMB9,100.0,100.0,0.0
DDX55,Q8NHQ9,0.0,0.0,0.0
UROD,A0A494C085,100.0,100.0,0.0
EZH1,K7EPC0,100.0,100.0,0.0
CILK1,A0A7I2PIU1,100.0,100.0,0.0
UBR1,Q8IWV7,100.0,100.0,0.0
ADCY8,P40145,100.0,100.0,0.0
ARHGAP20,Q9P2F6,100.0,100.0,0.0
FAHD1,Q6P587,0.0,0.0,0.0
TRPM8,Q7Z2W7,100.0,100.0,0.0
FARP2,O94887,0.0,0.0,0.0
SPSB3,Q6PJ21,100.0,100.0,0.0
CDADC1,Q9BWV3,0.0,0.0,0.0
STXBP5,Q5T5C0,0.0,0.0,0.0
KIAA1217,Q5T5P2,100.0,100.0,0.0
PHLDB2,Q86SQ0,0.0,0.0,0.0
PDE6C,P51160,0.0,0.0,0.0
ZKSCAN4,Q969J2,0.0,0.0,0.0
NFIB,O00712,0.0,0.0,0.0
TEX14,Q8IWB6,23.333333333333332,23.333333333333332,0.0
SETD1A,O15047,0.0,0.0,0.0
RIOK2,Q9BVS4,0.0,0.0,0.0
IGHA1,P01876,0.0,0.0,0.0
F12,P00748,0.0,0.0,0.0
C1R,P00736,0.0,0.0,0.0
KRT5,P13647,0.0,0.0,0.0
DPP4,P27487,0.0,0.0,0.0
APOH,P02749,0.0,0.0,0.0
,B4E1Z4,0.0,0.0,0.0
IGHM,P01871,0.0,0.0,0.0
CP,P00450,0.0,0.0,0.0
HRNR,Q86YZ3,0.0,0.0,0.0
GC,P02774,0.0,0.0,0.0
RAP1B,P61224,0.0,0.0,0.0
OPTN,Q96CV9,0.0,0.0,0.0
EHD1,Q9H4M9,0.0,0.0,0.0
CLU,P10909,0.0,0.0,0.0
SERPINA1,P01009,0.0,0.0,0.0
SAA2-SAA4,A0A096LPE2,0.0,0.0,0.0
TFPI,P10646,0.0,0.0,0.0
,A0A8I5KW61,0.0,0.0,0.0
HABP2,Q14520,0.0,0.0,0.0
BASP1,P80723,0.0,0.0,0.0
TLN1,Q9Y490,0.0,0.0,0.0
ABCC5,O15440,100.0,100.0,0.0
TOP3B,F2Z2A5,0.0,0.0,0.0
MARCKS,P29966,0.0,0.0,0.0
CSRP1,P21291,0.0,0.0,0.0
CAMP,P49913,0.0,0.0,0.0
ZC3H3,H0YEY2,100.0,100.0,0.0
BICRA,Q9NZM4,0.0,0.0,0.0
KIDINS220,Q9ULH0,100.0,100.0,0.0
OPA1,O60313,1.6666666666666667,1.6666666666666667,0.0
DDA1,Q9BW61,0.0,0.0,0.0
MRPS31,Q92665,5.0,5.0,0.0
TRPC6,Q9Y210,0.0,0.0,0.0
DNAAF5,Q86Y56,0.0,0.0,0.0
MAP7D1,Q3KQU3,0.0,0.0,0.0
SMC5,Q8IY18,0.0,0.0,0.0
ABTB1,Q969K4,0.0,0.0,0.0
ZNF90,Q03938,100.0,100.0,0.0
SH3PXD2B,A1X283,100.0,100.0,0.0
HPR,P00739,0.0,0.0,0.0
MAGEE1,Q9HCI5,0.0,0.0,0.0
F5,P12259,0.0,0.0,0.0
BAHCC1,Q9P281,0.0,0.0,0.0
SZT2,Q5T011,0.0,0.0,0.0
GRK4,P32298,0.0,0.0,0.0
C3,P01024,0.0,0.0,0.0
TARBP1,Q13395,0.0,0.0,0.0
MBTD1,Q05BQ5,0.0,0.0,0.0
DIXDC1,Q155Q3,0.0,0.0,0.0
ZMYM5,Q9UJ78,0.0,0.0,0.0
VEPH1,Q14D04,0.0,0.0,0.0
FGB,P02675,0.0,0.0,0.0
ITIH4,Q14624,0.0,0.0,0.0
ARHGAP22,D6R9V6,0.0,0.0,0.0
CKMT1A; CKMT1B,P12532,0.0,0.0,0.0
STAT5A,P42229,100.0,100.0,0.0
UNC13A,Q9UPW8,100.0,100.0,0.0
ZNF32,P17041,0.0,0.0,0.0
RAD54B,Q9Y620,0.0,0.0,0.0
CD96,P40200,0.0,0.0,0.0
TTC21B,Q7Z4L5,0.0,0.0,0.0
MYCL,P12524,100.0,100.0,0.0
ECT2,Q9H8V3,0.0,0.0,0.0
WDHD1,O75717,0.0,0.0,0.0
,O00370,100.0,100.0,0.0
HEXA-AS1,Q9H8Q6,1.6666666666666667,1.6666666666666667,0.0
SERPING1,P05155,0.0,0.0,0.0
LAMB1,P07942,0.0,0.0,0.0
SCYL3,Q8IZE3,100.0,100.0,0.0
CYB5R3,A0A8I5KW26,1.6666666666666667,1.6666666666666667,0.0
THAP4,Q8WY91,0.0,0.0,0.0
EPG5,Q9HCE0,0.0,0.0,0.0
HAGH,Q16775,100.0,100.0,0.0
CADPS2,Q86UW7,0.0,0.0,0.0
SLC6A14,Q9UN76,100.0,100.0,0.0
MAP3K13,O43283,0.0,0.0,0.0
AGPAT5,Q9NUQ2,0.0,0.0,0.0
BLTP2,Q14667,0.0,0.0,0.0
TEX15,Q9BXT5,0.0,0.0,0.0
PNPLA2,Q96AD5,100.0,100.0,0.0
MYO1A,Q9UBC5,100.0,100.0,0.0
FYB1,O15117,0.0,0.0,0.0
IGFBP3,P17936,0.0,0.0,0.0
CEP63,Q96MT8,0.0,0.0,0.0
,H0Y858,0.0,0.0,0.0
GRK3,P35626,0.0,0.0,0.0
DNAH10,Q8IVF4,0.0,0.0,0.0
ANK2,Q01484,100.0,100.0,0.0
PRB4,P10163,100.0,100.0,0.0
,L7N2F9,100.0,100.0,0.0
NUAK2,Q9H093,3.3333333333333335,3.3333333333333335,0.0
MCM5,P33992,0.0,0.0,0.0
HSD3B2,P26439,0.0,0.0,0.0
PIM1,P11309,0.0,0.0,0.0
ATP9B,O43861,0.0,0.0,0.0
PRDM2,Q13029,0.0,0.0,0.0
CCPG1,Q9ULG6,0.0,0.0,0.0
PIK3CB,H0Y871,100.0,100.0,0.0
CCDC168,Q8NDH2,0.0,0.0,0.0
CILP,O75339,0.0,0.0,0.0
ABCA12,Q86UK0,0.0,0.0,0.0
MPHOSPH8,Q99549,100.0,100.0,0.0
UNC13C,Q8NB66,0.0,0.0,0.0
TTC13,Q8NBP0,0.0,0.0,0.0
PPM1D,O15297,0.0,0.0,0.0
TSHZ3,Q63HK5,0.0,0.0,0.0
ACTB,P60709,0.0,0.0,0.0
PPM1G,O15355,0.0,0.0,0.0
WWTR1,H7C4Z7,100.0,100.0,0.0
PTPN18,Q99952,100.0,100.0,0.0
LSS,P48449,100.0,100.0,0.0
KIF17,Q9P2E2,100.0,100.0,0.0
FDFT1,A0A1W2PQ47,100.0,100.0,0.0
ZC3HAV1L,Q96H79,100.0,100.0,0.0
PTK2,A0A8Q3WLM4,100.0,100.0,0.0
ATP10B,O94823,100.0,100.0,0.0
SPRR4,Q96PI1,100.0,100.0,0.0
CES4A,Q5XG92,100.0,100.0,0.0
CCDC40,Q4G0X9,0.0,0.0,0.0
CEMIP,Q8WUJ3,100.0,100.0,0.0
NUAK1,O60285,100.0,100.0,0.0
S100A8,P05109,0.0,0.0,0.0
ORM1,P02763,0.0,0.0,0.0
RPS27A,P62979,0.0,0.0,0.0
SERPINA3,P01011,0.0,0.0,0.0
RAB10,P61026,0.0,0.0,0.0
ITLN1,Q8WWA0,100.0,100.0,0.0
CEP192,Q8TEP8,0.0,0.0,0.0
SMCHD1,A6NHR9,100.0,100.0,0.0
BTF3L4,Q96K17,0.0,0.0,0.0
MYH9,P35579,0.0,0.0,0.0
CAP1,Q01518,0.0,0.0,0.0
AGT,A0A7P0T8D1,0.0,0.0,0.0
C5,P01031,0.0,0.0,0.0
DSC1,Q08554,0.0,0.0,0.0
SERPINA4,P29622,0.0,0.0,0.0
QSOX1,O00391,0.0,0.0,0.0
A1BG,P04217,0.0,0.0,0.0
IGKV3-20,P01619,0.0,0.0,0.0
CCN2,P29279,0.0,0.0,0.0
S100A9,P06702,0.0,0.0,0.0
PLEK,P08567,0.0,0.0,0.0
CALD1,Q05682,0.0,0.0,0.0
ENPEP,Q07075,0.0,0.0,0.0
CETP,P11597,0.0,0.0,0.0
EIF2S2,P20042,0.0,0.0,0.0
HMGN1,A6NEL0,100.0,100.0,0.0
DYNC2H1,Q8NCM8,0.0,0.0,0.0
PRKG1,Q13976,100.0,100.0,0.0
ANKRD34B,A5PLL1,100.0,100.0,0.0
IRS4,O14654,100.0,100.0,0.0
PARVB,Q9HBI1,0.0,0.0,0.0
JUP,P14923,0.0,0.0,0.0
RAC2,P15153,0.0,0.0,0.0
CCDC7,Q96M83,0.0,0.0,0.0
ZNF711,Q9Y462,100.0,100.0,0.0
PBRM1,A0A9L9PXL4,100.0,100.0,0.0
NEXN,Q0ZGT2,100.0,100.0,0.0
TRIM36,E9PBG3,1.6666666666666667,1.6666666666666667,0.0
PRKAB1,Q9Y478,100.0,100.0,0.0
RNF123,Q5XPI4,100.0,100.0,0.0
BUD13,Q9BRD0,11.666666666666666,11.666666666666666,0.0
,K7ENM7,100.0,100.0,0.0
FBN2,P35556,100.0,100.0,0.0
OTUD4,Q01804,100.0,100.0,0.0
RAD23A,K7ELU6,100.0,100.0,0.0
NELL1,J3KNC5,100.0,100.0,0.0
C7,P10643,0.0,0.0,0.0
CD5L,O43866,0.0,0.0,0.0
ARHGAP45,Q92619,0.0,0.0,0.0
HMGB2,P26583,0.0,0.0,0.0
INF2,Q27J81,0.0,0.0,0.0
LASP1,Q14847,0.0,0.0,0.0
ARL8B,Q9NVJ2,0.0,0.0,0.0
FLG2,Q5D862,0.0,0.0,0.0
VAMP8,Q9BV40,0.0,0.0,0.0
EIF5,P55010,0.0,0.0,0.0
C1QA,P02745,0.0,0.0,0.0
C6,P13671,0.0,0.0,0.0
CORO1C,Q9ULV4,0.0,0.0,0.0
PTPN6,P29350,0.0,0.0,0.0
SRC,P12931,0.0,0.0,0.0
ANTXR1,Q9H6X2,0.0,0.0,0.0
C1QTNF3-AMACR,E9PGA6,100.0,100.0,0.0
ZNF528,Q3MIS6,1.6666666666666667,1.6666666666666667,0.0
SAR1A,Q9NR31,0.0,0.0,0.0
RALA,P11233,0.0,0.0,0.0
BLMH,Q13867,0.0,0.0,0.0
SELP,P16109,0.0,0.0,0.0
CTSS,P25774,0.0,0.0,0.0
HNRNPD,Q14103,0.0,0.0,0.0
IGHA2,A0A0G2JMB2,0.0,0.0,0.0
CYBB,P04839,100.0,100.0,0.0
KBTBD4,E9PM58,100.0,100.0,0.0
TMEM132B,A0A804HK64,100.0,100.0,0.0
KCNMB4,H0YC85,100.0,100.0,0.0
,A0A087WY73,100.0,100.0,0.0
DTWD2,Q8NBA8,100.0,100.0,0.0
PRKAR2B,P31323,100.0,100.0,0.0
SAFB2,Q14151,0.0,0.0,0.0
PLK4,O00444,100.0,100.0,0.0
ERLIN2,O94905,100.0,100.0,0.0
TOLLIP,Q9H0E2,100.0,100.0,0.0
TRAF2,Q12933,100.0,100.0,0.0
SPTBN2,A0A087WYQ1,100.0,100.0,0.0
DNAH6,Q9C0G6,100.0,100.0,0.0
RYR3,Q15413,1.6666666666666667,1.6666666666666667,0.0
NUFIP1,Q9UHK0,100.0,100.0,0.0
HACD3,H3BS72,100.0,100.0,0.0
PLEKHG5,A0A5F9ZHW8,100.0,100.0,0.0
ESR1,H0Y4W6,100.0,100.0,0.0
RPS10P5,Q9NQ39,100.0,100.0,0.0
RPS23,P62266,100.0,100.0,0.0
NYAP1,Q6ZVC0,100.0,100.0,0.0
PI4KA,P42356,100.0,100.0,0.0
ZNF224,Q9NZL3,100.0,100.0,0.0
INO80,Q9ULG1,100.0,100.0,0.0
PEAK1,Q9H792,100.0,100.0,0.0
AFM,P43652,0.0,0.0,0.0
DCST1,Q5T197,100.0,100.0,0.0
MORC4,Q8TE76,100.0,100.0,0.0
TNKS,O95271,100.0,100.0,0.0
SEC61A2,Q9H9S3,100.0,100.0,0.0
NOD2,Q9HC29,100.0,100.0,0.0
LMBR1,F8WDW0,1.6666666666666667,1.6666666666666667,0.0
CAPN3,P20807,100.0,100.0,0.0
EHD3,Q9NZN3,0.0,0.0,0.0
SKAP2,O75563,0.0,0.0,0.0
SELL,P14151,0.0,0.0,0.0
APOD,C9JF17,0.0,0.0,0.0
LIMS1,P48059,0.0,0.0,0.0
NCL,H7BY16,0.0,0.0,0.0
AIDA,Q96BJ3,100.0,100.0,0.0
DEFB110,Q30KQ9,100.0,100.0,0.0
KRAS,P01116,0.0,0.0,0.0
H1-3,P16402,0.0,0.0,0.0
C9,P02748,0.0,0.0,0.0
ORM2,P19652,0.0,0.0,0.0
DIAPH1,O60610,0.0,0.0,0.0
ICAM1,P05362,0.0,0.0,0.0
SELENOP,P49908,0.0,0.0,0.0
ARF3,P61204,0.0,0.0,0.0
NACA,E9PAV3,0.0,0.0,0.0
PKM,P14618,0.0,0.0,0.0
CSTA,P01040,0.0,0.0,0.0
ZYX,Q15942,0.0,0.0,0.0
SERPINF1,P36955,0.0,0.0,0.0
APOC4,P55056,0.0,0.0,0.0
C1QC,P02747,0.0,0.0,0.0
WIPF1,O43516,0.0,0.0,0.0
PHLDA1,Q8WV24,0.0,0.0,0.0
L1RE1,Q9UN81,100.0,100.0,0.0
OR52A5,Q9H2C5,100.0,100.0,0.0
SERTAD2,Q14140,100.0,100.0,0.0
TAS1R3,Q7RTX0,100.0,100.0,0.0
THRAP3,Q9Y2W1,100.0,100.0,0.0
RSU1,Q15404,0.0,0.0,0.0
KRT6B,P04259,0.0,0.0,0.0
PHEX,P78562,100.0,100.0,0.0
CXCR4,P61073,100.0,100.0,0.0
FPR1,P21462,100.0,100.0,0.0
F8,P00451,100.0,100.0,0.0
CNOT6L,Q96LI5,100.0,100.0,0.0
RIPK1,Q13546,100.0,100.0,0.0
KMT2A,Q03164,0.0,0.0,0.0
PBXIP1,Q96AQ6,100.0,100.0,0.0
CMIP,Q8IY22,100.0,100.0,0.0
ZFYVE26,A0A7I2V403,100.0,100.0,0.0
UFD1,Q92890,100.0,100.0,0.0
CFAP57,A0A087WVY5,100.0,100.0,0.0
MARF1,H0YIB6,100.0,100.0,0.0
DKK2,Q9UBU2,1.6666666666666667,1.6666666666666667,0.0
HLA-DPB1,A0A140T9Q1,0.0,0.0,0.0
PSMA3,P25788,100.0,100.0,0.0
EVC,P57679,100.0,100.0,0.0
SMYD3,Q9H7B4,100.0,100.0,0.0
CEP162,Q5TB80,100.0,100.0,0.0
IGFBP1,P08833,100.0,100.0,0.0
GP2,P55259,0.0,0.0,0.0
PSMD4,Q5VWC4,100.0,100.0,0.0
PHAF1,Q9BSU1,100.0,100.0,0.0
MTRNR2L3,P0CJ70,100.0,100.0,0.0
PLCB4,A0A8I5KQF5,100.0,100.0,0.0
LDAH,B5MCE2,100.0,100.0,0.0
ABCF2,Q9UG63,100.0,100.0,0.0
MYOZ2,Q9NPC6,0.0,0.0,0.0
CPB2,Q96IY4,0.0,0.0,0.0
PLG,P00747,0.0,0.0,0.0
ADAM10,O14672,0.0,0.0,0.0
PPIB,P23284,0.0,0.0,0.0
PYM1,Q9BRP8,0.0,0.0,0.0
APOC4-APOC2,K7ER74,0.0,0.0,0.0
UBA1,P22314,100.0,100.0,0.0
DPYS,Q14117,100.0,100.0,0.0
SLC6A7,Q99884,100.0,100.0,0.0
TTN,Q8WZ42,0.0,0.0,0.0
PROS1,P07225,0.0,0.0,0.0
APCS,P02743,0.0,0.0,0.0
CLIC1,O00299,0.0,0.0,0.0
ADD1,P35611,0.0,0.0,0.0
PAIP1,Q9H074,100.0,100.0,0.0
KRT16,P08779,0.0,0.0,0.0
LBP,P18428,0.0,0.0,0.0
HMGB1,P09429,0.0,0.0,0.0
EIF2S3,P41091,0.0,0.0,0.0
PRDX1,Q06830,0.0,0.0,0.0
LRRC59,Q96AG4,0.0,0.0,0.0
IGKV2-28,A0A075B6P5,0.0,0.0,0.0
GSN,P06396,0.0,0.0,0.0
KRT78,Q8N1N4,0.0,0.0,0.0
SERPINC1,P01008,0.0,0.0,0.0
HPX,P02790,0.0,0.0,0.0
TUBB1,Q9H4B7,0.0,0.0,0.0
ZNF229,Q9UJW7,100.0,100.0,0.0
ZNF3,P17036,100.0,100.0,0.0
DDX46,A0A0C4DG89,0.0,0.0,0.0
CUL4B,A0A7P0T8W4,100.0,100.0,0.0
B3GLCT,Q6Y288,100.0,100.0,0.0
SHISA7,A6NL88,0.0,0.0,0.0
CLIP1,P30622,100.0,100.0,0.0
APOC3,B0YIW2,0.0,0.0,0.0
RAG1,P15918,3.3333333333333335,3.3333333333333335,0.0
XRCC6,P12956,100.0,100.0,0.0
INTS12,E9PGI3,100.0,100.0,0.0
CFAP46,Q8IYW2,0.0,0.0,0.0
CCDC88C,Q9P219,88.33333333333333,88.33333333333333,0.0
POLD4,Q9HCU8,100.0,100.0,0.0
SYNJ1,J3KQV8,100.0,100.0,0.0
NDRG2,Q9UN36,100.0,100.0,0.0
PYGB,P11216,0.0,0.0,0.0
SARG,Q9BW04,100.0,100.0,0.0
PABPC1,P11940,0.0,0.0,0.0
RPL12,P30050,0.0,0.0,0.0
NCF2,P19878,0.0,0.0,0.0
PFN1,P07737,0.0,0.0,0.0
IGHV4-28,A0A0C4DH34,1.6666666666666667,1.6666666666666667,0.0
SFN,P31947,0.0,0.0,0.0
IGLV3-1,P01715,0.0,0.0,0.0
DNAJB1,P25685,0.0,0.0,0.0
SLK,Q9H2G2,0.0,0.0,0.0
CRP,P02741,0.0,0.0,0.0
ARHGAP26,Q9UNA1,100.0,100.0,0.0
GPX1,P07203,0.0,0.0,0.0
KIF5A,Q12840,100.0,100.0,0.0
DSTN,P60981,0.0,0.0,0.0
PDLIM1,O00151,0.0,0.0,0.0
IVL,P07476,0.0,0.0,0.0
IGLV1-47,P01700,0.0,0.0,0.0
CNP,P09543,0.0,0.0,0.0
ARPC3,F8VR50,100.0,100.0,0.0
ARPC3,O15145,0.0,0.0,0.0
PLIN1,O60240,0.0,0.0,0.0
SERPINA11,Q86U17,0.0,0.0,0.0
MOB3A,Q96BX8,0.0,0.0,0.0
SMC1A,Q14683,0.0,0.0,0.0
NPEPPS,P55786,0.0,0.0,0.0
IGKV3D-11,A0A0A0MRZ8,0.0,0.0,0.0
IGHV6-1,A0A0B4J1U7,0.0,0.0,0.0
ROGDI,Q9GZN7,0.0,0.0,0.0
FILIP1L,H7C4M0,100.0,100.0,0.0
CD99,P14209,100.0,100.0,0.0
SIPA1L2,A0A6Q8PFQ0,0.0,0.0,0.0
PDGFB,P01127,0.0,0.0,0.0
ALDOC,P09972,100.0,100.0,0.0
ERN1,A0A7P0TAB0,0.0,0.0,0.0
ANKLE2,Q86XL3,100.0,100.0,0.0
PLS3,P13797,100.0,100.0,0.0
FBL,M0R1H0,0.0,0.0,0.0
PTGDS,P41222,100.0,100.0,0.0
BPIFB1,Q8TDL5,100.0,100.0,0.0
EIF2B4,E7ERK9,1.6666666666666667,1.6666666666666667,0.0
AIMP1,Q12904,0.0,0.0,0.0
NAMPT,P43490,0.0,0.0,0.0
EPRS1,P07814,0.0,0.0,0.0
EPB41L3,Q9Y2J2,0.0,0.0,0.0
OLFML3,Q9NRN5,1.6666666666666667,1.6666666666666667,0.0
MBNL1,A0A0A0MQX8,0.0,0.0,0.0
PYGM,P11217,0.0,0.0,0.0
CCL21,O00585,0.0,0.0,0.0
DLGAP4,Q9Y2H0,100.0,100.0,0.0
TERF1,E7EWM7,100.0,100.0,0.0
RPS4X,P62701,0.0,0.0,0.0
RNASE3,P12724,0.0,0.0,0.0
MINK1,Q8N4C8,100.0,100.0,0.0
VAPA,Q9P0L0,0.0,0.0,0.0
TNNT3,P45378,0.0,0.0,0.0
EIF4B,P23588,1.6666666666666667,1.6666666666666667,0.0
LCP1,P13796,10.0,10.0,0.0
GTPBP1,O00178,0.0,0.0,0.0
ATE1,A0A8I5KZ24,0.0,0.0,0.0
DAB2,P98082,0.0,0.0,0.0
DEK,P35659,0.0,0.0,0.0
HMGA1,P17096,1.6666666666666667,1.6666666666666667,0.0
IGSF5,Q9NSI5,100.0,100.0,0.0
UGT1A4,P22310,0.0,0.0,0.0
VAT1,Q99536,0.0,0.0,0.0
CKM,P06732,0.0,0.0,0.0
IDE,P14735,0.0,0.0,0.0
PGAM2,P15259,100.0,100.0,0.0
PSMD2,Q13200,0.0,0.0,0.0
SIGLEC16,A6NMB1,0.0,0.0,0.0
RTRAF,Q9Y224,1.6666666666666667,1.6666666666666667,0.0
IGKV1D-13,A0A0B4J2D9,100.0,100.0,0.0
IGHV2-70D,A0A0C4DH43,0.0,0.0,0.0
FAM98A,Q8NCA5,0.0,0.0,0.0
IFI6,P09912,0.0,0.0,0.0
SPTBN4,Q9H254,96.66666666666667,96.66666666666667,0.0
FAM83H,A0A494C1T9,0.0,0.0,0.0
MTHFD1,A0A8V8TKS0,0.0,0.0,0.0
GSTO1,P78417,0.0,0.0,0.0
KRT33A,O76009,0.0,0.0,0.0
ACTN2,P35609,0.0,0.0,0.0
PCBP1,Q15365,0.0,0.0,0.0
CTTN,Q14247,0.0,0.0,0.0
CLTC,Q00610,0.0,0.0,0.0
PLA2G2A,A0A3B3IRX2,0.0,0.0,0.0
UFL1,O94874,0.0,0.0,0.0
BDNF,P23560,0.0,0.0,0.0
DOCK2,Q92608,0.0,0.0,0.0
ITIH3,Q06033,0.0,0.0,0.0
KPLCE,Q5T750,0.0,0.0,0.0
COG4,A0A0A0MS45,0.0,0.0,0.0
H1-10,A0A994J4R3,0.0,0.0,0.0
ALDOA,P04075,0.0,0.0,0.0
MMP2,P08253,0.0,0.0,0.0
EEF1D,P29692,0.0,0.0,0.0
EEF1D,E9PRY8,100.0,100.0,0.0
PA2G4,Q9UQ80,0.0,0.0,0.0
HNRNPU,Q00839,0.0,0.0,0.0
KARS1,Q15046,0.0,0.0,0.0
CCT2,F5GWF6,0.0,0.0,0.0
CORO1B,F5H390,100.0,100.0,0.0
RPL24,P83731,100.0,100.0,0.0
GIMAP4,G5E9W9,1.6666666666666667,1.6666666666666667,0.0
SSB,P05455,0.0,0.0,0.0
SEPTIN2,Q15019,0.0,0.0,0.0
WDR1,O75083,0.0,0.0,0.0
HSP90AA1,P07900,0.0,0.0,0.0
HNRNPCL3,B7ZW38,0.0,0.0,0.0
SYK,P43405,0.0,0.0,0.0
SLC2A1,P11166,0.0,0.0,0.0
PSAP,P07602,100.0,100.0,0.0
FOS,G3V5J9,100.0,100.0,0.0
PLXDC2,Q6UX71,100.0,100.0,0.0
WASF2,Q9Y6W5,100.0,100.0,0.0
RPL14,P50914,100.0,100.0,0.0
PFDN2,Q9UHV9,100.0,100.0,0.0
PCSK5,Q92824,0.0,0.0,0.0
MYCT1,Q8N699,100.0,100.0,0.0
CFAP44,Q96MT7,100.0,100.0,0.0
CMTM6,Q9NX76,100.0,100.0,0.0
VCP,A0A7P0TBK7,100.0,100.0,0.0
SLC3A1,Q07837,0.0,0.0,0.0
IGHV3OR16-12,A0A075B7B8,100.0,100.0,0.0
ILF3,Q12906,0.0,0.0,0.0
FUBP1,Q96AE4,0.0,0.0,0.0
XRCC5,P13010,0.0,0.0,0.0
PHGDH,O43175,100.0,100.0,0.0
RHCE,P18577,0.0,0.0,0.0
BAZ2A,Q9UIF9,100.0,100.0,0.0
FHIP2A,A0AA34QVS8,100.0,100.0,0.0
GPX4,K7EKX7,100.0,100.0,0.0
ERCC5,P28715,100.0,100.0,0.0
RIN3,Q8TB24,100.0,100.0,0.0
ARL8A,Q96BM9,0.0,0.0,0.0
,K7ERQ8,0.0,0.0,0.0
CPN2,P22792,0.0,0.0,0.0
SERPINB4,P48594,0.0,0.0,0.0
FHOD1,Q9Y613,0.0,0.0,0.0
CHMP6,I3L4G8,0.0,0.0,0.0
HGFAC,Q04756,0.0,0.0,0.0
HNRNPA1,P09651,0.0,0.0,0.0
SPAG1,Q07617,100.0,100.0,0.0
SHH,Q15465,100.0,100.0,0.0
MMP14,P50281,0.0,0.0,0.0
IGKV2-29,A2NJV5,0.0,0.0,0.0
PIK3CB,P42338,100.0,100.0,0.0
EIF5A,P63241,0.0,0.0,0.0
LGALS7; LGALS7B,P47929,0.0,0.0,0.0
RAB5A,P20339,100.0,100.0,0.0
CSNK2B,Q5SRQ6,100.0,100.0,0.0
ASPH,Q12797,100.0,100.0,0.0
TNNT1,P13805,100.0,100.0,0.0
CCDC9B,Q6ZUT6,100.0,100.0,0.0
CLRN3,Q8NCR9,100.0,100.0,0.0
DDX43,Q9NXZ2,1.6666666666666667,1.6666666666666667,0.0
TRAJ56,A0A075B6Z2,0.0,0.0,0.0
CA2,P00918,100.0,100.0,0.0
RANBP3,Q9H6Z4,0.0,0.0,0.0
NPC1L1,Q9UHC9,0.0,0.0,0.0
EIF5A2,Q9GZV4,100.0,100.0,0.0
YWHAZ,P63104,0.0,0.0,0.0
BTK,A0A8Q3WL62,6.666666666666667,6.666666666666667,0.0
EIF2S1,P05198,0.0,0.0,0.0
PDLIM7,Q9NR12,0.0,0.0,0.0
CTSG,P08311,0.0,0.0,0.0
FABP5,Q01469,0.0,0.0,0.0
ILF2,Q12905,0.0,0.0,0.0
EEF1B2,P24534,0.0,0.0,0.0
HSPA1L,P34931,0.0,0.0,0.0
H4C1; H4C11; H4C12; H4C13; H4C14; H4C15; H4C16; H4C2; H4C3; H4C4; H4C5; H4C6; H4C8; H4C9,P62805,0.0,0.0,0.0
CD151,P48509,0.0,0.0,0.0
MCTS1,Q9ULC4,0.0,0.0,0.0
,E5RI56,0.0,0.0,0.0
PRDX6,P30041,0.0,0.0,0.0
SUB1,P53999,0.0,0.0,0.0
ACTN4,O43707,1.6666666666666667,1.6666666666666667,0.0
CCL5,P13501,0.0,0.0,0.0
SND1,Q7KZF4,0.0,0.0,0.0
DNAJA1,P31689,56.666666666666664,56.666666666666664,0.0
ARL8A,A0A087X2J2,100.0,100.0,0.0
SPARC,P09486,0.0,0.0,0.0
TGFBI,Q15582,0.0,0.0,0.0
YWHAQ,P27348,1.6666666666666667,1.6666666666666667,0.0
IGLV2-14,P01704,0.0,0.0,0.0
UMOD,X6RBG4,0.0,0.0,0.0
PLEC,Q15149,0.0,0.0,0.0
TAOK3,Q9H2K8,0.0,0.0,0.0
COMP,P49747,100.0,100.0,0.0
THBS4,P35443,100.0,100.0,0.0
PSMA7,O14818,100.0,100.0,0.0
TFRC,P02786,0.0,0.0,0.0
HLA-B,A0A140T953,100.0,100.0,0.0
RGS18,Q9NS28,0.0,0.0,0.0
HSPA1B,P0DMV9,0.0,0.0,0.0
MAN1A1,P33908,0.0,0.0,0.0
LTBP2,Q14767,100.0,100.0,0.0
ROCK1,Q13464,0.0,0.0,0.0
BPI,P17213,0.0,0.0,0.0
SHBG,P04278,0.0,0.0,0.0
ANXA2,P07355,0.0,0.0,0.0
SERPINB1,P30740,0.0,0.0,0.0
ASAP2,O43150,0.0,0.0,0.0
IGFBP4,P22692,0.0,0.0,0.0
DNM1L,O00429,0.0,0.0,0.0
CNDP2,Q96KP4,0.0,0.0,0.0
PIN4,Q9Y237,0.0,0.0,0.0
PPP1R14A,Q96A00,0.0,0.0,0.0
CNDP1,Q96KN2,0.0,0.0,0.0
ALYREF,E9PB61,0.0,0.0,0.0
SAA2,P0DJI9,0.0,0.0,0.0
LDLRAP1,Q5SW96,0.0,0.0,0.0
NMT1,P30419,0.0,0.0,0.0
PADI4,Q9UM07,0.0,0.0,0.0
SH3GLB1,A0A087WW40,0.0,0.0,0.0
ANXA2P2,A6NMY6,0.0,0.0,0.0
PABPC4,Q13310,100.0,100.0,0.0
IDH2,P48735,0.0,0.0,0.0
CHMP5,Q9NZZ3,0.0,0.0,0.0
UBAP2L,A0AA34QVE6,0.0,0.0,0.0
P2RX1,P51575,0.0,0.0,0.0
SNRPA,P09012,0.0,0.0,0.0
FGD3,Q5JSP0,0.0,0.0,0.0
GP1BB,P13224,0.0,0.0,0.0
DDX1,A0A7I2V4J3,0.0,0.0,0.0
SNRPD2,P62316,0.0,0.0,0.0
S100A11,P31949,1.6666666666666667,1.6666666666666667,0.0
FARP1,C9JME2,0.0,0.0,0.0
PROSER2,Q86WR7,0.0,0.0,0.0
SFPQ,P23246,0.0,0.0,0.0
TRRAP,Q9Y4A5,0.0,0.0,0.0
PAK2,Q13177,0.0,0.0,0.0
PARP1,P09874,1.6666666666666667,1.6666666666666667,0.0
ECM1,Q16610,0.0,0.0,0.0
FGL1,Q08830,0.0,0.0,0.0
GRK5,P34947,100.0,100.0,0.0
HNRNPUL2,Q1KMD3,0.0,0.0,0.0
MAP2K4,P45985,0.0,0.0,0.0
SASH3,O75995,0.0,0.0,0.0
INHBE,P58166,0.0,0.0,0.0
CLINT1,Q14677,0.0,0.0,0.0
H3-3A; H3-3B,P84243,0.0,0.0,0.0
IGHV1OR15-1,A0A075B7D0,0.0,0.0,0.0
PGAM1,P18669,0.0,0.0,0.0
MANF,P55145,0.0,0.0,0.0
ABCE1,P61221,0.0,0.0,0.0
TRIP10,Q15642,0.0,0.0,0.0
PACS1,Q6VY07,0.0,0.0,0.0
CTSD,C9JH19,0.0,0.0,0.0
LAP3,P28838,0.0,0.0,0.0
TOMM34,Q15785,0.0,0.0,0.0
ABI1,Q8IZP0,0.0,0.0,0.0
CCT5,P48643,0.0,0.0,0.0
PKP1,Q13835,0.0,0.0,0.0
IGLV2-8,P01709,91.66666666666666,91.66666666666666,0.0
CRISPLD2,Q9H0B8,0.0,0.0,0.0
MAPK1,P28482,0.0,0.0,0.0
OSTF1,Q92882,0.0,0.0,0.0
FBXO7,Q9Y3I1,0.0,0.0,0.0
PCBP2,Q15366,0.0,0.0,0.0
A2ML1,A8K2U0,0.0,0.0,0.0
IGHV1-18,A0A0C4DH31,0.0,0.0,0.0
MAPKAPK3,Q16644,0.0,0.0,0.0
RPL22,P35268,0.0,0.0,0.0
MYL1,P05976,73.33333333333333,73.33333333333333,0.0
EPHB4,P54760,100.0,100.0,0.0
CRYAB,P02511,0.0,0.0,0.0
PFKP,Q01813,0.0,0.0,0.0
IGHV1-2,P23083,100.0,100.0,0.0
FDPS,P14324,0.0,0.0,0.0
VN1R17P,Q8TDU5,100.0,100.0,0.0
MOV10,Q9HCE1,0.0,0.0,0.0
COG3,Q96JB2,100.0,100.0,0.0
TTC6,G3V3A5,0.0,0.0,0.0
SPATA31H1,C9JG08,0.0,0.0,0.0
APOB,A0AAG2UUW0,0.0,0.0,0.0
GAPDH,P04406,0.0,0.0,0.0
DNAH14,A0A804HLD3,0.0,0.0,0.0
TRHDE,Q9UKU6,0.0,0.0,0.0
C3AR1,Q16581,0.0,0.0,0.0
CAVIN2,O95810,0.0,0.0,0.0
A2M,P01023,0.0,0.0,0.0
PLCB2,Q00722,0.0,0.0,0.0
VWF,P04275,0.0,0.0,0.0
C4A,A0A140TA44,0.0,0.0,0.0
MMRN1,Q13201,0.0,0.0,0.0
VTN,P04004,0.0,0.0,0.0
ANPEP,P15144,0.0,0.0,0.0
THBS1,P07996,0.0,0.0,0.0
KRT9,P35527,0.0,0.0,0.0
FN1,P02751,0.0,0.0,0.0
FLNA,P21333,0.0,0.0,0.0
KRT2,P35908,0.0,0.0,0.0
KNG1,P01042,0.0,0.0,0.0
FGG,P02679,0.0,0.0,0.0
KRT1,P04264,0.0,0.0,0.0
LPA,P08519,0.0,0.0,0.0
NOTUM,Q6P988,0.0,0.0,0.0
LACRT,Q9GZZ8,0.0,0.0,0.0
RPS14,P62263,1.6666666666666667,1.6666666666666667,0.0
P4HB,A0A7P0TA97,0.0,0.0,0.0
FGA,P02671,0.0,0.0,0.0
,H0YAC1,0.0,0.0,0.0
LTBP1,Q14766,0.0,0.0,0.0
APOA1,P02647,0.0,0.0,0.0
CFH,P08603,0.0,0.0,0.0
APOA4,P06727,0.0,0.0,0.0
TF,P02787,0.0,0.0,0.0
HRG,P04196,0.0,0.0,0.0
NFXL1,Q6ZNB6,1.6666666666666667,1.6666666666666667,0.0
PRRG3,H7C0C2,0.0,0.0,0.0
GLTPD2,A6NH11,100.0,100.0,0.0
IGHG1,P01857,0.0,0.0,0.0
MME,P08473,0.0,0.0,0.0
KRT14,P02533,0.0,0.0,0.0
DNAH12,Q6ZR08,0.0,0.0,0.0
IGHV2-5,P01817,1.6666666666666667,1.6666666666666667,0.0
ACSL1,P33121,0.0,0.0,0.0
NPHP1,O15259,1.6666666666666667,1.6666666666666667,0.0
CPLX4,Q7Z7G2,100.0,100.0,0.0
LRRCC1,Q9C099,28.333333333333332,28.333333333333332,0.0
WDPCP,O95876,0.0,0.0,0.0
APOE,P02649,0.0,0.0,0.0
COPB1,P53618,100.0,100.0,0.0
ZNF83,P51522,0.0,0.0,0.0
KLC1,Q07866,0.0,0.0,0.0
EIF4G2,P78344,0.0,0.0,0.0
PGM1,P36871,0.0,0.0,0.0
SERPINB8,P50452,100.0,100.0,0.0
PLEKHF2,Q9H8W4,0.0,0.0,0.0
PABPC3,Q9H361,100.0,100.0,0.0
MRPS21,P82921,100.0,100.0,0.0
SLIT1,O75093,0.0,0.0,0.0
IGHV1-69,P01742,0.0,0.0,0.0
IGKV3-7,A0A075B6H7,0.0,0.0,0.0
APMAP,Q9HDC9,0.0,0.0,0.0
REM2,Q8IYK8,100.0,100.0,0.0
NCKAP1,A0A994J6K9,0.0,0.0,0.0
EIF3C,Q99613,0.0,0.0,0.0
LDHA,P00338,0.0,0.0,0.0
NCF1,P14598,100.0,100.0,0.0
YWHAE,P62258,0.0,0.0,0.0
IGKV3-15,P01624,100.0,100.0,0.0
EIF3E,P60228,0.0,0.0,0.0
PRKDC,P78527,0.0,0.0,0.0
FNBP1,Q96RU3,0.0,0.0,0.0
ELMO1,Q92556,0.0,0.0,0.0
FNBP1L,Q5T0N5,0.0,0.0,0.0
TARS1,P26639,0.0,0.0,0.0
TAOK1,Q7L7X3,0.0,0.0,0.0
IGLV3-16,A0A075B6K0,0.0,0.0,0.0
MYL2,P10916,1.6666666666666667,1.6666666666666667,0.0
SLC16A3,O15427,1.6666666666666667,1.6666666666666667,0.0
VCP,P55072,0.0,0.0,0.0
GNB1,P62873,100.0,100.0,0.0
TMBIM1,Q969X1,100.0,100.0,0.0
MTHFD1,P11586,0.0,0.0,0.0
EIF3D,O15371,0.0,0.0,0.0
EPB42,P16452,1.6666666666666667,1.6666666666666667,0.0
CCDC150,Q8NCX0,0.0,0.0,0.0
VPS13A,Q96RL7,0.0,0.0,0.0
ITIH3,E7ET33,100.0,100.0,0.0
NCKAP1L,P55160,0.0,0.0,0.0
KPRP,Q5T749,0.0,0.0,0.0
ADD2,P35612,0.0,0.0,0.0
TGM1,P22735,0.0,0.0,0.0
DSC3,Q14574,1.6666666666666667,1.6666666666666667,0.0
DOK3,Q7L591,0.0,0.0,0.0
LMNA,P02545,0.0,0.0,0.0
PACSIN2,Q9UNF0,0.0,0.0,0.0
IGLV3-9,A0A075B6K5,0.0,0.0,0.0
DDX5,P17844,0.0,0.0,0.0
ANXA1,P04083,0.0,0.0,0.0
ARHGAP17,Q68EM7,0.0,0.0,0.0
MYO1F,O00160,0.0,0.0,0.0
PSME1,Q06323,0.0,0.0,0.0
TPP2,P29144,0.0,0.0,0.0
DDX3X,O00571,0.0,0.0,0.0
MYO18B,Q8IUG5,100.0,100.0,0.0
DAAM1,Q9Y4D1,0.0,0.0,0.0
SERPINB5,P36952,0.0,0.0,0.0
CALR,P27797,0.0,0.0,0.0
STK24,Q9Y6E0,100.0,100.0,0.0
KIAA0825,A0A994J718,0.0,0.0,0.0
CPNE3,O75131,0.0,0.0,0.0
IGHD,P01880,0.0,0.0,0.0
EDF1,O60869,1.6666666666666667,1.6666666666666667,0.0
ACTR1A,P61163,0.0,0.0,0.0
STK26,Q9P289,0.0,0.0,0.0
CTNND2,E9PHB5,100.0,100.0,0.0
EIF3B,P55884,0.0,0.0,0.0
LYN,P07948,100.0,100.0,0.0
GRN,P28799,0.0,0.0,0.0
EVPL,Q92817,0.0,0.0,0.0
CRABP2,P29373,0.0,0.0,0.0
RPS12,P25398,0.0,0.0,0.0
UGT2B15,P54855,100.0,100.0,0.0
H2AC21,Q8IUE6,100.0,100.0,0.0
AP2A1,O95782,0.0,0.0,0.0
SERPINB12,Q96P63,0.0,0.0,0.0
CXCL12,P48061,0.0,0.0,0.0
NID1,P14543,0.0,0.0,0.0
ENPP2,Q13822,0.0,0.0,0.0
CRIP1,P50238,0.0,0.0,0.0
STXBP3,O00186,0.0,0.0,0.0
CST3,P01034,0.0,0.0,0.0
RPS2,P15880,0.0,0.0,0.0
TSPAN2,O60636,0.0,0.0,0.0
VARS1,P26640,0.0,0.0,0.0
PTPN12,Q05209,0.0,0.0,0.0
NCF1B,A6NI72,0.0,0.0,0.0
STIP1,P31948,0.0,0.0,0.0
IGLV7-43,P04211,0.0,0.0,0.0
HNRNPA0,Q13151,0.0,0.0,0.0
SLC4A1,P02730,0.0,0.0,0.0
IGHV1-8,P0DP01,100.0,100.0,0.0
EEF2,P13639,0.0,0.0,0.0
OLA1,J3KQ32,0.0,0.0,0.0
CD14,P08571,0.0,0.0,0.0
PDCD4,Q53EL6,0.0,0.0,0.0
GCA,P28676,0.0,0.0,0.0
GABRA4,D6R924,100.0,100.0,0.0
RAB27B,O00194,0.0,0.0,0.0
IGFBP7,Q16270,0.0,0.0,0.0
S100A14,Q9HCY8,0.0,0.0,0.0
KRT82,Q9NSB4,0.0,0.0,0.0
STX11,O75558,0.0,0.0,0.0
EFTUD2,Q15029,100.0,100.0,0.0
PPL,O60437,0.0,0.0,0.0
TRIM29,Q14134,0.0,0.0,0.0
IGLV8-61,A0A075B6I0,0.0,0.0,0.0
RNASE1,P07998,0.0,0.0,0.0
EIF3I,A0A7I2V5E4,100.0,100.0,0.0
HMGB3,O15347,0.0,0.0,0.0
TAB3,Q8N5C8,100.0,100.0,0.0
RILP,Q96NA2,100.0,100.0,0.0
AFP,J3KMX3,100.0,100.0,0.0
B3GALT2,O43825,100.0,100.0,0.0
PAX2,A0A0A0MRH7,100.0,100.0,0.0
GPR148,Q8TDV2,100.0,100.0,0.0
TTC7A,Q9ULT0,100.0,100.0,0.0
RNF220,Q5VTB9,100.0,100.0,0.0
TG,P01266,0.0,0.0,0.0
MST1,G3XAK1,100.0,100.0,0.0
TP73,O15350,100.0,100.0,0.0
SLC1A2,A0A2R8YD46,100.0,100.0,0.0
MPP1,Q00013,0.0,0.0,0.0
CHD1L,A0A494C1F7,1.6666666666666667,1.6666666666666667,0.0
NTN4,Q9HB63,100.0,100.0,0.0
CTSB,E9PHZ5,100.0,100.0,0.0
TSG101,Q99816,100.0,100.0,0.0
PSMA4,P25789,100.0,100.0,0.0
LINC02915,Q8N8G6,100.0,100.0,0.0
SSX1,Q16384,100.0,100.0,0.0
POC1A,Q8NBT0,0.0,0.0,0.0
SLC22A1,O15245,0.0,0.0,0.0
ACTL7A,Q9Y615,100.0,100.0,0.0
GRB2,P62993,100.0,100.0,0.0
RPL7,P18124,100.0,100.0,0.0
OSBPL8,Q9BZF1,68.33333333333333,68.33333333333333,0.0
TRIM33,Q9UPN9,1.6666666666666667,1.6666666666666667,0.0
CTSH,A0A7I2V3E8,100.0,100.0,0.0
CTSH,A0A7I2V2L7,0.0,0.0,0.0
RBBP6,Q7Z6E9,0.0,0.0,0.0
TMEM53,Q6P2H8,100.0,100.0,0.0
CHAD,O15335,100.0,100.0,0.0
HERC2,O95714,0.0,0.0,0.0
LALBA,P00709,0.0,0.0,0.0
DMD,P11532,0.0,0.0,0.0
,Q5VST9,0.0,0.0,0.0
AGRN,O00468,0.0,0.0,0.0
AZGP1,P25311,0.0,0.0,0.0
RBM19,Q9Y4C8,0.0,0.0,0.0
MFAP2,P55001,100.0,100.0,0.0
KLKB1,E9PBC5,100.0,100.0,0.0
KRT10,A0A1B0GVI3,0.0,0.0,0.0
PRKCB,P05771,0.0,0.0,0.0
MPRIP,A0A494BZV2,0.0,0.0,0.0
TAF15,Q92804,0.0,0.0,0.0
MYO15A,Q9UKN7,100.0,100.0,0.0
MGAT3,Q09327,100.0,100.0,0.0
COL6A1,P12109,100.0,100.0,0.0
INSL6,Q9Y581,100.0,100.0,0.0
ZRANB3,Q5FWF4,100.0,100.0,0.0
KRT76,Q01546,0.0,0.0,0.0
FERMT3,A0A8V8TME2,0.0,0.0,0.0
KRT6C,P48668,100.0,100.0,0.0
C4B,A0A140TA29,0.0,0.0,0.0
TUBA3E,Q6PEY2,100.0,100.0,0.0
KRT71,Q3SY84,100.0,100.0,0.0
F12,A0A8Q3WL37,100.0,100.0,0.0
FHL1,Q5JXI0,0.0,0.0,0.0
POTEJ,P0CG39,100.0,100.0,0.0
TBC1D5,Q92609,100.0,100.0,0.0
CHML,P26374,100.0,100.0,0.0
WAS,A0A8V8TNH9,0.0,0.0,0.0
H1-2,P16403,100.0,100.0,0.0
PCOLCE,Q15113,0.0,0.0,0.0
SYNCRIP,A0A7I2YQV8,0.0,0.0,0.0
AMBP,S4R3Y4,0.0,0.0,0.0
MLPH,H7C052,0.0,0.0,0.0
CPN1,P15169,0.0,0.0,0.0
CDH1,P12830,0.0,0.0,0.0
FCN1,O00602,0.0,0.0,0.0
BZW1,Q7L1Q6,0.0,0.0,0.0
TUBB,P07437,0.0,0.0,0.0
CFD,P00746,0.0,0.0,0.0
PZP,P20742,0.0,0.0,0.0
CALD1,E9PGZ1,0.0,0.0,0.0
PIP4K2B,P78356,86.66666666666667,86.66666666666667,0.0
SENP1,Q9P0U3,100.0,100.0,0.0
PLA1A,Q53H76,100.0,100.0,0.0
SHCBP1,Q8NEM2,100.0,100.0,0.0
EIF1,K7EM18,100.0,100.0,0.0
LIMS2,Q7Z4I7,100.0,100.0,0.0
WASHC5,Q12768,100.0,100.0,0.0
OSBP2,Q969R2,100.0,100.0,0.0
MANBA,A0A2R8YEC9,100.0,100.0,0.0
DSG3,P32926,100.0,100.0,0.0
PPP2R3A,Q06190,100.0,100.0,0.0
ATN1,P54259,0.0,0.0,0.0
PSMB8,P28062,1.6666666666666667,1.6666666666666667,0.0
CFH,A0A8Q3WLY2,0.0,0.0,0.0
,A0A8Q3SIA1,0.0,0.0,0.0
ITIH4,B7ZKJ8,0.0,0.0,0.0
C1R,B4DPQ0,100.0,100.0,0.0
SERPINA1,A0A024R6N5,0.0,0.0,0.0
RAB1B,Q9H0U4,0.0,0.0,0.0
FHL1,Q5JXI2,0.0,0.0,0.0
POTEKP,Q9BYX7,100.0,100.0,0.0
HBD,P02042,0.0,0.0,0.0
C1QB,A0A8Q3WM25,0.0,0.0,0.0
POTEF,A5A3E0,100.0,100.0,0.0
IGLC2,P0DOY2,0.0,0.0,0.0
IGHG4,P01861,0.0,0.0,0.0
OLFML1,Q6UWY5,0.0,0.0,0.0
IL1RAP,Q9NPH3,0.0,0.0,0.0
HNRNPK,A0A994J4E9,0.0,0.0,0.0
TUBA4A,P68366,0.0,0.0,0.0
KRT73,Q86Y46,0.0,0.0,0.0
IGHA2,P01877,0.0,0.0,0.0
UBP1,F8WEP8,100.0,100.0,0.0
COL15A1,P39059,100.0,100.0,0.0
CRLF3,Q8IUI8,100.0,100.0,0.0
FLII,A0A1W2PNT9,100.0,100.0,0.0
CPSF6,Q16630,100.0,100.0,0.0
SLC27A6,Q9Y2P4,100.0,100.0,0.0
CA3,P07451,100.0,100.0,0.0
ZFP30,Q9Y2G7,100.0,100.0,0.0
DOCK9,A0A804HIE8,100.0,100.0,0.0
GNPDA2,Q8TDQ7,100.0,100.0,0.0
ERVMER34-1,Q9H9K5,100.0,100.0,0.0
MSI2,A0A6Q8PF05,100.0,100.0,0.0
ZNF530,Q6P9A1,100.0,100.0,0.0
NEB,P20929,0.0,0.0,0.0
RPL17-C18orf32,A0A0A6YYL6,100.0,100.0,0.0
SNX5,Q9Y5X3,100.0,100.0,0.0
TRIM43B,A6NCK2,100.0,100.0,0.0
TAX1BP1,V9GZ06,100.0,100.0,0.0
CHD6,Q8TD26,100.0,100.0,0.0
KCNG3,Q8TAE7,100.0,100.0,0.0
LRRC10B,A6NIK2,100.0,100.0,0.0
CINP,H0YN33,100.0,100.0,0.0
FLOT2,E7EMK3,0.0,0.0,0.0
ALB,P02768,0.0,0.0,0.0
TMEM39A,Q9NV64,100.0,100.0,0.0
ATP2A1,O14983,100.0,100.0,0.0
CD247,A0A8V8TQY8,100.0,100.0,0.0
HSP90B2P,Q58FF3,100.0,100.0,0.0
TMEM201,Q5SNT2,0.0,0.0,0.0
EEF1G,P26641,0.0,0.0,0.0
CCT3,P49368,0.0,0.0,0.0
CEP290,O15078,0.0,0.0,0.0
RARRES2,Q99969,0.0,0.0,0.0
OXSR1,O95747,0.0,0.0,0.0
TSC2,P49815,0.0,0.0,0.0
SYNE2,Q8WXH0,0.0,0.0,0.0
ARF6,P62330,0.0,0.0,0.0
MASP1,P48740,0.0,0.0,0.0
KIF2A,O00139,0.0,0.0,0.0
CCL18,P55774,0.0,0.0,0.0
ENDOU,P21128,100.0,100.0,0.0
LCN1,P31025,0.0,0.0,0.0
AHNAK,Q09666,0.0,0.0,0.0
CAT,P04040,0.0,0.0,0.0
DNAH8,Q96JB1,0.0,0.0,0.0
POLB,E5RJ55,100.0,100.0,0.0
IGLV1-40,P01703,100.0,100.0,0.0
ARFGAP2,E9PN48,100.0,100.0,0.0
DPP9,Q86TI2,0.0,0.0,0.0
ASTN1,B1AJS1,100.0,100.0,0.0
MESD,Q14696,0.0,0.0,0.0
IGLV1-51,P01701,0.0,0.0,0.0
DHX16,O60231,100.0,100.0,0.0
ADGRE1,Q14246,100.0,100.0,0.0
DYNLL1,P63167,0.0,0.0,0.0
TXNL1,O43396,100.0,100.0,0.0
ANKZF1,Q9H8Y5,100.0,100.0,0.0
PIWIL2,Q8TC59,100.0,100.0,0.0
ANAPC1,Q9H1A4,100.0,100.0,0.0
FAM169A,Q9Y6X4,100.0,100.0,0.0
HMG20B,Q9P0W2,100.0,100.0,0.0
SLC39A10,Q9ULF5,90.0,90.0,0.0
GOLPH3L,Q9H4A5,100.0,100.0,0.0
LRRK1,Q38SD2,100.0,100.0,0.0
SPATS1,Q496A3,100.0,100.0,0.0
FAT4,A0A6Q8JR05,100.0,100.0,0.0
RACK1,P63244,100.0,100.0,0.0
TMEM132C,Q8N3T6,100.0,100.0,0.0
DRG2,P55039,100.0,100.0,0.0
HK3,P52790,0.0,0.0,0.0
PUS10,Q3MIT2,100.0,100.0,0.0
ZDBF2,Q9HCK1,100.0,100.0,0.0
POU2F2,A0A8I5KYI8,100.0,100.0,0.0
PTPRH,Q9HD43,100.0,100.0,0.0
BIRC6,Q9NR09,0.0,0.0,0.0
INTS13,Q9NVM9,100.0,100.0,0.0
C1orf52,Q8N6N3,100.0,100.0,0.0
LTA4H,P09960,100.0,100.0,0.0
ZNF212,Q9UDV6,100.0,100.0,0.0
LCE3B,Q5TA77,100.0,100.0,0.0
RBP4,P02753,0.0,0.0,0.0
ZFYVE19,Q96K21,100.0,100.0,0.0
AFF4,Q9UHB7,0.0,0.0,0.0
C4B; C4B_2,P0C0L5,0.0,0.0,0.0
RHOC,P08134,0.0,0.0,0.0
SRRT,Q9BXP5,100.0,100.0,0.0
PPM1F,P49593,100.0,100.0,0.0
MDN1,Q9NU22,0.0,0.0,0.0
PLCZ1,A0A3B3ISW9,100.0,100.0,0.0
CAPZA1,P52907,0.0,0.0,0.0
DYNAP,Q8N1N2,0.0,0.0,0.0
ATP1A2,P50993,0.0,0.0,0.0
SF3B1,O75533,0.0,0.0,0.0
SPTA1,P02549,0.0,0.0,0.0
SMIM24,O75264,98.33333333333333,98.33333333333333,0.0
CNOT10,H7C0K1,100.0,100.0,0.0
IPO7,O95373,0.0,0.0,0.0
ARHGAP6,O43182,0.0,0.0,0.0
FYB1,A0A2R8YEE1,0.0,0.0,0.0
APOB,P04114,0.0,0.0,0.0
IGHV3-7,P01780,0.0,0.0,0.0
EIF5B,O60841,0.0,0.0,0.0
CORO1A,P31146,0.0,0.0,0.0
KRT3,P12035,0.0,0.0,0.0
MYL12B,O14950,0.0,0.0,0.0
KRT9,K7EQQ3,73.33333333333333,73.33333333333333,0.0
CLCN6,P51797,100.0,100.0,0.0
RYR3,A0A1B0GTF2,100.0,100.0,0.0
ARNT2,Q9HBZ2,100.0,100.0,0.0
PRG4,J3KP74,0.0,0.0,0.0
GP9,P14770,0.0,0.0,0.0
RBMX,P38159,0.0,0.0,0.0
DEFA3,P59666,0.0,0.0,0.0
HLA-A,A0A0G2JPD3,1.6666666666666667,1.6666666666666667,0.0
KIAA0513,O60268,0.0,0.0,0.0
HLA-A,P04439,0.0,0.0,0.0
IGHV3-48,P01763,0.0,0.0,0.0
CRTAC1,Q9NQ79,0.0,0.0,0.0
IGKV1-5,P01602,0.0,0.0,0.0
HLA-A,A0A140T9I0,0.0,0.0,0.0
SEPTIN7,Q16181,0.0,0.0,0.0
ACSM6,Q6P461,100.0,100.0,0.0
TNNC2,P02585,71.66666666666667,71.66666666666667,0.0
VTA1,Q9NP79,100.0,100.0,0.0
ATP6V1G1,O75348,100.0,100.0,0.0
TREX2,Q9BQ50,100.0,100.0,0.0
CAPZB,B1AK88,0.0,0.0,0.0
STK10,O94804,0.0,0.0,0.0
SERPINB3,P29508,0.0,0.0,0.0
TPM3,J3KN67,1.6666666666666667,1.6666666666666667,0.0
PCSK9,A0AA34QVH0,0.0,0.0,0.0
FKBP3,Q00688,0.0,0.0,0.0
TPM2,P07951,0.0,0.0,0.0
TPM3,A0A087WWU8,0.0,0.0,0.0
MYH7,P12883,0.0,0.0,0.0
HSPA8,P11142,0.0,0.0,0.0
CHRNB1,P11230,0.0,0.0,0.0
SERPINA6,P08185,0.0,0.0,0.0
LAMA1,P25391,100.0,100.0,0.0
KRT35,Q92764,100.0,100.0,0.0
TRIQK,Q629K1,100.0,100.0,0.0
UBE2NL,Q5JXB2,100.0,100.0,0.0
IGHV3-35,A0A0C4DH35,100.0,100.0,0.0
SAMD9L,Q8IVG5,100.0,100.0,0.0
ACBD5,A0A7I2YQE9,100.0,100.0,0.0
CDKL3,Q8IVW4,100.0,100.0,0.0
EFHC1,A0A1B0GUV2,100.0,100.0,0.0
LYZ,F8VV32,100.0,100.0,0.0
LYZ,A0A0B4J259,1.6666666666666667,1.6666666666666667,0.0
VASP,A0A994J508,100.0,100.0,0.0
SEPTIN11,Q9NVA2,0.0,0.0,0.0
FAP,Q12884,0.0,0.0,0.0
ITGA6,P23229,0.0,0.0,0.0
VCL,P18206,0.0,0.0,0.0
PGK1,P00558,0.0,0.0,0.0
DENR,O43583,0.0,0.0,0.0
APEX1,P27695,0.0,0.0,0.0
CCT7,Q99832,0.0,0.0,0.0
S100A7A,Q86SG5,0.0,0.0,0.0
GP1BA,P07359,0.0,0.0,0.0
NAP1L1,P55209,0.0,0.0,0.0
PDCD10,Q9BUL8,0.0,0.0,0.0
KRT85,P78386,0.0,0.0,0.0
LYZ,P61626,0.0,0.0,0.0
SENP2,Q9HC62,1.6666666666666667,1.6666666666666667,0.0
ANXA7,P20073,100.0,100.0,0.0
DPYSL2,A0A1C7CYX9,0.0,0.0,0.0
MYL11,Q96A32,100.0,100.0,0.0
ENTPD4,Q9Y227,0.0,0.0,0.0
THSD4,Q6ZMP0,100.0,100.0,0.0
HOOK3,H0YDM4,100.0,100.0,0.0
WARS1,P23381,100.0,100.0,0.0
STIM2,A0A8V8TMC8,100.0,100.0,0.0
RRAS,P10301,100.0,100.0,0.0
PSIP1,O75475,100.0,100.0,0.0
SLC1A7,A0A087WUF9,100.0,100.0,0.0
XPO1,O14980,0.0,0.0,0.0
AZU1,P20160,0.0,0.0,0.0
ST13,P50502,0.0,0.0,0.0
FBLN1,P23142,0.0,0.0,0.0
HLA-C,A0A140T930,100.0,100.0,0.0
ATP1B1,P05026,100.0,100.0,0.0
CCDC124,Q96CT7,100.0,100.0,0.0
RHEB,Q15382,100.0,100.0,0.0
CSE1L,P55060,0.0,0.0,0.0
IGHV3-15,A0A0B4J1V0,0.0,0.0,0.0
HSP90AB1,P08238,0.0,0.0,0.0
KIF5B,P33176,0.0,0.0,0.0
ERAP2,Q6P179,0.0,0.0,0.0
RHOF,Q9HBH0,0.0,0.0,0.0
HLA-C,Q5QT33,0.0,0.0,0.0
PRKCD,Q05655,0.0,0.0,0.0
DNM3,Q9UQ16,100.0,100.0,0.0
SPTB,H0YJE6,100.0,100.0,0.0
CYFIP1,Q7L576,0.0,0.0,0.0
MYH11,P35749,100.0,100.0,0.0
SEC61B,P60468,81.66666666666667,81.66666666666667,0.0
NOMO1,A0A0G2JN29,0.0,0.0,0.0
SMAD2,Q15796,100.0,100.0,0.0
COX5B,P10606,100.0,100.0,0.0
FUBP1,C9JSZ1,100.0,100.0,0.0
LCN1P1,Q5VSP4,1.6666666666666667,1.6666666666666667,0.0
XPO7,E7ESC6,0.0,0.0,0.0
HLA-B,P01889,0.0,0.0,0.0
IGHV1-58,A0A0C4DH39,100.0,100.0,0.0
IMP3,Q9NV31,100.0,100.0,0.0
UBA7,P41226,100.0,100.0,0.0
MCUR1,Q96AQ8,100.0,100.0,0.0
HNRNPH1,G8JLB6,100.0,100.0,0.0
DIPK2A,Q8NDZ4,100.0,100.0,0.0
TALDO1,P37837,100.0,100.0,0.0
PLK1,P53350,100.0,100.0,0.0
NXPE3,Q969Y0,100.0,100.0,0.0
RPL3,P39023,1.6666666666666667,1.6666666666666667,0.0
PLCB3,Q01970,100.0,100.0,0.0
BCL2A1,B4E1X9,100.0,100.0,0.0
CAPN2,P17655,100.0,100.0,0.0
ITGB6,P18564,100.0,100.0,0.0
PPID,Q08752,100.0,100.0,0.0
TTC39C,Q8N584,100.0,100.0,0.0
PARK7,Q99497,100.0,100.0,0.0
CEP41,A0A6Q8PF12,100.0,100.0,0.0
RPAP1,Q9BWH6,100.0,100.0,0.0
ANKRD31,D6RJB7,100.0,100.0,0.0
RIT1,A0A494C0S1,100.0,100.0,0.0
FABP12,A6NFH5,100.0,100.0,0.0
EXOC6,Q8TAG9,100.0,100.0,0.0
FRZB,Q92765,100.0,100.0,0.0
CBX6,O95503,68.33333333333333,68.33333333333333,0.0
COL1A2,P08123,100.0,100.0,0.0
DISC1,Q9NRI5,100.0,100.0,0.0
ANXA4,P09525,100.0,100.0,0.0
ALG13,A0A096LP10,0.0,0.0,0.0
TUBB8,Q3ZCM7,100.0,100.0,0.0
PGLYRP2,Q96PD5,0.0,0.0,0.0
H2BC12,O60814,0.0,0.0,0.0
CD9,A0A2R8Y478,0.0,0.0,0.0
ARF4,C9JAK5,100.0,100.0,0.0
TUBB2A,Q13885,100.0,100.0,0.0
ROCK2,O75116,0.0,0.0,0.0
MNDA,P41218,0.0,0.0,0.0
EZR,P15311,0.0,0.0,0.0
NEFH,P12036,1.6666666666666667,1.6666666666666667,0.0
DNM2,P50570,0.0,0.0,0.0
IGHV3OR16-9,A0A0B4J2B5,0.0,0.0,0.0
PDIA4,C9JMN9,100.0,100.0,0.0
CDH1,H3BNC6,0.0,0.0,0.0
PPP2CB,P62714,100.0,100.0,0.0
RPL11,P62913,100.0,100.0,0.0
NYNRIN,Q9P2P1,100.0,100.0,0.0
FBXW4,A0A5F9UQ55,100.0,100.0,0.0
MGAT1,P26572,100.0,100.0,0.0
TMA7,Q9Y2S6,0.0,0.0,0.0
INF2,A0A6Q8PHS8,0.0,0.0,0.0
HNRNPA3,P51991,0.0,0.0,0.0
PEX5L,Q8IYB4,100.0,100.0,0.0
CHMP1B,Q7LBR1,0.0,0.0,0.0
ECPAS,J3KN16,100.0,100.0,0.0
GPD1,P21695,100.0,100.0,0.0
MDH2,P40926,100.0,100.0,0.0
CS,O75390,100.0,100.0,0.0
RPA1,P27694,0.0,0.0,0.0
LSM6,P62312,0.0,0.0,0.0
COPS5,Q92905,100.0,100.0,0.0
GLO1,Q04760,100.0,100.0,0.0
LY6D,Q14210,100.0,100.0,0.0
ATP5F1B,P06576,0.0,0.0,0.0
TSPAN33,Q86UF1,0.0,0.0,0.0
NEFM,P07197,100.0,100.0,0.0
LFNG,Q8NES3,100.0,100.0,0.0
CYBA,A0A8Q3WL20,100.0,100.0,0.0
MTMR14,Q8NCE2,100.0,100.0,0.0
FSIP2,Q5CZC0,0.0,0.0,0.0
SNX2,O60749,0.0,0.0,0.0
IGKV2-40,A0AAG2T961,100.0,100.0,0.0
MYL9,P24844,0.0,0.0,0.0
DNM1,Q05193,1.6666666666666667,1.6666666666666667,0.0
,A0A0U1RRH7,0.0,0.0,0.0
S100P,P25815,100.0,100.0,0.0
ANKRD20A1,A0A494C151,100.0,100.0,0.0
DES,P17661,100.0,100.0,0.0
KPNA4,O00629,65.0,65.0,0.0
PCLO,Q9Y6V0,0.0,0.0,0.0
RASIP1,Q5U651,100.0,100.0,0.0
CEP350,Q5VT06,100.0,100.0,0.0
RAB14,P61106,0.0,0.0,0.0
TCHH,Q07283,100.0,100.0,0.0
TGFB1I1,O43294,0.0,0.0,0.0
DHX9,Q08211,0.0,0.0,0.0
SYCE1,Q8N0S2,100.0,100.0,0.0
DNAJB6,O75190,100.0,100.0,0.0
D2HGDH,Q8N465,0.0,0.0,0.0
CLK2,P49760,100.0,100.0,0.0
SNX9,A0A7P0T8C7,100.0,100.0,0.0
RASGRP1,H0YKM0,100.0,100.0,0.0
DYNC1LI1,Q9Y6G9,100.0,100.0,0.0
ATP6V1D,Q9Y5K8,100.0,100.0,0.0
PSMA1,P25786,100.0,100.0,0.0
PRUNE1,A0A3B3ITN0,100.0,100.0,0.0
PRPF8,Q6P2Q9,100.0,100.0,0.0
HBG2,P69892,0.0,0.0,0.0
ENO1,A0A2R8Y6I8,100.0,100.0,0.0
KIF2A,A0A6Q8PFA6,0.0,0.0,0.0
PRAM1,Q96QH2,0.0,0.0,0.0
ENO3,P13929,0.0,0.0,0.0
KRT31,Q15323,0.0,0.0,0.0
IGF2,P01344,0.0,0.0,0.0
RHOG,P84095,0.0,0.0,0.0
RDX,P35241,0.0,0.0,0.0
CHMP2A,O43633,0.0,0.0,0.0
ACTN1,A0A804HKE2,0.0,0.0,0.0
CNN2,Q99439,0.0,0.0,0.0
HNRNPDL,O14979,0.0,0.0,0.0
MS4A1,P11836,100.0,100.0,0.0
CCT4,P50991,0.0,0.0,0.0
CHMP4B,Q9H444,0.0,0.0,0.0
IQGAP3,Q86VI3,0.0,0.0,0.0
LECT2,O14960,0.0,0.0,0.0
CAND1,Q86VP6,0.0,0.0,0.0
HNRNPAB,D6RBZ0,0.0,0.0,0.0
CCT6A,P40227,0.0,0.0,0.0
IGKV3D-20,A0A0C4DH25,0.0,0.0,0.0
IGHV3-74,A0A0B4J1X5,0.0,0.0,0.0
UNC13D,Q70J99,0.0,0.0,0.0
IGFBP2,P18065,0.0,0.0,0.0
MMP3,P08254,100.0,100.0,0.0
CMPK1,P30085,100.0,100.0,0.0
MPIG6B,A0A140T9L8,0.0,0.0,0.0
