Gene,Accession,Description,Mean_Sarc,Mean_Control,Log2FC,P_value,T_statistic,Cohens_d,FDR
APOB,A0AAG2UUW0,Apolipoprotein B OS=Homo sapiens OX=9606 GN=APOB PE=1 SV=1,32.33046631642264,32.50268190397806,-0.17221558755542077,0.0002255540548316763,-3.934400597489822,-1.0158578660924393,0.0025085268530604
F5,P12259,Coagulation factor V OS=Homo sapiens OX=9606 GN=F5 PE=1 SV=4,31.656299111761378,31.72588670921068,-0.06958759744930276,0.08083713312703662,-1.776849322217246,-0.4587805222444886,0.20436336944676425
TLN1,Q9Y490,Talin-1 OS=Homo sapiens OX=9606 GN=TLN1 PE=1 SV=3,30.573702122328953,30.678130148477734,-0.10442802614878133,0.2650443194565183,-1.1254256249808106,-0.2905836468630502,0.4503126190587166
FGA,P02671,Fibrinogen alpha chain OS=Homo sapiens OX=9606 GN=FGA PE=1 SV=2,31.58025219843171,31.465248801175985,0.11500339725572672,0.09068840155894657,1.720416678527991,0.444209676298426,0.22291366349945585
C3,P01024,Complement C3 OS=Homo sapiens OX=9606 GN=C3 PE=1 SV=2,31.68671392453173,31.803477663674652,-0.11676373914292171,0.0849096716859429,-1.7528636685730958,-0.4525874531037091,0.21257126817845576
FGB,P02675,Fibrinogen beta chain OS=Homo sapiens OX=9606 GN=FGB PE=1 SV=2,28.476136409150016,28.275455647363522,0.20068076178649363,0.13442357952309303,1.5180919826337886,0.39196966445011083,0.286832294790885
APOE,P02649,Apolipoprotein E OS=Homo sapiens OX=9606 GN=APOE PE=1 SV=1,32.68524683663734,32.697100411055885,-0.011853574418545065,0.7720710600727527,-0.29102412942616646,-0.07514210710747031,0.8662774130059653
ALB,P02768,Albumin OS=Homo sapiens OX=9606 GN=ALB PE=1 SV=2,31.256259024572504,31.25346718992182,0.0027918346506830005,0.9482530568165914,0.06518223429900737,0.01682998052724303,0.9729581807382341
KRT1,P04264,"Keratin, type II cytoskeletal 1 OS=Homo sapiens OX=9606 GN=KRT1 PE=1 SV=6",30.677851000512014,30.604499234533492,0.07335176597852211,0.24965206048066277,1.1628512240639133,0.3002468949944297,0.43902488413586643
FGG,P02679,Fibrinogen gamma chain OS=Homo sapiens OX=9606 GN=FGG PE=1 SV=3,30.9911566395075,30.874500119902645,0.1166565196048559,0.07242326333776937,1.8297827258585626,0.47244786829521496,0.19012550471127332
KNG1,P01042,Kininogen-1 OS=Homo sapiens OX=9606 GN=KNG1 PE=1 SV=2,32.72713485325473,32.66634537827005,0.06078947498468068,0.15763889109314685,1.4315520204458059,0.3696251422944124,0.3215286427996527
KRT2,P35908,"Keratin, type II cytoskeletal 2 epidermal OS=Homo sapiens OX=9606 GN=KRT2 PE=1 SV=2",30.866157818583012,31.018766704396132,-0.1526088858131196,0.02656575543929502,-2.2758400814928095,-0.587619382283532,0.09109840302724918
FLNA,P21333,Filamin-A OS=Homo sapiens OX=9606 GN=FLNA PE=1 SV=4,31.025634006034725,31.17642764876092,-0.150793642726196,0.058438088371558373,-1.9305051733912073,-0.4984542924207605,0.16220757750351616
FN1,P02751,Fibronectin OS=Homo sapiens OX=9606 GN=FN1 PE=1 SV=5,28.43932603925289,28.419423067830465,0.019902971422425253,0.8995605781181304,0.12677041637563455,0.03273198076097418,0.944309127284721
KRT9,P35527,"Keratin, type I cytoskeletal 9 OS=Homo sapiens OX=9606 GN=KRT9 PE=1 SV=3",29.993790099513596,29.924866287868916,0.0689238116446802,0.25848634274770466,1.1411767265565806,0.2946505638022088,0.4467580890083091
THBS1,P07996,Thrombospondin-1 OS=Homo sapiens OX=9606 GN=THBS1 PE=1 SV=2,29.629056109365045,29.793500112818098,-0.16444400345305255,0.08523835977431228,-1.7509698070915864,-0.45209846017184857,0.21257930331593639
ANPEP,P15144,Aminopeptidase N OS=Homo sapiens OX=9606 GN=ANPEP PE=1 SV=4,29.480686463723714,29.51023184145082,-0.02954537772710708,0.792075335133778,-0.26483521049978204,-0.06838015731699942,0.8766757467947838
VTN,P04004,Vitronectin OS=Homo sapiens OX=9606 GN=VTN PE=1 SV=1,30.07237557534525,30.18277723967933,-0.11040166433407705,0.26981574434077793,-1.1141379218098357,-0.287669174436509,0.4545718681524263
MMRN1,Q13201,Multimerin-1 OS=Homo sapiens OX=9606 GN=MMRN1 PE=1 SV=3,29.521343536432635,29.61602883256022,-0.09468529612758658,0.4090131697968683,-0.8316576908150621,-0.21473309241813685,0.5884927250748647
C4A,A0A140TA44,Complement C4A (Rodgers blood group) OS=Homo sapiens OX=9606 GN=C4A PE=1 SV=1,23.236308814741722,23.04826988034744,0.18803893439428165,0.23992411323349405,1.1873643033772725,0.3065761448574231,0.4264741796785434
VWF,P04275,von Willebrand factor OS=Homo sapiens OX=9606 GN=VWF PE=1 SV=4,28.338713980234033,28.69549845540193,-0.35678447516789547,0.019923308988666632,-2.3939303274428756,-0.6181101526778083,0.07303710148773572
LPA,P08519,Apolipoprotein(a) OS=Homo sapiens OX=9606 GN=LPA PE=1 SV=2,29.57805310674844,29.552315558225473,0.02573754852296517,0.7477197451648714,0.32318199207072795,0.08344523153893779,0.8499186552716466
A2M,P01023,Alpha-2-macroglobulin OS=Homo sapiens OX=9606 GN=A2M PE=1 SV=3,31.205942111386612,31.327000835473886,-0.12105872408727336,0.10216780976547468,-1.6607154541818943,-0.42879488645571756,0.24127433984787852
HRG,P04196,Histidine-rich glycoprotein OS=Homo sapiens OX=9606 GN=HRG PE=1 SV=1,32.26623957558019,32.20747565903738,0.05876391654280866,0.2586637052399262,1.1407470231309695,0.29453961485479546,0.4467580890083091
TF,P02787,Serotransferrin OS=Homo sapiens OX=9606 GN=TF PE=1 SV=5,31.06887607962376,31.03979772978927,0.029078349834488648,0.6490920716079374,0.45740038652197856,0.11810027196989724,0.7787699753431102
APOA4,P06727,Apolipoprotein A-IV OS=Homo sapiens OX=9606 GN=APOA4 PE=1 SV=4,29.758016401956247,29.893510029161064,-0.1354936272048164,0.20272377894517452,-1.2883971463175254,-0.33266271273259573,0.37875521015182434
CFH,P08603,Complement factor H OS=Homo sapiens OX=9606 GN=CFH PE=1 SV=4,29.69923530507623,29.755480287197365,-0.056244982121135934,0.6522868765463733,-0.45293294990934985,-0.1169467847965007,0.7814149918452187
APOA1,P02647,Apolipoprotein A-I OS=Homo sapiens OX=9606 GN=APOA1 PE=1 SV=1,30.92292143767872,30.95635834588406,-0.03343690820533851,0.538264195936988,-0.6191160991881729,-0.15985508943497956,0.6969896273902462
LTBP1,Q14766,Latent-transforming growth factor beta-binding protein 1 OS=Homo sapiens OX=9606 GN=LTBP1 PE=1 SV=4,30.35511894507766,30.43997640214782,-0.08485745707016079,0.11114324728366295,-1.6177474234335483,-0.41770058862187276,0.2544640471259077
Unknown,H0YAC1,Uncharacterized protein (Fragment) OS=Homo sapiens OX=9606 PE=3 SV=1,30.937706820410835,31.033108821930764,-0.09540200151992906,0.07340230213261163,-1.8233663727113834,-0.4707911730363876,0.19230091715052647
GAPDH,P04406,Glyceraldehyde-3-phosphate dehydrogenase OS=Homo sapiens OX=9606 GN=GAPDH PE=1 SV=3,28.633392068169762,28.712342497310157,-0.07895042914039507,0.39988499566021374,-0.848070676700724,-0.2189709071512506,0.579098566662571
KRT14,P02533,"Keratin, type I cytoskeletal 14 OS=Homo sapiens OX=9606 GN=KRT14 PE=1 SV=4",31.127992062163973,31.217893913453924,-0.08990185128995165,0.13670312997082623,-1.5090950530584273,-0.38964666722261915,0.2898962210004198
MME,P08473,Neprilysin OS=Homo sapiens OX=9606 GN=MME PE=1 SV=2,29.04679219248801,29.145098355854763,-0.09830616336675391,0.40861485969155686,-0.8323691646074494,-0.21491679416141543,0.5884339974210872
IGHG1,P01857,Immunoglobulin heavy constant gamma 1 OS=Homo sapiens OX=9606 GN=IGHG1 PE=1 SV=2,30.493266393883815,30.344113449844325,0.1491529440394892,0.004195107434234539,2.9808973397893412,0.769664383583874,0.023893241649654156
ACTB,P60709,"Actin, cytoplasmic 1 OS=Homo sapiens OX=9606 GN=ACTB PE=1 SV=1",30.48782112468586,30.504527897520177,-0.01670677283431843,0.7999370758035115,-0.25459419217434787,-0.06573593775549198,0.8795567313110085
DPP4,P27487,Dipeptidyl peptidase 4 OS=Homo sapiens OX=9606 GN=DPP4 PE=1 SV=2,28.803300541961182,28.631079598398703,0.17222094356247908,0.20078176832657016,1.294037002492734,0.3341189173353683,0.37683784568476
KRT5,P13647,"Keratin, type II cytoskeletal 5 OS=Homo sapiens OX=9606 GN=KRT5 PE=1 SV=3",29.413048029349774,29.157564220620284,0.2554838087294904,0.01229206228677224,2.5844602170867033,0.6673047586474937,0.051352118081287076
C1R,P00736,Complement C1r subcomponent OS=Homo sapiens OX=9606 GN=C1R PE=1 SV=2,29.893595754986983,29.919236579037996,-0.02564082405101331,0.6821166890872832,-0.4116453237483434,-0.10628636556143296,0.8019743358840487
F12,P00748,Coagulation factor XII OS=Homo sapiens OX=9606 GN=F12 PE=1 SV=3,31.13972541881873,31.040244807613423,0.09948061120530838,0.04834929396105154,2.0168428183403044,0.5207465764900019,0.14060589727895906
IGHA1,P01876,Immunoglobulin heavy constant alpha 1 OS=Homo sapiens OX=9606 GN=IGHA1 PE=1 SV=3,29.342132354722143,29.336274800688997,0.005857554033145362,0.9439076266236662,0.0706648044444938,0.018245574051768555,0.9709958222926757
HPR,P00739,Haptoglobin-related protein OS=Homo sapiens OX=9606 GN=HPR PE=1 SV=2,28.965404279826984,28.979519305756902,-0.01411502592991809,0.9268777065537412,-0.09217364963276715,-0.023799133999124304,0.9619424369403897
ITIH4,Q14624,Inter-alpha-trypsin inhibitor heavy chain H4 OS=Homo sapiens OX=9606 GN=ITIH4 PE=1 SV=4,30.45300032857433,30.5135012630272,-0.060500934452871746,0.3265477747891705,-0.9894607158330508,-0.255477658276525,0.5153380990440792
CAVIN2,O95810,Caveolae-associated protein 2 OS=Homo sapiens OX=9606 GN=CAVIN2 PE=1 SV=3,29.639480828646537,29.599909786517802,0.039571042128734746,0.7235553805311208,0.35543199860543906,0.0917721474205389,0.8345985678726172
CAMP,P49913,Cathelicidin antimicrobial peptide OS=Homo sapiens OX=9606 GN=CAMP PE=1 SV=1,30.29616148781215,30.21298967700962,0.08317181080252922,0.2625861350882542,1.131297031370445,0.2920996374741082,0.44928979039008976
RAP1B,P61224,Ras-related protein Rap-1b OS=Homo sapiens OX=9606 GN=RAP1B PE=1 SV=1,28.717251855434487,28.683628617084526,0.033623238349960616,0.45812998094190815,0.7469185549260599,0.19285354161346263,0.632971424968546
GC,P02774,Vitamin D-binding protein OS=Homo sapiens OX=9606 GN=GC PE=1 SV=2,30.59064736417753,30.659752645523945,-0.06910528134641325,0.40412588235009705,-0.8404170214743396,-0.21699474186929055,0.5835010546914559
HRNR,Q86YZ3,Hornerin OS=Homo sapiens OX=9606 GN=HRNR PE=1 SV=2,28.80499323899392,28.74465048589219,0.060342753101728874,0.7969340743474826,0.25850276120347065,0.06674512593931163,0.8775653786313835
CP,P00450,Ceruloplasmin OS=Homo sapiens OX=9606 GN=CP PE=1 SV=2,26.94104465023647,26.6172168167117,0.3238278335247706,0.07800158809221724,1.794150992937382,0.4632477944151988,0.1993643074530894
IGHM,P01871,Immunoglobulin heavy constant mu OS=Homo sapiens OX=9606 GN=IGHM PE=1 SV=5,31.67680788656213,31.816431898639518,-0.1396240120773875,0.003640963922336499,-3.0307926195890698,-0.7825472894317879,0.02132749685468284
Unknown,B4E1Z4,Complement C2 OS=Homo sapiens OX=9606 PE=1 SV=1,30.28139151593697,30.263906328570975,0.01748518736599536,0.7001959864085027,0.3869682007535311,0.09991475980201829,0.8168126106508826
APOH,P02749,Beta-2-glycoprotein 1 OS=Homo sapiens OX=9606 GN=APOH PE=1 SV=3,28.951606115950838,28.954680001882505,-0.0030738859316663536,0.9641451536275694,-0.04514708621818006,-0.011656927536853452,0.9820438879152098
BASP1,P80723,Brain acid soluble protein 1 OS=Homo sapiens OX=9606 GN=BASP1 PE=1 SV=2,26.297654067159506,26.170238844870013,0.12741522228949265,0.4204933253922265,0.8113299034773525,0.20948448029652378,0.5983474803327969
HABP2,Q14520,Hyaluronan-binding protein 2 OS=Homo sapiens OX=9606 GN=HABP2 PE=1 SV=1,29.99161636817605,30.24131468295969,-0.24969831478363957,0.03416052189275045,-2.1694363278953386,-0.5601460512397347,0.11090378507981703
Unknown,A0A8I5KW61,C-X-C motif chemokine OS=Homo sapiens OX=9606 PE=1 SV=1,29.92468534325023,30.151544518241394,-0.2268591749911657,0.09870154584985008,-1.6781363458749017,-0.43329294134925767,0.23511251008517112
TFPI,P10646,Tissue factor pathway inhibitor OS=Homo sapiens OX=9606 GN=TFPI PE=1 SV=1,29.732362335459836,29.62189699366694,0.1104653417928958,0.08994108888025666,1.7245147696499898,0.4452677988762087,0.22162130583368633
SAA2-SAA4,A0A096LPE2,SAA2-SAA4 readthrough OS=Homo sapiens OX=9606 GN=SAA2-SAA4 PE=3 SV=1,31.580815367728892,31.397482166804423,0.18333320092446925,0.026324147057179496,2.2796477733269063,0.5886025240875953,0.0906475858914591
SERPINA1,P01009,Alpha-1-antitrypsin OS=Homo sapiens OX=9606 GN=SERPINA1 PE=1 SV=3,27.469620921070497,27.1265629019407,0.3430580191297956,0.07695630550099873,1.8006616347252578,0.46492883489636977,0.1982317352967823
CLU,P10909,Clusterin OS=Homo sapiens OX=9606 GN=CLU PE=1 SV=1,27.707276443133335,27.687771444669078,0.019504998464256573,0.8489460561192317,0.19131617792612554,0.04939762473119596,0.9127140485775672
EHD1,A0A024R571,EH domain containing 1 OS=Homo sapiens OX=9606 GN=EHD1 PE=1 SV=1,22.905900518700822,22.979358800304848,-0.0734582816040259,0.5439369383095135,-0.6104675186781352,-0.15762203554939885,0.7005635371341621
EHD1,Q9H4M9,EH domain-containing protein 1 OS=Homo sapiens OX=9606 GN=EHD1 PE=1 SV=2,29.705185759779727,29.782212527219105,-0.07702676743937786,0.4266672542321466,-0.8005361698763943,-0.2066975502645298,0.6043840795749684
IGFBP3,P17936,Insulin-like growth factor-binding protein 3 OS=Homo sapiens OX=9606 GN=IGFBP3 PE=1 SV=2,30.222259352453346,30.115288395550625,0.10697095690272107,0.43772918787084547,0.7814276880813248,0.201763761480289,0.6147630061735595
FYB1,O15117,FYN-binding protein 1 OS=Homo sapiens OX=9606 GN=FYB1 PE=1 SV=2,28.454892431959895,28.140920167315393,0.31397226464450156,4.618443330746001e-06,5.054037408433526,1.304946847598156,9.158985207720383e-05
SERPING1,P05155,Plasma protease C1 inhibitor OS=Homo sapiens OX=9606 GN=SERPING1 PE=1 SV=2,30.48398733500521,30.27388913459134,0.21009820041387073,0.017053170508451548,2.4562903691054254,0.6342114461996655,0.064975737631739
SERPING1,E9PGN7,Serpin family G member 1 OS=Homo sapiens OX=9606 GN=SERPING1 PE=1 SV=1,17.66803881346808,17.7475174165656,-0.0794786030975203,0.7961769878826126,-0.2594887815069157,-0.06699971528692929,0.8775653786313835
CSRP1,P21291,Cysteine and glycine-rich protein 1 OS=Homo sapiens OX=9606 GN=CSRP1 PE=1 SV=3,27.959799383430877,27.751843097587223,0.2079562858436539,0.05194651124874952,1.9844239430032657,0.5123760588711269,0.14870253480946383
MARCKS,P29966,Myristoylated alanine-rich C-kinase substrate OS=Homo sapiens OX=9606 GN=MARCKS PE=1 SV=4,30.526864732154767,30.68730098941346,-0.16043625725869148,0.06785722840495871,-1.8607071028913298,-0.4804325081111981,0.18049116355824693
FHL1,Q5JXI8,Four and a half LIM domains 1 (Fragment) OS=Homo sapiens OX=9606 GN=FHL1 PE=1 SV=1,29.462230802538112,29.33489005238846,0.12734075014965285,0.020056360797361207,2.3912396683987045,0.6174154274999153,0.07303710148773572
IGHG3,A0A9H3ZR93,Immunoglobulin heavy constant gamma 3 (G3m marker) (Fragment) OS=Homo sapiens OX=9606 GN=IGHG3 PE=1 SV=1,29.920369167508927,29.916288585315375,0.004080582193552118,0.9408495246532663,0.07452445582517273,0.019242131753070955,0.9709331144697658
BIN2,Q9UBW5,Bridging integrator 2 OS=Homo sapiens OX=9606 GN=BIN2 PE=1 SV=3,28.414192286792385,28.18179989124749,0.23239239554489544,0.007978113222338051,2.747976142695905,0.7095243890957691,0.03792679443108684
EEF1A1,P68104,Elongation factor 1-alpha 1 OS=Homo sapiens OX=9606 GN=EEF1A1 PE=1 SV=1,29.31737709586895,29.323412939206214,-0.0060358433372655895,0.9436075898071365,-0.07104343464332039,-0.018343335948730326,0.9709958222926757
PON1,P27169,Serum paraoxonase/arylesterase 1 OS=Homo sapiens OX=9606 GN=PON1 PE=1 SV=3,28.847971927013273,28.968387464866012,-0.12041553785273962,0.1135539449736966,-1.6066881067347356,-0.4148450853288771,0.256040812913294
MAPRE2,Q15555,Microtubule-associated protein RP/EB family member 2 OS=Homo sapiens OX=9606 GN=MAPRE2 PE=1 SV=1,28.510984405938185,28.336222046824467,0.17476235911371774,0.11136009671849634,1.6167447027709396,0.4174416872600607,0.2544640471259077
C8B,A0A8Q3WL56,Complement component C8 beta chain OS=Homo sapiens OX=9606 GN=C8B PE=1 SV=1,30.17415138799367,30.42081585438122,-0.2466644663875499,0.0028614766538484996,-3.114565556179083,-0.8041773686501886,0.018060326463719967
CLEC3B,P05452,Tetranectin OS=Homo sapiens OX=9606 GN=CLEC3B PE=1 SV=3,30.424946898199845,30.440706747969802,-0.015759849769956702,0.847974456118504,-0.19256228262353242,-0.04971936758057513,0.9122653299157238
APOA5,Q6Q788,Apolipoprotein A-V OS=Homo sapiens OX=9606 GN=APOA5 PE=1 SV=1,30.486616046998776,30.59495208964394,-0.10833604264516339,0.7058291207945857,-0.37932862442857906,-0.09794222967677696,0.8222184945703384
C4BPA,P04003,C4b-binding protein alpha chain OS=Homo sapiens OX=9606 GN=C4BPA PE=1 SV=2,28.296451195621312,28.176753222517974,0.11969797310333874,0.0805070132115508,1.7788373406480462,0.4592938263961182,0.20386852884032713
ITIH2,P19823,Inter-alpha-trypsin inhibitor heavy chain H2 OS=Homo sapiens OX=9606 GN=ITIH2 PE=1 SV=2,28.56241773860933,28.285500466866253,0.276917271743077,1.7928823548197357e-07,5.927710670545272,1.530528313877189,6.022621134761806e-06
HP,P00738,Haptoglobin OS=Homo sapiens OX=9606 GN=HP PE=1 SV=1,28.403438719428006,28.3450901398481,0.05834857957990636,0.4197167617017258,0.8126942818609183,0.20983676128035555,0.5981418093169183
PRG4,Q92954,Proteoglycan 4 OS=Homo sapiens OX=9606 GN=PRG4 PE=1 SV=3,30.023592378865935,29.981709358943597,0.041883019922337894,0.5990088289787546,0.5287322128436779,0.13651807032979732,0.7435660124427075
DSP,P15924,Desmoplakin OS=Homo sapiens OX=9606 GN=DSP PE=1 SV=3,28.250963905592542,28.072973640721994,0.17799026487054803,0.0652241234676303,1.879347303111547,0.48524538711272297,0.17599820857003193
IGKC,P01834,Immunoglobulin kappa constant OS=Homo sapiens OX=9606 GN=IGKC PE=1 SV=2,29.84494494401231,30.007771580681023,-0.162826636668715,0.05707567909753977,-1.9413808835606945,-0.5012623887117341,0.16004526029736027
PDIA5,Q14554,Protein disulfide-isomerase A5 OS=Homo sapiens OX=9606 GN=PDIA5 PE=1 SV=1,29.116089233703846,29.069102243914692,0.046986989789154165,0.4815171327914749,0.7084279892866358,0.18291532029962312,0.6555642684654819
APOA2,V9GYM3,Apolipoprotein A-II OS=Homo sapiens OX=9606 GN=APOA2 PE=1 SV=1,30.731115140471573,30.875112639035002,-0.14399749856342936,0.14180543802588713,-1.4893794336143436,-0.3845561161714792,0.2969615152552293
F11,P03951,Coagulation factor XI OS=Homo sapiens OX=9606 GN=F11 PE=1 SV=1,29.742267165354324,29.531608989788026,0.21065817556629796,0.0018082659996084308,3.2707167853845793,0.8444954426637024,0.012611889132862191
WAS,P42768,Actin nucleation-promoting factor WAS OS=Homo sapiens OX=9606 GN=WAS PE=1 SV=4,27.234542091590374,27.36985257021767,-0.1353104786272965,0.7773560121324822,-0.2840862666810576,-0.073350758649465,0.8693033915377937
YARS1,P54577,"Tyrosine--tRNA ligase, cytoplasmic OS=Homo sapiens OX=9606 GN=YARS1 PE=1 SV=4",28.366514831710024,28.475201537494755,-0.10868670578473072,0.2650989841238739,-1.1252954963884174,-0.29055004780496996,0.4503126190587166
IQGAP2,Q13576,Ras GTPase-activating-like protein IQGAP2 OS=Homo sapiens OX=9606 GN=IQGAP2 PE=1 SV=4,31.086776068072595,31.208464009962697,-0.12168794189010157,0.07160191230356677,-1.8352220812931135,-0.4738523038293561,0.18826956493877142
RHOA,P61586,Transforming protein RhoA OS=Homo sapiens OX=9606 GN=RHOA PE=1 SV=1,27.680446371994226,27.714607888038472,-0.034161516044246554,0.6741091476229217,-0.4226559893943279,-0.10912930720660335,0.7959710595318
ILK,A0A0A0MTH3,Integrin-linked protein kinase OS=Homo sapiens OX=9606 GN=ILK PE=1 SV=1,30.255848235220334,30.150546986070093,0.10530124915024075,0.007241092977849569,2.783837710897075,0.7187838061899035,0.03539385787333331
C1QB,A0A8Q3SI33,Complement C1q B chain OS=Homo sapiens OX=9606 GN=C1QB PE=1 SV=1,17.45144551452815,17.40574229438788,0.045703220140268286,0.8379008940503918,0.20550022147192415,0.053059929026846545,0.9076824368687595
RAB8A,P61006,Ras-related protein Rab-8A OS=Homo sapiens OX=9606 GN=RAB8A PE=1 SV=1,28.395025784367636,28.58159269707547,-0.18656691270783554,0.043966694164446166,-2.0592770528909057,-0.5317030487382378,0.1332765719975661
APOL1,O14791,Apolipoprotein L1 OS=Homo sapiens OX=9606 GN=APOL1 PE=1 SV=5,28.704912694866813,28.899713374228963,-0.1948006793621495,0.009779906561264881,-2.6717028704445784,-0.6898307148830937,0.0433900975736981
ANTXR2,P58335,Anthrax toxin receptor 2 OS=Homo sapiens OX=9606 GN=ANTXR2 PE=1 SV=5,30.402479745773395,30.378163318965452,0.02431642680794255,0.6803430814070306,0.41407969234716346,0.10691491683088367,0.8004608377383647
ANTXR2,J3KPY9,Anthrax toxin receptor OS=Homo sapiens OX=9606 GN=ANTXR2 PE=1 SV=1,21.387914404547324,20.153106864120925,1.2348075404263987,0.007618636689901175,2.7650684799743925,0.7139376116042587,0.036667473659582846
GGT1,P19440,Glutathione hydrolase 1 proenzyme OS=Homo sapiens OX=9606 GN=GGT1 PE=1 SV=2,29.824140300884576,29.778567233668376,0.0455730672161998,0.32495942936939215,0.9927419503037445,0.25632486937385823,0.5143107891750187
CFL1,P23528,Cofilin-1 OS=Homo sapiens OX=9606 GN=CFL1 PE=1 SV=3,30.052656541501385,30.082917467347638,-0.030260925846253173,0.6179647794442645,-0.5014324924873458,-0.1294693128433844,0.7562511356768932
HBB,P68871,Hemoglobin subunit beta OS=Homo sapiens OX=9606 GN=HBB PE=1 SV=2,25.65355016533984,25.435314304107887,0.21823586123195327,0.03608728836192857,2.145785102807885,0.5540393311809939,0.11445024401490256
APOC1,P02654,Apolipoprotein C-I OS=Homo sapiens OX=9606 GN=APOC1 PE=1 SV=1,30.070889973088892,30.07001402392519,0.0008759491637029271,0.9837941433337449,0.02040020069141266,0.0052673091691420185,0.9928419128923018
ZYX,Q15942,Zyxin OS=Homo sapiens OX=9606 GN=ZYX PE=1 SV=1,29.84041278283639,29.857348291868163,-0.016935509031775098,0.8337361494876885,-0.21085930177363732,-0.054443637610814756,0.9058281861760629
LIMS1,P48059,LIM and senescent cell antigen-like-containing domain protein 1 OS=Homo sapiens OX=9606 GN=LIMS1 PE=1 SV=4,28.867771146954375,28.973053952964232,-0.10528280600985696,0.09610313753990733,-1.691527146433824,-0.43675043118639706,0.23160434024990845
APOD,C9JF17,Apolipoprotein D (Fragment) OS=Homo sapiens OX=9606 GN=APOD PE=1 SV=1,29.268141949285337,29.52295509078446,-0.25481314149912393,0.08714131187171222,-1.7401227242908417,-0.4492977554357007,0.2163417787946279
SELL,P14151,L-selectin OS=Homo sapiens OX=9606 GN=SELL PE=1 SV=2,29.11161111518694,29.121525360149956,-0.009914244963017182,0.8866940382592003,-0.14311674189417817,-0.03695258386130782,0.9373785401250121
SKAP2,O75563,Src kinase-associated phosphoprotein 2 OS=Homo sapiens OX=9606 GN=SKAP2 PE=1 SV=1,28.43206717038059,28.50081232151121,-0.06874515113061719,0.29005395999432587,-1.067757824067542,-0.275693884693084,0.4772161481391362
EHD3,Q9NZN3,EH domain-containing protein 3 OS=Homo sapiens OX=9606 GN=EHD3 PE=1 SV=2,30.171192176922304,30.200138634747365,-0.02894645782506089,0.5407572239621348,-0.6153095378436687,-0.15887223952207408,0.6986549377093202
F2,P00734,Prothrombin OS=Homo sapiens OX=9606 GN=F2 PE=1 SV=2,29.241599626167993,28.84593815370783,0.39566147246016214,0.10367047997423162,1.6533130017294277,0.42688358145108457,0.24342597722908021
ITIH1,P19827,Inter-alpha-trypsin inhibitor heavy chain H1 OS=Homo sapiens OX=9606 GN=ITIH1 PE=1 SV=3,28.64349429087867,28.75367581230223,-0.1101815214235593,0.40037312810571435,-0.8471871914914169,-0.2187427922510994,0.579098566662571
IGLC6,P0CF74,Immunoglobulin lambda constant 6 OS=Homo sapiens OX=9606 GN=IGLC6 PE=1 SV=1,25.85841098262513,25.14172025316065,0.7166907294644815,1.1608947876191309e-07,6.042233987205358,1.5600981070889859,4.15398439221976e-06
RAC1,P63000,Ras-related C3 botulinum toxin substrate 1 OS=Homo sapiens OX=9606 GN=RAC1 PE=1 SV=1,28.49411700363514,28.372491286287584,0.12162571734755545,0.2736552806813249,1.1051563917257554,0.2853501533405688,0.4600986639442909
PIP4K2A,P48426,Phosphatidylinositol 5-phosphate 4-kinase type-2 alpha OS=Homo sapiens OX=9606 GN=PIP4K2A PE=1 SV=2,28.745112249327704,28.83956243773652,-0.09445018840881758,0.2757752607072292,-1.1002351270304151,-0.28407948826008,0.46177627581291886
LTF,P02788,Lactotransferrin OS=Homo sapiens OX=9606 GN=LTF PE=1 SV=6,29.198792948456735,28.979227843813216,0.21956510464351808,0.015495366013604248,2.4942117543099136,0.6440027057571387,0.06028947799173779
RALB,P11234,Ras-related protein Ral-B OS=Homo sapiens OX=9606 GN=RALB PE=1 SV=1,27.431417524261878,27.5670747399397,-0.13565721567782063,0.1995671096002565,-1.2975853212805328,-0.335035089306847,0.3758437784920162
C1S,P09871,Complement C1s subcomponent OS=Homo sapiens OX=9606 GN=C1S PE=1 SV=1,29.72141335917844,29.576143101198916,0.14527025797952575,0.07142997248592985,1.8363673772931313,0.4741480179849927,0.18811797553894485
TUBA1B,P68363,Tubulin alpha-1B chain OS=Homo sapiens OX=9606 GN=TUBA1B PE=1 SV=1,25.80906748507726,25.877425822769695,-0.06835833769243393,0.6081527985045516,-0.5155148266303471,-0.13310535588415587,0.7503894350363508
AHSG,P02765,Alpha-2-HS-glycoprotein OS=Homo sapiens OX=9606 GN=AHSG PE=1 SV=2,28.936106859213137,28.982996286915853,-0.04688942770271609,0.6133704330746022,-0.5080136746233253,-0.13116856676411814,0.7535053509828178
EPHX1,P07099,Epoxide hydrolase 1 OS=Homo sapiens OX=9606 GN=EPHX1 PE=1 SV=1,23.224094390051548,22.903084941438017,0.3210094486135304,0.02003493799167252,2.3916718124827465,0.6175270066226256,0.07303710148773572
SERPINA5,P05154,Plasma serine protease inhibitor OS=Homo sapiens OX=9606 GN=SERPINA5 PE=1 SV=3,27.482287543052834,27.435873394860554,0.04641414819228018,0.4263922783622154,0.8010149032240212,0.20682115868337198,0.6043840795749684
SYNCRIP,O60506,Heterogeneous nuclear ribonucleoprotein Q OS=Homo sapiens OX=9606 GN=SYNCRIP PE=1 SV=2,26.5227849583213,26.672296366665094,-0.14951140834379473,0.12355008137011395,-1.562757021343057,-0.4035021278553579,0.2693555416360365
CFHR1,Q03591,Complement factor H-related protein 1 OS=Homo sapiens OX=9606 GN=CFHR1 PE=1 SV=2,28.654423476695943,28.502932117399748,0.15149135929619462,0.05255304091871165,1.979149012896946,0.5110140777741813,0.14996543997656928
RAN,P62826,GTP-binding nuclear protein Ran OS=Homo sapiens OX=9606 GN=RAN PE=1 SV=3,26.71458115432854,26.748105545856596,-0.03352439152805786,0.772920651055485,-0.2899078706794553,-0.07485389033839893,0.8666399125594879
TTR,P02766,Transthyretin OS=Homo sapiens OX=9606 GN=TTR PE=1 SV=1,25.620034307245223,25.634583978562514,-0.014549671317290347,0.8728378950140752,-0.16076403963876798,-0.041509096545998506,0.928095074414191
WIPF1,O43516,WAS/WASL-interacting protein family member 1 OS=Homo sapiens OX=9606 GN=WIPF1 PE=1 SV=3,28.693399440651255,28.700676514782675,-0.007277074131419425,0.9267630385097936,-0.0923186114789438,-0.023836562986862812,0.9619424369403897
C1QC,P02747,Complement C1q subcomponent subunit C OS=Homo sapiens OX=9606 GN=C1QC PE=1 SV=3,29.23498392937252,29.370045847257888,-0.13506191788536626,0.13122063427268738,-1.530940178301095,-0.3952870543066636,0.28345034647354783
APOC4,P55056,Apolipoprotein C-IV OS=Homo sapiens OX=9606 GN=APOC4 PE=1 SV=1,28.57715316503801,28.57976707632543,-0.00261391128742261,0.9809749040626935,-0.02394974491296837,-0.006183797546256153,0.9922697754971478
SERPINF1,P36955,Pigment epithelium-derived factor OS=Homo sapiens OX=9606 GN=SERPINF1 PE=1 SV=4,29.583051204447077,29.381069320918815,0.20198188352826207,0.0006924780722409517,3.5847262622512526,0.925572340960764,0.006095288272238537
S100A8,P05109,Protein S100-A8 OS=Homo sapiens OX=9606 GN=S100A8 PE=1 SV=1,29.29885557405016,29.338487024451954,-0.03963145040179228,0.5369373605625165,-0.6211457201445868,-0.16037913531253317,0.6959046421148836
DSG1,Q02413,Desmoglein-1 OS=Homo sapiens OX=9606 GN=DSG1 PE=1 SV=2,29.921154988147006,30.120427663634846,-0.19927267548784044,0.029975836707685086,-2.2251299885472084,-0.5745260925860026,0.09947626455816462
ENO1,P06733,Alpha-enolase OS=Homo sapiens OX=9606 GN=ENO1 PE=1 SV=2,30.25655308491887,30.494548073128474,-0.23799498820960352,0.013581155483783278,-2.545836748070863,-0.6573322218294199,0.055608412752008146
ARHGAP18,Q8N392,Rho GTPase-activating protein 18 OS=Homo sapiens OX=9606 GN=ARHGAP18 PE=1 SV=3,28.370749333644635,28.42581146005655,-0.0550621264119151,0.4911583463676241,-0.6928666746189184,-0.17889740612941227,0.6621184587396473
KRT6B,P04259,"Keratin, type II cytoskeletal 6B OS=Homo sapiens OX=9606 GN=KRT6B PE=1 SV=5",24.070255889229202,23.818166025097785,0.2520898641314169,0.2523366526859435,1.1562075267315184,0.2985314997193892,0.4421097912561107
RSU1,Q15404,Ras suppressor protein 1 OS=Homo sapiens OX=9606 GN=RSU1 PE=1 SV=3,28.32589133149417,28.17863654455681,0.14725478693735994,0.07794845784651219,1.7944801556126397,0.4633327838524965,0.1993643074530894
APOC4-APOC2,K7ER74,Apolipoprotein C-II OS=Homo sapiens OX=9606 GN=APOC4-APOC2 PE=1 SV=1,27.598111573505676,27.74862937588154,-0.15051780237586243,0.027781211362891342,-2.257137892122917,-0.582790497752385,0.09388919288236994
PYM1,Q9BRP8,Partner of Y14 and mago OS=Homo sapiens OX=9606 GN=PYM1 PE=1 SV=1,25.27155062419955,25.14374112478076,0.12780949941878816,0.28408275787672055,1.0812011966004336,0.27916494855553403,0.47184684103439156
PPIB,P23284,Peptidyl-prolyl cis-trans isomerase B OS=Homo sapiens OX=9606 GN=PPIB PE=1 SV=2,28.6632435572487,28.74253694772047,-0.07929339047177208,0.3223917111811726,-0.998069122827004,-0.25770033940485537,0.5116853566023591
ADAM10,O14672,Disintegrin and metalloproteinase domain-containing protein 10 OS=Homo sapiens OX=9606 GN=ADAM10 PE=1 SV=1,28.01052271518052,28.306650578591224,-0.2961278634107032,0.01873902008805198,-2.4186162581363932,-0.62448403257525,0.07010097060212173
PLG,P00747,Plasminogen OS=Homo sapiens OX=9606 GN=PLG PE=1 SV=2,31.0931835946169,31.084791194086094,0.008392400530805588,0.871179461984355,0.1628795387071524,0.0420553160567165,0.9269304424216214
ARF3,P61204,ADP-ribosylation factor 3 OS=Homo sapiens OX=9606 GN=ARF3 PE=1 SV=2,26.576175893281174,26.535849163759497,0.04032672952167715,0.5777501403489824,0.5598315662396016,0.1445478888484794,0.7276027016177697
SELENOP,P49908,Selenoprotein P OS=Homo sapiens OX=9606 GN=SELENOP PE=1 SV=3,28.85336300207994,28.874619283022863,-0.021256280942921535,0.7270822047792707,-0.35070242551909125,-0.09055097690066582,0.8366195159067307
ICAM1,P05362,Intercellular adhesion molecule 1 OS=Homo sapiens OX=9606 GN=ICAM1 PE=1 SV=2,24.81443709765052,24.893543343374958,-0.07910624572443936,0.44740699787616045,-0.7649427621380396,-0.1975073719041686,0.6230388481422674
DIAPH1,O60610,Protein diaphanous homolog 1 OS=Homo sapiens OX=9606 GN=DIAPH1 PE=1 SV=2,29.40384061360969,29.919866009738076,-0.5160253961283843,0.21561299568329303,-1.2519511791213214,-0.32325240446677445,0.3943050568908611
ORM2,P19652,Alpha-1-acid glycoprotein 2 OS=Homo sapiens OX=9606 GN=ORM2 PE=1 SV=2,27.69393378829286,27.577877743130717,0.11605604516214285,0.05449861592415911,1.9625736274293701,0.506734331649322,0.15360397570405118
C9,P02748,Complement component C9 OS=Homo sapiens OX=9606 GN=C9 PE=1 SV=2,29.39559793590207,29.477282163589287,-0.08168422768721584,0.30318314215339,-1.0388562292901895,-0.2682315250096492,0.49214936093143974
H1-3,P16402,Histone H1.3 OS=Homo sapiens OX=9606 GN=H1-3 PE=1 SV=2,28.11294907192518,28.016708554918488,0.09624051700669156,0.43187434945916003,0.7915051619488701,0.2043657540443452,0.6080968171170037
KRAS,P01116,GTPase KRas OS=Homo sapiens OX=9606 GN=KRAS PE=1 SV=1,28.270260583424363,28.186000258990685,0.08426032443367859,0.33939658154464913,0.9632992308292306,0.24872279189440166,0.5250439597955756
EIF2S3,P41091,Eukaryotic translation initiation factor 2 subunit 3 OS=Homo sapiens OX=9606 GN=EIF2S3 PE=1 SV=3,28.960451211297777,28.662919708980798,0.29753150231697845,4.31132870062729e-05,4.424955502356383,1.1425185978890098,0.0006293045166869373
HMGB1,P09429,High mobility group protein B1 OS=Homo sapiens OX=9606 GN=HMGB1 PE=1 SV=3,27.59839557970737,27.432103615304907,0.1662919644024612,0.12855200611654796,1.541836939385217,0.398100585920424,0.27915119006311073
LBP,P18428,Lipopolysaccharide-binding protein OS=Homo sapiens OX=9606 GN=LBP PE=1 SV=3,29.062171212190318,29.122903487913614,-0.060732275723296425,0.2527492792053464,-1.1551908699115627,-0.29826900005722273,0.4421097912561107
KRT16,P08779,"Keratin, type I cytoskeletal 16 OS=Homo sapiens OX=9606 GN=KRT16 PE=1 SV=4",30.139659028111797,29.91209017993918,0.22756884817261636,0.07616013774843917,1.8056704359879623,0.4662221018213642,0.1974166720219384
CPB2,Q96IY4,Carboxypeptidase B2 OS=Homo sapiens OX=9606 GN=CPB2 PE=1 SV=2,27.09947911574687,26.94224013337608,0.1572389823707887,0.2665394384202363,1.121873323662344,0.28966644660657476,0.4510466625106237
CSTA,P01040,Cystatin-A OS=Homo sapiens OX=9606 GN=CSTA PE=1 SV=1,25.679877580789967,25.67804168539987,0.0018358953900978747,0.9857341771701369,0.017957768754920177,0.004636675954856649,0.9929733510538833
PKM,P14618,Pyruvate kinase PKM OS=Homo sapiens OX=9606 GN=PKM PE=1 SV=4,30.289334597018748,30.16252491828259,0.12680967873615856,0.05179004163234021,1.9857933170498268,0.5127296297295976,0.14851290684117072
NACA,E9PAV3,"Nascent polypeptide-associated complex subunit alpha, muscle-specific form OS=Homo sapiens OX=9606 GN=NACA PE=1 SV=1",27.26413411089789,27.093266945633978,0.17086716526391044,0.3068767686287643,1.030880121843262,0.2661721029223485,0.4952148638852412
TUBB1,Q9H4B7,Tubulin beta-1 chain OS=Homo sapiens OX=9606 GN=TUBB1 PE=1 SV=1,30.609791918286145,30.749590401912243,-0.13979848362609815,0.04255286632165541,-2.073748615300113,-0.535439590085202,0.13043206325036277
HPX,P02790,Hemopexin OS=Homo sapiens OX=9606 GN=HPX PE=1 SV=2,28.73799139128864,28.55811156013619,0.17987983115245143,0.022842392095861336,2.3382762579029,0.6037403337126754,0.08016754240892912
SERPINC1,P01008,Antithrombin-III OS=Homo sapiens OX=9606 GN=SERPINC1 PE=1 SV=1,27.861126813452323,28.18670225187385,-0.32557543842152725,0.011705791708098882,-2.6032582959975636,-0.6721584017516575,0.049404443978284
KRT78,Q8N1N4,"Keratin, type II cytoskeletal 78 OS=Homo sapiens OX=9606 GN=KRT78 PE=1 SV=2",28.329970009403432,28.155688033582454,0.17428197582097837,0.023373559713587462,2.3288388288807957,0.6013036000171004,0.0815733140852936
GSN,P06396,Gelsolin OS=Homo sapiens OX=9606 GN=GSN PE=1 SV=1,27.6307702553672,27.527244884182878,0.10352537118432181,0.2373807479098811,1.1938912313774057,0.30826139042051726,0.4237838514746901
IGKV2-28,A0A075B6P5,Immunoglobulin kappa variable 2-28 OS=Homo sapiens OX=9606 GN=IGKV2-28 PE=3 SV=1,26.156084854870826,26.724891968233894,-0.5688071133630679,0.019990873438858112,-2.392561991680375,-0.6177568499031293,0.07303710148773572
PRXL2A,Q9BRX8,Peroxiredoxin-like 2A OS=Homo sapiens OX=9606 GN=PRXL2A PE=1 SV=3,21.1035310224995,21.740463508008123,-0.6369324855086234,0.23442811619944406,-1.2015323473971316,-0.31023431809323965,0.4194224774611793
LRRC59,Q96AG4,Leucine-rich repeat-containing protein 59 OS=Homo sapiens OX=9606 GN=LRRC59 PE=1 SV=1,24.407990278697607,24.637969754854204,-0.22997947615659697,0.14506163694386132,-1.4770878932553595,-0.3813824540975071,0.30262541750265615
PRDX1,Q06830,Peroxiredoxin-1 OS=Homo sapiens OX=9606 GN=PRDX1 PE=1 SV=1,23.94524963189199,23.49572224142722,0.44952739046476964,7.046422549001058e-06,4.9373171921577494,1.274809817344702,0.00013180013085972435
APOC3,B0YIW2,Apolipoprotein C-III OS=Homo sapiens OX=9606 GN=APOC3 PE=1 SV=1,27.761991012502946,27.642313868043168,0.11967714445977862,0.05790729268453818,1.934716386029651,0.4995416228484959,0.1612884674821023
RAB10,P61026,Ras-related protein Rab-10 OS=Homo sapiens OX=9606 GN=RAB10 PE=1 SV=1,29.591144802771176,29.855653403442723,-0.26450860067154736,0.0039466201354211305,-3.002461225516482,-0.7752321549372564,0.022765530626438966
SERPINA3,P01011,Alpha-1-antichymotrypsin OS=Homo sapiens OX=9606 GN=SERPINA3 PE=1 SV=2,28.228427311881926,27.824022644796795,0.40440466708513156,0.0003425080337961645,3.806067710221197,0.9827224570816329,0.003480050763138807
RPS27A,P62979,Ubiquitin-ribosomal protein eS31 fusion protein OS=Homo sapiens OX=9606 GN=RPS27A PE=1 SV=2,27.74550770386757,27.46324594338923,0.28226176047834173,0.009293687356058218,2.69092643634842,0.6947942182564469,0.04179620051385745
ORM1,P02763,Alpha-1-acid glycoprotein 1 OS=Homo sapiens OX=9606 GN=ORM1 PE=1 SV=2,28.284235374372862,28.43906296445102,-0.15482759007815616,0.22479997526921539,-1.226946442715404,-0.3167962092883462,0.40607650360950054
SERPINA4,P29622,Kallistatin OS=Homo sapiens OX=9606 GN=SERPINA4 PE=1 SV=3,27.38098749032151,27.505547856005382,-0.12456036568387319,0.2146393893534234,-1.2546468484584612,-0.32394842329674944,0.39342587402643087
IGHA2,A0A0G2JMB2,Immunoglobulin heavy constant alpha 2 (A2m marker) (Fragment) OS=Homo sapiens OX=9606 GN=IGHA2 PE=1 SV=1,26.541231943149537,26.611729454483136,-0.07049751133359905,0.6852727976165298,-0.40731950126262406,-0.10516944299837691,0.8045250775678189
EIF5,P55010,Eukaryotic translation initiation factor 5 OS=Homo sapiens OX=9606 GN=EIF5 PE=1 SV=2,25.374451023690497,25.522802831082792,-0.14835180739229514,0.06542130921090653,-1.877929565082677,-0.4848793287277164,0.1762413665485305
DSC1,Q08554,Desmocollin-1 OS=Homo sapiens OX=9606 GN=DSC1 PE=1 SV=2,26.794790154558175,26.937986044181894,-0.1431958896237191,0.15033561322562342,-1.4576317316144933,-0.3763588947630941,0.3106101244481888
C5,P01031,Complement C5 OS=Homo sapiens OX=9606 GN=C5 PE=1 SV=4,28.304544006829797,28.15464332358032,0.14990068324947714,0.022027173733758003,2.3531481494298707,0.6075802395933795,0.07863800938794262
AGT,A0A7P0T8D1,Angiotensinogen OS=Homo sapiens OX=9606 GN=AGT PE=1 SV=1,26.904902608297807,26.80653967279128,0.09836293550652542,0.17507062797435052,1.3728931068911376,0.35447947594082235,0.34664297893832036
CAP1,Q01518,Adenylyl cyclase-associated protein 1 OS=Homo sapiens OX=9606 GN=CAP1 PE=1 SV=5,31.41985605911061,31.44342084477456,-0.02356478566395026,0.7543743234269031,-0.31436176132581545,-0.08116785775328761,0.8551653831685141
MYH9,P35579,Myosin-9 OS=Homo sapiens OX=9606 GN=MYH9 PE=1 SV=4,30.573783749476295,30.770316513372155,-0.19653276389585983,0.0034696268091688465,-3.0476600960842606,-0.7869024531356826,0.020584325599464146
BTF3L4,Q96K17,Transcription factor BTF3 homolog 4 OS=Homo sapiens OX=9606 GN=BTF3L4 PE=1 SV=1,24.27067867288181,24.118774483353732,0.1519041895280786,0.009461769919139228,2.6841790547545896,0.6930520518202195,0.042320851323106444
A1BG,P04217,Alpha-1B-glycoprotein OS=Homo sapiens OX=9606 GN=A1BG PE=1 SV=4,28.547586204274225,28.638982315402572,-0.091396111128347,0.33460344333237,-0.9729806017690632,-0.2512225111222968,0.520564525260001
QSOX1,O00391,Sulfhydryl oxidase 1 OS=Homo sapiens OX=9606 GN=QSOX1 PE=1 SV=3,28.151224805527168,28.134641289059914,0.016583516467253645,0.8061141042423287,0.24656679234923967,0.06366327203309251,0.8828102565421643
NCL,H7BY16,Nucleolin OS=Homo sapiens OX=9606 GN=NCL PE=1 SV=9,27.688650412193475,27.54719973516958,0.1414506770238937,0.04774735139201838,2.022469218091958,0.5221993066591526,0.1395952760057944
ADD1,P35611,Alpha-adducin OS=Homo sapiens OX=9606 GN=ADD1 PE=1 SV=2,25.69397772717156,25.37736591966784,0.316611807503719,0.036259825794223946,2.1437215048288634,0.553506512473926,0.11477629472556272
CLIC1,O00299,Chloride intracellular channel protein 1 OS=Homo sapiens OX=9606 GN=CLIC1 PE=1 SV=4,29.397089895536677,29.68617611950865,-0.2890862239719745,0.0052490446428439435,-2.900945429179945,-0.7490208890313638,0.028235057131114807
APCS,P02743,Serum amyloid P-component OS=Homo sapiens OX=9606 GN=APCS PE=1 SV=2,24.721652790474625,24.57731649637002,0.1443362941046047,0.1259250890007793,1.5527409987849836,0.40091600195118077,0.273808053494429
PROS1,P07225,Vitamin K-dependent protein S OS=Homo sapiens OX=9606 GN=PROS1 PE=1 SV=1,28.426330074613094,28.268999725324907,0.15733034928818768,0.08003116639821398,1.781714930011381,0.4600368167748794,0.20328904304237685
TTN,Q8WZ42,Titin OS=Homo sapiens OX=9606 GN=TTN PE=1 SV=4,30.64610032761181,30.921398629169477,-0.2752983015576689,0.0009748434106080645,-3.474606639995312,-0.8971395767549036,0.007865648303239579
EIF2S2,P20042,Eukaryotic translation initiation factor 2 subunit 2 OS=Homo sapiens OX=9606 GN=EIF2S2 PE=1 SV=2,27.816234260553816,27.75391119198897,0.06232306856484726,0.506365900296367,0.6686586587098128,0.1726469232986996,0.671060290760487
CETP,P11597,Cholesteryl ester transfer protein OS=Homo sapiens OX=9606 GN=CETP PE=1 SV=2,28.56769324038269,28.684306647643616,-0.11661340726092462,0.2910459944943458,-1.0655429819771076,-0.27512201492436855,0.4781054959458016
ENPEP,Q07075,Glutamyl aminopeptidase OS=Homo sapiens OX=9606 GN=ENPEP PE=1 SV=3,26.985934118929144,26.78557328734001,0.20036083158913343,0.06402113232132498,1.8880760810291124,0.4874991478798878,0.17341151301560795
CALD1,Q05682,Caldesmon OS=Homo sapiens OX=9606 GN=CALD1 PE=1 SV=3,28.49263810600015,28.712970364110408,-0.22033225811025758,0.12131645315803474,-1.572318520562919,-0.4059708963382446,0.2666046487291391
PLEK,P08567,Pleckstrin OS=Homo sapiens OX=9606 GN=PLEK PE=1 SV=3,27.234575275603433,26.729387009911953,0.5051882656914799,0.011696783315387357,2.6035537642286344,0.6722346913208755,0.049404443978284
S100A9,P06702,Protein S100-A9 OS=Homo sapiens OX=9606 GN=S100A9 PE=1 SV=1,29.627330003349524,29.70691001926906,-0.0795800159195359,0.24291765580294328,-1.1797458954023645,-0.30460908037666107,0.43040092728917617
CCN2,P29279,CCN family member 2 OS=Homo sapiens OX=9606 GN=CCN2 PE=1 SV=2,28.194620290959616,28.063856251474007,0.13076403948560866,0.02270133257630524,2.340815358891908,0.6043959267689931,0.07994675790330803
IGKV3-20,P01619,Immunoglobulin kappa variable 3-20 OS=Homo sapiens OX=9606 GN=IGKV3-20 PE=1 SV=2,27.09932009150934,26.52272774853805,0.576592342971292,0.00024247432856196971,3.9123254894193398,1.0101580976975923,0.0026431307603510075
RAC2,P15153,Ras-related C3 botulinum toxin substrate 2 OS=Homo sapiens OX=9606 GN=RAC2 PE=1 SV=1,28.23137769439318,28.39149521228442,-0.16011751789123707,0.19101841280456877,-1.3230282457558538,-0.34160442415829567,0.36517573458341485
JUP,P14923,Junction plakoglobin OS=Homo sapiens OX=9606 GN=JUP PE=1 SV=3,26.819807327879897,26.44497368213923,0.37483364574066513,2.872601520623177e-05,4.541718618699967,1.1726667048923418,0.00043378918375649083
PARVB,Q9HBI1,Beta-parvin OS=Homo sapiens OX=9606 GN=PARVB PE=1 SV=1,28.114323565403673,28.485373223343462,-0.37104965793978906,0.00362461678058911,-3.0323696015986243,-0.7829544644358062,0.021307568645891697
CDHR2,Q9BYE9,Cadherin-related family member 2 OS=Homo sapiens OX=9606 GN=CDHR2 PE=1 SV=2,20.435773894880118,19.153394938028985,1.282378956851133,0.0009449345916826439,3.4847164287383454,0.899749912983933,0.007679967908069681
AMBP,P02760,Protein AMBP OS=Homo sapiens OX=9606 GN=AMBP PE=1 SV=1,27.633433688830912,27.60067729709608,0.032756391734832135,0.7353184859577603,0.3396880658310095,0.08770708145792724,0.8417330543413369
HBA1; HBA2,P69905,Hemoglobin subunit alpha OS=Homo sapiens OX=9606 GN=HBA1 PE=1 SV=2,28.508921728809163,28.510252454932388,-0.0013307261232249346,0.991421666468131,-0.010797999864598107,-0.002788031576529228,0.9957660253563888
HPSE,Q9Y251,Heparanase OS=Homo sapiens OX=9606 GN=HPSE PE=1 SV=2,27.09180795962471,27.00585422944203,0.08595373018268049,0.1610463450034129,1.4197048357416677,0.36656621235717435,0.3256892967885113
SEC22B,O75396,Vesicle-trafficking protein SEC22b OS=Homo sapiens OX=9606 GN=SEC22B PE=1 SV=5,20.99263701297775,20.80489883125585,0.1877381817218975,0.49006212574399266,0.6946274450494448,0.17935203509967387,0.6611821794873868
IGKV4-1,P06312,Immunoglobulin kappa variable 4-1 OS=Homo sapiens OX=9606 GN=IGKV4-1 PE=1 SV=1,22.63095890593501,22.83264731048371,-0.20168840454870107,0.10737126048530363,-1.6354482210780483,-0.42227091492132185,0.2503301625478892
RASGRP2,Q7LDG7,RAS guanyl-releasing protein 2 OS=Homo sapiens OX=9606 GN=RASGRP2 PE=1 SV=1,27.0665495538668,27.002014711869457,0.06453484199734305,0.5114163220995336,0.6607065805254551,0.17059370554031578,0.6723572413544986
BANF1,O75531,Barrier-to-autointegration factor OS=Homo sapiens OX=9606 GN=BANF1 PE=1 SV=1,25.40295926560245,25.961791658793352,-0.558832393190901,1.0504893349170781e-06,-5.4567981442012465,-1.408939222407131,2.435359782075367e-05
SYTL4,Q96C24,Synaptotagmin-like protein 4 OS=Homo sapiens OX=9606 GN=SYTL4 PE=1 SV=2,27.388352173969405,27.30638133804007,0.08197083592933652,0.5276207599822972,0.6354708163544615,0.1640778592494441,0.6881646362368156
FLG2,Q5D862,Filaggrin-2 OS=Homo sapiens OX=9606 GN=FLG2 PE=1 SV=1,27.847133522536968,27.862978022375092,-0.015844499838124193,0.791578542415824,-0.26548329011068705,-0.06854749075300288,0.8766757467947838
ARL8B,Q9NVJ2,ADP-ribosylation factor-like protein 8B OS=Homo sapiens OX=9606 GN=ARL8B PE=1 SV=1,28.1577898122011,27.97667808843801,0.18111172376308815,0.0011568422459909352,3.418786932937225,0.8827269903664936,0.009067439699528949
LASP1,Q14847,LIM and SH3 domain protein 1 OS=Homo sapiens OX=9606 GN=LASP1 PE=1 SV=2,28.971757541215517,29.295127692199724,-0.32337015098420707,0.40528294838046397,-0.8383374106262101,-0.21645778865719736,0.5846588370151128
INF2,Q27J81,Inverted formin-2 OS=Homo sapiens OX=9606 GN=INF2 PE=1 SV=2,27.62984945917162,27.986848028810076,-0.35699856963845633,0.0006244821662351655,-3.6176548004729714,-0.9340744529706091,0.005600749779463595
HMGB2,P26583,High mobility group protein B2 OS=Homo sapiens OX=9606 GN=HMGB2 PE=1 SV=2,27.41281117205936,27.42606426003586,-0.013253087976501376,0.9012404907472552,-0.12463880243835901,-0.032181600409000054,0.945469628916496
ARHGAP45,Q92619,Rho GTPase-activating protein 45 OS=Homo sapiens OX=9606 GN=ARHGAP45 PE=1 SV=2,26.820467465664024,27.09167504906039,-0.2712075833963681,0.023391618619841178,-2.3285213409962577,-0.6012216249978046,0.0815733140852936
CD5L,O43866,CD5 antigen-like OS=Homo sapiens OX=9606 GN=CD5L PE=1 SV=1,27.67804296863693,27.535222146683875,0.14282082195305534,0.1935480564747873,1.3154116367459654,0.3396378241683043,0.36745109683679333
C7,P10643,Complement component C7 OS=Homo sapiens OX=9606 GN=C7 PE=1 SV=2,28.223031779677896,28.310285673290668,-0.0872538936127718,0.4958645968781171,-0.685331866396811,-0.17695192701200638,0.6641115756398542
ANTXR1,Q9H6X2,Anthrax toxin receptor 1 OS=Homo sapiens OX=9606 GN=ANTXR1 PE=1 SV=2,27.688870160058944,27.79750378230274,-0.10863362224379713,0.048867555705960096,-2.012046745103223,-0.5195082357050415,0.14136379031987753
SRC,P12931,Proto-oncogene tyrosine-protein kinase Src OS=Homo sapiens OX=9606 GN=SRC PE=1 SV=3,29.532176161279814,29.390244563782673,0.14193159749714113,0.01181893790861222,2.5995647040699086,0.6712047204167578,0.04962747907544825
PTPN6,P29350,Tyrosine-protein phosphatase non-receptor type 6 OS=Homo sapiens OX=9606 GN=PTPN6 PE=1 SV=1,28.98306130643543,29.195402213983318,-0.21234090754788681,0.11278671652198848,-1.6101870685115829,-0.41574851337492674,0.2553602962794952
CORO1C,Q9ULV4,Coronin-1C OS=Homo sapiens OX=9606 GN=CORO1C PE=1 SV=1,28.77729571743886,28.621081200947767,0.15621451649109375,0.10078115671233714,1.6676256716223412,0.4305790969267524,0.23868458122087327
C6,P13671,Complement component C6 OS=Homo sapiens OX=9606 GN=C6 PE=1 SV=3,23.421051453280093,23.42795637260218,-0.00690491932208559,0.9689106555322213,-0.03914318610688956,-0.010106727193965387,0.9856779598306775
C1QA,P02745,Complement C1q subcomponent subunit A OS=Homo sapiens OX=9606 GN=C1QA PE=1 SV=2,30.505253850494196,30.285033471668118,0.22022037882607748,0.011230016475001254,2.619154189258741,0.6762627037432329,0.048262681769848735
HNRNPD,Q14103,Heterogeneous nuclear ribonucleoprotein D0 OS=Homo sapiens OX=9606 GN=HNRNPD PE=1 SV=1,26.131553618715145,26.185927064422433,-0.05437344570728797,0.6692509553336625,-0.4293615127011797,-0.11086066587960625,0.79421266755855
VAMP8,Q9BV40,Vesicle-associated membrane protein 8 OS=Homo sapiens OX=9606 GN=VAMP8 PE=1 SV=1,29.930406522376753,29.688911002508753,0.24149551986799977,0.007905290330786845,2.7513807309691156,0.7104034500079583,0.03782589501300914
IGHG2,P01859,Immunoglobulin heavy constant gamma 2 OS=Homo sapiens OX=9606 GN=IGHG2 PE=1 SV=3,27.97010861970197,27.99681810507935,-0.026709485377377717,0.7700149938378477,-0.2937270773260471,-0.0758400052542639,0.8651129299634402
CTSS,P25774,Cathepsin S OS=Homo sapiens OX=9606 GN=CTSS PE=1 SV=3,26.09231356815685,26.106677952243924,-0.014364384087073745,0.8413357475048391,-0.20108486198759648,-0.05191988811015853,0.9092834145718747
SELP,P16109,P-selectin OS=Homo sapiens OX=9606 GN=SELP PE=1 SV=4,28.650414124944074,28.673149101015152,-0.022734976071077995,0.7971614766327746,-0.25820664511101044,-0.06666866909300215,0.8775653786313835
BLMH,Q13867,Bleomycin hydrolase OS=Homo sapiens OX=9606 GN=BLMH PE=1 SV=1,27.085210091889394,27.390299617274724,-0.3050895253853305,0.04148158402918707,-2.0849944273214334,-0.5383432462634121,0.1278627103221759
RALA,P11233,Ras-related protein Ral-A OS=Homo sapiens OX=9606 GN=RALA PE=1 SV=1,26.018535655754484,26.181587307769213,-0.1630516520147296,0.37016196644168986,-0.9031881962352488,-0.23320218950068233,0.5536565561581427
SAA1,P0DJI8,Serum amyloid A-1 protein OS=Homo sapiens OX=9606 GN=SAA1 PE=1 SV=2,20.930248126126095,20.50584834470323,0.4243997814228635,0.19250563299242748,1.3185411638920232,0.3404458646028501,0.3660654696748998
SAR1A,Q9NR31,Small COPII coat GTPase SAR1A OS=Homo sapiens OX=9606 GN=SAR1A PE=1 SV=1,28.031546237189364,28.240594273782225,-0.2090480365928613,0.13061953772910073,-1.5333791218152732,-0.3959167868141805,0.2825226795034163
ITGB3,P05106,Integrin beta-3 OS=Homo sapiens OX=9606 GN=ITGB3 PE=1 SV=2,26.19421028606463,26.13644649189528,0.05776379416935029,0.6367562563430234,0.47473828310362676,0.12257689761782989,0.7706623514269239
IGLV3-21,P80748,Immunoglobulin lambda variable 3-21 OS=Homo sapiens OX=9606 GN=IGLV3-21 PE=1 SV=2,19.512538223105988,18.57169234578303,0.9408458773229569,0.030701004482609335,2.2150077279539584,0.571912536139094,0.10167777339713273
COLEC11,Q9BWP8,Collectin-11 OS=Homo sapiens OX=9606 GN=COLEC11 PE=1 SV=1,27.23642270664256,26.95712093560253,0.27930177104003207,0.05323831817293596,1.9732516792713124,0.5094913927795741,0.1513476195382601
MSN,P26038,Moesin OS=Homo sapiens OX=9606 GN=MSN PE=1 SV=3,31.497465553081675,31.532366517224556,-0.03490096414288146,0.5926823991812051,-0.5379318134466711,-0.13889339699160744,0.737381125511915
CDSN,Q15517,Corneodesmosin OS=Homo sapiens OX=9606 GN=CDSN PE=1 SV=4,24.907774169147363,24.992378104986464,-0.08460393583910175,0.4853856123704886,-0.7021635169356034,-0.1812978404937348,0.6597396514961389
ST6GAL1,P15907,"Beta-galactoside alpha-2,6-sialyltransferase 1 OS=Homo sapiens OX=9606 GN=ST6GAL1 PE=1 SV=1",24.539527933876496,24.074238567807264,0.4652893660692321,0.0008114202238710105,3.5339144163781886,0.9124527787703351,0.006981569350766547
TJP2,Q9UDY2,Tight junction protein ZO-2 OS=Homo sapiens OX=9606 GN=TJP2 PE=1 SV=2,27.822156520346585,27.888793515393562,-0.06663699504697718,0.25032281975878307,-1.1611864851504512,-0.2998170612552549,0.4397346438878943
JCHAIN,P01591,Immunoglobulin J chain OS=Homo sapiens OX=9606 GN=JCHAIN PE=1 SV=4,28.402373391247426,28.44826150739302,-0.04588811614559418,0.5856260367837767,-0.5482475438801269,-0.14155690713645677,0.7324775505669425
TMT1A,H0YI09,Thiol methyltransferase 1A (Fragment) OS=Homo sapiens OX=9606 GN=TMT1A PE=1 SV=1,24.54504961452515,24.303237155321984,0.2418124592031674,0.02638289623426027,2.2787190583779497,0.5883627309188831,0.0906602238029069
EIF3J,O75822,Eukaryotic translation initiation factor 3 subunit J OS=Homo sapiens OX=9606 GN=EIF3J PE=1 SV=2,27.351516580901762,27.44399034009102,-0.09247375918925727,0.2526084592231724,-1.155537698117047,-0.2983585507148119,0.4421097912561107
DCD,P81605,Dermcidin OS=Homo sapiens OX=9606 GN=DCD PE=1 SV=2,26.542792968807117,26.432167547627238,0.11062542117987917,0.21181047365150002,1.2625310925822242,0.3259841263760006,0.38910718708746544
CD36,P16671,Platelet glycoprotein 4 OS=Homo sapiens OX=9606 GN=CD36 PE=1 SV=2,28.784315941610757,27.820863011578428,0.9634529300323287,0.009925666878064862,2.6661101981756516,0.6883866931125371,0.043683549949985995
NRGN,Q92686,Neurogranin OS=Homo sapiens OX=9606 GN=NRGN PE=1 SV=1,25.38823220509066,25.615552707556713,-0.2273205024660534,0.5234953668660793,-0.6418561229390986,-0.1657265383202926,0.6844109403189568
IGHV3-72,A0A4W8ZXM2,Immunoglobulin heavy variable 3-72 OS=Homo sapiens OX=9606 GN=IGHV3-72 PE=4 SV=1,28.259477448678073,28.27875246941758,-0.019275020739506488,0.8522990676045802,-0.1870181507967291,-0.048287878898282614,0.9157207997892552
GPLD1,P80108,Phosphatidylinositol-glycan-specific phospholipase D OS=Homo sapiens OX=9606 GN=GPLD1 PE=1 SV=3,25.556938181596912,25.644240406492425,-0.08730222489551309,0.11260211104254507,-1.6110318370055496,-0.4159666316621624,0.25529349142703744
GGT5,P36269,Glutathione hydrolase 5 proenzyme OS=Homo sapiens OX=9606 GN=GGT5 PE=1 SV=2,19.537203615451865,19.013402605262122,0.523801010189743,0.19156975249051458,1.3213617374106503,0.34117413355380977,0.3658048870062494
APOM,O95445,Apolipoprotein M OS=Homo sapiens OX=9606 GN=APOM PE=1 SV=2,26.422770303741387,26.077436916979313,0.3453333867620749,0.12894146448321417,1.5402355066264908,0.3976870977601161,0.27962799807558697
SFTPB,P07988,Pulmonary surfactant-associated protein B OS=Homo sapiens OX=9606 GN=SFTPB PE=1 SV=3,26.381670149314736,26.43405066536152,-0.052380516046785175,0.48659091667773735,-0.700217368641837,-0.18079534716500098,0.6597469191608324
MARCKSL1,P49006,MARCKS-related protein OS=Homo sapiens OX=9606 GN=MARCKSL1 PE=1 SV=2,18.080686309703534,17.495592260253716,0.5850940494498182,0.10252645027167132,1.6589406880103652,0.4283366438006679,0.2414285223850801
TXN,P10599,Thioredoxin OS=Homo sapiens OX=9606 GN=TXN PE=1 SV=3,27.336665308252115,27.32919045724106,0.007474851011053829,0.947865814108624,0.06567072980740575,0.016956109525157966,0.9729581807382341
IGHV4-34,P06331,Immunoglobulin heavy variable 4-34 OS=Homo sapiens OX=9606 GN=IGHV4-34 PE=1 SV=2,26.761421384780384,26.825701395620317,-0.06428001083993351,0.7153511913653515,-0.36646555997335356,-0.09462100071569159,0.8297140733558458
CASP14,P31944,Caspase-14 OS=Homo sapiens OX=9606 GN=CASP14 PE=1 SV=2,24.94160676972739,24.779359911584866,0.16224685814252382,0.2041664400005843,1.28423355780155,0.33158767880040685,0.37972650874684943
FLG,P20930,Filaggrin OS=Homo sapiens OX=9606 GN=FLG PE=1 SV=3,28.05727465691534,27.756539051415572,0.3007356054997672,0.09272921932525952,1.7093655317304666,0.4413562824648722,0.22612191853241062
S100A7,P31151,Protein S100-A7 OS=Homo sapiens OX=9606 GN=S100A7 PE=1 SV=4,27.42122031658277,27.77763290025005,-0.35641258366728223,0.03262712066524526,-2.1891100320293564,-0.5652257798043522,0.10676787398607096
ANGPTL3,Q9Y5C1,Angiopoietin-related protein 3 OS=Homo sapiens OX=9606 GN=ANGPTL3 PE=1 SV=1,19.377760581168765,18.604574834462777,0.7731857467059875,0.0021616329696661353,3.210499622162144,0.8289474379759458,0.014582163393731386
CD9,A0A087WU13,Tetraspanin OS=Homo sapiens OX=9606 GN=CD9 PE=1 SV=2,30.071138752740158,29.956493825915892,0.11464492682426553,0.10982301762637763,1.6238866522943347,0.4192857306976315,0.25353252035486334
RAB8B,Q92930,Ras-related protein Rab-8B OS=Homo sapiens OX=9606 GN=RAB8B PE=1 SV=2,27.08433591904064,27.160420408175582,-0.07608448913494215,0.46681478049779146,-0.7324976910283865,-0.18913009056588845,0.6408483141779522
RAP1A,P62834,Ras-related protein Rap-1A OS=Homo sapiens OX=9606 GN=RAP1A PE=1 SV=1,28.79355353912261,28.96966911100851,-0.17611557188590155,0.10901408982708907,-1.6276778882628062,-0.4202646236154603,0.2523729843254411
CFHR2,P36980,Complement factor H-related protein 2 OS=Homo sapiens OX=9606 GN=CFHR2 PE=1 SV=1,25.99443184553416,25.41134325296355,0.5830885925706077,0.0012602785505292468,3.3906742152004408,0.8754683178590807,0.009610827776209594
TNIK,Q9UKE5,TRAF2 and NCK-interacting protein kinase OS=Homo sapiens OX=9606 GN=TNIK PE=1 SV=1,27.815316153900692,27.984327813653024,-0.16901165975233212,0.06423842167224017,-1.8864892327059923,-0.4870894254046612,0.173623057590324
GLIPR2,Q9H4G4,Golgi-associated plant pathogenesis-related protein 1 OS=Homo sapiens OX=9606 GN=GLIPR2 PE=1 SV=3,26.43621330489215,26.37806849427504,0.05814481061710808,0.4270756866887617,0.7998254289545274,0.20651403774760588,0.6044424594064504
HSPA5,P11021,Endoplasmic reticulum chaperone BiP OS=Homo sapiens OX=9606 GN=HSPA5 PE=1 SV=2,23.08799163980841,23.09033265467285,-0.0023410148644380513,0.9627887390967849,-0.04685628164994225,-0.012098239899695367,0.981269513655299
EMILIN1,Q9Y6C2,EMILIN-1 OS=Homo sapiens OX=9606 GN=EMILIN1 PE=1 SV=3,27.105684580210685,27.10615378267035,-0.0004692024596657518,0.9965500928595663,-0.004342507715788946,-0.0011212306709351865,0.9977624409044076
C8A,P07357,Complement component C8 alpha chain OS=Homo sapiens OX=9606 GN=C8A PE=1 SV=2,27.350162674731596,27.205270216197395,0.1448924585342013,0.14040467975561238,1.494735515831908,0.3859390506534488,0.2947781924460944
MYL6,B7Z6Z4,Myosin light chain 6 OS=Homo sapiens OX=9606 GN=MYL6 PE=1 SV=1,26.907320875603272,27.00367344224601,-0.09635256664273939,0.37358899335360585,-0.8966942248278308,-0.2315254532932372,0.5564954597828373
SERPINF2,P08697,Alpha-2-antiplasmin OS=Homo sapiens OX=9606 GN=SERPINF2 PE=1 SV=3,25.19056511184355,25.260602427363082,-0.07003731551953152,0.20185676250370146,-1.2909100603902102,-0.333311544356193,0.37799343695232385
CYP2C9,P11712,Cytochrome P450 2C9 OS=Homo sapiens OX=9606 GN=CYP2C9 PE=1 SV=3,21.16509706310695,19.4593755101193,1.7057215529876473,0.00013011417479506554,4.100418579335056,1.0587235246829432,0.0015855830637519653
RAP1B,F5GZG1,"RAP1B, member of RAS oncogene family (Fragment) OS=Homo sapiens OX=9606 GN=RAP1B PE=1 SV=8",21.473840235457917,19.73779908688214,1.7360411485757758,0.002283656800448199,3.1918458540247987,0.8241310557532824,0.01519322388892288
SCARB1,B7ZKQ9,Scavenger receptor class B member 1 OS=Homo sapiens OX=9606 GN=SCARB1 PE=1 SV=1,21.15784422743304,21.13870779939352,0.01913642803951987,0.9597515501481564,0.05068390564469395,0.013086528165509852,0.9793868887438719
CIRBP,Q14011,Cold-inducible RNA-binding protein OS=Homo sapiens OX=9606 GN=CIRBP PE=1 SV=1,24.09967191708889,23.853037850994657,0.24663406609423433,0.0347490732885561,2.1620904349262875,0.5582493498309241,0.1121509306528693
PIGR,P01833,Polymeric immunoglobulin receptor OS=Homo sapiens OX=9606 GN=PIGR PE=1 SV=4,26.032010503784498,26.065522641665567,-0.03351213788106833,0.7679939006250591,-0.2963861749506367,-0.07652658130866224,0.86405875627399
SPTB,P11277,"Spectrin beta chain, erythrocytic OS=Homo sapiens OX=9606 GN=SPTB PE=1 SV=5",27.670658242782544,28.12420992381612,-0.4535516810335771,0.0032836297447502286,-3.06687485374558,-0.7918636822305959,0.01972574656882802
DTD1,Q8TEA8,D-aminoacyl-tRNA deacylase 1 OS=Homo sapiens OX=9606 GN=DTD1 PE=1 SV=2,28.06924812312855,28.372674498679622,-0.3034263755510729,0.31724514977857776,-1.0088327496321614,-0.2604794958955998,0.5069762296461544
CDC42,P60953,Cell division control protein 42 homolog OS=Homo sapiens OX=9606 GN=CDC42 PE=1 SV=2,29.778355860837713,29.554618593883742,0.22373726695397167,0.0372157792251136,2.1324411754746673,0.5505939439586903,0.11712652505647607
LRRC47,Q8N1G4,Leucine-rich repeat-containing protein 47 OS=Homo sapiens OX=9606 GN=LRRC47 PE=1 SV=1,27.217666612267877,27.227412871988523,-0.009746259720646577,0.8775917769463005,-0.1547040001738949,-0.03994440108434429,0.9311451233856359
ITGA1,P56199,Integrin alpha-1 OS=Homo sapiens OX=9606 GN=ITGA1 PE=1 SV=2,23.298278152248084,20.193120628488707,3.1051575237593774,6.852351806402867e-10,7.37556132052276,1.9043617442210823,3.8893003701169374e-08
UBE2O,Q9C0C9,(E3-independent) E2 ubiquitin-conjugating enzyme OS=Homo sapiens OX=9606 GN=UBE2O PE=1 SV=3,25.64435570247986,25.381271585787907,0.2630841166919531,0.035715510584977635,2.1502611706948045,0.5551950469398295,0.11415093285994793
PF4V1,P10720,Platelet factor 4 variant OS=Homo sapiens OX=9606 GN=PF4V1 PE=1 SV=1,25.533931662729746,24.670940904113753,0.8629907586159931,2.6974266796615354e-07,5.819683005524076,1.502635690706738,8.53839291292863e-06
C8G,P07360,Complement component C8 gamma chain OS=Homo sapiens OX=9606 GN=C8G PE=1 SV=3,23.03664514081097,22.862722095503393,0.17392304530757485,0.11777220107820865,1.587784587113775,0.40996421755043133,0.2614261429142495
IGLV3-25,P01717,Immunoglobulin lambda variable 3-25 OS=Homo sapiens OX=9606 GN=IGLV3-25 PE=1 SV=2,28.3427190260066,28.236361900342352,0.10635712566424615,0.10714520193047895,1.6365249892033487,0.42254893525578946,0.2503301625478892
KRT4,P19013,"Keratin, type II cytoskeletal 4 OS=Homo sapiens OX=9606 GN=KRT4 PE=1 SV=5",27.048680379067683,27.04830766761349,0.00037271145419381924,0.9984976259360752,0.00189108106295844,0.00048827503087775053,0.9984976259360752
IGHV5-51,A0A0C4DH38,Immunoglobulin heavy variable 5-51 OS=Homo sapiens OX=9606 GN=IGHV5-51 PE=1 SV=1,25.393802727067165,25.130984058690316,0.2628186683768483,0.028546964653406882,2.2457237156106142,0.57984337004953,0.09569919311508703
GNAI2,P04899,Guanine nucleotide-binding protein G(i) subunit alpha-2 OS=Homo sapiens OX=9606 GN=GNAI2 PE=1 SV=3,23.227566435914547,23.091405704800554,0.13616073111399274,0.3857521558566489,0.8739456981955587,0.22565180897340084,0.5675571527488643
H1-5,P16401,Histone H1.5 OS=Homo sapiens OX=9606 GN=H1-5 PE=1 SV=3,27.721696507432657,27.697346151843135,0.024350355589522366,0.7353658153966236,0.3396248943156449,0.08769077064279646,0.8417330543413369
IGLL5,B9A064,Immunoglobulin lambda-like polypeptide 5 OS=Homo sapiens OX=9606 GN=IGLL5 PE=1 SV=2,27.21558296530527,27.139156336320728,0.07642662898454233,0.5285624162019649,0.6340169866844467,0.16370248204276477,0.6885398394811183
MYLK,Q15746,"Myosin light chain kinase, smooth muscle OS=Homo sapiens OX=9606 GN=MYLK PE=1 SV=4",28.475781777769352,28.5538770490387,-0.07809527126934768,0.1811767412477786,-1.3534077622528924,-0.3494483815888867,0.35199933154636415
STOM,P27105,Stomatin OS=Homo sapiens OX=9606 GN=STOM PE=1 SV=3,26.879405608706225,26.71255644674687,0.16684916195935529,0.22246594078877127,1.2332268325676146,0.31841779897536626,0.40417101383920256
KRT17,Q04695,"Keratin, type I cytoskeletal 17 OS=Homo sapiens OX=9606 GN=KRT17 PE=1 SV=2",28.270533564446186,28.224621522533507,0.04591204191267906,0.7805239563738933,0.2799341933605989,0.07227869792797376,0.870421702026713
CFP,P27918,Properdin OS=Homo sapiens OX=9606 GN=CFP PE=1 SV=2,23.558696767017064,23.458170886815253,0.10052588020181119,0.28655192368312693,1.0756186835436086,0.2777235498822627,0.47329896759216633
HSPB1,P04792,Heat shock protein beta-1 OS=Homo sapiens OX=9606 GN=HSPB1 PE=1 SV=2,27.572865117496598,27.940907796717926,-0.36804267922132894,0.018682063795205206,-2.4198384182344057,-0.62479959295565,0.07004710024352567
CISD2,D6RCF4,CDGSH iron-sulfur domain-containing protein 2 OS=Homo sapiens OX=9606 GN=CISD2 PE=1 SV=1,20.813712254321878,20.62018581952316,0.19352643479871645,0.3129913999383891,1.0178181326475253,0.26279951181411987,0.5034718976950623
ACTA1,P68133,"Actin, alpha skeletal muscle OS=Homo sapiens OX=9606 GN=ACTA1 PE=1 SV=1",26.199277289114846,26.404652509548843,-0.20537522043399647,0.005698339960238897,-2.871321437778652,-0.7413720073416704,0.030080980728673577
BZW2,Q9Y6E2,eIF5-mimic protein 1 OS=Homo sapiens OX=9606 GN=BZW2 PE=1 SV=1,24.767000010807127,24.87835400489629,-0.11135399408916413,0.6125405455803753,-0.5092048202603908,-0.13147611924513566,0.7535053509828178
SERPINE1,P05121,Plasminogen activator inhibitor 1 OS=Homo sapiens OX=9606 GN=SERPINE1 PE=1 SV=1,16.92690063818915,15.625162344659326,1.301738293529823,0.01105225689382813,2.625251032552631,0.6778369019126776,0.04762307551633796
HMGN3,A0A087WZE9,High mobility group nucleosome-binding domain-containing protein 3 OS=Homo sapiens OX=9606 GN=HMGN3 PE=1 SV=1,24.01497493846123,23.664283749450767,0.3506911890104618,0.006669899704720784,2.8140219605553436,0.7265773459395195,0.033611422801482396
UGT2B17,O75795,UDP-glucuronosyltransferase 2B17 OS=Homo sapiens OX=9606 GN=UGT2B17 PE=1 SV=1,22.49356623778783,21.897225816830098,0.5963404209577341,0.0013612481124040067,3.3652654997067577,0.8689078157287103,0.010184610877349978
CFI,P05156,Complement factor I OS=Homo sapiens OX=9606 GN=CFI PE=1 SV=2,23.825151398150187,23.942823800222836,-0.11767240207264962,0.5057280850112507,-0.6696659547487548,-0.17290700601760114,0.6707723029238667
PPP2R5A,Q15172,Serine/threonine-protein phosphatase 2A 56 kDa regulatory subunit alpha isoform OS=Homo sapiens OX=9606 GN=PPP2R5A PE=1 SV=1,27.845152667175277,28.158294017246792,-0.3131413500715148,0.004508232087108347,-2.9553567620390013,-0.7630698347652353,0.025239966038708633
DNAJB11,Q9UBS4,DnaJ homolog subfamily B member 11 OS=Homo sapiens OX=9606 GN=DNAJB11 PE=1 SV=1,26.992715746087285,26.683520761479606,0.3091949846076787,0.013730417140738289,2.5415817949792037,0.6562335976652273,0.055803127441124006
IQGAP1,P46940,Ras GTPase-activating-like protein IQGAP1 OS=Homo sapiens OX=9606 GN=IQGAP1 PE=1 SV=1,29.01769042480606,29.527163591902696,-0.5094731670966368,0.025026725156063467,-2.300641113095932,-0.5940229811080426,0.08670649387524453
ARF5,P84085,ADP-ribosylation factor 5 OS=Homo sapiens OX=9606 GN=ARF5 PE=1 SV=2,23.163641381810002,23.31445405874075,-0.15081267693074807,0.3434338679095943,-0.9552141551969657,-0.24663523434262902,0.5273247635999928
CFHR5,Q9BXR6,Complement factor H-related protein 5 OS=Homo sapiens OX=9606 GN=CFHR5 PE=1 SV=1,25.803092148493022,25.443001895080968,0.3600902534120536,0.0023173549215797693,3.1868595237732986,0.8228435908184324,0.01531873976273213
PSTPIP2,Q9H939,Proline-serine-threonine phosphatase-interacting protein 2 OS=Homo sapiens OX=9606 GN=PSTPIP2 PE=1 SV=4,27.223152217218384,27.323023807456615,-0.09987159023823011,0.20333810086377826,-1.2866214869934673,-0.3322042394665548,0.37947223811993086
KRT13,P13646,"Keratin, type I cytoskeletal 13 OS=Homo sapiens OX=9606 GN=KRT13 PE=1 SV=4",27.36623439465906,27.10845830883523,0.2577760858238278,0.11484912171045959,1.600824527746824,0.41333111574425346,0.25790130195827626
BDH1,Q02338,"D-beta-hydroxybutyrate dehydrogenase, mitochondrial OS=Homo sapiens OX=9606 GN=BDH1 PE=1 SV=3",24.76231629989952,24.362362474253203,0.39995382564631754,0.020867206668367812,2.3751794151808547,0.6132686879500082,0.07548883994754597
TBC1D10B,Q4KMP7,TBC1 domain family member 10B OS=Homo sapiens OX=9606 GN=TBC1D10B PE=1 SV=3,27.17563649777161,27.13800322960866,0.03763326816294921,0.7668614056300032,0.29787709779588445,0.07691153593200391,0.8638862578071842
EIF1AX,P47813,"Eukaryotic translation initiation factor 1A, X-chromosomal OS=Homo sapiens OX=9606 GN=EIF1AX PE=1 SV=2",26.63150448258194,26.307038438564575,0.32446604401736323,0.09363583918005343,1.7045203206597062,0.44010525434581127,0.2269876160388335
ANG,P03950,Angiogenin OS=Homo sapiens OX=9606 GN=ANG PE=1 SV=1,29.121649134612895,29.04532518317661,0.07632395143628301,0.2139503154494127,1.2565601899073096,0.3244424459345493,0.3926000214378298
MOB1A,Q9H8S9,MOB kinase activator 1A OS=Homo sapiens OX=9606 GN=MOB1A PE=1 SV=4,26.115798224354684,26.598892412079042,-0.4830941877243582,0.000947164936414426,-3.4839521095204984,-0.8995525666104727,0.007679967908069681
MTDH,Q86UE4,Protein LYRIC OS=Homo sapiens OX=9606 GN=MTDH PE=1 SV=2,23.92304045832738,24.019039250865774,-0.09599879253839205,0.27888658552446666,-1.0930602911625917,-0.28222695360488986,0.46556523303577296
S100A6,P06703,Protein S100-A6 OS=Homo sapiens OX=9606 GN=S100A6 PE=1 SV=1,22.170704805551114,21.84843239476289,0.3222724107882229,0.18365737813528543,1.3456346323667232,0.3474413680824172,0.35485308892111495
SPRR2D,P22532,Small proline-rich protein 2D OS=Homo sapiens OX=9606 GN=SPRR2D PE=1 SV=2,28.373444941527158,28.53877612507489,-0.1653311835477318,0.38554852915560545,-0.8743227922434789,-0.22574917423790405,0.5675571527488643
SPRR2F,Q96RM1,Small proline-rich protein 2F OS=Homo sapiens OX=9606 GN=SPRR2F PE=1 SV=1,16.732983127969025,15.082820220763024,1.650162907206001,0.002330767777882536,3.1848937482545145,0.82233602976199,0.015345775049578615
ABCF1,Q8NE71,ATP-binding cassette sub-family F member 1 OS=Homo sapiens OX=9606 GN=ABCF1 PE=1 SV=2,25.35774196379797,24.35486582664605,1.0028761371519188,4.6015997116674194e-05,4.406100563471965,1.1376502736028025,0.000664406414509173
LCP2,Q13094,Lymphocyte cytosolic protein 2 OS=Homo sapiens OX=9606 GN=LCP2 PE=1 SV=1,27.869405294560476,27.431736200247727,0.43766909431274925,0.001130651885881973,3.42628298866184,0.8846624636320722,0.008947370212315998
DNAJC13,O75165,DnaJ homolog subfamily C member 13 OS=Homo sapiens OX=9606 GN=DNAJC13 PE=1 SV=5,30.855610882997414,30.75354402562362,0.10206685737379573,0.29021468061195344,1.0673986403954763,0.27560114386774126,0.4772161481391362
EHD4,Q9H223,EH domain-containing protein 4 OS=Homo sapiens OX=9606 GN=EHD4 PE=1 SV=1,23.78030627591033,23.744027068819626,0.03627920709070409,0.781964663666617,0.2780475519758505,0.07179156921708067,0.8704657455428954
SBSN,Q6UWP8,Suprabasin OS=Homo sapiens OX=9606 GN=SBSN PE=1 SV=2,23.4611328504115,23.452192250189555,0.008940600221944095,0.9304461652495659,0.08766341945460138,0.02263459757461776,0.964429715365734
RASA3,Q14644,Ras GTPase-activating protein 3 OS=Homo sapiens OX=9606 GN=RASA3 PE=1 SV=3,26.70796221712444,26.744999059097424,-0.03703684197298429,0.6919409703131969,-0.39820522245964546,-0.10281614633060178,0.8100532269811679
EPB41,P11171,Protein 4.1 OS=Homo sapiens OX=9606 GN=EPB41 PE=1 SV=4,27.707088737420758,27.558171399552325,0.14891733786843275,0.07365900324439514,1.8216959154769805,0.47035986283309467,0.19244876085757842
FGG,C9JU00,Fibrinogen gamma chain (Fragment) OS=Homo sapiens OX=9606 GN=FGG PE=1 SV=1,25.448782874418278,24.87532603780984,0.573456836608436,0.0029274274857025518,3.106697862311311,0.8021459388286594,0.018391395578116032
LMAN2,Q12907,Vesicular integral-membrane protein VIP36 OS=Homo sapiens OX=9606 GN=LMAN2 PE=1 SV=1,23.543426888337542,23.5456888405645,-0.0022619522269593517,0.9837381780475905,-0.020470660714130815,-0.005285501868779405,0.9928419128923018
CALML5,Q9NZT1,Calmodulin-like protein 5 OS=Homo sapiens OX=9606 GN=CALML5 PE=1 SV=2,22.1210604430837,21.76061708655078,0.3604433565329188,0.047938414077687494,2.020676749479873,0.5217364932536056,0.13987962991083858
TGFB1,P01137,Transforming growth factor beta-1 proprotein OS=Homo sapiens OX=9606 GN=TGFB1 PE=1 SV=3,27.826619920292227,27.869947227254578,-0.04332730696235032,0.7664093439953406,-0.2984724218866964,-0.0770652479512913,0.8638862578071842
H2BC3,P33778,Histone H2B type 1-B OS=Homo sapiens OX=9606 GN=H2BC3 PE=1 SV=2,26.42150365637136,26.35155692153018,0.06994673484118152,0.5319217461294974,0.6288414741504391,0.1623661704526115,0.691582301839773
PDAP1,Q13442,28 kDa heat- and acid-stable phosphoprotein OS=Homo sapiens OX=9606 GN=PDAP1 PE=1 SV=1,25.614522804191548,25.706407781592194,-0.09188497740064605,0.4123015847992788,-0.8257999036099675,-0.21322061826540628,0.5917340812677265
BPNT2,Q9NX62,"Golgi-resident adenosine 3',5'-bisphosphate 3'-phosphatase OS=Homo sapiens OX=9606 GN=BPNT2 PE=1 SV=1",25.166605719196145,25.348824605896517,-0.18221888670037245,0.009166189963919736,-2.696119511752484,-0.6961350645601495,0.04156349498791152
SEPTIN6,Q14141,Septin-6 OS=Homo sapiens OX=9606 GN=SEPTIN6 PE=1 SV=4,28.425351032184373,28.35654049853056,0.06881053365381362,0.146353834924938,1.4722701796979902,0.38013852580587454,0.3041646619778383
MASP2,A0A8V8TQL2,MBL associated serine protease 2 OS=Homo sapiens OX=9606 GN=MASP2 PE=1 SV=1,26.201835071698003,25.972566344064937,0.22926872763306605,0.11033634974494985,1.621492525675935,0.41866756986284653,0.2541573607659281
ARF4,P18085,ADP-ribosylation factor 4 OS=Homo sapiens OX=9606 GN=ARF4 PE=1 SV=3,29.762089363018383,29.809557126304522,-0.04746776328613933,0.38375424539376535,-0.8776510197093726,-0.22660851887442388,0.5660031253746753
RAB35,Q15286,Ras-related protein Rab-35 OS=Homo sapiens OX=9606 GN=RAB35 PE=1 SV=1,26.800026520141827,26.678802125323397,0.12122439481843017,0.07693145524440557,1.800817314347255,0.4649690312019256,0.1982317352967823
KRT74,Q7RTS7,"Keratin, type II cytoskeletal 74 OS=Homo sapiens OX=9606 GN=KRT74 PE=1 SV=2",28.25220099901329,28.625477236559576,-0.37327623754628547,0.2577506850327537,-1.1429612771548725,-0.2951113327853854,0.4467580890083091
ITGA2B,P08514,Integrin alpha-IIb OS=Homo sapiens OX=9606 GN=ITGA2B PE=1 SV=3,28.197494027505915,28.14810149912851,0.049392528377403266,0.5396075851828503,0.6170637786077933,0.15932518253972022,0.6977172703935363
IGFBP5,P24593,Insulin-like growth factor-binding protein 5 OS=Homo sapiens OX=9606 GN=IGFBP5 PE=1 SV=1,25.910803980851153,25.909222225678327,0.0015817551728254386,0.9938021131397232,0.00780153264856973,0.0020143470681869336,0.9962230683483462
SPRR1B,P22528,Cornifin-B OS=Homo sapiens OX=9606 GN=SPRR1B PE=1 SV=2,27.63314851982144,27.99945176306692,-0.36630324324547914,0.26504830953986375,-1.1254161259928728,-0.2905811942349109,0.4503126190587166
BTK,Q06187,Tyrosine-protein kinase BTK OS=Homo sapiens OX=9606 GN=BTK PE=1 SV=3,26.887453459601986,27.158539447087854,-0.27108598748586843,0.3337737476493705,-0.9746657363685471,-0.25165761100495815,0.5202372839602897
RAB1A,P62820,Ras-related protein Rab-1A OS=Homo sapiens OX=9606 GN=RAB1A PE=1 SV=3,17.87027892179592,18.536514059180153,-0.6662351373842341,0.04238784950514362,-2.075464754480639,-0.5358826953162654,0.13016865724900448
APOF,Q13790,Apolipoprotein F OS=Homo sapiens OX=9606 GN=APOF PE=1 SV=2,22.6582524894441,22.561912909257277,0.09633958018682165,0.3495975901302195,0.9429898755733455,0.24347893891585143,0.5325211121817816
TGOLN2,A0AAG2UW97,Trans-golgi network protein 2 OS=Homo sapiens OX=9606 GN=TGOLN2 PE=1 SV=1,14.455469334708345,13.280041326681147,1.1754280080271986,0.0015820130978029714,3.315409052950184,0.8560349365294244,0.011272699389539786
CKAP5,Q14008,Cytoskeleton-associated protein 5 OS=Homo sapiens OX=9606 GN=CKAP5 PE=1 SV=3,27.82861325996944,27.691124632309464,0.13748862765997671,0.0674966334862845,1.8632233135700116,0.4810821909148037,0.18035626415328618
TAGLN2,P37802,Transgelin-2 OS=Homo sapiens OX=9606 GN=TAGLN2 PE=1 SV=3,26.964841423448057,27.10807329212794,-0.1432318686798837,0.16427667206396326,-1.4086515658629049,-0.3637122703464021,0.32975536855766285
TUBB4B,P68371,Tubulin beta-4B chain OS=Homo sapiens OX=9606 GN=TUBB4B PE=1 SV=1,27.373162845181216,26.44965588465828,0.9235069605229356,5.5224142212619285e-06,5.004759693721448,1.2922233963702199,0.00010569643963019923
SERPINE2,P07093,Glia-derived nexin OS=Homo sapiens OX=9606 GN=SERPINE2 PE=1 SV=1,23.002530305076196,23.217367578830114,-0.21483727375391837,0.05529903365045629,-1.9559012204576927,-0.5050115235772937,0.15559352032248044
LORICRIN,P23490,Loricrin OS=Homo sapiens OX=9606 GN=LORICRIN PE=1 SV=2,27.022773128317574,26.90397064063037,0.11880248768720492,0.22462635782154125,1.2274119591301478,0.3169164051097921,0.40607650360950054
SERPIND1,P05546,Heparin cofactor 2 OS=Homo sapiens OX=9606 GN=SERPIND1 PE=1 SV=3,28.492046522921964,28.307645329914667,0.18440119300729663,0.0018828571415776952,3.2571347685553302,0.840988580997863,0.013021776701835656
DNAJA2,O60884,DnaJ homolog subfamily A member 2 OS=Homo sapiens OX=9606 GN=DNAJA2 PE=1 SV=1,22.352920515755255,20.11826448779847,2.2346560279567846,1.9454361120116206e-06,5.2902853716977765,1.3659458094180137,4.0534023295837056e-05
C8B,A0A8Q3WM97,Complement component C8 beta chain OS=Homo sapiens OX=9606 GN=C8B PE=1 SV=1,26.30732745004686,25.9523149302044,0.35501251984246096,0.024865455618689677,2.30331773484165,0.5947140818710601,0.0863471306927494
ACTN1,P12814,Alpha-actinin-1 OS=Homo sapiens OX=9606 GN=ACTN1 PE=1 SV=2,28.029148876967287,27.83598382508599,0.19316505188129796,0.043635824187609085,2.062627201544149,0.5325680534009931,0.1325364457269171
KRT6A,P02538,"Keratin, type II cytoskeletal 6A OS=Homo sapiens OX=9606 GN=KRT6A PE=1 SV=3",29.998454155260433,30.00991071397423,-0.011456558713796028,0.8392646152838663,-0.20374673262871645,-0.052607180154346275,0.9076824368687595
CTSC,P53634,Dipeptidyl peptidase 1 OS=Homo sapiens OX=9606 GN=CTSC PE=1 SV=2,23.111061655430955,22.788298229227298,0.3227634262036574,0.019288816643039563,2.4069871372246476,0.6214814064671019,0.07183120405982607
VASP,P50552,Vasodilator-stimulated phosphoprotein OS=Homo sapiens OX=9606 GN=VASP PE=1 SV=3,29.323846880369207,29.31192712454289,0.011919755826315992,0.903528353852165,0.12173669406794312,0.03143227924983273,0.9466630620246108
HNRNPC,P07910,Heterogeneous nuclear ribonucleoproteins C1/C2 OS=Homo sapiens OX=9606 GN=HNRNPC PE=1 SV=4,17.513218129778082,20.009477544262896,-2.4962594144848147,9.437075576209067e-06,-4.856057457047341,-1.2538286439580464,0.00016702609030580778
SARS1,P49591,"Serine--tRNA ligase, cytoplasmic OS=Homo sapiens OX=9606 GN=SARS1 PE=1 SV=3",25.112763410577646,24.96868926559044,0.14407414498720428,0.04364201311299458,2.0625643353081973,0.532551821408668,0.1325364457269171
KRT77,Q7Z794,"Keratin, type II cytoskeletal 1b OS=Homo sapiens OX=9606 GN=KRT77 PE=1 SV=3",28.00424352601694,27.66121865301066,0.3430248730062786,3.9251454912634915e-06,5.098741063415074,1.3164892816820317,7.879011559292326e-05
C4BPB,P20851,C4b-binding protein beta chain OS=Homo sapiens OX=9606 GN=C4BPB PE=1 SV=1,25.724534103971017,25.691019274869213,0.033514829101804366,0.8779691564365171,0.15422318378640829,0.039820254826923,0.9311451233856359
FMNL1,O95466,Formin-like protein 1 OS=Homo sapiens OX=9606 GN=FMNL1 PE=1 SV=3,29.82170937212743,30.118751373903915,-0.2970420017764859,0.0017056784367310983,-3.2902859708192764,-0.8495481846161973,0.012049556681799948
GRK6,P43250,G protein-coupled receptor kinase 6 OS=Homo sapiens OX=9606 GN=GRK6 PE=1 SV=2,25.235707984430515,24.80271847340942,0.43298951102109484,0.09386631664952236,1.703294748319087,0.43978881292815847,0.2272117017722262
SYNJ2,O15056,Synaptojanin-2 OS=Homo sapiens OX=9606 GN=SYNJ2 PE=1 SV=3,23.961767806323117,24.088735403294972,-0.12696759697185556,0.25973342161162827,-1.1381598085582552,-0.2938715989245829,0.4475394302781113
POLG,P54098,DNA polymerase subunit gamma-1 OS=Homo sapiens OX=9606 GN=POLG PE=1 SV=1,25.935601005552176,25.880227606141183,0.05537339941099262,0.4872511204713984,0.6991525019198398,0.18052039975965256,0.6600815494065458
IGHG1,A0A0A0MS07,Immunoglobulin heavy constant gamma 1 (G1m marker) (Fragment) OS=Homo sapiens OX=9606 GN=IGHG1 PE=1 SV=1,19.2482597759251,18.824509992621334,0.4237497833037658,0.29935589333027424,1.0471911134545557,0.27038358284705977,0.4868970359897543
ADD3,Q9UEY8,Gamma-adducin OS=Homo sapiens OX=9606 GN=ADD3 PE=1 SV=1,23.603563965044778,23.688033307296145,-0.08446934225136715,0.33128401426250254,-0.9797391638076031,-0.2529675643369351,0.5188330042588765
LPL,P06858,Lipoprotein lipase OS=Homo sapiens OX=9606 GN=LPL PE=1 SV=1,27.969303128533074,27.983225626053365,-0.013922497520290733,0.8745807959713676,-0.1585415811189737,-0.040935260223678493,0.9287483807541105
NPM1,P06748,Nucleophosmin OS=Homo sapiens OX=9606 GN=NPM1 PE=1 SV=2,24.35211804910274,24.216313429445233,0.135804619657506,0.4152781965345861,0.820522004174994,0.211857870491099,0.594413187609921
CC2D2B,Q6DHV5,Protein CC2D2B OS=Homo sapiens OX=9606 GN=CC2D2B PE=1 SV=4,27.59529056815673,27.63008589780272,-0.03479532964598775,0.5749718267501573,-0.5639360870690592,-0.14560767156958945,0.7246582134998154
METAP2,P50579,Methionine aminopeptidase 2 OS=Homo sapiens OX=9606 GN=METAP2 PE=1 SV=1,29.38771472160857,29.682790146217297,-0.2950754246087257,0.09727109615135868,-1.6854718360372472,-0.4351869567649264,0.23337491134934935
FUS,P35637,RNA-binding protein FUS OS=Homo sapiens OX=9606 GN=FUS PE=1 SV=1,26.814352214982765,25.903806597622502,0.9105456173602633,2.1184442837797582e-07,5.883631355369708,1.5191470836380438,6.837175080591141e-06
MAPRE1,Q15691,Microtubule-associated protein RP/EB family member 1 OS=Homo sapiens OX=9606 GN=MAPRE1 PE=1 SV=3,25.832903113203745,25.82616905566439,0.00673405753935441,0.9130136540116722,0.10971561487849299,0.028328449949554003,0.9541717298433094
IGF1,P05019,Insulin-like growth factor 1 OS=Homo sapiens OX=9606 GN=IGF1 PE=1 SV=1,25.972209084399484,25.59435619275779,0.37785289164169455,0.010991866039737603,2.6273426825087567,0.6783769636090892,0.04753988068289515
RPS19,P39019,Small ribosomal subunit protein eS19 OS=Homo sapiens OX=9606 GN=RPS19 PE=1 SV=2,29.45083954014546,29.253910612707426,0.1969289274380337,0.033601233308568144,2.17652055105713,0.5619751897948304,0.10930361665198253
KRT80,Q6KB66,"Keratin, type II cytoskeletal 80 OS=Homo sapiens OX=9606 GN=KRT80 PE=1 SV=2",22.987269289426834,23.224520474418714,-0.23725118499188014,0.37425759620164134,-0.8954316896890553,-0.2311994681221386,0.5569873447991878
DHX29,Q7Z478,ATP-dependent RNA helicase DHX29 OS=Homo sapiens OX=9606 GN=DHX29 PE=1 SV=2,24.356378325621897,24.084026485223447,0.27235184039844995,0.14979764663243897,1.4595916107456652,0.37686493337880134,0.31014707717860945
H2AX,P16104,Histone H2AX OS=Homo sapiens OX=9606 GN=H2AX PE=1 SV=2,29.4788442696134,29.31735640996725,0.16148785964615087,0.03933418399465168,2.108318581014617,0.5443655168512844,0.12238954036899181
TPM4,P67936,Tropomyosin alpha-4 chain OS=Homo sapiens OX=9606 GN=TPM4 PE=1 SV=3,23.79236268144859,23.798668782403773,-0.006306100955182359,0.9455421165119761,-0.06860234631383348,-0.017713049652282056,0.9715120622838406
ITGB1,P05556,Integrin beta-1 OS=Homo sapiens OX=9606 GN=ITGB1 PE=1 SV=2,24.697544267266107,24.606158852619266,0.09138541464684025,0.33005476774035836,0.9822533759732082,0.2536167311266832,0.5188330042588765
G3BP1,Q13283,Ras GTPase-activating protein-binding protein 1 OS=Homo sapiens OX=9606 GN=G3BP1 PE=1 SV=1,23.18608338993142,22.811934829667166,0.3741485602642527,0.00014162718896726481,4.075039797002108,1.052170751261441,0.0017015938178110794
ASPN,Q9BXN1,Asporin OS=Homo sapiens OX=9606 GN=ASPN PE=1 SV=2,26.730111738805906,26.43479764277315,0.2953140960327545,0.028434510006243714,2.247382859805986,0.5802717592387054,0.09551674177607582
AFM,P43652,Afamin OS=Homo sapiens OX=9606 GN=AFM PE=1 SV=1,25.708891933256606,26.02466155994161,-0.31576962668500386,0.019426559843584167,-2.4041202394371664,-0.6207411766413554,0.07201828266337734
B2M,P61769,Beta-2-microglobulin OS=Homo sapiens OX=9606 GN=B2M PE=1 SV=1,23.57155744813129,22.8003889653654,0.7711684827658907,5.3485411573192245e-06,5.01359033140658,1.2945034572162808,0.0001035729264111464
MYO9A,B2RTY4,Unconventional myosin-IXa OS=Homo sapiens OX=9606 GN=MYO9A PE=1 SV=2,26.570099227595282,26.51476875012061,0.05533047747467279,0.44581269120574185,0.7676439825877472,0.19820482402524545,0.6213443604781127
EIF4G1,Q04637,Eukaryotic translation initiation factor 4 gamma 1 OS=Homo sapiens OX=9606 GN=EIF4G1 PE=1 SV=4,26.768838481194283,27.18477978074461,-0.415941299550326,0.11851460581170832,-1.5845142672269419,-0.40911982458653295,0.2621976359759031
CAPN1,P07384,Calpain-1 catalytic subunit OS=Homo sapiens OX=9606 GN=CAPN1 PE=1 SV=1,25.553252437873237,25.413220586286844,0.14003185158639297,0.23216241447862948,1.2074433167894063,0.31176052382765446,0.41627378456625724
SERBP1,Q8NC51,SERPINE1 mRNA-binding protein 1 OS=Homo sapiens OX=9606 GN=SERBP1 PE=1 SV=2,25.342676419184716,25.413378143680855,-0.0707017244961392,0.5152787618784398,-0.6546533905889218,-0.16903077861927424,0.6765787460719446
NAA10,P41227,N-alpha-acetyltransferase 10 OS=Homo sapiens OX=9606 GN=NAA10 PE=1 SV=1,17.88770516520531,16.920096719103803,0.967608446101508,0.006913600102637761,2.8008632693540307,0.7231797864808148,0.034384766747631475
GSTM5,P46439,Glutathione S-transferase Mu 5 OS=Homo sapiens OX=9606 GN=GSTM5 PE=1 SV=3,24.165309290891017,24.262899225857407,-0.09758993496638979,0.5699617655541696,-0.5713620928070655,-0.14752505800639876,0.7214296721828747
ARF6,P62330,ADP-ribosylation factor 6 OS=Homo sapiens OX=9606 GN=ARF6 PE=1 SV=2,23.888841830273773,23.85669892590132,0.03214290437245282,0.6746145756289723,0.42195948277918355,0.10894946997187155,0.7959968397744003
SYNE2,Q8WXH0,Nesprin-2 OS=Homo sapiens OX=9606 GN=SYNE2 PE=1 SV=3,26.911082753305305,26.454282874513375,0.45679987879193007,0.04576029871609328,2.0414873059036287,0.5271097558172401,0.13669954934063436
TSC2,P49815,Tuberin OS=Homo sapiens OX=9606 GN=TSC2 PE=1 SV=2,28.561610815119646,28.51091474088489,0.050696074234757305,0.3612788029613062,0.9202019086579393,0.23759511115869852,0.5450640785282402
OXSR1,O95747,Serine/threonine-protein kinase OSR1 OS=Homo sapiens OX=9606 GN=OXSR1 PE=1 SV=1,23.910901243865556,23.900428386544384,0.010472857321172313,0.9398287254930628,0.07581306194369056,0.019574848422193654,0.9704881318454087
RARRES2,Q99969,Retinoic acid receptor responder protein 2 OS=Homo sapiens OX=9606 GN=RARRES2 PE=1 SV=1,28.207287510867335,28.255266308640696,-0.04797879777336078,0.3415870115221842,-0.9589048832747888,-0.24758817623468163,0.5270188118536757
MBL2,P11226,Mannose-binding protein C OS=Homo sapiens OX=9606 GN=MBL2 PE=1 SV=2,18.039545091811785,18.151274465100514,-0.11172937328872834,0.7746947224527257,-0.28757813838795704,-0.07425235604732595,0.8674481225392674
CEP290,O15078,Centrosomal protein of 290 kDa OS=Homo sapiens OX=9606 GN=CEP290 PE=1 SV=2,26.241256192260416,26.091724093051614,0.14953209920880184,0.14569833985615444,1.4747098737313025,0.38076845209659843,0.30318516738714313
IGKV1-33,A0AAG2T928,Immunoglobulin kappa variable 1-33 OS=Homo sapiens OX=9606 GN=IGKV1-33 PE=1 SV=1,22.8907085438067,21.81736940550461,1.0733391383020887,0.008076644983192487,2.7434147859994593,0.7083466518610061,0.0379833075495281
CCT3,P49368,T-complex protein 1 subunit gamma OS=Homo sapiens OX=9606 GN=CCT3 PE=1 SV=4,27.769713959915407,27.953497206960503,-0.18378324704509552,0.054371772129005416,-1.9636387034556282,-0.5070093330967982,0.15350932577074256
EEF1G,P26641,Elongation factor 1-gamma OS=Homo sapiens OX=9606 GN=EEF1G PE=1 SV=3,26.230030016086403,26.07387461653211,0.1561553995542937,0.16106384421983486,1.4196444977775564,0.36655063316183123,0.3256892967885113
MTARC2,Q969Z3,Mitochondrial amidoxime reducing component 2 OS=Homo sapiens OX=9606 GN=MTARC2 PE=1 SV=1,15.629356639579026,13.809311383813345,1.820045255765681,5.005707970698431e-05,4.381692666681094,1.1313481817503361,0.0006982538406584422
CAT,P04040,Catalase OS=Homo sapiens OX=9606 GN=CAT PE=1 SV=3,22.74995619782995,23.31586337722143,-0.5659071793914805,0.004165587448296484,-2.9833958970688355,-0.770309508299409,0.023890442299289244
AHNAK,Q09666,Neuroblast differentiation-associated protein AHNAK OS=Homo sapiens OX=9606 GN=AHNAK PE=1 SV=2,28.745317140301655,28.71470626296069,0.03061087734096546,0.8864346738028459,0.14344663730980306,0.037037762491354854,0.9373785401250121
LCN1,P31025,Lipocalin-1 OS=Homo sapiens OX=9606 GN=LCN1 PE=1 SV=1,27.034710022321295,26.96873114137966,0.06597888094163551,0.6506634903662987,0.45520185165407057,0.11753261270793296,0.7800379498491825
DYNLL1,P63167,"Dynein light chain 1, cytoplasmic OS=Homo sapiens OX=9606 GN=DYNLL1 PE=1 SV=1",25.42462788656219,25.294849450722243,0.12977843583994897,0.13565991396389657,1.5131975456680304,0.39070592625961453,0.2886753654507209
CCL18,P55774,C-C motif chemokine 18 OS=Homo sapiens OX=9606 GN=CCL18 PE=1 SV=1,21.464487732190886,21.49394020695195,-0.02945247476106516,0.811567096477408,-0.23949372881350453,-0.06183701488105456,0.8864229865970893
ATE1,A0A8I5KXC6,Arginyl-tRNA--protein transferase 1 OS=Homo sapiens OX=9606 GN=ATE1 PE=1 SV=1,15.745076969648276,16.471362915007333,-0.7262859453590575,0.05385887627965715,-1.9679671706318742,-0.5081269385160118,0.1528329178310086
KIF2A,O00139,Kinesin-like protein KIF2A OS=Homo sapiens OX=9606 GN=KIF2A PE=1 SV=3,29.403545351141187,29.457063851479507,-0.05351850033832051,0.6552710689564918,-0.44876828459061463,-0.11587147283503473,0.7844190396380986
CD46,P15529,Membrane cofactor protein OS=Homo sapiens OX=9606 GN=CD46 PE=1 SV=3,20.87627099815708,20.177431920364313,0.6988390777927656,0.08856774827513102,1.7321197597021263,0.44723139886420854,0.21889266315445294
MASP1,P48740,Mannan-binding lectin serine protease 1 OS=Homo sapiens OX=9606 GN=MASP1 PE=1 SV=3,25.39760887781352,25.184908650200445,0.21270022761307672,0.006667713895548805,2.8141419774504075,0.7266083341685758,0.033611422801482396
IGLV1-51,P01701,Immunoglobulin lambda variable 1-51 OS=Homo sapiens OX=9606 GN=IGLV1-51 PE=1 SV=2,22.87643860183493,22.902142956509287,-0.025704354674356722,0.8175372577749436,-0.23176377114258298,-0.05984114839263007,0.8911697525149385
FGD6,Q6ZV73,"FYVE, RhoGEF and PH domain-containing protein 6 OS=Homo sapiens OX=9606 GN=FGD6 PE=1 SV=2",18.628447060221678,18.256335398648506,0.37211166157317166,0.5008488447365195,0.6773945482908296,0.17490252028947192,0.6684370851807481
MESD,Q14696,LRP chaperone MESD OS=Homo sapiens OX=9606 GN=MESD PE=1 SV=2,27.467550073108917,27.066747611343768,0.40080246176514933,9.751276513616741e-05,4.186223614439793,1.0808782894817026,0.00122578969389876
RHOC,P08134,Rho-related GTP-binding protein RhoC OS=Homo sapiens OX=9606 GN=RHOC PE=1 SV=1,27.16970326823884,27.0531785766812,0.11652469155763967,0.0635401321522259,1.8916050861874876,0.48841033309369236,0.17258590350258057
C4B; C4B_2,P0C0L5,Complement C4-B OS=Homo sapiens OX=9606 GN=C4B PE=1 SV=2,29.781829309773585,29.671482420927692,0.11034688884589272,0.11040249875312187,1.621184670757757,0.4185880820647699,0.2541573607659281
AFF4,Q9UHB7,AF4/FMR2 family member 4 OS=Homo sapiens OX=9606 GN=AFF4 PE=1 SV=1,26.17583717889782,26.08692708486941,0.08891009402841021,0.102364345019776,1.6597422523285288,0.42854360681767867,0.2413921373962053
IGLV3-19,P01714,Immunoglobulin lambda variable 3-19 OS=Homo sapiens OX=9606 GN=IGLV3-19 PE=1 SV=2,23.514219163949523,23.797962909125317,-0.28374374517579426,0.04700115020427328,-2.0295295592008564,-0.5240222788947064,0.13864496995740827
SPTA1,P02549,"Spectrin alpha chain, erythrocytic 1 OS=Homo sapiens OX=9606 GN=SPTA1 PE=1 SV=5",27.624763059676066,27.714489053933608,-0.08972599425754169,0.16751067218813054,-1.3977527417566904,-0.3608982060626279,0.33461476507483356
FAM151A,Q8WW52,Protein FAM151A OS=Homo sapiens OX=9606 GN=FAM151A PE=1 SV=2,23.16816626713378,18.550332615375908,4.6178336517578735,1.3927324886474485e-16,11.493041340791564,2.967490514010606,1.910364730261417e-14
SF3B1,O75533,Splicing factor 3B subunit 1 OS=Homo sapiens OX=9606 GN=SF3B1 PE=1 SV=3,29.315277350386225,29.33590816771781,-0.020630817331586115,0.7826787991515706,-0.27711274710849565,-0.0715502036381994,0.8704657455428954
PAPOLA,P51003,Poly(A) polymerase alpha OS=Homo sapiens OX=9606 GN=PAPOLA PE=1 SV=4,23.605407262605073,23.67287844591762,-0.06747118331254498,0.8059183864330076,-0.24682088848789857,-0.06372887937398329,0.8828102565421643
ATP1A2,P50993,Sodium/potassium-transporting ATPase subunit alpha-2 OS=Homo sapiens OX=9606 GN=ATP1A2 PE=1 SV=1,22.304798502222294,22.02374732462325,0.28105117759904275,0.008582045597653652,2.720792153855428,0.7025055133582586,0.03959511041662206
DYNAP,Q8N1N2,Dynactin-associated protein OS=Homo sapiens OX=9606 GN=DYNAP PE=1 SV=1,25.34083138457034,25.49421983604099,-0.15338845147065072,0.5814212406249268,-0.5544226761909723,-0.14315131944315887,0.7293199527470128
CAPZA1,P52907,F-actin-capping protein subunit alpha-1 OS=Homo sapiens OX=9606 GN=CAPZA1 PE=1 SV=3,20.91172363304334,21.36335154038421,-0.45162790734086755,0.11800706208097653,-1.5867482260672885,-0.4096966302788514,0.2614261429142495
APOB,P04114,Apolipoprotein B-100 OS=Homo sapiens OX=9606 GN=APOB PE=1 SV=3,29.930901036594033,29.722838244686194,0.20806279190783883,0.0460010174026635,2.039145848955478,0.5265051942328367,0.13684496859474116
FYB1,A0A2R8YEE1,FYN binding protein 1 (Fragment) OS=Homo sapiens OX=9606 GN=FYB1 PE=1 SV=1,23.107613402114268,23.173548500641054,-0.06593509852678636,0.6915645301205693,-0.3987188534393528,-0.10294876527930195,0.8100532269811679
FAM3C,Q92520,Protein FAM3C OS=Homo sapiens OX=9606 GN=FAM3C PE=1 SV=1,21.321122406537604,21.04664030720037,0.27448209933723433,0.23982488450030082,1.1876180085965489,0.30664165126336335,0.4264741796785434
ARHGAP6,O43182,Rho GTPase-activating protein 6 OS=Homo sapiens OX=9606 GN=ARHGAP6 PE=1 SV=3,25.146966003519513,25.247373135638888,-0.10040713211937558,0.5067605962425792,-0.6680356618238646,-0.17248606619443185,0.671060290760487
IPO7,O95373,Importin-7 OS=Homo sapiens OX=9606 GN=IPO7 PE=1 SV=1,26.433780794073154,26.513587602201813,-0.0798068081286587,0.3479440637097334,-0.9462553474372771,-0.24432208012561918,0.5312763718610586
HMOX1,P09601,Heme oxygenase 1 OS=Homo sapiens OX=9606 GN=HMOX1 PE=1 SV=1,22.818201690329616,20.920173956210753,1.8980277341188625,1.8739812683774436e-18,12.74064200338939,3.2896196199411865,3.4273035197214135e-16
PRG4,J3KP74,Proteoglycan 4 (Fragment) OS=Homo sapiens OX=9606 GN=PRG4 PE=1 SV=8,24.182484448174034,24.31681756460834,-0.13433311643430557,0.16263240866656029,-1.4142565399911478,-0.3651594684433759,0.3268534122895705
MAGED2,Q9UNF1,Melanoma-associated antigen D2 OS=Homo sapiens OX=9606 GN=MAGED2 PE=1 SV=2,26.613267495707777,26.85870558049138,-0.24543808478360418,0.26741228232890335,-1.1198060059982131,-0.2891326674809415,0.45144678637269225
KRT9,K7EQQ3,Keratin 9 OS=Homo sapiens OX=9606 GN=KRT9 PE=1 SV=1,18.51868650473437,17.683800953677554,0.8348855510568143,0.005444252643200126,2.8877968465056134,0.7456259395831024,0.029094934580218855
MYL12B,O14950,Myosin regulatory light chain 12B OS=Homo sapiens OX=9606 GN=MYL12B PE=1 SV=2,24.723114801119273,24.801398758186117,-0.07828395706684432,0.45838513885936016,-0.7464926479575069,-0.1927435729070467,0.632971424968546
KRT3,P12035,"Keratin, type II cytoskeletal 3 OS=Homo sapiens OX=9606 GN=KRT3 PE=1 SV=3",26.99216615198892,26.635562183444158,0.3566039685447606,3.5112240744271848e-06,5.129296844964602,1.3243787505534765,7.135154106798946e-05
MCF2,P10911,Proto-oncogene DBL OS=Homo sapiens OX=9606 GN=MCF2 PE=1 SV=3,20.635153181025427,19.780671212079923,0.8544819689455032,0.0539464916523791,1.9672252681444249,0.5079353801174519,0.1528329178310086
HPN,P05981,Serine protease hepsin OS=Homo sapiens OX=9606 GN=HPN PE=1 SV=1,23.96910644782856,23.481261070469536,0.48784537735902234,0.015852466551894713,2.485224785294918,0.6416822803352747,0.061108102914329505
CORO1A,P31146,Coronin-1A OS=Homo sapiens OX=9606 GN=CORO1A PE=1 SV=4,27.363723826188178,27.268166531882922,0.09555729430525517,0.2644324150514055,1.1268835528840604,0.2909600822290007,0.4503126190587166
F10,P00742,Coagulation factor X OS=Homo sapiens OX=9606 GN=F10 PE=1 SV=2,17.308002595747194,16.287045387981024,1.0209572077661697,0.02050200079820878,2.382342573457681,0.6151182074641678,0.07433104254152346
EIF5B,O60841,Eukaryotic translation initiation factor 5B OS=Homo sapiens OX=9606 GN=EIF5B PE=1 SV=4,27.040351845661917,27.126008095224673,-0.08565624956275641,0.36705949684596706,-0.9091002821760027,-0.2347286835266748,0.5517624948022481
IGHV3-7,P01780,Immunoglobulin heavy variable 3-7 OS=Homo sapiens OX=9606 GN=IGHV3-7 PE=1 SV=2,26.358919051808257,26.05431110900353,0.3046079428047257,0.0008711113066770729,3.511034435917332,0.9065451932179052,0.007241662680759909
RBBP6,Q7Z6E9,E3 ubiquitin-protein ligase RBBP6 OS=Homo sapiens OX=9606 GN=RBBP6 PE=1 SV=1,26.494172859338576,26.060759730930993,0.43341312840758306,0.045740759218937235,2.0416778322524336,0.527158949508969,0.13669954934063436
GPRC5C,A0A0C4DFY5,G protein-coupled receptor class C group 5 member C OS=Homo sapiens OX=9606 GN=GPRC5C PE=1 SV=1,19.097189073543785,18.48395322517627,0.6132358483675162,0.150687903974532,1.456351263687273,0.37602827936592903,0.3108174059424557
LINS1,Q8NG48,Protein Lines homolog 1 OS=Homo sapiens OX=9606 GN=LINS1 PE=1 SV=2,20.56402304944957,19.94368221529944,0.6203408341501309,0.04761065201190128,2.0237554729696074,0.5225314162404936,0.1394432975295187
CTSH,A0A7I2V2L7,Pro-cathepsin H OS=Homo sapiens OX=9606 GN=CTSH PE=1 SV=1,24.81976511090956,24.717402078728565,0.10236303218099607,0.3982245921767762,0.8510808825672154,0.21974813896388903,0.57802264437652
NEB,P20929,Nebulin OS=Homo sapiens OX=9606 GN=NEB PE=1 SV=6,28.582849059664923,28.830220302438743,-0.24737124277381994,0.346180757322074,-0.9497487926525745,-0.2452240838016015,0.5290747693148875
RAP1B,B7ZB78,"RAP1B, member of RAS oncogene family OS=Homo sapiens OX=9606 GN=RAP1B PE=1 SV=1",19.796918085771566,19.727355300473345,0.06956278529822058,0.8266405307203046,0.22000403790401216,0.05680479832670829,0.8993062217882495
RBP4,P02753,Retinol-binding protein 4 OS=Homo sapiens OX=9606 GN=RBP4 PE=1 SV=3,20.503135345817594,20.88365853022824,-0.38052318441064514,0.2251842051797327,-1.2259171522244887,-0.31653044762636445,0.40607650360950054
RBM19,Q9Y4C8,Probable RNA-binding protein 19 OS=Homo sapiens OX=9606 GN=RBM19 PE=1 SV=3,26.77714266447235,27.122322068656484,-0.3451794041841332,0.0017150593750791649,-3.2884510204515376,-0.8490744024685061,0.01206405013410387
RAB13,P51153,Ras-related protein Rab-13 OS=Homo sapiens OX=9606 GN=RAB13 PE=1 SV=1,20.88414226105368,20.41713937465456,0.46700288639911847,0.06689171961581158,1.8674699705373636,0.48217867302891104,0.17914777873509038
AZGP1,P25311,Zinc-alpha-2-glycoprotein OS=Homo sapiens OX=9606 GN=AZGP1 PE=1 SV=2,24.712579659566625,23.855335532747826,0.8572441268187987,2.8541865691511033e-07,5.804710976746236,1.4987699294990373,8.731999063543544e-06
AGRN,O00468,Agrin OS=Homo sapiens OX=9606 GN=AGRN PE=1 SV=6,24.016147380206597,24.13314729189772,-0.11699991169112423,0.5055026816891766,-0.6700220962590232,-0.17299896136014536,0.6707723029238667
RGS12,O14924,Regulator of G-protein signaling 12 OS=Homo sapiens OX=9606 GN=RGS12 PE=1 SV=1,20.888419807033937,20.92332735870273,-0.034907551668791115,0.9266472942725975,-0.09246493583563166,-0.023874343773302584,0.9619424369403897
Unknown,Q5VST9,Obscurin OS=Homo sapiens OX=9606 GN=OBSCN PE=1 SV=3,22.663923956202982,22.78431614681715,-0.12039219061416873,0.46272337589166135,-0.7392720476833504,-0.19087922193295143,0.6368249805331727
DMD,P11532,Dystrophin OS=Homo sapiens OX=9606 GN=DMD PE=1 SV=4,27.312780660273567,27.357289697035796,-0.044509036762228504,0.5953524466190099,-0.5340435778979177,-0.13788945888984394,0.739585001611238
LALBA,P00709,Alpha-lactalbumin OS=Homo sapiens OX=9606 GN=LALBA PE=1 SV=1,27.178088013932513,27.08086647069374,0.09722154323877419,0.30608987335485,1.032573863104968,0.2666094250356399,0.49442976598830524
MORC1,Q86VD1,MORC family CW-type zinc finger protein 1 OS=Homo sapiens OX=9606 GN=MORC1 PE=1 SV=2,20.649958479721967,21.142621615135116,-0.49266313541314943,0.11116447639255726,-1.6176491892420364,-0.4176752246626892,0.2544640471259077
HERC2,O95714,E3 ubiquitin-protein ligase HERC2 OS=Homo sapiens OX=9606 GN=HERC2 PE=1 SV=2,28.115536828473736,28.204875600353702,-0.08933877187996586,0.18958538610854497,-1.327376846076458,-0.34272722793302973,0.36285761108681985
TAF15,Q92804,TATA-binding protein-associated factor 2N OS=Homo sapiens OX=9606 GN=TAF15 PE=1 SV=1,26.883977593919933,26.345937637273224,0.5380399566467098,0.0009300719879018282,3.4898539201257694,0.9010764075562516,0.007616410408390096
MPRIP,A0A494BZV2,Myosin phosphatase Rho interacting protein OS=Homo sapiens OX=9606 GN=MPRIP PE=1 SV=1,27.914490291106222,27.917706071416312,-0.0032157803100894,0.9706761564328376,-0.03691926525752616,-0.009532513299774191,0.9864660685448291
COLEC10,Q9Y6Z7,Collectin-10 OS=Homo sapiens OX=9606 GN=COLEC10 PE=1 SV=2,17.511811951793582,17.43954401384725,0.07226793794633224,0.8894649106365469,0.1395933457667565,0.036042846893068095,0.9378982978268777
MICU3,Q86XE3,"Calcium uptake protein 3, mitochondrial OS=Homo sapiens OX=9606 GN=MICU3 PE=1 SV=1",21.66895495912489,21.593711035356318,0.07524392376857136,0.805321898459687,0.2475953957083051,0.06392885627839341,0.8828102565421643
PRKCB,P05771,Protein kinase C beta type OS=Homo sapiens OX=9606 GN=PRKCB PE=1 SV=4,28.973632155970208,28.67765860748221,0.2959735484879964,0.0006139821559684374,3.623042359469524,0.9354655147219662,0.005552827630351912
KRT10,A0A1B0GVI3,"Keratin, type I cytoskeletal 10 OS=Homo sapiens OX=9606 GN=KRT10 PE=1 SV=2",30.468795913340077,30.192952748174104,0.2758431651659734,6.276721210703717e-05,4.3157953370392965,1.1143335643995216,0.0008399579766518958
KLKB1,P03952,Plasma kallikrein OS=Homo sapiens OX=9606 GN=KLKB1 PE=1 SV=2,19.92554910624234,19.96526811740977,-0.03971901116743126,0.8658291416892101,-0.16970951914028737,-0.043818809421546784,0.9230276989769688
C4B,A0A140TA29,Complement C4B (Chido blood group) OS=Homo sapiens OX=9606 GN=C4B PE=1 SV=1,23.983373164724465,24.030062925587192,-0.04668976086272636,0.8376703140761408,-0.2057967672623756,-0.053136496820700305,0.9076824368687595
C4A,P0C0L4,Complement C4-A OS=Homo sapiens OX=9606 GN=C4A PE=1 SV=2,22.94930472064504,22.48044236819838,0.46886235244665997,0.17729550799127403,1.3657339977634757,0.3526310019124812,0.34824392142438787
FERMT3,A0A8V8TME2,FERM domain containing kindlin 3 OS=Homo sapiens OX=9606 GN=FERMT3 PE=1 SV=1,29.283449137969612,29.56229085470554,-0.27884171673592917,0.0038173352748474255,-3.014185986374621,-0.7782594751733789,0.0221244150084467
KRT76,Q01546,"Keratin, type II cytoskeletal 2 oral OS=Homo sapiens OX=9606 GN=KRT76 PE=1 SV=2",24.514035866205372,24.372121102516196,0.14191476368917577,0.0508667703669318,1.9939465945104384,0.514834796917728,0.1463753566852618
SERPINA1,A0A024R6N5,Serpin family A member 1 OS=Homo sapiens OX=9606 GN=SERPINA1 PE=1 SV=1,25.54719398806893,25.445626295651348,0.10156769241758212,0.45476001891446016,0.7525565354869082,0.19430926193468973,0.6298601368062046
LTBP1,C9JD84,Latent transforming growth factor beta binding protein 1 OS=Homo sapiens OX=9606 GN=LTBP1 PE=1 SV=1,26.324288517800106,26.22722451989593,0.09706399790417564,0.8106061125709723,0.2407393251125147,0.06215862646253216,0.8859612624779684
ITIH4,B7ZKJ8,ITIH4 protein OS=Homo sapiens OX=9606 GN=ITIH4 PE=1 SV=1,28.538737312104356,27.077484383915273,1.461252928189083,0.0008143750397005935,3.5327446930685245,0.9121507575104686,0.006981569350766547
Unknown,A0A8Q3SIA1,Sushi domain-containing protein OS=Homo sapiens OX=9606 PE=4 SV=1,22.16076697942426,23.01825491463033,-0.8574879352060698,0.004475788917838396,-2.95792510341319,-0.7637329776565424,0.02514541078349706
KRT15,P19012,"Keratin, type I cytoskeletal 15 OS=Homo sapiens OX=9606 GN=KRT15 PE=1 SV=3",19.91132324156409,18.6499035973241,1.2614196442399894,0.0010887062203081917,3.438638562571224,0.8878526590976641,0.008657055259069003
CFH,A0A8Q3WLY2,Complement factor H (Fragment) OS=Homo sapiens OX=9606 GN=CFH PE=1 SV=1,23.569225044530093,23.517646373172624,0.05157867135746841,0.6297726387047842,0.4846178554762821,0.12512779223562623,0.7655877129306312
IGHG4,P01861,Immunoglobulin heavy constant gamma 4 OS=Homo sapiens OX=9606 GN=IGHG4 PE=1 SV=2,25.75504050543647,25.25692792941936,0.49811257601711034,0.006694914959422677,2.812651017197794,0.7262233698866939,0.033611422801482396
IGLC2,P0DOY2,Immunoglobulin lambda constant 2 OS=Homo sapiens OX=9606 GN=IGLC2 PE=1 SV=1,27.26794440328862,27.417834440074603,-0.14989003678598323,0.11680263246588386,-1.5920806577252755,-0.41107345821259617,0.260158502082334
HBA1,G3V1N2,Alpha-globin OS=Homo sapiens OX=9606 GN=HBA1 PE=1 SV=1,17.69290987430781,19.099898713153785,-1.406988838845976,1.6370485003360672e-05,-4.701496453444966,-1.213921164429706,0.0002667902803517987
C1QB,A0A8Q3WM25,Complement C1q B chain OS=Homo sapiens OX=9606 GN=C1QB PE=1 SV=1,28.218156496986254,28.23725580448424,-0.019099307497985052,0.717367719809696,-0.3637494456259717,-0.09391970300677127,0.8303707924098169
KRT13,K7EMD9,Keratin 13 (Fragment) OS=Homo sapiens OX=9606 GN=KRT13 PE=1 SV=1,19.59056982390159,21.422560498437846,-1.8319906745362573,5.526691355732663e-10,-7.431097475716017,-1.9187011178328075,3.248904989834273e-08
ACTBL2,Q562R1,Beta-actin-like protein 2 OS=Homo sapiens OX=9606 GN=ACTBL2 PE=1 SV=2,20.997529885787465,20.941096855505418,0.05643303028204727,0.8049178647825789,0.24812009720453299,0.06406433362216811,0.8828102565421643
HBD,P02042,Hemoglobin subunit delta OS=Homo sapiens OX=9606 GN=HBD PE=1 SV=2,29.835560083233183,29.935788621296847,-0.10022853806366427,0.1750338065162155,-1.3730121733239886,-0.35451021876159056,0.34664297893832036
FHL1,Q5JXI2,Four and a half LIM domains 1 OS=Homo sapiens OX=9606 GN=FHL1 PE=1 SV=1,22.00225694022612,22.039783147309944,-0.03752620708382537,0.7847685295081801,-0.2743786949362433,-0.07084427440281303,0.8722005398855264
CSRP1,E9PP21,Cysteine and glycine-rich protein 1 OS=Homo sapiens OX=9606 GN=CSRP1 PE=1 SV=1,22.831684494785357,23.233164545608197,-0.40148005082284044,0.06277393440036455,-1.8972735806561218,-0.4898739320720316,0.17106936427649017
IGHA2,P01877,Immunoglobulin heavy constant alpha 2 OS=Homo sapiens OX=9606 GN=IGHA2 PE=1 SV=5,25.115796855463643,24.4766020068771,0.6391948485865413,0.0005605383632411109,3.6519059425812554,0.94291805983554,0.005161686336273938
KRT73,Q86Y46,"Keratin, type II cytoskeletal 73 OS=Homo sapiens OX=9606 GN=KRT73 PE=1 SV=1",27.869156146729104,27.381542071988402,0.4876140747407014,0.0007904219801298577,3.5423457094461677,0.9146297292796202,0.006847550417335505
KRT72,Q14CN4,"Keratin, type II cytoskeletal 72 OS=Homo sapiens OX=9606 GN=KRT72 PE=1 SV=2",25.896349955922645,23.195301185319604,2.701048770603041,0.0005060550265436125,3.684174748350021,0.9512498296585021,0.004814835686073909
TUBA4A,P68366,Tubulin alpha-4A chain OS=Homo sapiens OX=9606 GN=TUBA4A PE=1 SV=1,26.690592283312654,26.819126525616188,-0.12853424230353383,0.3537483403249416,-0.9348367920797649,-0.241373821809793,0.5356667600504635
HNRNPK,A0A994J4E9,Heterogeneous nuclear ribonucleoprotein K OS=Homo sapiens OX=9606 GN=HNRNPK PE=1 SV=1,28.42193256444064,28.307838263219192,0.11409430122144926,0.13143366831309994,1.530077927951396,0.39506442222368726,0.2835384246964122
FHL1,Q5JXI0,Four and a half LIM domains 1 (Fragment) OS=Homo sapiens OX=9606 GN=FHL1 PE=1 SV=1,31.993387023272682,32.17513800589032,-0.18175098261763623,0.06949045397540737,-1.8494498634775383,-0.47752590139293905,0.18359757181945513
RAB1B,Q9H0U4,Ras-related protein Rab-1B OS=Homo sapiens OX=9606 GN=RAB1B PE=1 SV=1,27.38634212984598,27.280678686949464,0.10566344289651397,0.1771572786906319,1.3661767774849385,0.35274532714496554,0.34824392142438787
TUBA1C,F5H5D3,Tubulin alpha chain OS=Homo sapiens OX=9606 GN=TUBA1C PE=1 SV=1,17.26670485642574,18.15214237247883,-0.8854375160530914,0.0011721052156117657,-3.4144923212923577,-0.8816181264078938,0.00910040181555173
CPN1,P15169,Carboxypeptidase N catalytic chain OS=Homo sapiens OX=9606 GN=CPN1 PE=1 SV=1,27.732110875234977,27.686311793520712,0.04579908171426439,0.5620001496327776,0.5832290793919389,0.1505891007672575,0.7154309716129559
KRT84,Q9NSB2,"Keratin, type II cuticular Hb4 OS=Homo sapiens OX=9606 GN=KRT84 PE=1 SV=2",18.97856441266048,19.208013559375615,-0.22944914671513672,0.38161915007189207,-0.8816241823417562,-0.22763438505489023,0.5638645610577507
CFB,P00751,Complement factor B OS=Homo sapiens OX=9606 GN=CFB PE=1 SV=2,23.553124671054718,23.726254964737745,-0.1731302936830268,0.3874391704663436,-0.8708263192870498,-0.22484638880252314,0.5685542376140911
AMBP,S4R3Y4,Alpha-1-microglobulin/bikunin precursor OS=Homo sapiens OX=9606 GN=AMBP PE=1 SV=1,30.341226090419106,30.554282546106474,-0.21305645568736864,0.07772784331824711,-1.7958489572868415,-0.46368620692505946,0.1993643074530894
SYNCRIP,A0A7I2YQV8,Synaptotagmin binding cytoplasmic RNA interacting protein OS=Homo sapiens OX=9606 GN=SYNCRIP PE=1 SV=1,24.57524883852069,24.612509011954806,-0.037260173434116695,0.79252339685944,-0.26425079871455603,-0.0682292628428989,0.8766757467947838
PCOLCE,Q15113,Procollagen C-endopeptidase enhancer 1 OS=Homo sapiens OX=9606 GN=PCOLCE PE=1 SV=2,27.96609397553774,27.86204520201243,0.10404877352531017,0.2474446027852503,1.1683526064156378,0.30166734580971954,0.4365421395332497
Unknown,H0YJW9,Uncharacterized protein (Fragment) OS=Homo sapiens OX=9606 PE=1 SV=3,20.40950507456728,19.5724446322718,0.8370604422954813,0.0004398470461980503,3.7281914629916364,0.9626148965092849,0.004283954071254383
WAS,A0A8V8TNH9,WASP actin nucleation promoting factor OS=Homo sapiens OX=9606 GN=WAS PE=1 SV=1,28.81402278322985,28.91357666928258,-0.09955388605273185,0.44081382012944015,-0.7761503737356524,-0.2004011647753896,0.6177448014490351
CALD1,E9PGZ1,Caldesmon 1 OS=Homo sapiens OX=9606 GN=CALD1 PE=1 SV=1,28.653103109098367,29.24589625111057,-0.5927931420122015,0.07534977778460507,-1.810813724818263,-0.4675500932869969,0.196139658851677
PZP,P20742,Pregnancy zone protein OS=Homo sapiens OX=9606 GN=PZP PE=1 SV=4,27.389272061017788,27.491170732978254,-0.1018986719604662,0.20962377423098513,-1.268679134864086,-0.3275715440672959,0.3872376292437223
CFD,P00746,Complement factor D OS=Homo sapiens OX=9606 GN=CFD PE=1 SV=5,27.30981862446914,27.244711004303035,0.06510762016610627,0.6715449644820564,0.42619278393562066,0.11004250363042897,0.7949281232599218
TUBB,P07437,Tubulin beta chain OS=Homo sapiens OX=9606 GN=TUBB PE=1 SV=2,27.054488704700784,26.779538834328847,0.2749498703719375,0.006487523591504732,2.8241627531188076,0.7291956873205621,0.03326624246609591
BZW1,Q7L1Q6,eIF5-mimic protein 2 OS=Homo sapiens OX=9606 GN=BZW1 PE=1 SV=1,28.944800508007273,28.692973762926776,0.2518267450804963,0.0006054139929357851,3.6275042503882013,0.9366175700033416,0.005505588024156367
FCN1,O00602,Ficolin-1 OS=Homo sapiens OX=9606 GN=FCN1 PE=1 SV=2,28.822674275248684,28.844468595559487,-0.021794320310803528,0.7370619280232756,-0.33736196581486094,-0.08710648501631682,0.8425027316154942
CDH1,P12830,Cadherin-1 OS=Homo sapiens OX=9606 GN=CDH1 PE=1 SV=3,28.400192112927865,28.400801435238364,-0.0006093223104990386,0.9908735248465557,-0.011488004520219936,-0.0029661900125311563,0.9957660253563888
CDH1,H3BNC6,Cadherin 1 OS=Homo sapiens OX=9606 GN=CDH1 PE=1 SV=1,23.912950103840135,24.069927666433767,-0.1569775625936316,0.1613300726102653,-1.4187271581571934,-0.3663137770903324,0.32582736136993456
KRAS,A0A8I5KQ21,"KRAS proto-oncogene, GTPase OS=Homo sapiens OX=9606 GN=KRAS PE=1 SV=1",21.260989587594906,21.20784332511414,0.05314626248076593,0.8625496594412412,0.17389992180792832,0.04490076673792522,0.9219199606755084
ROCK2,O75116,Rho-associated protein kinase 2 OS=Homo sapiens OX=9606 GN=ROCK2 PE=1 SV=4,27.94843295016248,28.330839747947604,-0.3824067977851229,4.731517423811198e-05,-4.3980336013507495,-1.135567392939472,0.0006772241460515854
CD9,A0A2R8Y478,CD9 molecule OS=Homo sapiens OX=9606 GN=CD9 PE=1 SV=1,27.06311260052327,26.777145636681613,0.28596696384165554,0.12044394273658124,1.5760918610128596,0.4069451686530573,0.2657516484509554
H2BC12,O60814,Histone H2B type 1-K OS=Homo sapiens OX=9606 GN=H2BC12 PE=1 SV=3,22.858888427169305,22.782045822236544,0.07684260493276085,0.6327930738051528,0.480339085822743,0.12402301866159858,0.7672909870489868
PGLYRP2,Q96PD5,N-acetylmuramoyl-L-alanine amidase OS=Homo sapiens OX=9606 GN=PGLYRP2 PE=1 SV=1,26.93296649120005,27.392928771636605,-0.4599622804365531,0.035987015226720084,-2.1469883669118843,-0.554350012636719,0.11445024401490256
UBC,F5H2Z3,Ubiquitin C (Fragment) OS=Homo sapiens OX=9606 GN=UBC PE=1 SV=1,17.872068345173613,18.77876102255777,-0.9066926773841573,7.568876147724321e-05,-4.260949273530975,-1.1001723716946707,0.0009966696111323385
UBA52,P62987,Ubiquitin-ribosomal protein eL40 fusion protein OS=Homo sapiens OX=9606 GN=UBA52 PE=1 SV=2,27.91147784261402,27.44495439647955,0.4665234461344703,0.4424015472017081,0.7734424948486134,0.1997019934531864,0.6182192275538221
FLNB,O75369,Filamin-B OS=Homo sapiens OX=9606 GN=FLNB PE=1 SV=2,20.45432742651282,20.124558737706653,0.3297686888061655,0.14551206659977448,1.475404738783037,0.3809478654814804,0.3031808374977579
HBG2,P69892,Hemoglobin subunit gamma-2 OS=Homo sapiens OX=9606 GN=HBG2 PE=1 SV=2,26.027714414534785,25.76842338519899,0.2592910293357953,0.11649531816272894,1.5934483351909643,0.4114265910157692,0.2598256012138914
RAB14,P61106,Ras-related protein Rab-14 OS=Homo sapiens OX=9606 GN=RAB14 PE=1 SV=4,26.273235297410373,26.032358214252437,0.24087708315793677,0.26556363233390623,1.1241901718435903,0.29026465423468534,0.45063684414598937
IGHV3OR16-9,A0A0B4J2B5,Immunoglobulin heavy variable 3/OR16-9 (non-functional) (Fragment) OS=Homo sapiens OX=9606 GN=IGHV3OR16-9 PE=1 SV=1,21.9162464615637,21.23493192960846,0.6813145319552376,8.508213709497396e-07,5.513445279543799,1.4235654498599353,2.121896934217078e-05
DNM2,P50570,Dynamin-2 OS=Homo sapiens OX=9606 GN=DNM2 PE=1 SV=2,27.957309446927592,28.075123493529073,-0.11781404660148098,0.19406821563672158,-1.3138547813477073,-0.3392358458329772,0.3675906593073
NEFH,P12036,Neurofilament heavy polypeptide OS=Homo sapiens OX=9606 GN=NEFH PE=1 SV=5,23.758255497362526,23.990971741578118,-0.23271624421559167,0.33221203853161885,-0.9778451477912853,-0.25247853150435856,0.519298210278295
EZR,P15311,Ezrin OS=Homo sapiens OX=9606 GN=EZR PE=1 SV=4,21.732660015611412,21.87853772645143,-0.14587771084001844,0.17823518632040916,-1.362730965584262,-0.3518556223379333,0.34897226917020907
MNDA,P41218,Myeloid cell nuclear differentiation antigen OS=Homo sapiens OX=9606 GN=MNDA PE=1 SV=1,27.753229642770453,27.42342999968763,0.32979964308282206,0.012743155856758429,2.5705433247533755,0.6637114324982978,0.05283434393003621
RDX,P35241,Radixin OS=Homo sapiens OX=9606 GN=RDX PE=1 SV=1,23.914043420467447,23.90851546111925,0.005527959348196276,0.956468068301368,0.05482277240096021,0.014155178966789233,0.9772479456387658
RHOG,P84095,Rho-related GTP-binding protein RhoG OS=Homo sapiens OX=9606 GN=RHOG PE=1 SV=1,24.351596680397222,23.968010632743088,0.3835860476541342,0.000828765314137567,3.527105130031505,0.910694628595651,0.00706812283456184
IGF2,P01344,Insulin-like growth factor 2 OS=Homo sapiens OX=9606 GN=IGF2 PE=1 SV=1,22.620243743190525,22.430013353192937,0.19023038999758768,0.10145889805183522,1.6642385897846408,0.42970455615677533,0.2399444629214379
KRT31,Q15323,"Keratin, type I cuticular Ha1 OS=Homo sapiens OX=9606 GN=KRT31 PE=1 SV=3",27.303386605951207,26.770440946883607,0.5329456590676003,0.00012639184753151397,4.109090102082325,1.0609625022287055,0.0015525446346035224
ENO3,P13929,Beta-enolase OS=Homo sapiens OX=9606 GN=ENO3 PE=1 SV=5,24.561250591393765,24.053627793011348,0.5076227983824175,5.0564640974754865e-06,5.029078955685573,1.2985026028088276,9.908261791005537e-05
PRAM1,Q96QH2,PML-RARA-regulated adapter molecule 1 OS=Homo sapiens OX=9606 GN=PRAM1 PE=1 SV=3,28.351815541425417,28.687918991607365,-0.3361034501819482,0.009024964216708876,-2.7019495374555476,-0.697640370723878,0.04114983684405211
KIF2A,A0A6Q8PFA6,Kinesin-like protein OS=Homo sapiens OX=9606 GN=KIF2A PE=1 SV=1,22.665214322638963,23.087018818693824,-0.42180449605486103,0.307945873051825,-1.0285836659397491,-0.2655791605577081,0.4964533859385935
HNRNPA3,P51991,Heterogeneous nuclear ribonucleoprotein A3 OS=Homo sapiens OX=9606 GN=HNRNPA3 PE=1 SV=2,28.488788054326157,28.59700734889334,-0.10821929456718138,0.13308339642003855,-1.5234380418511724,-0.39335001100456185,0.2852282168064889
INF2,A0A6Q8PHS8,Inverted formin 2 (Fragment) OS=Homo sapiens OX=9606 GN=INF2 PE=1 SV=1,24.663839365672473,24.37872258768381,0.2851167779886623,0.048651490289059865,2.01404089587731,0.5200231232208994,0.1412351905040433
KRT33B,Q14525,"Keratin, type I cuticular Ha3-II OS=Homo sapiens OX=9606 GN=KRT33B PE=1 SV=3",21.61764006610684,20.85624048313166,0.7613995829751801,0.05101333732863064,1.992643838695446,0.5144984268126854,0.14654093061592677
TMA7,Q9Y2S6,Translation machinery-associated protein 7 OS=Homo sapiens OX=9606 GN=TMA7 PE=1 SV=1,25.360939202650584,25.47674319042454,-0.11580398777395473,0.2757250709960036,-1.1003513292962743,-0.28410949155611087,0.46177627581291886
KRT36,O76013,"Keratin, type I cuticular Ha6 OS=Homo sapiens OX=9606 GN=KRT36 PE=1 SV=1",30.658258989175035,31.03142695170703,-0.37316796253199414,0.48844430569694586,-0.6972299956546687,-0.18002401077645344,0.6600815494065458
VCL,P18206,Vinculin OS=Homo sapiens OX=9606 GN=VCL PE=1 SV=4,28.77416802068058,29.061869765532467,-0.28770174485188704,0.016244819750851517,-2.4755588214936313,-0.6391865392134463,0.062474236705377564
MYL6,G3V1V0,Myosin light chain 6 OS=Homo sapiens OX=9606 GN=MYL6 PE=1 SV=1,20.78187046187133,20.29893030933341,0.48294015253791756,0.09607040013625093,1.6916977427079416,0.4367944789549692,0.23160434024990845
ITGA6,P23229,Integrin alpha-6 OS=Homo sapiens OX=9606 GN=ITGA6 PE=1 SV=5,28.278334029864588,28.08152555939819,0.19680847046639727,0.037024821747742194,2.134674088136465,0.5511704795288689,0.11674876742678861
FAP,Q12884,Prolyl endopeptidase FAP OS=Homo sapiens OX=9606 GN=FAP PE=1 SV=5,27.486375283142273,27.674311856158468,-0.18793657301619504,0.02930684522480589,-2.2346614622580017,-0.5769871085157836,0.09757361149865958
SEPTIN11,Q9NVA2,Septin-11 OS=Homo sapiens OX=9606 GN=SEPTIN11 PE=1 SV=3,24.228015753668917,24.358651692070385,-0.13063593840146837,0.548818536643219,-0.603061897621783,-0.15570991241476054,0.7040961117028359
LYZ,P61626,Lysozyme C OS=Homo sapiens OX=9606 GN=LYZ PE=1 SV=1,23.750729432742506,24.17697209226357,-0.426242659521062,0.0018177410847750256,-3.2689625302757244,-0.8440424959422624,0.012624480276538787
LYZ,A0A0B4J259,Lysozyme C OS=Homo sapiens OX=9606 GN=LYZ PE=1 SV=1,22.576825201326425,22.735278312928504,-0.15845311160207842,0.33301846616145336,-0.9762021458741735,-0.25205431023350783,0.520064891178133
IQGAP3,Q86VI3,Ras GTPase-activating-like protein IQGAP3 OS=Homo sapiens OX=9606 GN=IQGAP3 PE=1 SV=2,27.963171175229554,27.597977718164618,0.36519345706493667,0.00024042879408092544,3.914913991088862,1.0108264459547716,0.002638305300381355
CHMP4B,Q9H444,Charged multivesicular body protein 4b OS=Homo sapiens OX=9606 GN=CHMP4B PE=1 SV=1,26.56356386582587,26.240812540747765,0.3227513250781051,0.11936498540840369,1.5807885032531035,0.40815783646502796,0.26372451809695635
CCT4,P50991,T-complex protein 1 subunit delta OS=Homo sapiens OX=9606 GN=CCT4 PE=1 SV=4,27.86703350779218,27.851629404507392,0.01540410328478714,0.8460442486285152,0.19503873280318995,0.050358784267476864,0.9114504530569769
MPIG6B,A0A140T9L8,C6orf25 OS=Homo sapiens OX=9606 GN=MPIG6B PE=1 SV=1,24.297162433558995,24.25564135411178,0.041521079447214504,0.6473990577458566,0.4597715529443723,0.11871250450756503,0.7785053080216521
HNRNPDL,O14979,Heterogeneous nuclear ribonucleoprotein D-like OS=Homo sapiens OX=9606 GN=HNRNPDL PE=1 SV=3,24.806593382074517,24.97857607805506,-0.1719826959805424,0.31243084126949067,-1.019008358181076,-0.2631068267254313,0.5031909635318803
CNN2,Q99439,Calponin-2 OS=Homo sapiens OX=9606 GN=CNN2 PE=1 SV=4,27.32457905954732,27.288325540346616,0.03625351920070585,0.6727785331328743,0.42449064257330604,0.10960301262048663,0.795480195165072
ACTN1,A0A804HKE2,Alpha-actinin-1 OS=Homo sapiens OX=9606 GN=ACTN1 PE=1 SV=1,24.84448082396143,24.950626067722656,-0.10614524376122603,0.42857649611294224,-0.7972172521566153,-0.2058406093941207,0.6055252468685862
CHMP2A,O43633,Charged multivesicular body protein 2a OS=Homo sapiens OX=9606 GN=CHMP2A PE=1 SV=1,27.96338125532692,27.90146458593544,0.06191666939147922,0.24072850675671326,1.185310448094971,0.30604584170383164,0.4269818126309806
IGFBP2,P18065,Insulin-like growth factor-binding protein 2 OS=Homo sapiens OX=9606 GN=IGFBP2 PE=1 SV=2,28.88312145145018,28.926590817469123,-0.043469366018943134,0.6266448719740755,-0.4890581670291292,-0.12627427574870284,0.7634770238855131
UNC13D,Q70J99,Protein unc-13 homolog D OS=Homo sapiens OX=9606 GN=UNC13D PE=1 SV=1,26.71941693372528,26.50266076809674,0.21675616562854216,0.38224646931971273,0.8804553673463077,0.22733259832074554,0.5642849224217463
IGHV3-74,A0A0B4J1X5,Immunoglobulin heavy variable 3-74 OS=Homo sapiens OX=9606 GN=IGHV3-74 PE=1 SV=1,23.809258059335345,23.76158135467276,0.04767670466258522,0.568166544575274,0.5740307566944883,0.14821410405923968,0.7199400557127799
IGKV3D-20,A0A0C4DH25,Immunoglobulin kappa variable 3D-20 OS=Homo sapiens OX=9606 GN=IGKV3D-20 PE=1 SV=1,25.777374993408458,25.849766215267685,-0.07239122185922753,0.5287450529186717,-0.63373516934796,-0.1636297171193724,0.6885398394811183
CCT6A,P40227,T-complex protein 1 subunit zeta OS=Homo sapiens OX=9606 GN=CCT6A PE=1 SV=3,26.38108542334139,25.900423291979653,0.4806621313617363,0.0014736776880056102,3.3389914777505743,0.8621238924304311,0.010824901602533708
HNRNPAB,D6RBZ0,Heterogeneous nuclear ribonucleoprotein A/B OS=Homo sapiens OX=9606 GN=HNRNPAB PE=1 SV=1,24.594432044906743,24.28080044099754,0.31363160390920086,0.00028593727241030677,3.8617820376926315,0.997107834577767,0.0030170048101754166
CAND1,Q86VP6,Cullin-associated NEDD8-dissociated protein 1 OS=Homo sapiens OX=9606 GN=CAND1 PE=1 SV=2,28.48555578577656,28.698306526992972,-0.21275074121641424,0.08500502158167332,-1.7523136484496504,-0.45244543851849695,0.21257126817845576
LECT2,O14960,Leukocyte cell-derived chemotaxin-2 OS=Homo sapiens OX=9606 GN=LECT2 PE=1 SV=2,21.645154168769118,21.532845567344854,0.1123086014242638,0.38151094253497553,0.8818259158185281,0.22768647241461754,0.5638645610577507
Unknown,A0A0U1RRH7,Histone H2A OS=Homo sapiens OX=9606 PE=3 SV=1,22.692764814397048,22.18026839311922,0.5124964212778274,0.015249651558902835,2.5005047597757577,0.6456275527815926,0.059808521610097296
DNM1,Q05193,Dynamin-1 OS=Homo sapiens OX=9606 GN=DNM1 PE=1 SV=2,24.38547415146854,24.33538808992055,0.05008606154799011,0.6491326890466265,0.45734353144740947,0.118085592052767,0.7787699753431102
MYL9,P24844,Myosin regulatory light polypeptide 9 OS=Homo sapiens OX=9606 GN=MYL9 PE=1 SV=4,23.659039048685763,23.83072319768904,-0.17168414900327633,0.4478299059903972,-0.7642271755309882,-0.19732260823670997,0.6231006130686337
SNX2,O60749,Sorting nexin-2 OS=Homo sapiens OX=9606 GN=SNX2 PE=1 SV=2,24.79298721311876,24.41906012705871,0.3739270860600499,0.014472226925616694,2.5210373812665283,0.6509290528541082,0.05795933216439192
GP1BA,P07359,Platelet glycoprotein Ib alpha chain OS=Homo sapiens OX=9606 GN=GP1BA PE=1 SV=2,24.236462754860856,24.499116790369516,-0.2626540355086604,0.007334934478470187,-2.7790898210498995,-0.7175579063027209,0.03558329676947199
S100A7A,Q86SG5,Protein S100-A7A OS=Homo sapiens OX=9606 GN=S100A7A PE=1 SV=3,30.4440615548002,30.913740071432525,-0.4696785166323245,0.0004610577807002967,-3.713436828978054,-0.9588052663883521,0.004464124159015814
CCT7,Q99832,T-complex protein 1 subunit eta OS=Homo sapiens OX=9606 GN=CCT7 PE=1 SV=2,27.500214581813633,27.66480462381966,-0.16459004200602578,0.31503673571580515,-1.0134874712522515,-0.2616813398499892,0.5057726874588511
IGHV3-30,P01768,Immunoglobulin heavy variable 3-30 OS=Homo sapiens OX=9606 GN=IGHV3-30 PE=1 SV=2,25.172773077807665,25.411520028279902,-0.23874695047223682,0.015728686542500227,-2.4883190153400108,-0.64248120709754,0.06077328180505956
APEX1,P27695,DNA repair nuclease/redox regulator APEX1 OS=Homo sapiens OX=9606 GN=APEX1 PE=1 SV=2,23.92678189995491,24.081343561648225,-0.15456166169331453,0.33061177710571255,-0.98111334028683,-0.2533223751781882,0.5188330042588765
DENR,O43583,Density-regulated protein OS=Homo sapiens OX=9606 GN=DENR PE=1 SV=2,27.142773279319773,27.199400328401126,-0.056627049081352965,0.6640158142536081,-0.4366093102855927,-0.11273203916901381,0.7902892482006065
PGK1,P00558,Phosphoglycerate kinase 1 OS=Homo sapiens OX=9606 GN=PGK1 PE=1 SV=3,28.751428556789133,28.74451927158695,0.0069092852021839235,0.9441066952812044,0.07041359627897298,0.018180712382335658,0.9709958222926757
HLA-A,Q5RJ27,MHC class I antigen OS=Homo sapiens OX=9606 GN=HLA-A PE=1 SV=2,22.813667265970277,22.774425782858632,0.03924148311164544,0.8582680138385395,0.17937554056916172,0.04631456542275442,0.9197325200379141
KRT86,O43790,"Keratin, type II cuticular Hb6 OS=Homo sapiens OX=9606 GN=KRT86 PE=1 SV=1",19.292362624887993,18.001722910409942,1.2906397144780506,0.002600115613409716,3.147513890024054,0.812684591867979,0.016916167192380996
HLA-A,A0A0G2JPD3,"Major histocompatibility complex, class I, A OS=Homo sapiens OX=9606 GN=HLA-A PE=1 SV=1",20.191804400648916,20.604552621002377,-0.4127482203534605,0.13035020401577044,-1.5344748395592467,-0.3961996999191507,0.2823110997499449
DEFA3,P59666,Neutrophil defensin 3 OS=Homo sapiens OX=9606 GN=DEFA3 PE=1 SV=1,28.153541444104146,28.096115071805553,0.057426372298593265,0.41753829988035995,0.8165298652747109,0.2108271046593294,0.5960694202975477
RBMX,P38159,"RNA-binding motif protein, X chromosome OS=Homo sapiens OX=9606 GN=RBMX PE=1 SV=3",29.097446734356303,29.181706979642804,-0.08426024528650089,0.3132170250545223,-1.0173394728581344,-0.26267592238793247,0.5034718976950623
GP9,P14770,Platelet glycoprotein IX OS=Homo sapiens OX=9606 GN=GP9 PE=1 SV=3,26.027868676246452,26.331868308997226,-0.3039996327507737,0.005701862689760726,-2.871097834355412,-0.7413142731860461,0.030080980728673577
KRT85,P78386,"Keratin, type II cuticular Hb5 OS=Homo sapiens OX=9606 GN=KRT85 PE=1 SV=1",28.156853508204186,28.03945418803065,0.11739932017353638,0.26121108561803497,1.1345983514937499,0.29295203466464553,0.44786817388258915
PDCD10,Q9BUL8,Programmed cell death protein 10 OS=Homo sapiens OX=9606 GN=PDCD10 PE=1 SV=1,23.358829140670423,23.447528186944748,-0.0886990462743249,0.661402299535179,-0.440236290974736,-0.11366852155608502,0.7877483249167183
NAP1L1,P55209,Nucleosome assembly protein 1-like 1 OS=Homo sapiens OX=9606 GN=NAP1L1 PE=1 SV=1,27.569699776831577,27.634297123492527,-0.06459734666094974,0.3931646942889354,-0.8603023455840162,-0.22212911047667147,0.5737137294322586
SEPTIN7,Q16181,Septin-7 OS=Homo sapiens OX=9606 GN=SEPTIN7 PE=1 SV=2,23.98249614787464,23.61486474694176,0.3676314009328827,0.0043357897620643245,2.9692103430661665,0.7666468140054715,0.024524776454838068
HLA-C,P10321,"HLA class I histocompatibility antigen, C alpha chain OS=Homo sapiens OX=9606 GN=HLA-C PE=1 SV=3",23.600700711393824,22.41778288406446,1.1829178273293621,1.0559068826745474e-07,6.06715750104818,1.5665333306918006,3.862272730849567e-06
HLA-A,A0A140T9I0,"Major histocompatibility complex, class I, A (Fragment) OS=Homo sapiens OX=9606 GN=HLA-A PE=1 SV=1",26.948564868799043,27.521008605213687,-0.5724437364146446,0.04044354952223065,-2.0961345440711536,-0.5412196120398438,0.12536738703124603
PLTP,P55058,Phospholipid transfer protein OS=Homo sapiens OX=9606 GN=PLTP PE=1 SV=1,21.846035282831977,20.943301250967906,0.9027340318640711,0.2021286439025348,1.2901211867137468,0.33310785804877935,0.3780724407540594
IGKV1-5,P01602,Immunoglobulin kappa variable 1-5 OS=Homo sapiens OX=9606 GN=IGKV1-5 PE=1 SV=2,24.6248480281029,24.253432684058215,0.371415344044685,0.003008683189804667,3.0972294073801327,0.7997011942778081,0.01883000962136305
HNRNPR,O43390,Heterogeneous nuclear ribonucleoprotein R OS=Homo sapiens OX=9606 GN=HNRNPR PE=1 SV=1,19.35306023772345,18.850001548167015,0.5030586895564362,0.20701847508915414,1.2760666225599815,0.32947898518839697,0.38416280721166596
CRTAC1,Q9NQ79,Cartilage acidic protein 1 OS=Homo sapiens OX=9606 GN=CRTAC1 PE=1 SV=2,23.44663025415865,23.804287953791842,-0.3576576996331937,0.25854355444912874,-1.1410380945050975,-0.2946147691604325,0.4467580890083091
IGHV3-48,P01763,Immunoglobulin heavy variable 3-48 OS=Homo sapiens OX=9606 GN=IGHV3-48 PE=1 SV=2,24.92548807624389,24.85935412809799,0.06613394814590023,0.7270103163365428,0.3507987501714584,0.09057584781896232,0.8366195159067307
HLA-A,P04439,"HLA class I histocompatibility antigen, A alpha chain OS=Homo sapiens OX=9606 GN=HLA-A PE=1 SV=2",23.44555607626585,23.017184164670326,0.4283719115955229,0.006697780485350076,2.8124942757579534,0.7261828994209496,0.033611422801482396
KIAA0513,O60268,Uncharacterized protein KIAA0513 OS=Homo sapiens OX=9606 GN=KIAA0513 PE=1 SV=1,26.870956677863262,27.367102093416637,-0.4961454155533751,0.002712426580046334,-3.132991604954579,-0.8089349539864487,0.017474767528719383
STK10,O94804,Serine/threonine-protein kinase 10 OS=Homo sapiens OX=9606 GN=STK10 PE=1 SV=1,26.30137606238253,26.658589310533426,-0.35721324815089517,0.00019294573942726757,-3.9818527832932316,-1.0281099677829557,0.0022263462309669102
CAPZB,B1AK88,F-actin-capping protein subunit beta OS=Homo sapiens OX=9606 GN=CAPZB PE=1 SV=1,28.552720086462156,29.047074013745966,-0.4943539272838109,0.1999838191774664,-1.2963661908037296,-0.33472031117127954,0.3761981329898397
FBLN1,P23142,Fibulin-1 OS=Homo sapiens OX=9606 GN=FBLN1 PE=1 SV=4,30.096704514431675,30.32762848474548,-0.2309239703138033,0.004476066439589695,-2.9579030603151186,-0.7637272861530938,0.02514541078349706
ST13,P50502,Hsc70-interacting protein OS=Homo sapiens OX=9606 GN=ST13 PE=1 SV=2,25.23604834287745,24.800656109027805,0.4353922338496439,1.6950580950161402e-06,5.327637939063725,1.3755902008411076,3.5770072107648294e-05
AZU1,P20160,Azurocidin OS=Homo sapiens OX=9606 GN=AZU1 PE=1 SV=3,24.896904177710994,25.294074395256942,-0.3971702175459484,3.390688587489784e-05,-4.494183312160644,-1.1603931415200976,0.0005073703104552896
HLA-C,Q5QT33,HLA class I antigen OS=Homo sapiens OX=9606 GN=HLA-C PE=1 SV=1,25.219514839083516,24.98635205860892,0.23316278047459704,0.020142913434129845,2.3894979128085225,0.6169657081403194,0.07319036536992875
MYH7,P12883,Myosin-7 OS=Homo sapiens OX=9606 GN=MYH7 PE=1 SV=5,28.459966493598266,28.396412443114794,0.06355405048347151,0.7055329551486533,0.37972971710712045,0.09804579136106208,0.8222184945703384
TPM3,A0A087WWU8,Tropomyosin 3 OS=Homo sapiens OX=9606 GN=TPM3 PE=1 SV=1,23.976010769436165,23.89326945811226,0.08274131132390394,0.5307819371277003,0.6305955938287834,0.16281908220604363,0.6906459039622093
HLA-H,P01893,"Putative HLA class I histocompatibility antigen, alpha chain H OS=Homo sapiens OX=9606 GN=HLA-H PE=5 SV=3",22.172164328371135,21.1939321503534,0.9782321780177341,0.00822089993065908,2.7368280927091275,0.7066459749663374,0.03844204910757058
MYH10,P35580,Myosin-10 OS=Homo sapiens OX=9606 GN=MYH10 PE=1 SV=3,23.962061018598273,23.766466725179704,0.19559429341856926,0.26370983693189487,1.1286082488789402,0.2914053968200301,0.4503126190587166
PRKCA,P17252,Protein kinase C alpha type OS=Homo sapiens OX=9606 GN=PRKCA PE=1 SV=4,21.604654310749513,21.932084538591344,-0.3274302278418304,0.31834523560491634,-1.0065222093107835,-0.259882916949904,0.5077483118272212
TPM2,P07951,Tropomyosin beta chain OS=Homo sapiens OX=9606 GN=TPM2 PE=1 SV=1,26.625123250434182,26.659852514369735,-0.03472926393555298,0.7579786584090036,-0.3095948316493079,-0.07993704180331056,0.8582740611175333
FKBP3,Q00688,Peptidyl-prolyl cis-trans isomerase FKBP3 OS=Homo sapiens OX=9606 GN=FKBP3 PE=1 SV=1,23.102090830756673,22.993533724250327,0.1085571065063462,0.44471411293749663,0.7695085812029921,0.19868626131752576,0.6208646563995924
PCSK9,A0AA34QVH0,Proprotein convertase subtilisin/kexin type 9 OS=Homo sapiens OX=9606 GN=PCSK9 PE=1 SV=1,23.523458648602766,24.19344432143715,-0.6699856728343825,0.007980715906440734,-2.7478549921866198,-0.7094931081687793,0.03792679443108684
TPM3,J3KN67,Tropomyosin 3 OS=Homo sapiens OX=9606 GN=TPM3 PE=1 SV=1,20.6808610608928,20.972143703566548,-0.2912826426737496,0.009197813217865013,-2.694825331727854,-0.695800908714657,0.04159230922144454
SERPINB3,P29508,Serpin B3 OS=Homo sapiens OX=9606 GN=SERPINB3 PE=1 SV=2,27.506391901328314,27.458551622480808,0.04784027884750586,0.6118681119388241,0.5101705076548826,0.13172545865823623,0.7535053509828178
CYFIP1,Q7L576,Cytoplasmic FMR1-interacting protein 1 OS=Homo sapiens OX=9606 GN=CYFIP1 PE=1 SV=1,27.30667205251597,27.52074179637866,-0.2140697438626873,0.02917398361227644,-2.236577232883698,-0.5774817583643487,0.09740441587384792
TPM3,P06753,Tropomyosin alpha-3 chain OS=Homo sapiens OX=9606 GN=TPM3 PE=1 SV=2,17.747642881734283,17.643865448996863,0.10377743273742013,0.7458160871261941,0.32570984564210637,0.0840979205245111,0.8492578504965496
YES1,P07947,Tyrosine-protein kinase Yes OS=Homo sapiens OX=9606 GN=YES1 PE=1 SV=3,18.10542085403592,18.689365259991266,-0.5839444059553465,0.1563144638010326,-1.4362105719628677,-0.3708279751239477,0.32041545132814403
PRKCD,Q05655,Protein kinase C delta type OS=Homo sapiens OX=9606 GN=PRKCD PE=1 SV=2,23.799043346346252,23.735913756284397,0.06312959006185537,0.5250603758978569,0.6394306943997851,0.1651002953642808,0.6859122053395814
XPO1,O14980,Exportin-1 OS=Homo sapiens OX=9606 GN=XPO1 PE=1 SV=1,26.01266590856636,25.66740154382099,0.34526436474536837,0.0004225476662131021,3.740738708122972,0.9658545812715813,0.0041586163956557455
HSPA8,P11142,Heat shock cognate 71 kDa protein OS=Homo sapiens OX=9606 GN=HSPA8 PE=1 SV=1,25.090785508296378,25.017118334054302,0.07366717424207536,0.49907665510176913,0.6802117682126503,0.1756299233454596,0.6673275177071585
HLA-B,P01889,"HLA class I histocompatibility antigen, B alpha chain OS=Homo sapiens OX=9606 GN=HLA-B PE=1 SV=3",26.327459084689654,25.521494003093025,0.8059650815966286,0.036054772215581496,2.146174971422649,0.5541399948244732,0.11445024401490256
HLA-B,A0A1W2PP29,"Major histocompatibility complex, class I, B OS=Homo sapiens OX=9606 GN=HLA-B PE=1 SV=2",19.500335167212036,19.325446621869787,0.17488854534224885,0.5435237091650504,0.6110959578917523,0.15778429785662837,0.7005635371341621
XPO7,E7ESC6,Exportin 7 OS=Homo sapiens OX=9606 GN=XPO7 PE=1 SV=1,25.015547173868054,24.97056559491779,0.04498157895026367,0.5435981834296322,0.6109826793563709,0.1577550494645607,0.7005635371341621
LCN1P1,Q5VSP4,Putative lipocalin 1-like protein 1 OS=Homo sapiens OX=9606 GN=LCN1P1 PE=5 SV=1,20.137090079226237,21.067492210368748,-0.930402131142511,0.0690041136600109,-1.852778503557464,-0.47838535256594383,0.1828997924064057
FUBP1,Q96AE4,Far upstream element-binding protein 1 OS=Homo sapiens OX=9606 GN=FUBP1 PE=1 SV=3,27.632683802801218,27.59919306126698,0.033490741534237145,0.7673157405310469,0.29727888803713254,0.07675707883645824,0.8638862578071842
ILF3,Q12906,Interleukin enhancer-binding factor 3 OS=Homo sapiens OX=9606 GN=ILF3 PE=1 SV=3,26.913775636558114,26.786375481561457,0.12740015499665702,0.10062867161815937,1.6683902962653117,0.4307765221606407,0.23866684939984198
PRNP,P04156,Major prion protein OS=Homo sapiens OX=9606 GN=PRNP PE=1 SV=1,18.007820422502885,18.23169013248991,-0.22386970998702438,0.5228771256363262,-0.6428153154241265,-0.16597420075498065,0.6841460642268624
ARL8A,Q96BM9,ADP-ribosylation factor-like protein 8A OS=Homo sapiens OX=9606 GN=ARL8A PE=1 SV=1,24.027203907694073,23.797238666650838,0.22996524104323512,0.02730302299629974,2.264407647236082,0.5846675404513377,0.09285284266923424
MPP1,Q00013,55 kDa erythrocyte membrane protein OS=Homo sapiens OX=9606 GN=MPP1 PE=1 SV=2,26.328738058832467,26.84707626228449,-0.5183382034520214,0.12187471465912446,-1.5699156217827344,-0.40535047054102613,0.26711821615035797
RHOF,Q9HBH0,Rho-related GTP-binding protein RhoF OS=Homo sapiens OX=9606 GN=RHOF PE=1 SV=1,25.06759551716533,23.788863323911027,1.278732193254303,2.3389307863737662e-06,5.24022231359213,1.353019583397788,4.812350092964024e-05
ERAP2,Q6P179,Endoplasmic reticulum aminopeptidase 2 OS=Homo sapiens OX=9606 GN=ERAP2 PE=1 SV=2,27.707943215907836,27.828024007892946,-0.12008079198511012,0.28397918199904487,-1.0814361049870005,-0.27922560164013793,0.47184684103439156
KIF5B,P33176,Kinesin-1 heavy chain OS=Homo sapiens OX=9606 GN=KIF5B PE=1 SV=1,24.744257548655387,24.143940175574702,0.600317373080685,0.0031577013837882054,3.0804702927793,0.7953740094947277,0.019274687550181635
HSP90AB1,P08238,Heat shock protein HSP 90-beta OS=Homo sapiens OX=9606 GN=HSP90AB1 PE=1 SV=4,25.965132402408425,25.760127523034377,0.205004879374048,0.005974259570510357,2.8541831125522306,0.7369469107960825,0.03121787699384142
IGHV3-15,A0A0B4J1V0,Immunoglobulin heavy variable 3-15 OS=Homo sapiens OX=9606 GN=IGHV3-15 PE=1 SV=1,21.879619880224514,21.61190668466193,0.2677131955625853,0.025700975337308512,2.2896137711287414,0.5911757336552518,0.08868722307171868
CSE1L,P55060,Exportin-2 OS=Homo sapiens OX=9606 GN=CSE1L PE=1 SV=3,27.08098311957655,26.99480871285048,0.08617440672606946,0.2866823029704677,1.0753248389491508,0.2776476795342156,0.47329896759216633
HNRNPA1,P09651,Heterogeneous nuclear ribonucleoprotein A1 OS=Homo sapiens OX=9606 GN=HNRNPA1 PE=1 SV=5,26.731246417419623,27.017620441808894,-0.2863740243892714,0.012854855107922218,-2.56716641643516,-0.6628395185197566,0.05316354650160796
HLA-B,A0A140T9D4,"Major histocompatibility complex, class I, B (Fragment) OS=Homo sapiens OX=9606 GN=HLA-B PE=1 SV=1",24.426140576369587,23.773113557218036,0.6530270191515513,6.094486454037253e-06,4.977518725438868,1.2851898086040205,0.00011530488164764734
HGFAC,Q04756,Hepatocyte growth factor activator OS=Homo sapiens OX=9606 GN=HGFAC PE=1 SV=1,23.853354695036707,23.72976893141112,0.12358576362558793,0.18389409772157414,1.3448970480127056,0.34725092462111506,0.35485308892111495
CHMP6,I3L4G8,Charged multivesicular body protein 6 (Fragment) OS=Homo sapiens OX=9606 GN=CHMP6 PE=1 SV=1,26.890080109973844,26.555667749649974,0.33441236032387067,0.00894514213336722,2.705281790472522,0.6985007547532174,0.040899177643117894
FHOD1,Q9Y613,FH1/FH2 domain-containing protein 1 OS=Homo sapiens OX=9606 GN=FHOD1 PE=1 SV=3,27.876300827636317,27.536786556784698,0.33951427085161967,2.147288729425886e-05,4.624672747237975,1.1940853687807986,0.00034314924744029206
SERPINB4,P48594,Serpin B4 OS=Homo sapiens OX=9606 GN=SERPINB4 PE=1 SV=2,24.947274360743155,24.9932947659246,-0.046020405181444346,0.7873812993107959,-0.27096326192179204,-0.06996241339047592,0.8733353225509233
CPN2,P22792,Carboxypeptidase N subunit 2 OS=Homo sapiens OX=9606 GN=CPN2 PE=1 SV=3,23.890545608036454,23.543933551901844,0.3466120561346102,0.01408538323824476,2.5316288266238605,0.653663752286189,0.05682485492684038
Unknown,K7ERQ8,PCAF N-terminal domain-containing protein (Fragment) OS=Homo sapiens OX=9606 PE=3 SV=1,24.164299420085136,24.06295671907106,0.10134270101407594,0.06693553093686548,1.8671613163004874,0.48209897884763386,0.17914777873509038
LGALS7; LGALS7B,P47929,Galectin-7 OS=Homo sapiens OX=9606 GN=LGALS7 PE=1 SV=2,29.846023438565865,29.790507051627777,0.05551638693808769,0.4622854303956708,0.7399992017671205,0.19106697231005604,0.6368249805331727
EIF5A,P63241,Eukaryotic translation initiation factor 5A-1 OS=Homo sapiens OX=9606 GN=EIF5A PE=1 SV=2,23.174193847712317,23.189664790623066,-0.01547094291074913,0.9096464971320415,-0.11398100291506524,-0.029429768404937783,0.9518614966810809
PRKCQ,Q04759,Protein kinase C theta type OS=Homo sapiens OX=9606 GN=PRKCQ PE=1 SV=3,21.611141915960552,21.29554329608557,0.31559861987498294,0.00695528203058196,2.798655565071003,0.7226097596860468,0.034384766747631475
CYFIP2,Q96F07,Cytoplasmic FMR1-interacting protein 2 OS=Homo sapiens OX=9606 GN=CYFIP2 PE=1 SV=2,17.46725577570392,16.887993956289492,0.5792618194144268,0.13591944606580117,1.512174595472022,0.3904418016547386,0.2886753654507209
EIF5A2,F8WCJ1,Eukaryotic translation initiation factor 5A OS=Homo sapiens OX=9606 GN=EIF5A2 PE=1 SV=1,19.792033507743962,19.871860212992,-0.07982670524803837,0.8680297239542857,-0.1668993977797402,-0.04309323920619872,0.9241765366292072
IGKV2-29,A2NJV5,Immunoglobulin kappa variable 2-29 OS=Homo sapiens OX=9606 GN=IGKV2-29 PE=1 SV=2,27.972686029179165,27.669184723261537,0.3035013059176279,0.00021539020092934235,3.948440718177351,1.0194830096658756,0.0024283032241760104
MMP14,P50281,Matrix metalloproteinase-14 OS=Homo sapiens OX=9606 GN=MMP14 PE=1 SV=3,22.80667306772967,22.745759513838127,0.06091355389154174,0.6434808324440624,0.46526935230536964,0.12013203019862721,0.7770869040373637
MAN1A1,P33908,"Mannosyl-oligosaccharide 1,2-alpha-mannosidase IA OS=Homo sapiens OX=9606 GN=MAN1A1 PE=1 SV=3",27.456452630971445,27.94551000574668,-0.4890573747752356,0.007136416701540807,-2.7892010883789973,-0.7201686243010306,0.03516928709801248
HSPA1B,P0DMV9,Heat shock 70 kDa protein 1B OS=Homo sapiens OX=9606 GN=HSPA1B PE=1 SV=1,23.28784951143805,23.50938841775025,-0.22153890631220108,0.43269496610898694,-0.7900878382377967,-0.20399980263573375,0.6087315506114466
RGS18,Q9NS28,Regulator of G-protein signaling 18 OS=Homo sapiens OX=9606 GN=RGS18 PE=1 SV=1,24.76815585452931,24.121435741594937,0.6467201129343749,0.010334115788918442,2.650829049038631,0.6844411173712975,0.04523924092702063
MASP1,F8W876,MBL associated serine protease 1 OS=Homo sapiens OX=9606 GN=MASP1 PE=1 SV=1,21.007962351400234,21.215858944462454,-0.20789659306221964,0.12120320696416978,-1.5728070429359013,-0.4060970322725652,0.2666046487291391
GNAS,A0A7I2V5R6,Guanine nucleotide-binding protein G(s) subunit alpha OS=Homo sapiens OX=9606 GN=GNAS PE=1 SV=2,19.83492074666627,19.760346221956993,0.07457452470927706,0.7514694533039397,0.3182088915890814,0.08216118251597557,0.8524594901021948
TFRC,P02786,Transferrin receptor protein 1 OS=Homo sapiens OX=9606 GN=TFRC PE=1 SV=2,29.902836844543835,29.689996261089828,0.2128405834540068,0.019751907287213558,2.3974203422813023,0.6190112706342914,0.0728960524546043
DNM1L,O00429,Dynamin-1-like protein OS=Homo sapiens OX=9606 GN=DNM1L PE=1 SV=2,25.83311793005675,25.71756556714276,0.1155523629139914,0.441202342694869,0.7754872170214026,0.2002299384480419,0.6177448014490351
IGFBP4,P22692,Insulin-like growth factor-binding protein 4 OS=Homo sapiens OX=9606 GN=IGFBP4 PE=1 SV=2,23.93354988803856,24.195830857809838,-0.2622809697712789,0.030840318609950724,-2.2130872752732444,-0.5714166773891216,0.10172978844083946
ASAP2,O43150,"Arf-GAP with SH3 domain, ANK repeat and PH domain-containing protein 2 OS=Homo sapiens OX=9606 GN=ASAP2 PE=1 SV=3",28.667806598173115,28.79722350212771,-0.1294169039545956,0.2606663084376365,-1.1359097018573507,-0.2932906238725968,0.4475394302781113
ANXA2P2,A6NMY6,Putative annexin A2-like protein OS=Homo sapiens OX=9606 GN=ANXA2P2 PE=5 SV=2,26.05241075163572,25.979864788705562,0.0725459629301568,0.4659857388700237,0.7338676350488598,0.1894838085909904,0.6402441787813514
ANXA2,P07355,Annexin A2 OS=Homo sapiens OX=9606 GN=ANXA2 PE=1 SV=2,27.660938019949928,27.692685312467255,-0.031747292517327,0.6330383720610717,-0.4799919865193969,-0.12393339800684264,0.7672909870489868
SHBG,P04278,Sex hormone-binding globulin OS=Homo sapiens OX=9606 GN=SHBG PE=1 SV=2,23.000925766119565,23.0965550368805,-0.0956292707609343,0.2648988399129216,-1.1257720297717444,-0.29067308819547244,0.4503126190587166
BPI,P17213,Bactericidal permeability-increasing protein OS=Homo sapiens OX=9606 GN=BPI PE=1 SV=4,27.253027022480484,27.272050058395937,-0.019023035915452624,0.7270927230762222,-0.3506883321357233,-0.09054733800472745,0.8366195159067307
ROCK1,Q13464,Rho-associated protein kinase 1 OS=Homo sapiens OX=9606 GN=ROCK1 PE=1 SV=1,27.56470083715168,27.18131308003564,0.38338775711604,3.2481387363726945e-07,5.770410573271948,1.4899136034040963,9.061756542490603e-06
IGHV3-49,A0A0A0MS15,Immunoglobulin heavy variable 3-49 OS=Homo sapiens OX=9606 GN=IGHV3-49 PE=1 SV=1,20.598569833786105,19.864829828765586,0.7337400050205183,0.009387530193021802,2.6871456414539225,0.693818021212326,0.042103200811209496
EWSR1,Q01844,RNA-binding protein EWS OS=Homo sapiens OX=9606 GN=EWSR1 PE=1 SV=1,21.753875838364703,21.92431012516822,-0.17043428680351624,0.5333144460888591,-0.6267008153226699,-0.161813454719954,0.6928457602701359
LDLRAP1,Q5SW96,Low density lipoprotein receptor adapter protein 1 OS=Homo sapiens OX=9606 GN=LDLRAP1 PE=1 SV=3,23.359168684642306,23.392814872665188,-0.03364618802288177,0.7094303808194083,-0.3744564207297249,-0.09668423209111082,0.8258291420288162
SAA2,P0DJI9,Serum amyloid A-2 protein OS=Homo sapiens OX=9606 GN=SAA2 PE=1 SV=1,29.19165383061342,29.243639833142105,-0.051986002528686015,0.592484561133827,-0.53822024065146,-0.13896786857565685,0.737381125511915
ALYREF,E9PB61,Aly/REF export factor OS=Homo sapiens OX=9606 GN=ALYREF PE=1 SV=1,27.78191672350354,28.052324527056214,-0.2704078035526756,0.04755631604164757,-2.0242676249333686,-0.5226636533089185,0.1394432975295187
CNDP1,Q96KN2,Beta-Ala-His dipeptidase OS=Homo sapiens OX=9606 GN=CNDP1 PE=1 SV=5,23.37039909406919,23.5598206463624,-0.18942155229321145,0.1395650673875603,-1.4979661838397578,-0.3867732055462173,0.29414097428927566
PPP1R14A,Q96A00,Protein phosphatase 1 regulatory subunit 14A OS=Homo sapiens OX=9606 GN=PPP1R14A PE=1 SV=1,23.07169852322486,23.100888969481943,-0.02919044625708267,0.8096299458120231,-0.24200498967778838,-0.062485419648078154,0.8854823194728173
PIN4,Q9Y237,Peptidyl-prolyl cis-trans isomerase NIMA-interacting 4 OS=Homo sapiens OX=9606 GN=PIN4 PE=1 SV=1,26.811713803352063,26.805862140668413,0.005851662683650005,0.9685775384712363,0.039562820199533166,0.010215076250786024,0.9856779598306775
CNDP2,Q96KP4,Cytosolic non-specific dipeptidase OS=Homo sapiens OX=9606 GN=CNDP2 PE=1 SV=2,22.764351784727044,22.678570384769944,0.08578139995709932,0.4806315792755861,0.7098659653396354,0.18328660411999062,0.6549003141453764
SLC2A1,P11166,"Solute carrier family 2, facilitated glucose transporter member 1 OS=Homo sapiens OX=9606 GN=SLC2A1 PE=1 SV=2",27.005523434529042,27.062720988286635,-0.057197553757593056,0.479455672344579,-0.7117777132064093,-0.18378021529666816,0.6538393013083488
SYK,P43405,Tyrosine-protein kinase SYK OS=Homo sapiens OX=9606 GN=SYK PE=1 SV=1,25.47025621581439,24.919622026303777,0.5506341895106139,9.755677393726462e-05,4.1860900050196435,1.0808437916777602,0.00122578969389876
HNRNPCL3,B7ZW38,Heterogeneous nuclear ribonucleoprotein C-like 3 OS=Homo sapiens OX=9606 GN=HNRNPCL3 PE=2 SV=1,22.799373967853573,23.04022150995007,-0.24084754209649617,0.013320720905749135,-2.553363418161756,-0.6592755996903817,0.054678071348785724
HSP90AA1,P07900,Heat shock protein HSP 90-alpha OS=Homo sapiens OX=9606 GN=HSP90AA1 PE=1 SV=5,21.049324659265487,21.409715158480005,-0.3603904992145175,0.007835431519779048,-2.7546739345439146,-0.7112537515146828,0.0376009337654703
EPRS1,P07814,Bifunctional glutamate/proline--tRNA ligase OS=Homo sapiens OX=9606 GN=EPRS1 PE=1 SV=5,25.17480518825055,24.983426186838518,0.1913790014120309,0.008057309335235584,2.7443058502404907,0.7085767236587338,0.0379833075495281
NAMPT,P43490,Nicotinamide phosphoribosyltransferase OS=Homo sapiens OX=9606 GN=NAMPT PE=1 SV=1,27.514302489005015,27.508823139587548,0.00547934941746675,0.9553073934605824,0.05628604126351953,0.014532993362503641,0.9768737206606435
AIMP1,Q12904,Aminoacyl tRNA synthase complex-interacting multifunctional protein 1 OS=Homo sapiens OX=9606 GN=AIMP1 PE=1 SV=2,25.487546734357377,24.837229472985122,0.6503172613722548,0.0002673174399386234,3.8824626608136197,1.0024475485068856,0.0028387387492837036
EIF2S1,P05198,Eukaryotic translation initiation factor 2 subunit 1 OS=Homo sapiens OX=9606 GN=EIF2S1 PE=1 SV=3,28.11461475009516,28.101744002933653,0.012870747161507268,0.814461869591415,0.23574388980633487,0.06086881061267276,0.8884057238883161
BTK,A0A8Q3WL62,Tyrosine-protein kinase OS=Homo sapiens OX=9606 GN=BTK PE=1 SV=1,18.58498815687053,18.875992701272605,-0.29100454440207457,0.18419055140065418,-1.3439743575182528,-0.3470126869598671,0.3550089550415419
YWHAZ,P63104,14-3-3 protein zeta/delta OS=Homo sapiens OX=9606 GN=YWHAZ PE=1 SV=1,25.426489305451344,24.73897808616743,0.6875112192839126,0.09099382071054607,1.7187498500749019,0.4437793030424393,0.22291366349945585
EIF4H,Q15056,Eukaryotic translation initiation factor 4H OS=Homo sapiens OX=9606 GN=EIF4H PE=1 SV=5,21.774543728466938,21.926226522173618,-0.15168279370668003,0.392609420387655,-0.8613187850837324,-0.2223915540269934,0.5734118065289088
SERPINB1,P30740,Leukocyte elastase inhibitor OS=Homo sapiens OX=9606 GN=SERPINB1 PE=1 SV=1,24.864312057903387,24.406635541532427,0.4576765163709595,0.014635616238058119,2.5166406977316296,0.6497938340468277,0.05841189451981265
SH3GLB1,A0A087WW40,Endophilin-B1 OS=Homo sapiens OX=9606 GN=SH3GLB1 PE=1 SV=1,26.34453386758695,25.918096923940784,0.42643694364616636,0.003362690707727595,3.05858617819592,0.7897235554061991,0.020054307626520367
PADI4,Q9UM07,Protein-arginine deiminase type-4 OS=Homo sapiens OX=9606 GN=PADI4 PE=1 SV=2,23.113102376597066,22.89451673654629,0.21858564005077596,0.4455497465692283,0.7680900293108203,0.1983199927939182,0.6213443604781127
NMT1,P30419,Glycylpeptide N-tetradecanoyltransferase 1 OS=Homo sapiens OX=9606 GN=NMT1 PE=1 SV=2,21.131995656070803,20.935323480320996,0.1966721757498071,0.21545209853025707,1.2523960410449422,0.3233672673215441,0.3943050568908611
IGKV2-30,P06310,Immunoglobulin kappa variable 2-30 OS=Homo sapiens OX=9606 GN=IGKV2-30 PE=1 SV=2,17.62911168233016,17.159436916612307,0.4696747657178513,0.13406567733189853,1.5195155178878748,0.39233721967223184,0.28658714920559086
CD151,P48509,CD151 antigen OS=Homo sapiens OX=9606 GN=CD151 PE=1 SV=3,23.242724501901485,22.93746671111034,0.30525779079114557,0.04005549189372818,2.10036308253889,0.5423114159774663,0.12439875406995583
IGHV4-4,A0A075B6R2,Immunoglobulin heavy variable 4-4 OS=Homo sapiens OX=9606 GN=IGHV4-4 PE=1 SV=2,21.77821861360847,21.897098699360637,-0.11888008575216702,0.6836754014707436,-0.4095079514529299,-0.10573449840778087,0.8032331983018158
H4C1; H4C11; H4C12; H4C13; H4C14; H4C15; H4C16; H4C2; H4C3; H4C4; H4C5; H4C6; H4C8; H4C9,P62805,Histone H4 OS=Homo sapiens OX=9606 GN=H4C1 PE=1 SV=2,26.79100130156802,27.20368386232683,-0.41268256075881027,0.022072150873164942,-2.352314944173494,-0.6073651069212515,0.07863800938794262
HSPA1L,P34931,Heat shock 70 kDa protein 1-like OS=Homo sapiens OX=9606 GN=HSPA1L PE=1 SV=2,27.52104720168039,27.550256116779323,-0.029208915098934085,0.759197948180832,-0.30798387576507197,-0.0795210947825692,0.8588589846774223
EEF1B2,P24534,Elongation factor 1-beta OS=Homo sapiens OX=9606 GN=EEF1B2 PE=1 SV=3,28.65552670693794,28.6899321267772,-0.03440541983925982,0.8882414864181162,-0.14114881215436054,-0.03644446658738649,0.9378098054164331
ILF2,Q12905,Interleukin enhancer-binding factor 2 OS=Homo sapiens OX=9606 GN=ILF2 PE=1 SV=2,25.174634218502607,25.43340297685569,-0.25876875835308155,0.11608127772085253,-1.5952955944072722,-0.4119035512944952,0.25960568359853703
FABP5,Q01469,Fatty acid-binding protein 5 OS=Homo sapiens OX=9606 GN=FABP5 PE=1 SV=3,27.379810846337232,26.963063082979588,0.41674776335764463,3.3556578575961135e-07,5.761764299277341,1.4876811450582395,9.205688056005339e-06
CTSG,P08311,Cathepsin G OS=Homo sapiens OX=9606 GN=CTSG PE=1 SV=2,28.173912167523806,28.471211662883533,-0.2972994953597272,0.1962699219907804,-1.3072995701082968,-0.3375432975689033,0.3704819857761749
PDLIM7,Q9NR12,PDZ and LIM domain protein 7 OS=Homo sapiens OX=9606 GN=PDLIM7 PE=1 SV=1,24.366887805186106,24.47928179984529,-0.11239399465918254,0.6457660522417519,-0.46206115903205003,-0.11930367825736177,0.7785053080216521
CCL5,P13501,C-C motif chemokine 5 OS=Homo sapiens OX=9606 GN=CCL5 PE=1 SV=3,28.912494105826408,28.715233445455432,0.19726066037097567,0.00418971974648158,2.981352127903857,0.7697818093701122,0.023893241649654156
ACTN4,O43707,Alpha-actinin-4 OS=Homo sapiens OX=9606 GN=ACTN4 PE=1 SV=2,21.920680649402335,21.893489941056416,0.027190708345919745,0.8235299257120301,0.22401880031256768,0.05784140552319597,0.8965147207156096
SUB1,P53999,Activated RNA polymerase II transcriptional coactivator p15 OS=Homo sapiens OX=9606 GN=SUB1 PE=1 SV=3,26.429663002419932,26.63278672955514,-0.20312372713520688,0.030787640981641006,-2.2138125390003385,-0.5716039396782313,0.10172978844083946
PRDX6,P30041,Peroxiredoxin-6 OS=Homo sapiens OX=9606 GN=PRDX6 PE=1 SV=3,25.16588261545437,25.170455515826607,-0.0045729003722350114,0.942727943169488,-0.0721535609354186,-0.01862996932482922,0.9709958222926757
PPIA,P62937,Peptidyl-prolyl cis-trans isomerase A OS=Homo sapiens OX=9606 GN=PPIA PE=1 SV=2,21.032548586538404,20.70988662550565,0.3226619610327539,0.1570323559278652,1.4336816587576429,0.3701750125420917,0.3207040495762326
PKN1,Q16512,Serine/threonine-protein kinase N1 OS=Homo sapiens OX=9606 GN=PKN1 PE=1 SV=2,28.732099494092292,29.02748882308379,-0.2953893289914973,0.07635836463475068,-1.804419282505147,-0.465899055381198,0.19761928960503086
TAOK3,Q9H2K8,Serine/threonine-protein kinase TAO3 OS=Homo sapiens OX=9606 GN=TAOK3 PE=1 SV=2,27.09653994576354,27.05764793305617,0.038892012707368195,0.6566954665992615,0.4467832133478023,0.11535892964407157,0.7849823805536561
MCTS1,Q9ULC4,Malignant T-cell-amplified sequence 1 OS=Homo sapiens OX=9606 GN=MCTS1 PE=1 SV=1,26.304170321884037,26.383382672442448,-0.0792123505584108,0.520359681977755,-0.6467272831499513,-0.16698426647851536,0.681393823814944
YWHAQ,P27348,14-3-3 protein theta OS=Homo sapiens OX=9606 GN=YWHAQ PE=1 SV=1,20.64547494283828,20.163813500735994,0.48166144210228623,0.009848575581546408,2.669058686714138,0.6891479895796064,0.04346047026065788
TGFBI,Q15582,Transforming growth factor-beta-induced protein ig-h3 OS=Homo sapiens OX=9606 GN=TGFBI PE=1 SV=1,22.74433559529574,22.571099719811613,0.1732358754841279,0.33706114120501696,0.9680050999470158,0.24993784207590922,0.522413030530563
SPARC,P09486,SPARC OS=Homo sapiens OX=9606 GN=SPARC PE=1 SV=1,21.156966830449395,20.993298502586494,0.16366832786290075,0.3258338669069969,0.9909342000547289,0.25585811026662225,0.5147049375517436
DNAJB1,P25685,DnaJ homolog subfamily B member 1 OS=Homo sapiens OX=9606 GN=DNAJB1 PE=1 SV=4,24.901690034346682,24.84447137607909,0.05721865826759398,0.5674671219607614,0.5750715942048596,0.1484828471488247,0.7199400557127799
IGLV3-1,P01715,Immunoglobulin lambda variable 3-1 OS=Homo sapiens OX=9606 GN=IGLV3-1 PE=1 SV=2,24.77541955962553,24.77250961389933,0.002909945726198515,0.9845300372370804,0.01947372330051194,0.005028093735435606,0.9928962541726281
SFN,P31947,14-3-3 protein sigma OS=Homo sapiens OX=9606 GN=SFN PE=1 SV=1,26.785927389006076,26.76858480955261,0.017342579453465845,0.83511660116565,0.20908229959174943,0.05398481762037302,0.9067295023210158
IGHV4-28,A0A0C4DH34,Immunoglobulin heavy variable 4-28 OS=Homo sapiens OX=9606 GN=IGHV4-28 PE=1 SV=1,24.706241307557274,24.82262914999118,-0.11638784243390532,0.3861320401338405,-0.8732425279906832,-0.22547025120719869,0.5675571527488643
PFN1,P07737,Profilin-1 OS=Homo sapiens OX=9606 GN=PFN1 PE=1 SV=2,23.73373040038196,23.51277356819139,0.22095683219056994,0.029343218524809533,2.2341383217866437,0.5768520342268972,0.09757361149865958
BNIP3,Q12983,BCL2/adenovirus E1B 19 kDa protein-interacting protein 3 OS=Homo sapiens OX=9606 GN=BNIP3 PE=1 SV=4,19.681697205904378,19.927010624317596,-0.2453134184132182,0.21074069674247825,-1.2655329211603261,-0.32675919518207786,0.38844253845254106
NCF2,P19878,Neutrophil cytosol factor 2 OS=Homo sapiens OX=9606 GN=NCF2 PE=1 SV=2,26.89492007551297,27.718834438915223,-0.8239143634022525,0.06781882062759532,-1.86097457244391,-0.4805015684527154,0.18049116355824693
RBM3,P98179,RNA-binding protein 3 OS=Homo sapiens OX=9606 GN=RBM3 PE=1 SV=1,19.11491957494794,18.9349589291156,0.17996064583234173,0.613424769329876,0.5079357107387703,0.13114843657568567,0.7535053509828178
RPL12,P30050,Large ribosomal subunit protein uL11 OS=Homo sapiens OX=9606 GN=RPL12 PE=1 SV=1,23.50454407698622,23.105663544839043,0.398880532147178,0.015258354481606364,2.5002803096257424,0.6455696000020551,0.059808521610097296
PABPC1,P11940,Polyadenylate-binding protein 1 OS=Homo sapiens OX=9606 GN=PABPC1 PE=1 SV=2,25.18779408327674,25.30582616932065,-0.11803208604391102,0.5113896584726698,-0.6607484523949693,-0.170604516810536,0.6723572413544986
PABPC1,H0YAR2,Polyadenylate-binding protein OS=Homo sapiens OX=9606 GN=PABPC1 PE=1 SV=2,15.796119678524141,16.19929467884556,-0.4031750003214203,0.42309410878152953,-0.8067714921882064,-0.20830750356265534,0.6008739456897304
PDLIM1,O00151,PDZ and LIM domain protein 1 OS=Homo sapiens OX=9606 GN=PDLIM1 PE=1 SV=4,23.556319387865734,23.657625931187457,-0.10130654332172284,0.5636210217028149,-0.5808064406588167,-0.14996357813610692,0.7164963931927201
DSTN,P60981,Destrin OS=Homo sapiens OX=9606 GN=DSTN PE=1 SV=3,22.72805850116087,22.39712322840226,0.3309352727586088,0.0054193825482161395,2.8894475100408106,0.7460521390752366,0.029056363760142558
PRDX2,P32119,Peroxiredoxin-2 OS=Homo sapiens OX=9606 GN=PRDX2 PE=1 SV=5,17.368431816998623,16.691981500658894,0.6764503163397286,0.0006862025509958707,3.587633042102625,0.9263228682911281,0.00607252365021077
GPX1,P07203,Glutathione peroxidase 1 OS=Homo sapiens OX=9606 GN=GPX1 PE=1 SV=4,26.255707965989508,26.14804240141698,0.10766556457252818,0.3025129049014704,1.040310643192548,0.26860705306447097,0.4915461416266736
NPEPPS,P55786,Puromycin-sensitive aminopeptidase OS=Homo sapiens OX=9606 GN=NPEPPS PE=1 SV=2,23.008432649822517,22.787178222924886,0.2212544268976302,0.010543801530410455,2.643197198405293,0.6824705820110535,0.04603474089935175
CRP,P02741,C-reactive protein OS=Homo sapiens OX=9606 GN=CRP PE=1 SV=1,22.31471555864175,22.379064038325563,-0.06434847968381163,0.5530279022928852,-0.5967028368064954,-0.1540680099724186,0.7056464551737125
SLK,Q9H2G2,STE20-like serine/threonine-protein kinase OS=Homo sapiens OX=9606 GN=SLK PE=1 SV=1,22.748493041068734,22.831110702761737,-0.08261766169300344,0.46376550409418604,-0.7375433048892295,-0.19043286246285102,0.6377259981111364
SERPINA11,Q86U17,Serpin A11 OS=Homo sapiens OX=9606 GN=SERPINA11 PE=1 SV=2,23.502782154257034,23.52938249715514,-0.026600342898106533,0.7941384556307537,-0.26214501916140515,-0.06768555290022309,0.8775653786313835
PLIN1,O60240,Perilipin-1 OS=Homo sapiens OX=9606 GN=PLIN1 PE=1 SV=2,23.287601391621322,23.521187458910436,-0.23358606728911369,0.2352128899252604,-1.1994946451750677,-0.3097081856418675,0.4203696165222352
SEPTIN5,G3XAH0,Septin OS=Homo sapiens OX=9606 GN=SEPTIN5 PE=1 SV=1,20.311791959482797,20.154500031603245,0.1572919278795517,0.41893403122330863,0.8140710364599005,0.21019223778926707,0.5975436875160883
ARPC3,O15145,Actin-related protein 2/3 complex subunit 3 OS=Homo sapiens OX=9606 GN=ARPC3 PE=1 SV=3,26.616987068071733,26.545420920847526,0.07156614722420684,0.5263754154175722,0.6373955992787489,0.1645748360634994,0.6870848007750386
CNP,P09543,"2',3'-cyclic-nucleotide 3'-phosphodiesterase OS=Homo sapiens OX=9606 GN=CNP PE=1 SV=2",25.689001485906388,25.946407737012546,-0.25740625110615767,0.0009088109398986547,-3.4973404427864576,-0.9030094193953082,0.0074795140353659285
IGLV1-47,P01700,Immunoglobulin lambda variable 1-47 OS=Homo sapiens OX=9606 GN=IGLV1-47 PE=1 SV=2,26.12461540058418,26.070030498768382,0.05458490181579734,0.6067261398118134,0.517570973904132,0.1336362508274038,0.7503164734261796
IVL,P07476,Involucrin OS=Homo sapiens OX=9606 GN=IVL PE=1 SV=2,22.739014137498014,22.50247788772726,0.23653624977075438,0.34183071672266063,0.9584171180366754,0.24746223579174348,0.5270188118536757
IGHV6-1,A0A0B4J1U7,Immunoglobulin heavy variable 6-1 OS=Homo sapiens OX=9606 GN=IGHV6-1 PE=1 SV=1,28.774420100017053,29.034440529490404,-0.26002042947335013,0.09821718412245772,-1.6806103875168885,-0.43393173615440683,0.23429780444284842
IGKV3D-11,A0A0A0MRZ8,Immunoglobulin kappa variable 3D-11 OS=Homo sapiens OX=9606 GN=IGKV3D-11 PE=3 SV=6,26.651726644195342,26.46704904024314,0.18467760395220267,0.15703977154218923,1.43365558280194,0.3701682797592801,0.3207040495762326
BID,P55957,BH3-interacting domain death agonist OS=Homo sapiens OX=9606 GN=BID PE=1 SV=1,20.03591896649592,20.262180885680756,-0.22626191918483585,0.412344466108191,-0.8257237056848598,-0.2132009440457424,0.5917340812677265
CTTN,Q14247,Src substrate cortactin OS=Homo sapiens OX=9606 GN=CTTN PE=1 SV=2,25.328121425500893,25.164254570031986,0.1638668554689069,0.2863102887623936,1.0761635175162392,0.2778642254090926,0.47329896759216633
PCBP1,Q15365,Poly(rC)-binding protein 1 OS=Homo sapiens OX=9606 GN=PCBP1 PE=1 SV=2,28.65760494175547,28.875305437293044,-0.2177004955375743,0.13180253396220692,-1.5285875777141706,-0.39467961544710123,0.28396200379815784
ACTN2,P35609,Alpha-actinin-2 OS=Homo sapiens OX=9606 GN=ACTN2 PE=1 SV=1,26.504805183712985,26.410218713684646,0.09458647002833942,0.6697248982814504,0.4287064951027498,0.11069154106292677,0.79421266755855
KRT33A,O76009,"Keratin, type I cuticular Ha3-I OS=Homo sapiens OX=9606 GN=KRT33A PE=1 SV=2",28.741292721396864,29.028985007418587,-0.2876922860217235,0.07423481584853729,-1.8179665616973852,-0.4693969478277288,0.19364581123089128
VAT1,Q99536,Synaptic vesicle membrane protein VAT-1 homolog OS=Homo sapiens OX=9606 GN=VAT1 PE=1 SV=2,23.605949097927926,23.150980809126164,0.4549682888017621,0.007184534344812505,2.7867267145269285,0.7195297437196071,0.035300726959884725
SMC1A,Q14683,Structural maintenance of chromosomes protein 1A OS=Homo sapiens OX=9606 GN=SMC1A PE=1 SV=2,22.859842238351554,22.930375030660382,-0.07053279230882836,0.6653133106792946,-0.43481083596234554,-0.11226767509551262,0.7912613507067333
MOB3A,Q96BX8,MOB kinase activator 3A OS=Homo sapiens OX=9606 GN=MOB3A PE=1 SV=1,27.44288937002003,27.971649933493612,-0.5287605634735826,0.014064808265703891,-2.5321994962751466,-0.6538110985565636,0.05682485492684038
WDR1,O75083,WD repeat-containing protein 1 OS=Homo sapiens OX=9606 GN=WDR1 PE=1 SV=4,27.360229641361556,27.498144515740577,-0.13791487437902106,0.1179804695669116,-1.5868654863140625,-0.4097269067443799,0.2614261429142495
COG4,A0A0A0MS45,Conserved oligomeric Golgi complex subunit 4 OS=Homo sapiens OX=9606 GN=COG4 PE=1 SV=1,24.91545871560404,24.728690513890587,0.186768201713452,0.2797096955706709,1.091171525724047,0.2817392764656648,0.466466219766286
KPLCE,Q5T750,Protein KPLCE OS=Homo sapiens OX=9606 GN=KPLCE PE=1 SV=1,23.693183271369758,23.51589570312693,0.17728756824282854,0.11725892416369388,1.5900553069654275,0.41055051489505484,0.26082187726140554
ITIH3,Q06033,Inter-alpha-trypsin inhibitor heavy chain H3 OS=Homo sapiens OX=9606 GN=ITIH3 PE=1 SV=2,24.3021184571163,23.892222384084864,0.4098960730314367,0.00502339427170858,2.9167214639766987,0.7530942437004982,0.027470122828014358
DOCK2,Q92608,Dedicator of cytokinesis protein 2 OS=Homo sapiens OX=9606 GN=DOCK2 PE=1 SV=2,27.224705052924264,26.683291447045814,0.54141360587845,0.003356542016252556,3.059224236759633,0.7898883014189437,0.020054307626520367
FCN2,Q15485,Ficolin-2 OS=Homo sapiens OX=9606 GN=FCN2 PE=1 SV=2,19.343717456768594,18.45310552047339,0.8906119362952047,0.0015814426694959615,3.315529177571693,0.8560659525733295,0.011272699389539786
BDNF,P23560,Neurotrophic factor BDNF precursor form OS=Homo sapiens OX=9606 GN=BDNF PE=1 SV=1,25.556537420753884,25.791533816687586,-0.23499639593370247,0.02507429592018007,-2.2998544982090166,-0.5938198780175824,0.08670649387524453
UFL1,O94874,E3 UFM1-protein ligase 1 OS=Homo sapiens OX=9606 GN=UFL1 PE=1 SV=2,26.339427689912668,26.15446140926343,0.18496628064923826,0.09088551445070078,1.719340403719256,0.44393178333774774,0.22291366349945585
PLA2G2A,A0A3B3IRX2,Phospholipase A2 OS=Homo sapiens OX=9606 GN=PLA2G2A PE=1 SV=1,24.843740773936645,25.19378309513336,-0.35004232119671386,0.021346481908071983,-2.365947086569135,-0.6108849109526813,0.07688470288990477
KARS1,Q15046,Lysine--tRNA ligase OS=Homo sapiens OX=9606 GN=KARS1 PE=1 SV=3,26.926194150351375,27.07119223767866,-0.14499808732728425,0.13948627599041286,-1.4982701449557112,-0.3868516879688828,0.29414097428927566
HNRNPU,Q00839,Heterogeneous nuclear ribonucleoprotein U OS=Homo sapiens OX=9606 GN=HNRNPU PE=1 SV=6,24.920328081017637,24.157202354049385,0.7631257269682514,6.806431855004858e-05,4.292094790917821,1.108214109704555,0.0009034989381724191
PA2G4,Q9UQ80,Proliferation-associated protein 2G4 OS=Homo sapiens OX=9606 GN=PA2G4 PE=1 SV=3,28.670633396944925,28.866708759383602,-0.19607536243867685,0.16183473783550298,-1.4169914540314612,-0.3658656202121388,0.32637356027350456
MACROH2A1,O75367,Core histone macro-H2A.1 OS=Homo sapiens OX=9606 GN=MACROH2A1 PE=1 SV=5,17.454844328060997,18.714405533601813,-1.259561205540816,0.014918957353578026,-2.509120365116869,-0.6478520925151672,0.059172539286721525
EEF1D,P29692,Elongation factor 1-delta OS=Homo sapiens OX=9606 GN=EEF1D PE=1 SV=5,23.867672405264795,23.678574134300984,0.18909827096381093,0.27649007749104615,1.0985817439233272,0.2836525865775032,0.462502710925063
MMP2,P08253,72 kDa type IV collagenase OS=Homo sapiens OX=9606 GN=MMP2 PE=1 SV=2,26.166080966634986,26.412868148215814,-0.24678718158082802,0.0006260862450919207,-3.616839369318979,-0.9338639095519828,0.005600749779463595
FCN3,O75636,Ficolin-3 OS=Homo sapiens OX=9606 GN=FCN3 PE=1 SV=2,21.051295759731044,21.200833579884474,-0.1495378201534301,0.17908082327141595,-1.3600387892076833,-0.3511605053864971,0.3496643358300719
ALDOA,P04075,Fructose-bisphosphate aldolase A OS=Homo sapiens OX=9606 GN=ALDOA PE=1 SV=2,27.275762623867674,27.395622916753755,-0.1198602928860808,0.20403313453881844,-1.2846173606477322,-0.33168677626917287,0.37972650874684943
YWHAH,Q04917,14-3-3 protein eta OS=Homo sapiens OX=9606 GN=YWHAH PE=1 SV=4,22.55655024010385,21.616444530744793,0.9401057093590559,0.0005460288774099582,3.6601962315401417,0.9450586032404077,0.0051066109785044955
H1-10,A0A994J4R3,H1.10 linker histone OS=Homo sapiens OX=9606 GN=H1-10 PE=1 SV=1,25.816414723968133,25.94327366677988,-0.12685894281174726,0.5105609259723609,-0.6620504562971953,-0.17094069277253723,0.6723572413544986
SEPTIN2,Q15019,Septin-2 OS=Homo sapiens OX=9606 GN=SEPTIN2 PE=1 SV=1,23.979656580653103,23.75233847049058,0.22731811016252124,0.019889447111599193,2.39461767247232,0.618287624401284,0.07303710148773572
OLFM1,Q99784,Noelin OS=Homo sapiens OX=9606 GN=OLFM1 PE=1 SV=4,19.20147017649565,19.71305971969534,-0.5115895431996904,0.08510599376039024,-1.751731754310817,-0.45229519409789987,0.21257126817845576
SSB,P05455,Lupus La protein OS=Homo sapiens OX=9606 GN=SSB PE=1 SV=2,25.019225869843282,24.387040261089908,0.6321856087533746,0.00019659093878645503,3.976179465381446,1.02664512339695,0.0022471436475173957
KPRP,Q5T749,Keratinocyte proline-rich protein OS=Homo sapiens OX=9606 GN=KPRP PE=1 SV=1,25.999223058528198,25.654234365352842,0.3449886931753561,0.16935396671267153,1.3916131068947244,0.3593129591578153,0.33747775933299917
NCKAP1L,P55160,Nck-associated protein 1-like OS=Homo sapiens OX=9606 GN=NCKAP1L PE=1 SV=3,24.263469995661204,24.301541143210937,-0.03807114754973284,0.7819912567888165,-0.27801273710244806,-0.07178258005542147,0.8704657455428954
HSP90B1,A0A7P0T823,Endoplasmin OS=Homo sapiens OX=9606 GN=HSP90B1 PE=1 SV=1,22.526526597724455,21.302346275467304,1.2241803222571512,0.005630224853555577,2.8756703480585992,0.7424948911475626,0.029894677770814452
RTCB,Q9Y3I0,RNA-splicing ligase RtcB homolog OS=Homo sapiens OX=9606 GN=RTCB PE=1 SV=1,20.36512589995131,20.54020483884795,-0.1750789388966396,0.39567256371733195,-0.8557227165557266,-0.2209466553461133,0.5752600198741566
ARHGAP17,Q68EM7,Rho GTPase-activating protein 17 OS=Homo sapiens OX=9606 GN=ARHGAP17 PE=1 SV=1,22.245546625047535,22.671920002205468,-0.4263733771579332,0.2543968394917684,-1.151143284144,-0.29722391790588154,0.4435775400460284
H2AZ1,P0C0S5,Histone H2A.Z OS=Homo sapiens OX=9606 GN=H2AZ1 PE=1 SV=2,22.794580206451137,23.032880790498535,-0.23830058404739773,0.1130731501172976,-1.6088785375923444,-0.41541065214437956,0.25565714985312066
ANXA1,P04083,Annexin A1 OS=Homo sapiens OX=9606 GN=ANXA1 PE=1 SV=2,26.988009221336483,26.250239425828294,0.7377697955081892,4.9574342639733945e-05,4.384505495713184,1.1320744510834706,0.0006974304955983083
UBASH3B,Q8TF42,Ubiquitin-associated and SH3 domain-containing protein B OS=Homo sapiens OX=9606 GN=UBASH3B PE=1 SV=2,16.939411376255226,17.397672662128254,-0.4582612858730286,0.28020538585561944,-1.090035949922703,-0.28144607205453404,0.46681990396594086
DDX5,P17844,Probable ATP-dependent RNA helicase DDX5 OS=Homo sapiens OX=9606 GN=DDX5 PE=1 SV=1,24.019186717663775,23.93655882276407,0.08262789489970501,0.4413535154945719,0.7752292777943351,0.2001633388259909,0.6177448014490351
IGLV3-9,A0A075B6K5,Immunoglobulin lambda variable 3-9 OS=Homo sapiens OX=9606 GN=IGLV3-9 PE=1 SV=1,24.083119412036613,23.079080950976252,1.004038461060361,1.5446276754780307e-14,10.188852109774656,2.630750302541836,1.6949714358912258e-12
DDX17,Q92841,Probable ATP-dependent RNA helicase DDX17 OS=Homo sapiens OX=9606 GN=DDX17 PE=1 SV=2,15.746432826341103,16.540229303269733,-0.7937964769286303,0.00035632565375427706,-3.793807589700512,-0.9795569075750256,0.003576292841948415
PACSIN2,Q9UNF0,Protein kinase C and casein kinase substrate in neurons protein 2 OS=Homo sapiens OX=9606 GN=PACSIN2 PE=1 SV=2,24.88638961222718,24.61633823516078,0.2700513770664017,0.001994682736932107,3.2376939638692823,0.8359689868121339,0.013701726782329044
LMNA,P02545,Prelamin-A/C OS=Homo sapiens OX=9606 GN=LMNA PE=1 SV=1,24.488087313905,24.845309971175272,-0.35722265727027036,0.18625577695595233,-1.3375775866251394,-0.3453610478172982,0.35773279914760503
DOK3,Q7L591,Docking protein 3 OS=Homo sapiens OX=9606 GN=DOK3 PE=1 SV=2,22.36868099328802,22.43044559313249,-0.06176459984446936,0.6188762331450639,-0.5001294983431787,-0.1291328812020134,0.7562511356768932
EIF4G2,P78344,Eukaryotic translation initiation factor 4 gamma 2 OS=Homo sapiens OX=9606 GN=EIF4G2 PE=1 SV=1,23.54500324895106,23.55454712485082,-0.009543875899762355,0.9391838095000753,-0.07662723770561916,-0.01978506769998267,0.9704309795587721
KLC1,Q07866,Kinesin light chain 1 OS=Homo sapiens OX=9606 GN=KLC1 PE=1 SV=2,25.790446679333748,25.60092008785878,0.1895265914749693,0.08976777534417422,1.7254691957787194,0.4455142306429924,0.22152587438757237
LOC100653049,A0A140TA62,IF rod domain-containing protein OS=Homo sapiens OX=9606 GN=LOC100653049 PE=3 SV=2,21.972456007456728,23.320073564303915,-1.3476175568471866,0.009721297900392334,-2.6739731280505623,-0.6904168928763987,0.0432466387676913
ADD2,P35612,Beta-adducin OS=Homo sapiens OX=9606 GN=ADD2 PE=1 SV=3,23.41126986127043,23.520338242793763,-0.10906838152333265,0.24825557642263246,-1.1663274362343887,-0.301144449117372,0.4375039387490932
DDX3X,O00571,ATP-dependent RNA helicase DDX3X OS=Homo sapiens OX=9606 GN=DDX3X PE=1 SV=3,24.926011646218942,25.02034948725206,-0.09433784103311638,0.2916857086219297,-1.0641175010033783,-0.2747539573195959,0.47867864047028547
DDX3Y,O15523,ATP-dependent RNA helicase DDX3Y OS=Homo sapiens OX=9606 GN=DDX3Y PE=1 SV=2,16.28907451586723,16.880965185111,-0.5918906692437673,0.13231525086053494,-1.5265215150701188,-0.394146160366259,0.2843223275671547
TPP2,P29144,Tripeptidyl-peptidase 2 OS=Homo sapiens OX=9606 GN=TPP2 PE=1 SV=4,21.692482669090552,21.990925289574744,-0.2984426204841917,0.05997353171812409,-1.9185041703271013,-0.49535564675375604,0.16496868859864178
EFEMP1,Q12805,EGF-containing fibulin-like extracellular matrix protein 1 OS=Homo sapiens OX=9606 GN=EFEMP1 PE=1 SV=2,16.23172121269296,16.89720237316973,-0.6654811604767694,0.03731512599187063,-2.131283443966073,-0.5502950189685459,0.11721507134087608
PSME1,Q06323,Proteasome activator complex subunit 1 OS=Homo sapiens OX=9606 GN=PSME1 PE=1 SV=1,22.42441900585841,23.79820077065902,-1.3737817648006079,2.282633592807827e-17,-12.009803759883726,-3.100917996883259,3.4156499034197122e-15
MYO1F,O00160,Unconventional myosin-If OS=Homo sapiens OX=9606 GN=MYO1F PE=1 SV=3,29.84069668594592,29.790071837021557,0.050624848924364585,0.4945734833439913,0.6873950440248822,0.17748463718492552,0.6639427060005993
NAP1L4,Q99733,Nucleosome assembly protein 1-like 4 OS=Homo sapiens OX=9606 GN=NAP1L4 PE=1 SV=1,17.591548703954746,17.323066281253563,0.26848242270118305,0.36966372978111217,0.9041355020931258,0.23344678282143716,0.5536546853682536
ATE1,A0A8I5KZ24,Arginyl-tRNA--protein transferase 1 OS=Homo sapiens OX=9606 GN=ATE1 PE=1 SV=1,27.82625046139975,27.915867425199608,-0.08961696379985895,0.1345288770222134,-1.517673740412195,-0.39186167477284994,0.286832294790885
GTPBP1,O00178,GTP-binding protein 1 OS=Homo sapiens OX=9606 GN=GTPBP1 PE=1 SV=3,24.636012852295938,24.611283034560078,0.024729817735860138,0.8925624120308833,0.13565669641080647,0.03502640840003793,0.9387589330369546
SERPINB9,P50453,Serpin B9 OS=Homo sapiens OX=9606 GN=SERPINB9 PE=1 SV=1,19.94958304696542,19.22014698102136,0.7294360659440571,0.12285175831847325,1.5657313408007072,0.40427009383707657,0.26854448099894684
PLEKHF2,Q9H8W4,Pleckstrin homology domain-containing family F member 2 OS=Homo sapiens OX=9606 GN=PLEKHF2 PE=1 SV=1,29.396799820721665,26.79636494360613,2.6004348771155357,5.3450311847813766e-11,8.035288513761355,2.0747025730512982,3.999055150068248e-09
TPI1,P60174,Triosephosphate isomerase OS=Homo sapiens OX=9606 GN=TPI1 PE=1 SV=4,23.09369857663756,22.783874857119944,0.3098237195176168,0.022634290884164437,2.342027057735542,0.6047087860651275,0.07994675790330803
PGM1,P36871,Phosphoglucomutase-1 OS=Homo sapiens OX=9606 GN=PGM1 PE=1 SV=3,22.121482749644127,22.70671618035469,-0.5852334307105629,0.15981159214200355,-1.423975202306689,-0.3676688162630763,0.32455675706155357
MYL2,P10916,"Myosin regulatory light chain 2, ventricular/cardiac muscle isoform OS=Homo sapiens OX=9606 GN=MYL2 PE=1 SV=3",22.663358221110425,22.543231180868208,0.12012704024221676,0.3877355761511414,0.8702791281066543,0.22470510464726556,0.5685542376140911
IGLV2-11,P01706,Immunoglobulin lambda variable 2-11 OS=Homo sapiens OX=9606 GN=IGLV2-11 PE=1 SV=2,21.629296957051952,21.0403352695964,0.5889616874555514,0.08764828390273603,1.7372660430977693,0.4485601635232878,0.21694597790060677
NAA15,Q9BXJ9,"N-alpha-acetyltransferase 15, NatA auxiliary subunit OS=Homo sapiens OX=9606 GN=NAA15 PE=1 SV=1",21.95317605342025,21.199048317434766,0.7541277359854845,2.757299165065413e-05,4.553432113044426,1.175691116127141,0.0004241602267007168
APMAP,Q9HDC9,Adipocyte plasma membrane-associated protein OS=Homo sapiens OX=9606 GN=APMAP PE=1 SV=2,23.867848819302257,24.616370865661178,-0.7485220463589215,0.0035105832338229127,-3.043558521939677,-0.7858434312453354,0.020711182805994675
EIF4G3,A0A804HJV5,Eukaryotic translation initiation factor 4 gamma 3 OS=Homo sapiens OX=9606 GN=EIF4G3 PE=1 SV=1,16.432760786993036,16.672038821607547,-0.23927803461451091,0.4865934142534937,-0.700213338702167,-0.18079430663905235,0.6597469191608324
IGKV3-7,A0A075B6H7,Probable non-functional immunoglobulin kappa variable 3-7 OS=Homo sapiens OX=9606 GN=IGKV3-7 PE=1 SV=1,26.756067302801352,26.48909946560864,0.26696783719271266,0.04352750924932057,2.0637287023164492,0.5328524596774568,0.1325364457269171
IGHV1-69,P01742,Immunoglobulin heavy variable 1-69 OS=Homo sapiens OX=9606 GN=IGHV1-69 PE=1 SV=2,25.22073771126865,24.99184972069249,0.22888799057616183,0.09740495996172721,1.6847816320531463,0.4350087468625325,0.23337491134934935
LRRFIP1,Q32MZ4,Leucine-rich repeat flightless-interacting protein 1 OS=Homo sapiens OX=9606 GN=LRRFIP1 PE=1 SV=2,20.053505432345048,19.46130463496295,0.5922007973820982,0.0014756676121750534,3.3385437391915818,0.8620082868316021,0.010824901602533708
FNBP1,Q96RU3,Formin-binding protein 1 OS=Homo sapiens OX=9606 GN=FNBP1 PE=1 SV=2,26.639114281180234,26.554354624030086,0.08475965715014766,0.24885796420793976,1.1648262202682769,0.3007568368216512,0.4380964803061699
PRKDC,P78527,DNA-dependent protein kinase catalytic subunit OS=Homo sapiens OX=9606 GN=PRKDC PE=1 SV=3,27.37981362856091,26.911227625315973,0.46858600324493693,4.894639477588564e-05,4.388204561336003,1.133029545720384,0.0006945324638026532
EIF3E,P60228,Eukaryotic translation initiation factor 3 subunit E OS=Homo sapiens OX=9606 GN=EIF3E PE=1 SV=1,21.229838844995363,20.53271164934464,0.6971271956507223,0.008587760886229694,2.720543390729204,0.7024412829952577,0.03959511041662206
YWHAE,P62258,14-3-3 protein epsilon OS=Homo sapiens OX=9606 GN=YWHAE PE=1 SV=1,25.16717131734778,25.248721888179166,-0.08155057083138573,0.5637076726516237,-0.5806770248500321,-0.149930163117963,0.7164963931927201
LDHA,P00338,L-lactate dehydrogenase A chain OS=Homo sapiens OX=9606 GN=LDHA PE=1 SV=2,27.07867303421655,27.243903902642874,-0.16523086842632395,0.038197852561013226,-2.12111315842147,-0.5476690625325178,0.11953168310917826
EIF3C,Q99613,Eukaryotic translation initiation factor 3 subunit C OS=Homo sapiens OX=9606 GN=EIF3C PE=1 SV=1,20.647364752937683,20.590168580963613,0.0571961719740699,0.813078925846928,0.2375349076613751,0.061331249434361496,0.8874853527480394
TSPAN2,O60636,Tetraspanin-2 OS=Homo sapiens OX=9606 GN=TSPAN2 PE=1 SV=2,23.778753891017246,23.657731319836685,0.12102257118056059,0.5092589560821212,0.6640982453562231,0.1714694296340146,0.6723572413544986
RPS2,P15880,Small ribosomal subunit protein uS5 OS=Homo sapiens OX=9606 GN=RPS2 PE=1 SV=2,22.283250493702457,22.187576042139263,0.09567445156319465,0.6950963561700323,0.3939040523282129,0.10170558897805222,0.8121842354624383
IGLV3-16,A0A075B6K0,Immunoglobulin lambda variable 3-16 OS=Homo sapiens OX=9606 GN=IGLV3-16 PE=1 SV=2,24.575785052512703,24.499898538274223,0.07588651423847992,0.25582942673859604,1.147639008433523,0.2963191178080685,0.44513238521324433
TAOK1,Q7L7X3,Serine/threonine-protein kinase TAO1 OS=Homo sapiens OX=9606 GN=TAOK1 PE=1 SV=1,27.12168860459246,27.120834292825812,0.0008543117666484079,0.9915312974235244,0.01065999625971732,0.0027523991989679025,0.9957660253563888
TARS1,P26639,"Threonine--tRNA ligase 1, cytoplasmic OS=Homo sapiens OX=9606 GN=TARS1 PE=1 SV=3",24.87359303896004,25.31540225146091,-0.44180921250087124,0.015296761292056352,-2.4992911692351125,-0.6453142050513903,0.059808521610097296
FNBP1L,Q5T0N5,Formin-binding protein 1-like OS=Homo sapiens OX=9606 GN=FNBP1L PE=1 SV=3,23.576262893307945,23.68222877394488,-0.10596588063693346,0.32343191959432394,-0.9959076256719309,-0.2571422432392239,0.5123858899444247
ELMO1,Q92556,Engulfment and cell motility protein 1 OS=Homo sapiens OX=9606 GN=ELMO1 PE=1 SV=2,24.23385643613779,24.53482683784771,-0.30097040170992173,0.027639856989432887,-2.2592752581255353,-0.5833423632812442,0.09368165242359
CRIP1,P50238,Cysteine-rich protein 1 OS=Homo sapiens OX=9606 GN=CRIP1 PE=1 SV=3,25.904754401785542,25.430646954465203,0.47410744732033905,0.006647589498696376,2.815248662053626,0.7268940789044271,0.033611422801482396
PDIA3,P30101,Protein disulfide-isomerase A3 OS=Homo sapiens OX=9606 GN=PDIA3 PE=1 SV=4,21.718366448523096,20.84503158986297,0.873334858660126,0.005163218128218024,2.906870399712991,0.7505507098447809,0.02804837306616128
ENPP2,Q13822,Autotaxin OS=Homo sapiens OX=9606 GN=ENPP2 PE=1 SV=3,24.435468505642422,24.5104596007473,-0.07499109510487756,0.551242704475368,-0.5993967298624688,-0.15476357016856854,0.7051361639826547
NID1,P14543,Nidogen-1 OS=Homo sapiens OX=9606 GN=NID1 PE=1 SV=3,24.97067698510762,24.714302439014887,0.2563745460927329,0.015530217903096489,2.4933264683413796,0.6437741259029545,0.06028947799173779
CXCL12,P48061,Stromal cell-derived factor 1 OS=Homo sapiens OX=9606 GN=CXCL12 PE=1 SV=1,21.99079769086217,22.239477081196217,-0.24867939033404696,0.050671340015565516,-1.9956886982055009,-0.5152846061576176,0.14606834617446732
SLC4A1,P02730,Band 3 anion transport protein OS=Homo sapiens OX=9606 GN=SLC4A1 PE=1 SV=3,29.776836083153338,29.513033677016473,0.2638024061368647,0.014294883584612554,2.5258606735810503,0.6521744215746437,0.05750393745344549
TADA2B,Q86TJ2,Transcriptional adapter 2-beta OS=Homo sapiens OX=9606 GN=TADA2B PE=1 SV=2,21.474643690944664,20.634564055908104,0.8400796350365596,0.0010133634308982424,3.462011612196357,0.8938875545608789,0.008136566864675643
HNRNPA0,Q13151,Heterogeneous nuclear ribonucleoprotein A0 OS=Homo sapiens OX=9606 GN=HNRNPA0 PE=1 SV=1,22.538169637970764,22.5503811524174,-0.01221151444663704,0.9230951955903455,-0.09695650883402067,-0.02503406293470496,0.9606870065821366
IGLV7-43,P04211,Immunoglobulin lambda variable 7-43 OS=Homo sapiens OX=9606 GN=IGLV7-43 PE=1 SV=2,21.459045028374476,21.485587111617843,-0.026542083243366932,0.8734525705125025,-0.15998014516236406,-0.041306695862512066,0.9281490839661581
SLPI,P03973,Antileukoproteinase OS=Homo sapiens OX=9606 GN=SLPI PE=1 SV=2,20.55827849143719,20.18435492392098,0.3739235675162078,0.3452123717656598,0.951672296346473,0.24572073031979064,0.5282699431086235
STIP1,P31948,Stress-induced-phosphoprotein 1 OS=Homo sapiens OX=9606 GN=STIP1 PE=1 SV=1,25.768393291747877,25.171822603693688,0.5965706880541894,0.0001591322781202588,4.040036987142868,1.0431330646177543,0.0018844009337118414
NCF1B,A6NI72,Putative neutrophil cytosol factor 1B OS=Homo sapiens OX=9606 GN=NCF1B PE=5 SV=2,21.566648779927835,21.40274639199304,0.16390238793479384,0.49533514153629166,0.6861775705661985,0.17717028688959677,0.6639427060005993
AARS1,A0A6Q8PFK3,Alanine--tRNA ligase OS=Homo sapiens OX=9606 GN=AARS1 PE=1 SV=1,20.89308556178469,20.730104634292243,0.1629809274924483,0.5817722344816694,0.5539063933704182,0.14301801579209625,0.7293199527470128
PTPN12,Q05209,Tyrosine-protein phosphatase non-receptor type 12 OS=Homo sapiens OX=9606 GN=PTPN12 PE=1 SV=3,24.520261302177435,24.716426764041323,-0.19616546186388817,0.06003417039525299,-1.9180356111043622,-0.495234665282664,0.16496868859864178
ARG1,P05089,Arginase-1 OS=Homo sapiens OX=9606 GN=ARG1 PE=1 SV=2,16.55421824623073,15.998354713981012,0.5558635322497167,0.2637665515305418,1.128472757972172,0.2913704132183317,0.4503126190587166
VARS1,P26640,Valine--tRNA ligase OS=Homo sapiens OX=9606 GN=VARS1 PE=1 SV=4,26.61314124078138,26.33418620244273,0.2789550383386512,0.0008584260464614969,3.5157692066651043,0.9077677057681874,0.007219852700752307
HMGB3,O15347,High mobility group protein B3 OS=Homo sapiens OX=9606 GN=HMGB3 PE=1 SV=4,26.430282565783724,26.077050139956985,0.3532324258267394,0.0028637577199458757,3.1142906112766564,0.8041063781816403,0.018060326463719967
CD14,P08571,Monocyte differentiation antigen CD14 OS=Homo sapiens OX=9606 GN=CD14 PE=1 SV=2,22.38416338112289,22.385269082280438,-0.0011057011575488218,0.9911192771357062,-0.01117864908508783,-0.0028863147826427957,0.9957660253563888
OLA1,J3KQ32,Obg-like ATPase 1 OS=Homo sapiens OX=9606 GN=OLA1 PE=1 SV=1,25.8203991443283,25.9119008675761,-0.09150172324780215,0.1783023562406718,-1.3625167668449751,-0.35180031646126414,0.34897226917020907
IPO5,O00410,Importin-5 OS=Homo sapiens OX=9606 GN=IPO5 PE=1 SV=4,20.648235784368385,20.118378484386774,0.5298572999816109,0.0006600803935161153,3.600011506939126,0.9295189741686867,0.005872931501229869
EIF2A,Q9BY44,Eukaryotic translation initiation factor 2A OS=Homo sapiens OX=9606 GN=EIF2A PE=1 SV=3,22.691342534821047,21.623340584106174,1.0680019507148728,0.005730592339219765,2.8692789917589288,0.7408446500470093,0.030135958435641316
HCK,P08631,Tyrosine-protein kinase HCK OS=Homo sapiens OX=9606 GN=HCK PE=1 SV=5,25.03065158786169,24.919696276958987,0.11095531090270327,0.3761934518230271,0.8917842262082432,0.2302576971009996,0.5588577813183236
EEF2,P13639,Elongation factor 2 OS=Homo sapiens OX=9606 GN=EEF2 PE=1 SV=4,25.28851519347693,26.023127052256246,-0.7346118587793171,0.16199708307621702,-1.4164339884674997,-0.36572168322245174,0.32637356027350456
PRKACB,P22694,cAMP-dependent protein kinase catalytic subunit beta OS=Homo sapiens OX=9606 GN=PRKACB PE=1 SV=2,21.82967246988675,21.895808441874433,-0.06613597198768417,0.5352315645579115,-0.6237588317877019,-0.16105383783757085,0.6947879773362164
NT5C3A,Q9H0P0,Cytosolic 5'-nucleotidase 3A OS=Homo sapiens OX=9606 GN=NT5C3A PE=1 SV=3,20.45637170015214,20.3241151678274,0.13225653232473888,0.732922007662786,0.34288849751876316,0.08853342936641685,0.8406896338766172
STX11,O75558,Syntaxin-11 OS=Homo sapiens OX=9606 GN=STX11 PE=1 SV=1,24.746378959135686,24.885913841469282,-0.1395348823335958,0.613420799711704,-0.5079414064036348,-0.13114990719003009,0.7535053509828178
KRT82,Q9NSB4,"Keratin, type II cuticular Hb2 OS=Homo sapiens OX=9606 GN=KRT82 PE=1 SV=3",28.110116429857516,27.816341191873782,0.29377523798373417,0.007350134205115722,2.778326060919885,0.7173607042851179,0.03558329676947199
RAP2B,P61225,Ras-related protein Rap-2b OS=Homo sapiens OX=9606 GN=RAP2B PE=1 SV=1,18.791112133714577,18.152339945053267,0.63877218866131,0.007609755315783219,2.7655000841469635,0.7140490513224268,0.036667473659582846
S100A14,Q9HCY8,Protein S100-A14 OS=Homo sapiens OX=9606 GN=S100A14 PE=1 SV=1,20.37204822786422,21.701509660203676,-1.329461432339457,1.7498954259069694e-13,-9.536276763701277,-2.4622560727093203,1.800204919401795e-11
CAND2,O75155,Cullin-associated NEDD8-dissociated protein 2 OS=Homo sapiens OX=9606 GN=CAND2 PE=1 SV=3,22.22892297099951,22.509625298828723,-0.2807023278292142,0.004724189521018568,-2.938685778169765,-0.7587654052392055,0.026181871890897514
MAPK1,P28482,Mitogen-activated protein kinase 1 OS=Homo sapiens OX=9606 GN=MAPK1 PE=1 SV=3,31.31393538769563,31.415158977874967,-0.10122359017933746,0.3188962201170368,-1.0053669782840748,-0.25958463758140643,0.5081347321516384
FDPS,P14324,Farnesyl pyrophosphate synthase OS=Homo sapiens OX=9606 GN=FDPS PE=1 SV=4,24.333827832426962,23.16825055831339,1.1655772741135735,1.90312148565257e-07,5.911954745490951,1.5264601515212242,6.265075930768261e-06
RPL4,P36578,Large ribosomal subunit protein uL4 OS=Homo sapiens OX=9606 GN=RPL4 PE=1 SV=5,26.997845475608006,27.38443993559006,-0.386594459982053,0.39435332929383904,-0.8581295214799185,-0.2215680897053776,0.5744297168297867
YBX1,P67809,Y-box-binding protein 1 OS=Homo sapiens OX=9606 GN=YBX1 PE=1 SV=3,17.097757361452558,17.487166250138248,-0.3894088886856899,0.15505311923571535,-1.4406758814918588,-0.37198091308671055,0.31862351343568973
PKP1,Q13835,Plakophilin-1 OS=Homo sapiens OX=9606 GN=PKP1 PE=1 SV=2,26.35293664838039,26.82643549372585,-0.4734988453454605,0.008337672255501761,-2.7315735151582214,-0.705289248876603,0.038877644568147025
HDGF,P51858,Hepatoma-derived growth factor OS=Homo sapiens OX=9606 GN=HDGF PE=1 SV=1,19.851065896061407,19.54575048744322,0.30531540861818485,0.08467626158545369,1.7542122468432564,0.45293565451580176,0.21257126817845576
CCT5,P48643,T-complex protein 1 subunit epsilon OS=Homo sapiens OX=9606 GN=CCT5 PE=1 SV=1,21.767328488259995,21.539361513409702,0.22796697485029327,0.2116977822419215,1.2628467776557575,0.3260656359114966,0.38910718708746544
ABI1,Q8IZP0,Abl interactor 1 OS=Homo sapiens OX=9606 GN=ABI1 PE=1 SV=4,27.55322825678947,27.55600990430262,-0.0027816475131494656,0.9753487849471578,-0.031034235069667043,-0.008013005039140441,0.9879532923218596
TOMM34,Q15785,Mitochondrial import receptor subunit TOM34 OS=Homo sapiens OX=9606 GN=TOMM34 PE=1 SV=2,25.627399531833913,25.727634107779398,-0.10023457594548546,0.3642930337202467,-0.9143990800827753,-0.23609682726319806,0.5486059775878556
RPL22,P35268,Large ribosomal subunit protein eL22 OS=Homo sapiens OX=9606 GN=RPL22 PE=1 SV=2,22.666368094006476,22.819490460656404,-0.15312236664992795,0.20776959605208203,-1.2739297103637155,-0.32892723683183395,0.3844654702534517
MAPKAPK3,Q16644,MAP kinase-activated protein kinase 3 OS=Homo sapiens OX=9606 GN=MAPKAPK3 PE=1 SV=1,25.59717459180701,24.747526154524028,0.8496484372829833,1.1839651827964969e-05,4.792635856495592,1.2374532571095964,0.00019890324858937497
KRT23,Q9C075,"Keratin, type I cytoskeletal 23 OS=Homo sapiens OX=9606 GN=KRT23 PE=1 SV=2",17.378060247238036,15.728190116585592,1.6498701306524435,1.1021487529902891e-06,5.443876845890023,1.4056029575290818,2.4515362803000216e-05
IGHV1-18,A0A0C4DH31,Immunoglobulin heavy variable 1-18 OS=Homo sapiens OX=9606 GN=IGHV1-18 PE=1 SV=1,21.765588263248734,21.691416304827392,0.07417195842134205,0.5712965124149514,0.5693806065927142,0.14701344046580392,0.7214296721828747
UNC45A,A0A1W2PNX8,Unc-45 myosin chaperone A OS=Homo sapiens OX=9606 GN=UNC45A PE=1 SV=1,19.856583048443614,19.64445746783677,0.21212558060684472,0.3861871270223135,0.8731405975095634,0.22544393287014217,0.5675571527488643
A2ML1,A8K2U0,Alpha-2-macroglobulin-like protein 1 OS=Homo sapiens OX=9606 GN=A2ML1 PE=1 SV=3,23.421371504200184,23.319967963637875,0.10140354056230905,0.27809577790649276,1.094878601275454,0.28269643925724697,0.46471639637978385
PCBP2,Q15366,Poly(rC)-binding protein 2 OS=Homo sapiens OX=9606 GN=PCBP2 PE=1 SV=1,24.749987325464677,25.190707428218783,-0.44072010275410634,0.04422502292616034,-2.0566765512162335,-0.5310316020930519,0.13356768392010993
FBXO7,Q9Y3I1,F-box only protein 7 OS=Homo sapiens OX=9606 GN=FBXO7 PE=1 SV=1,22.347729978984372,22.42044159732293,-0.07271161833855899,0.7967250379920112,-0.25877498207755284,-0.06681541306676565,0.8775653786313835
SRP9,P49458,Signal recognition particle 9 kDa protein OS=Homo sapiens OX=9606 GN=SRP9 PE=1 SV=2,16.673219741628593,17.560684417463506,-0.887464675834913,0.01823852584598831,-2.429471923634464,-0.6272869533543185,0.06883065608560476
OSTF1,Q92882,Osteoclast-stimulating factor 1 OS=Homo sapiens OX=9606 GN=OSTF1 PE=1 SV=2,25.006368017217685,24.883865779883674,0.122502237334011,0.28165606569813667,1.0867206136123748,0.28059005590006886,0.46876226909922447
DDX1,Q92499,ATP-dependent RNA helicase DDX1 OS=Homo sapiens OX=9606 GN=DDX1 PE=1 SV=2,17.304335866647488,14.215401905455884,3.0889339611916036,0.0004979946718636912,3.689228540610532,0.9525547132091788,0.00479356274788091
CRISPLD2,Q9H0B8,Cysteine-rich secretory protein LCCL domain-containing 2 OS=Homo sapiens OX=9606 GN=CRISPLD2 PE=1 SV=1,27.119942584457963,27.639695393,-0.5197528085420373,0.01562121546621561,-2.4910234317386237,-0.6431794844090759,0.06050004860562563
WDR44,Q5JSH3,WD repeat-containing protein 44 OS=Homo sapiens OX=9606 GN=WDR44 PE=1 SV=1,20.23667373259651,21.836548538028993,-1.5998748054324814,0.00021536191697991928,-3.948480672175859,-1.0194933257439314,0.0024283032241760104
IPO9,Q96P70,Importin-9 OS=Homo sapiens OX=9606 GN=IPO9 PE=1 SV=3,16.653893203583028,18.644554687397886,-1.9906614838148577,0.018793366561408006,-2.417453203270349,-0.6241837331001224,0.0701448556917859
DDX1,A0A7I2V4J3,ATP-dependent RNA helicase DDX1 OS=Homo sapiens OX=9606 GN=DDX1 PE=1 SV=1,25.768994442414225,25.500727476252273,0.2682669661619528,0.10840515060307006,1.6305469170893294,0.4210054036731213,0.25167119589937
GP1BB,P13224,Platelet glycoprotein Ib beta chain OS=Homo sapiens OX=9606 GN=GP1BB PE=1 SV=1,21.525709336348918,21.206885562476284,0.3188237738726336,0.2947523482665198,1.0573138324050955,0.2729972576413117,0.4813118702844163
FGD3,Q5JSP0,"FYVE, RhoGEF and PH domain-containing protein 3 OS=Homo sapiens OX=9606 GN=FGD3 PE=1 SV=1",21.88899552452226,21.897936966497266,-0.008941441975004238,0.95550831729261,-0.05603272684932867,-0.014467587862002609,0.9768737206606435
SNRPA,P09012,U1 small nuclear ribonucleoprotein A OS=Homo sapiens OX=9606 GN=SNRPA PE=1 SV=3,23.42375777037567,23.30724792025764,0.11650985011802817,0.15434992647875362,1.4431775647931935,0.3726268449376143,0.3179724392791345
ICAM2,P13598,Intercellular adhesion molecule 2 OS=Homo sapiens OX=9606 GN=ICAM2 PE=1 SV=2,16.322566895621218,15.858505004649524,0.4640618909716938,0.3814357420597043,0.8819661347886494,0.2277226767970243,0.5638645610577507
P2RX1,P51575,P2X purinoceptor 1 OS=Homo sapiens OX=9606 GN=P2RX1 PE=1 SV=1,24.051983034181696,24.715563849259706,-0.66358081507801,0.004825694013174208,-2.931093256090246,-0.7568050244678931,0.026654672300955525
PRDX5,P30044,"Peroxiredoxin-5, mitochondrial OS=Homo sapiens OX=9606 GN=PRDX5 PE=1 SV=4",20.59738164433569,18.95739978883568,1.639981855500011,0.1164508205468039,1.593646609153673,0.41147778513280636,0.2598256012138914
UBAP2L,A0AA34QVE6,Ubiquitin associated protein 2 like OS=Homo sapiens OX=9606 GN=UBAP2L PE=1 SV=1,23.23817573125463,23.43024822173028,-0.19207249047565256,0.2551230693815288,-1.1493650866474128,-0.2967647892865116,0.4443730922772448
CHMP5,Q9NZZ3,Charged multivesicular body protein 5 OS=Homo sapiens OX=9606 GN=CHMP5 PE=1 SV=1,25.617967980235974,25.529643688443613,0.08832429179236101,0.3720525373468685,0.8996009923190171,0.23227597743221465,0.5557154958919651
IDH2,P48735,"Isocitrate dehydrogenase [NADP], mitochondrial OS=Homo sapiens OX=9606 GN=IDH2 PE=1 SV=2",26.442861551671193,26.69051905894835,-0.2476575072771574,0.042717954852715394,-2.072037498553761,-0.534997781641066,0.13069470945644895
PAK2,Q13177,Serine/threonine-protein kinase PAK 2 OS=Homo sapiens OX=9606 GN=PAK2 PE=1 SV=3,27.429306026192567,26.660042451446643,0.7692635747459242,0.0012402845469715136,3.3959335200315706,0.8768262645273203,0.009539758711752857
TRRAP,Q9Y4A5,Transformation/transcription domain-associated protein OS=Homo sapiens OX=9606 GN=TRRAP PE=1 SV=3,22.18137628745577,22.0158498171702,0.16552647028557033,0.1559066132040575,1.4376513325496276,0.37119997790784054,0.3199779118876292
MYO16,F8W883,Myosin XVI OS=Homo sapiens OX=9606 GN=MYO16 PE=1 SV=2,22.52034576270578,22.538715298635807,-0.018369535930027325,0.9235138534963181,-0.09642702083950248,-0.02489734972238591,0.9606870065821366
PPP1CA,P62136,Serine/threonine-protein phosphatase PP1-alpha catalytic subunit OS=Homo sapiens OX=9606 GN=PPP1CA PE=1 SV=1,18.055508194706906,18.159132681531013,-0.1036244868241063,0.847774217291142,-0.1928191323452615,-0.049785685893557446,0.9122653299157238
SFPQ,P23246,"Splicing factor, proline- and glutamine-rich OS=Homo sapiens OX=9606 GN=SFPQ PE=1 SV=2",24.396464483269657,24.835565693358248,-0.43910121008859093,0.10869250740747016,-1.629191404477476,-0.42065541182170246,0.2519829115390083
IGHV1OR15-1,A0A075B7D0,Immunoglobulin heavy variable 1/OR15-1 (non-functional) (Fragment) OS=Homo sapiens OX=9606 GN=IGHV1OR15-1 PE=4 SV=1,26.609553932819903,25.89133896850358,0.7182149643163243,0.03603435414884849,2.1464199412759806,0.5542032457686249,0.11445024401490256
LANCL1,O43813,Glutathione S-transferase LANCL1 OS=Homo sapiens OX=9606 GN=LANCL1 PE=1 SV=1,16.107813176315155,18.270386906550275,-2.1625737302351205,6.724517135072718e-12,-8.574438145760492,-2.213910409441066,5.825555370699839e-10
FARP1,C9JME2,"FERM, ARHGEF and pleckstrin domain-containing protein 1 OS=Homo sapiens OX=9606 GN=FARP1 PE=1 SV=2",23.51047867863252,23.69615244664101,-0.18567376800848834,0.14137388748716312,-1.4910250904272149,-0.3849810229334674,0.29643492841257385
S100A11,P31949,Protein S100-A11 OS=Homo sapiens OX=9606 GN=S100A11 PE=1 SV=2,25.408554312795847,25.575495469840543,-0.1669411570446968,0.3528343522584546,-0.9366267297684311,-0.24183598173372323,0.5347747180639193
LSM8,O95777,U6 snRNA-associated Sm-like protein LSm8 OS=Homo sapiens OX=9606 GN=LSM8 PE=1 SV=3,19.768443459753605,17.43571619283094,2.3327272669226637,1.1628236794937275e-05,4.79768510121537,1.238756966490305,0.00019890324858937497
SNRPD2,P62316,Small nuclear ribonucleoprotein Sm D2 OS=Homo sapiens OX=9606 GN=SNRPD2 PE=1 SV=1,22.170247079078607,22.338870377654303,-0.1686232985756959,0.31695592242230947,-1.0094411161909522,-0.260636575465639,0.5069762296461544
INHBE,P58166,Inhibin beta E chain OS=Homo sapiens OX=9606 GN=INHBE PE=1 SV=1,21.217892193656215,21.261588432555982,-0.04369623889976637,0.7160876751314657,-0.3654732539163822,-0.0943647883934922,0.8297140733558458
STXBP2,Q15833,Syntaxin-binding protein 2 OS=Homo sapiens OX=9606 GN=STXBP2 PE=1 SV=2,18.936230025830152,19.62845248513667,-0.6922224593065174,0.003034205699217418,-3.0943047145993536,-0.7989460418489595,0.018846424833629697
SASH3,O75995,SAM and SH3 domain-containing protein 3 OS=Homo sapiens OX=9606 GN=SASH3 PE=1 SV=2,22.63227755406573,22.58763076199242,0.044646792073312014,0.8872895920760278,0.1423592944492073,0.03675701177197452,0.9374060773794234
ARHGAP1,Q07960,Rho GTPase-activating protein 1 OS=Homo sapiens OX=9606 GN=ARHGAP1 PE=1 SV=1,19.662585168696594,19.80427790143548,-0.1416927327388855,0.7290027159927763,-0.34813031626620006,-0.08988686114726092,0.8373611099261059
MAP2K4,P45985,Dual specificity mitogen-activated protein kinase kinase 4 OS=Homo sapiens OX=9606 GN=MAP2K4 PE=1 SV=1,24.2671909820176,24.37255842721306,-0.10536744519546204,0.6219517164770948,-0.4957391784818663,-0.12799930548818766,0.7588825243300948
HNRNPUL2,Q1KMD3,Heterogeneous nuclear ribonucleoprotein U-like protein 2 OS=Homo sapiens OX=9606 GN=HNRNPUL2 PE=1 SV=1,25.410426474730023,25.465154140627973,-0.05472766589794986,0.647966143371606,-0.4589770246668498,-0.118507358188436,0.7785053080216521
FGL1,Q08830,Fibrinogen-like protein 1 OS=Homo sapiens OX=9606 GN=FGL1 PE=1 SV=3,24.192936286401153,24.263022106596868,-0.07008582019571463,0.5513427965040563,-0.5992455730901974,-0.15472454165779026,0.7051361639826547
ECM1,Q16610,Extracellular matrix protein 1 OS=Homo sapiens OX=9606 GN=ECM1 PE=1 SV=2,25.78733742596587,25.434643472357898,0.3526939536079716,0.062287314408513594,1.9009042460256442,0.49081136583948576,0.1703071752764342
PARP1,P09874,Poly [ADP-ribose] polymerase 1 OS=Homo sapiens OX=9606 GN=PARP1 PE=1 SV=4,20.770452365034302,22.800826434956775,-2.0303740699224733,1.3064276295305902e-06,-5.3980434290614605,-1.3937688201906278,2.8475020406778065e-05
EIF3A,Q14152,Eukaryotic translation initiation factor 3 subunit A OS=Homo sapiens OX=9606 GN=EIF3A PE=1 SV=1,24.95167013342496,24.878589736813346,0.07308039661161558,0.6358271681870594,0.47604991825450477,0.12291556035753995,0.7701041345370859
P4HB,A0A7P0TA97,Protein disulfide-isomerase OS=Homo sapiens OX=9606 GN=P4HB PE=1 SV=1,25.028806867961915,24.815186132317006,0.21362073564490913,0.05943478624032943,1.9226848906059955,0.49643510408811,0.16387550241566848
RPS14,P62263,Small ribosomal subunit protein uS11 OS=Homo sapiens OX=9606 GN=RPS14 PE=1 SV=3,21.948520877611248,21.87520416200887,0.07331671560237751,0.5576550670850293,0.5897406333119939,0.15227037675994448,0.7109994116359089
TRMT1L,Q7Z2T5,TRMT1-like protein OS=Homo sapiens OX=9606 GN=TRMT1L PE=1 SV=2,19.224624446399353,19.669310350917108,-0.4446859045177547,0.17177530033687485,-1.3836257871506294,-0.3572506420678344,0.34147601975180675
LACRT,Q9GZZ8,Extracellular glycoprotein lacritin OS=Homo sapiens OX=9606 GN=LACRT PE=1 SV=1,21.81032733401196,22.556665960949488,-0.7463386269375292,0.02238127110356437,-2.3466291083401076,-0.6058970304217864,0.07948371527832979
PDHA2,P29803,"Pyruvate dehydrogenase E1 component subunit alpha, testis-specific form, mitochondrial OS=Homo sapiens OX=9606 GN=PDHA2 PE=1 SV=1",20.673829303070665,18.792132556336586,1.8816967467340788,1.029863735174844e-07,6.07372078360579,1.5682279629612723,3.852626609313166e-06
NOTUM,Q6P988,Palmitoleoyl-protein carboxylesterase NOTUM OS=Homo sapiens OX=9606 GN=NOTUM PE=1 SV=2,21.715624317129954,21.79084568523262,-0.07522136810266744,0.8445081602906596,-0.1970103978476846,-0.05086786599291866,0.9114504530569769
PLCB2,Q00722,"1-phosphatidylinositol 4,5-bisphosphate phosphodiesterase beta-2 OS=Homo sapiens OX=9606 GN=PLCB2 PE=1 SV=2",26.212559839152185,26.163260729639823,0.04929910951236138,0.7319057655075815,0.3442467366907186,0.08888412521262685,0.8401094072702086
CSTB,P04080,Cystatin-B OS=Homo sapiens OX=9606 GN=CSTB PE=1 SV=2,19.102486262344392,17.696502801004325,1.4059834613400675,0.004622515452841289,2.9464443936854123,0.7607686711513207,0.0257920692724636
H3-3A; H3-3B,P84243,Histone H3.3 OS=Homo sapiens OX=9606 GN=H3-3A PE=1 SV=2,24.31885987780278,24.46773197012491,-0.1488720923221294,0.2696034956333709,-1.1146370328199446,-0.2877980443451797,0.4545718681524263
AP3B1,O00203,AP-3 complex subunit beta-1 OS=Homo sapiens OX=9606 GN=AP3B1 PE=1 SV=3,17.230372506205367,18.27724431618968,-1.0468718099843137,2.7556263739994862e-05,-4.553605542497273,-1.1757358954193153,0.0004241602267007168
CLINT1,Q14677,Clathrin interactor 1 OS=Homo sapiens OX=9606 GN=CLINT1 PE=1 SV=1,21.901717566373765,22.234587874002663,-0.33287030762889813,0.03179622169420546,-2.200112364659137,-0.5680665698739904,0.10446423335062313
LAP3,P28838,Cytosol aminopeptidase OS=Homo sapiens OX=9606 GN=LAP3 PE=1 SV=3,26.01847037721531,25.878378112677993,0.1400922645373157,0.13684651501660156,1.5085331247943525,0.38950157796871754,0.2898962210004198
CTSD,C9JH19,Cathepsin D OS=Homo sapiens OX=9606 GN=CTSD PE=1 SV=2,21.20851827235095,20.638565910356192,0.5699523619947584,0.008000773549661135,2.7469225588389867,0.7092523549136572,0.03792679443108684
PPP2R5E,Q16537,Serine/threonine-protein phosphatase 2A 56 kDa regulatory subunit epsilon isoform OS=Homo sapiens OX=9606 GN=PPP2R5E PE=1 SV=1,18.02310437821512,17.25918058949486,0.763923788720259,0.06660238675690344,1.8695126423367108,0.4827060886196202,0.1788377301824846
HK1,P19367,Hexokinase-1 OS=Homo sapiens OX=9606 GN=HK1 PE=1 SV=3,17.77157273894006,18.54811467928926,-0.7765419403492011,0.06817655326197486,-1.8584882751662732,-0.47985960925604826,0.1809977526922752
STK39,Q9UEW8,STE20/SPS1-related proline-alanine-rich protein kinase OS=Homo sapiens OX=9606 GN=STK39 PE=1 SV=3,17.79253227219648,19.075376337357557,-1.282844065161079,0.027137872060749312,-2.266944584302965,-0.5853225747853654,0.09249399294170207
LSM2,Q9Y333,U6 snRNA-associated Sm-like protein LSm2 OS=Homo sapiens OX=9606 GN=LSM2 PE=1 SV=1,17.807215578316097,18.60084669253696,-0.7936311142208652,0.0663751633841012,-1.871122087885349,-0.4831216456733871,0.1785188217814225
PACS1,Q6VY07,Phosphofurin acidic cluster sorting protein 1 OS=Homo sapiens OX=9606 GN=PACS1 PE=1 SV=2,23.05147050765142,22.800959948306385,0.2505105593450345,0.11216300923083122,1.6130457102293543,0.4164866114926403,0.2546962393108589
TRIP10,Q15642,Cdc42-interacting protein 4 OS=Homo sapiens OX=9606 GN=TRIP10 PE=1 SV=3,27.830140093714242,27.82058342066329,0.009556673050951758,0.9444497639675418,0.06998068259537066,0.018068934549873183,0.9709958222926757
RPL5,P46777,Large ribosomal subunit protein uL18 OS=Homo sapiens OX=9606 GN=RPL5 PE=1 SV=3,23.34680383262954,24.034345262987298,-0.6875414303577578,0.059437226574820215,-1.9226658807675987,-0.4964301957689417,0.16387550241566848
ABCE1,P61221,ATP-binding cassette sub-family E member 1 OS=Homo sapiens OX=9606 GN=ABCE1 PE=1 SV=1,24.085360464996647,23.916806348340895,0.16855411665575204,0.3921295050399667,0.8621979999123432,0.22261856631958996,0.5733667793252493
MANF,P55145,Mesencephalic astrocyte-derived neurotrophic factor OS=Homo sapiens OX=9606 GN=MANF PE=1 SV=3,27.630605510458874,28.106442793209922,-0.47583728275104775,0.01662772698819922,-2.4663264063621626,-0.6368027398768161,0.06352887767241804
PGAM1,P18669,Phosphoglycerate mutase 1 OS=Homo sapiens OX=9606 GN=PGAM1 PE=1 SV=2,25.396892912308804,24.8103777336873,0.5865151786215037,1.6714105492394953e-05,4.695631316685206,1.2124067926301205,0.0002697197807890401
PFKP,Q01813,"ATP-dependent 6-phosphofructokinase, platelet type OS=Homo sapiens OX=9606 GN=PFKP PE=1 SV=2",24.216453301914978,23.29101388340092,0.9254394185140562,0.003809260202414991,3.014930532394535,0.7784517161290863,0.0221244150084467
CDA,P32320,Cytidine deaminase OS=Homo sapiens OX=9606 GN=CDA PE=1 SV=2,17.188209533081647,16.661916652562656,0.5262928805189908,0.08095073929483007,1.7761667376189088,0.45860427965903955,0.20436336944676425
POLR1B,Q9H9Y6,DNA-directed RNA polymerase I subunit RPA2 OS=Homo sapiens OX=9606 GN=POLR1B PE=1 SV=2,21.63127092375675,21.348186914821774,0.28308400893497776,0.20397019945886083,1.284798623553927,0.3317335781503048,0.37972650874684943
CRYAB,P02511,Alpha-crystallin B chain OS=Homo sapiens OX=9606 GN=CRYAB PE=1 SV=2,23.90041833010012,23.054595661975586,0.8458226681245335,1.3422245577494711e-07,6.004036810747321,1.5502356385360445,4.70064174905453e-06
MTPN,P58546,Myotrophin OS=Homo sapiens OX=9606 GN=MTPN PE=1 SV=2,20.194780629590372,19.97831635931722,0.2164642702731534,0.3424177849615776,0.957243063250481,0.24715909614944573,0.52724010668546
POF1B,Q8WVV4,Protein POF1B OS=Homo sapiens OX=9606 GN=POF1B PE=1 SV=3,18.320479001542086,18.847352899998512,-0.5268738984564258,0.07912521892609188,-1.787233133237616,-0.4614616107212926,0.2012984704054826
IGHD,P01880,Immunoglobulin heavy constant delta OS=Homo sapiens OX=9606 GN=IGHD PE=1 SV=4,20.67544386192373,20.879683768198923,-0.20423990627519473,0.18570421833641257,-1.339280679538849,-0.34580078451675433,0.357090120773055
CPNE3,O75131,Copine-3 OS=Homo sapiens OX=9606 GN=CPNE3 PE=1 SV=1,21.564350603305332,21.8621526490929,-0.2978020457875665,0.13977572185733272,-1.4971541868492548,-0.3865635488247914,0.2942082329631326
KIAA0825,A0A994J718,KIAA0825 OS=Homo sapiens OX=9606 GN=KIAA0825 PE=1 SV=1,30.583423389993065,30.35140097019489,0.23202241979817373,0.010923192560275768,2.6297339700892413,0.6789943914074363,0.04743951175254331
NONO,A0A7I2V535,Non-POU domain containing octamer binding OS=Homo sapiens OX=9606 GN=NONO PE=1 SV=1,15.806209102253717,15.710040407609778,0.09616869464393929,0.8197370211555222,0.22891916318498295,0.059106673776211795,0.892976265269351
PIP5K1C,O60331,Phosphatidylinositol 4-phosphate 5-kinase type-1 gamma OS=Homo sapiens OX=9606 GN=PIP5K1C PE=1 SV=2,18.411366610290294,18.373241345920082,0.03812526437021191,0.9339142678546452,0.08328176902730454,0.02150326029902954,0.9668068458419785
GSTP1,P09211,Glutathione S-transferase P OS=Homo sapiens OX=9606 GN=GSTP1 PE=1 SV=2,23.795601326150525,24.107285430093093,-0.31168410394256796,0.2935230369631652,-1.0600353114540757,-0.27369994051022856,0.48073524262822875
CALR,P27797,Calreticulin OS=Homo sapiens OX=9606 GN=CALR PE=1 SV=1,24.577086439355188,23.77788935078882,0.7991970885663697,0.00030898255883355264,3.8379084432050083,0.9909436989867889,0.0031986496342140103
SERPINB5,P36952,Serpin B5 OS=Homo sapiens OX=9606 GN=SERPINB5 PE=1 SV=2,24.81448579763971,24.829588353629017,-0.015102555989308541,0.890388998619777,-0.13841868449872397,-0.0357395506578331,0.9382716336287792
COL1A1,P02452,Collagen alpha-1(I) chain OS=Homo sapiens OX=9606 GN=COL1A1 PE=1 SV=6,21.034817430719688,20.924331676159877,0.1104857545598108,0.7795679355851831,0.2811866844404599,0.07260208973421212,0.8702230011630774
ANK1,P16157,Ankyrin-1 OS=Homo sapiens OX=9606 GN=ANK1 PE=1 SV=3,20.34699547511656,20.404605005687028,-0.057609530570466916,0.6230049185331825,-0.4942379358317599,-0.12761168630268907,0.7596045154856433
CAPG,P40121,Macrophage-capping protein OS=Homo sapiens OX=9606 GN=CAPG PE=1 SV=2,15.961174414762848,16.928005987327868,-0.9668315725650203,0.06257459903577331,-1.898757921624134,-0.4902571872619786,0.1708089386614973
GRN,P28799,Progranulin OS=Homo sapiens OX=9606 GN=GRN PE=1 SV=2,22.546484383359207,23.220822279208644,-0.6743378958494368,4.3202557949953774e-05,-4.424357454980623,-1.1423641827205722,0.0006293045166869373
CST3,P01034,Cystatin-C OS=Homo sapiens OX=9606 GN=CST3 PE=1 SV=1,21.96570217112808,21.629837398020804,0.335864773107275,0.04598477785898567,2.0393034765982962,0.5265458935152059,0.13684496859474116
EIF3B,P55884,Eukaryotic translation initiation factor 3 subunit B OS=Homo sapiens OX=9606 GN=EIF3B PE=1 SV=3,25.999745062951913,25.416996052356854,0.5827490105950588,0.0011833428184332686,3.4113640962627683,0.8808104221783744,0.009144517742446762
MAPKAPK2,P49137,MAP kinase-activated protein kinase 2 OS=Homo sapiens OX=9606 GN=MAPKAPK2 PE=1 SV=1,24.056182141453515,23.582701049422848,0.47348109203066713,0.22524170582957107,1.2257632279250223,0.31649070454313716,0.40607650360950054
SDF2L1,Q9HCN8,Stromal cell-derived factor 2-like protein 1 OS=Homo sapiens OX=9606 GN=SDF2L1 PE=1 SV=2,20.85815110679183,19.831674117860985,1.0264769889308454,0.02296550067968131,2.336071672669228,0.6031711122529883,0.08042811514628816
STK26,Q9P289,Serine/threonine-protein kinase 26 OS=Homo sapiens OX=9606 GN=STK26 PE=1 SV=2,23.1120157814084,23.21626946077647,-0.10425367936807106,0.3362903831912648,-0.969562879821282,-0.25034005910991525,0.5222018591819074
ACTR1A,P61163,Alpha-centractin OS=Homo sapiens OX=9606 GN=ACTR1A PE=1 SV=1,24.040633946483823,23.628162165291723,0.4124717811920995,0.0034765750404927294,3.046961093819376,0.7867219715269584,0.020584325599464146
CORO1B,Q9BR76,Coronin-1B OS=Homo sapiens OX=9606 GN=CORO1B PE=1 SV=1,24.32931524608805,24.80715850563332,-0.4778432595452706,0.16609165480223773,-1.4025147621092422,-0.3621277544306101,0.3325874255528994
PTGES3,A0A087WYT3,Prostaglandin E synthase 3 OS=Homo sapiens OX=9606 GN=PTGES3 PE=1 SV=1,18.30964886992837,18.03412179753718,0.275527072391192,0.4209516295415424,0.8105254014706609,0.2092767587715967,0.5983474803327969
EDF1,O60869,Endothelial differentiation-related factor 1 OS=Homo sapiens OX=9606 GN=EDF1 PE=1 SV=1,21.219360814636328,21.300184936483753,-0.08082412184742438,0.536560008051669,-0.6217234173533608,-0.16052829609044866,0.6959046421148836
Unknown,A0A3B3IRZ5,Coiled-coil domain-containing protein 13 OS=Homo sapiens OX=9606 PE=1 SV=1,17.74318576259808,19.76045510575163,-2.017269343153547,5.7944853413321694e-08,-6.224536181027417,-1.6071683311323133,2.3844307179581877e-06
TSPAN9,B5MD23,Tetraspanin OS=Homo sapiens OX=9606 GN=TSPAN9 PE=1 SV=1,17.804388184279208,17.484974129922282,0.31941405435692616,0.2940760186170495,1.0588101389057405,0.2733836023184996,0.4811621537213355
EIF4E,P06730,Eukaryotic translation initiation factor 4E OS=Homo sapiens OX=9606 GN=EIF4E PE=1 SV=2,19.388054892150638,19.939626199072578,-0.5515713069219395,0.0019978216450540526,-3.237163211650319,-0.8358319471784668,0.013701726782329044
SERPINB12,Q96P63,Serpin B12 OS=Homo sapiens OX=9606 GN=SERPINB12 PE=1 SV=1,23.185162535938776,23.487923350741386,-0.3027608148026104,0.0065993304346555655,-2.817915175814746,-0.7275825697970439,0.033611422801482396
AP2A1,O95782,AP-2 complex subunit alpha-1 OS=Homo sapiens OX=9606 GN=AP2A1 PE=1 SV=3,24.423903129563776,24.472549894814346,-0.04864676525057021,0.6673708692942483,-0.4319617490476512,-0.11153204401734537,0.7925630958573829
MAP4,P27816,Microtubule-associated protein 4 OS=Homo sapiens OX=9606 GN=MAP4 PE=1 SV=3,18.671374069485193,18.800144239867468,-0.12877017038227478,0.7109671920045114,-0.3723799933944174,-0.09614810085849375,0.8270332141621384
LRG1,P02750,Leucine-rich alpha-2-glycoprotein OS=Homo sapiens OX=9606 GN=LRG1 PE=1 SV=2,16.5195653710142,17.462869478638698,-0.943304107624499,0.041978784940334725,-2.079744072859058,-0.5369876105704477,0.12915342058278684
RPS12,P25398,Small ribosomal subunit protein eS12 OS=Homo sapiens OX=9606 GN=RPS12 PE=1 SV=3,20.421102502460347,20.48636584311823,-0.0652633406578822,0.6603700312154437,-0.44167046764080603,-0.11403882437896558,0.787658747377261
CRABP2,P29373,Cellular retinoic acid-binding protein 2 OS=Homo sapiens OX=9606 GN=CRABP2 PE=1 SV=2,23.200522649968857,21.480250965440856,1.7202716845280008,3.043065301361921e-07,5.787717280633918,1.4943821760301361,8.944438367931647e-06
ALDH1A3,P47895,Retinaldehyde dehydrogenase 3 OS=Homo sapiens OX=9606 GN=ALDH1A3 PE=1 SV=2,17.86209197322572,16.31405633068852,1.5480356425372008,0.00035139190288882284,3.798132018849818,0.9806734703801666,0.0035484114856135117
RAB11A,P62491,Ras-related protein Rab-11A OS=Homo sapiens OX=9606 GN=RAB11A PE=1 SV=3,19.725623010006597,20.008439586212674,-0.28281657620607703,0.25847987203257866,-1.141192407388885,-0.2946546125757002,0.4467580890083091
EVPL,Q92817,Envoplakin OS=Homo sapiens OX=9606 GN=EVPL PE=1 SV=3,21.60462430549826,22.689492433781577,-1.0848681282833184,0.004984309220659984,-2.9195206179545776,-0.7538169821498178,0.027347243257354447
TRIM25,Q14258,E3 ubiquitin/ISG15 ligase TRIM25 OS=Homo sapiens OX=9606 GN=TRIM25 PE=1 SV=2,20.90927948903305,20.121626721601544,0.7876527674315064,0.054288489933697205,1.964339160668406,0.5071901903714527,0.15350932577074256
NCKAP1,A0A994J6K9,Nck-associated protein 1 OS=Homo sapiens OX=9606 GN=NCKAP1 PE=1 SV=1,25.411725401247363,25.52543235754031,-0.11370695629294758,0.5839084366314718,-0.5507674298395492,-0.14220753889346904,0.7308846286657055
EIF3I,A0A7I2V607,Eukaryotic translation initiation factor 3 subunit I OS=Homo sapiens OX=9606 GN=EIF3I PE=1 SV=1,21.32834763464386,21.47864858551097,-0.1503009508671127,0.6036765731857643,-0.5219735644242267,-0.1347729948117036,0.7482316562227168
KPNB1,Q14974,Importin subunit beta-1 OS=Homo sapiens OX=9606 GN=KPNB1 PE=1 SV=2,21.96588758312193,21.791841383453026,0.17404619966890422,0.6090203606741365,0.5142655463752738,0.13278279310931287,0.7508970139847405
DNAJC8,O75937,DnaJ homolog subfamily C member 8 OS=Homo sapiens OX=9606 GN=DNAJC8 PE=1 SV=2,16.238389825092607,18.73804078625319,-2.499650961160583,0.0007067625284862434,-3.5782023408171963,-0.9238878716896931,0.006187931499406152
KTN1,Q86UP2,Kinectin OS=Homo sapiens OX=9606 GN=KTN1 PE=1 SV=1,16.773967512326276,17.180986411273658,-0.4070188989473813,0.7225981733034834,-0.35671703022988305,-0.09210394115926034,0.8340789574036002
DAZAP1,Q96EP5,DAZ-associated protein 1 OS=Homo sapiens OX=9606 GN=DAZAP1 PE=1 SV=1,17.704892763709633,16.75318138652602,0.9517113771836136,0.01235530376519833,2.582481434118038,0.6667938390819338,0.05148564556333279
STXBP3,O00186,Syntaxin-binding protein 3 OS=Homo sapiens OX=9606 GN=STXBP3 PE=1 SV=2,26.134487412292167,26.094972566728913,0.03951484556325369,0.4136201274202608,0.8234591197249304,0.21261623046515166,0.5930476739841022
PPP1CB,A0A8V8TRH9,Serine/threonine-protein phosphatase OS=Homo sapiens OX=9606 GN=PPP1CB PE=1 SV=1,22.35217101399907,21.742753403977346,0.6094176100217226,0.29647664442766414,1.0535096609893897,0.2720150248053686,0.4831688680474606
IDH1,O75874,Isocitrate dehydrogenase [NADP] cytoplasmic OS=Homo sapiens OX=9606 GN=IDH1 PE=1 SV=2,17.06555152603937,17.55505202907275,-0.4895005030333799,0.0678760815568377,-1.8605758573689835,-0.4803986206630439,0.18049116355824693
RAB11FIP1,Q6WKZ4,Rab11 family-interacting protein 1 OS=Homo sapiens OX=9606 GN=RAB11FIP1 PE=1 SV=3,16.78837588618795,17.55216676737802,-0.7637908811900687,0.029137964689569813,-2.2370979273050806,-0.5776162010858471,0.09740441587384792
SPN,P16150,Leukosialin OS=Homo sapiens OX=9606 GN=SPN PE=1 SV=1,18.911353531018044,19.301595407866316,-0.39024187684827183,0.3798852658099231,-0.8848610460283264,-0.2284701396650255,0.5628183146022803
ZWINT,O95229,Outer kinetochore KNL1 complex subunit ZWINT OS=Homo sapiens OX=9606 GN=ZWINT PE=1 SV=2,23.549066825956913,23.7624683194635,-0.21340149350658777,0.605133579554884,-0.5198688445034233,-0.13422955846492343,0.7494731918339648
IGFBP7,Q16270,Insulin-like growth factor-binding protein 7 OS=Homo sapiens OX=9606 GN=IGFBP7 PE=1 SV=1,21.487729787420687,21.673524312130105,-0.1857945247094186,0.2540702112098663,-1.1519442254944918,-0.29743072007333116,0.44347780238752904
RAB27B,O00194,Ras-related protein Rab-27B OS=Homo sapiens OX=9606 GN=RAB27B PE=1 SV=4,26.40949320238615,26.323747794797825,0.08574540758832683,0.47826287523116995,0.7137196044075741,0.1842816094488187,0.6527534764763729
GCA,P28676,Grancalcin OS=Homo sapiens OX=9606 GN=GCA PE=1 SV=2,20.75394551236352,20.834524326472174,-0.0805788141086552,0.3791605208028358,-0.886216780856497,-0.2288201888924507,0.5622506461634844
DAAM1,Q9Y4D1,Disheveled-associated activator of morphogenesis 1 OS=Homo sapiens OX=9606 GN=DAAM1 PE=1 SV=2,21.586881657249574,20.34053476477236,1.246346892477213,2.9364750522268566e-08,6.402062234260371,1.6530053609782573,1.2719573515698436e-06
LIPC,P11150,Hepatic triacylglycerol lipase OS=Homo sapiens OX=9606 GN=LIPC PE=1 SV=3,17.96399345339041,18.37389827598808,-0.40990482259766736,0.06309470995463813,-1.8948933140077013,-0.48925934986610725,0.17165932658732955
PDCD4,Q53EL6,Programmed cell death protein 4 OS=Homo sapiens OX=9606 GN=PDCD4 PE=1 SV=2,22.503373014203458,21.775564852846877,0.727808161356581,0.0007819948454598631,3.545789505522564,0.9155189136030616,0.006810388971571083
RNASE1,P07998,Ribonuclease pancreatic OS=Homo sapiens OX=9606 GN=RNASE1 PE=1 SV=4,25.830828146128553,25.854754205557533,-0.023926059428980295,0.9571452056029855,-0.05396915720155636,-0.013934776470031857,0.9773331317757533
ALOX12,P18054,Polyunsaturated fatty acid lipoxygenase ALOX12 OS=Homo sapiens OX=9606 GN=ALOX12 PE=1 SV=4,20.53493364942134,21.008811834685137,-0.4738781852637963,0.00151179294812577,-3.3305131283732656,-0.8599347920343217,0.01086642442189964
IGLV8-61,A0A075B6I0,Immunoglobulin lambda variable 8-61 OS=Homo sapiens OX=9606 GN=IGLV8-61 PE=1 SV=7,22.989179426272038,23.137166364614547,-0.14798693834250898,0.3497298434195054,-0.9427291297846194,-0.2434116146426961,0.5325211121817816
NAA16,Q6N069,"N-alpha-acetyltransferase 16, NatA auxiliary subunit OS=Homo sapiens OX=9606 GN=NAA16 PE=1 SV=2",14.151731606117561,13.766354822207044,0.3853767839105178,0.6466173506220874,0.4608672641495374,0.11899541592422218,0.7785053080216521
MYH7B,A7E2Y1,Myosin-7B OS=Homo sapiens OX=9606 GN=MYH7B PE=1 SV=4,20.809585931040107,21.161430917209827,-0.35184498616971993,0.47712906613464845,-0.7155679815065425,-0.1847588583636064,0.6517464256079929
TRIM29,Q14134,Tripartite motif-containing protein 29 OS=Homo sapiens OX=9606 GN=TRIM29 PE=1 SV=2,22.260128040314747,22.02162261251588,0.23850542779886652,0.0003784365945088533,3.7751070393256123,0.9747284462305658,0.003775191724615591
Unknown,A0A087WV05,c-Myc-binding protein OS=Homo sapiens OX=9606 PE=3 SV=1,18.491963149115914,17.897593884736544,0.5943692643793703,0.1789481709237405,1.3604604597180021,0.3512693802441006,0.3496643358300719
PPL,O60437,Periplakin OS=Homo sapiens OX=9606 GN=PPL PE=1 SV=4,26.07539167624145,25.18471897434015,0.8906727019012983,6.217005591341948e-08,6.206111400213981,1.6024110731824495,2.4959002934997187e-06
GGCT,O75223,Gamma-glutamylcyclotransferase OS=Homo sapiens OX=9606 GN=GGCT PE=1 SV=1,20.60365924580122,20.815438279286468,-0.21177903348524652,0.34519844323006743,-0.9516999883160976,-0.2457278803556026,0.5282699431086235
SLIT1,O75093,Slit homolog 1 protein OS=Homo sapiens OX=9606 GN=SLIT1 PE=1 SV=4,29.054385862696147,29.272484140750166,-0.21809827805401838,0.04801457527316148,-2.0199639542682952,-0.5215524503213592,0.13987962991083858
ITGAM,P11215,Integrin alpha-M OS=Homo sapiens OX=9606 GN=ITGAM PE=1 SV=2,21.31391998395816,21.449123350907126,-0.1352033669489643,0.5599313189116492,-0.5863262996964133,-0.15138879961117513,0.7133490332264508
SH3BP1,Q9Y3L3,SH3 domain-binding protein 1 OS=Homo sapiens OX=9606 GN=SH3BP1 PE=1 SV=3,17.18864240813993,17.852380882899208,-0.6637384747592776,0.01840928465207421,-2.425738448010866,-0.6263229740934073,0.06918192360117385
VPS13A,Q96RL7,Intermembrane lipid transfer protein VPS13A OS=Homo sapiens OX=9606 GN=VPS13A PE=1 SV=2,25.3111503173189,25.420641743871215,-0.1094914265523137,0.3703377085845171,-0.9028542486221478,-0.23311596459774594,0.5536565561581427
RSF1,Q96T23,Remodeling and spacing factor 1 OS=Homo sapiens OX=9606 GN=RSF1 PE=1 SV=2,19.52890766316335,18.48053452573516,1.0483731374281895,0.0005175377721540599,3.677106502053,0.9494248163121519,0.004867812416946186
CCDC150,Q8NCX0,Coiled-coil domain-containing protein 150 OS=Homo sapiens OX=9606 GN=CCDC150 PE=1 SV=2,28.713027391010204,28.902220813964803,-0.18919342295459884,0.09117267610487013,-1.717775886637087,-0.4435278267641412,0.22298696117179234
EPB42,P16452,Protein 4.2 OS=Homo sapiens OX=9606 GN=EPB42 PE=1 SV=3,21.02487495142125,21.082335314117643,-0.057460362696392764,0.5679204859254778,-0.5743968541968504,-0.14830863002788874,0.7199400557127799
GUCY1A2,P33402,Guanylate cyclase soluble subunit alpha-2 OS=Homo sapiens OX=9606 GN=GUCY1A2 PE=1 SV=1,21.45726605364849,21.08788219238846,0.36938386126002953,0.3302195115974007,0.9819160603680205,0.25352963661192934,0.5188330042588765
EIF3D,O15371,Eukaryotic translation initiation factor 3 subunit D OS=Homo sapiens OX=9606 GN=EIF3D PE=1 SV=1,23.034223018735783,23.03465258236208,-0.00042956362629809064,0.9972910099440392,-0.0034098876640181503,-0.0008804292090120272,0.9978972658771359
MTHFD1,P11586,"C-1-tetrahydrofolate synthase, cytoplasmic OS=Homo sapiens OX=9606 GN=MTHFD1 PE=1 SV=4",25.461199208083414,25.350525604678225,0.11067360340518917,0.49391032982984706,0.6884559003796831,0.17775854911791636,0.6639427060005993
NARS1,O43776,"Asparagine--tRNA ligase, cytoplasmic OS=Homo sapiens OX=9606 GN=NARS1 PE=1 SV=1",18.281998818059318,18.08298002704502,0.19901879101429643,0.7132718500592475,0.36926915508920954,0.09534488586190615,0.8285430241337484
CBL,P22681,E3 ubiquitin-protein ligase CBL OS=Homo sapiens OX=9606 GN=CBL PE=1 SV=2,17.05446166724263,17.532457421062198,-0.4779957538195667,0.09672314170080583,-1.6883052462857575,-0.4359185401452899,0.23275773573030173
PTPN1,P18031,Tyrosine-protein phosphatase non-receptor type 1 OS=Homo sapiens OX=9606 GN=PTPN1 PE=1 SV=1,18.02727356163956,18.200089451014637,-0.17281588937507664,0.7213331037173538,-0.35841627907076157,-0.0925426853233793,0.8337881241002559
TESK1,Q15569,Dual specificity testis-specific protein kinase 1 OS=Homo sapiens OX=9606 GN=TESK1 PE=1 SV=2,21.32685912159055,20.812225608240944,0.514633513349608,0.1992501006641603,1.2985140448104104,0.33527488469114336,0.37567659300482
RPS3A,P61247,Small ribosomal subunit protein eS1 OS=Homo sapiens OX=9606 GN=RPS3A PE=1 SV=2,17.580112273865463,17.56544650362639,0.014665770239073339,0.9770308677338557,0.028915982584479784,0.007466074599260929,0.9890484675829807
USP8,H0YNL5,Ubiquitin specific peptidase 8 (Fragment) OS=Homo sapiens OX=9606 GN=USP8 PE=1 SV=1,21.372968935130157,21.499283669412616,-0.12631473428245954,0.5185880948259728,-0.6494862322565127,-0.1676966240746984,0.6801561785526304
EIF3H,O15372,Eukaryotic translation initiation factor 3 subunit H OS=Homo sapiens OX=9606 GN=EIF3H PE=1 SV=1,21.515262128712042,21.136031180929354,0.3792309477826876,0.059056293853583165,1.9256413654956666,0.4971984626221884,0.16364757522390216
DSC3,Q14574,Desmocollin-3 OS=Homo sapiens OX=9606 GN=DSC3 PE=1 SV=3,21.382372151737876,21.30029038265487,0.08208176908300402,0.6188088356413122,0.5002258188622041,0.1291577510530856,0.7562511356768932
TGM1,P22735,Protein-glutamine gamma-glutamyltransferase K OS=Homo sapiens OX=9606 GN=TGM1 PE=1 SV=4,25.473055678583297,25.14193229787476,0.33112338070853653,0.00015794782368248235,4.04228518634934,1.0437135471567962,0.0018839283897200431
ADAMTSL4,Q6UY14,ADAMTS-like protein 4 OS=Homo sapiens OX=9606 GN=ADAMTSL4 PE=1 SV=2,20.57161374453687,20.960511272710043,-0.3888975281731746,0.06405479946141533,-1.8878299139556414,-0.4874355878148253,0.17341151301560795
RARS1,P54136,"Arginine--tRNA ligase, cytoplasmic OS=Homo sapiens OX=9606 GN=RARS1 PE=1 SV=2",15.786728062595618,18.278496970510403,-2.4917689079147856,2.206427105479612e-08,-6.476519971062983,-1.6722302659537784,1.0088275043387336e-06
MYL3,P08590,Myosin light chain 3 OS=Homo sapiens OX=9606 GN=MYL3 PE=1 SV=3,19.549724322446036,18.78086632527833,0.7688579971677072,0.0012612021869145033,3.390433172202838,0.8754060808247184,0.009610827776209594
LIPC,E7EUK6,Hepatic triacylglycerol lipase OS=Homo sapiens OX=9606 GN=LIPC PE=1 SV=1,23.0115239625057,22.405013846949974,0.6065101155557251,0.01030800580329647,2.6517892408426254,0.6846890378290331,0.04523924092702063
LCP1,P13796,Plastin-2 OS=Homo sapiens OX=9606 GN=LCP1 PE=1 SV=6,22.15708152432006,22.21229489807735,-0.055213373757290185,0.9215148444074598,-0.09895547223114452,-0.025550193064487546,0.9606164875837104
EIF4B,P23588,Eukaryotic translation initiation factor 4B OS=Homo sapiens OX=9606 GN=EIF4B PE=1 SV=2,23.687817885301413,23.912796179661886,-0.22497829436047212,0.1145855964164648,-1.602013227720364,-0.4136380367576641,0.2576610542370233
NEK7,Q8TDX7,Serine/threonine-protein kinase Nek7 OS=Homo sapiens OX=9606 GN=NEK7 PE=1 SV=1,17.42625211148223,17.48176972593312,-0.05551761445088843,0.8622310428987944,-0.17430720270732616,-0.04500592621396497,0.9219199606755084
TNNT3,P45378,"Troponin T, fast skeletal muscle OS=Homo sapiens OX=9606 GN=TNNT3 PE=1 SV=3",24.43466375129245,24.563888465136984,-0.1292247138445326,0.5029487363628755,-0.6740633930017108,-0.1740424196922461,0.668923707111412
SNRPC,A0A0A0MRR7,U1 small nuclear ribonucleoprotein C OS=Homo sapiens OX=9606 GN=SNRPC PE=1 SV=1,19.79590251193989,20.054993232124996,-0.2590907201851067,0.1357875963819881,-1.512694089655906,-0.3905759344762476,0.2886753654507209
GPX3,P22352,Glutathione peroxidase 3 OS=Homo sapiens OX=9606 GN=GPX3 PE=1 SV=2,17.951240431422555,17.1766079701613,0.7746324612612554,0.05271961038375774,1.9777095168663628,0.5106424014972892,0.1501323160755454
VAPA,Q9P0L0,Vesicle-associated membrane protein-associated protein A OS=Homo sapiens OX=9606 GN=VAPA PE=1 SV=3,20.637956179615095,20.580301660320668,0.05765451929442733,0.7125998059763271,0.37017590749280144,0.09557900832578914,0.8283469496024254
IDE,P14735,Insulin-degrading enzyme OS=Homo sapiens OX=9606 GN=IDE PE=1 SV=4,22.011482064977496,21.88693954204359,0.12454252293390766,0.25715307471328586,1.1444136239477214,0.2954863271148268,0.4467580890083091
NUCKS1,Q9H1E3,Nuclear ubiquitous casein and cyclin-dependent kinase substrate 1 OS=Homo sapiens OX=9606 GN=NUCKS1 PE=1 SV=1,16.484700675848032,21.170734451283803,-4.686033775435771,1.080219618475005e-38,-32.192584065473035,-8.312089463797289,1.7780414920098583e-35
GNL3,Q9BVP2,Guanine nucleotide-binding protein-like 3 OS=Homo sapiens OX=9606 GN=GNL3 PE=1 SV=2,19.46725678540362,18.929816386446706,0.5374403989569139,0.14768201970835146,1.4673529715072078,0.37886890811035884,0.3065379627237661
FEN1,P39748,Flap endonuclease 1 OS=Homo sapiens OX=9606 GN=FEN1 PE=1 SV=1,20.318536226001946,20.662218964831602,-0.3436827388296564,0.14254511631359487,-1.4865679324091048,-0.38383018968176374,0.298131208960835
CKM,P06732,Creatine kinase M-type OS=Homo sapiens OX=9606 GN=CKM PE=1 SV=2,26.251685691827635,26.52294609822964,-0.27126040640200344,0.015297319318256963,-2.499276814202345,-0.6453104985978674,0.059808521610097296
GSTO1,P78417,Glutathione S-transferase omega-1 OS=Homo sapiens OX=9606 GN=GSTO1 PE=1 SV=2,24.528133923608227,24.574190456241567,-0.0460565326333402,0.7791667624997071,-0.2817123981444817,-0.07273782842891538,0.8702230011630774
EIF4A1,P60842,Eukaryotic initiation factor 4A-I OS=Homo sapiens OX=9606 GN=EIF4A1 PE=1 SV=1,18.799254182232055,18.792413625342043,0.00684055689001184,0.986403547216484,0.017115082283644396,0.00441909524356829,0.9930399013567784
RGS6,P49758,Regulator of G-protein signaling 6 OS=Homo sapiens OX=9606 GN=RGS6 PE=1 SV=5,18.56712421658972,15.638471003010341,2.928653213579377,0.0005818137534773543,3.640113208154417,0.9398731888994473,0.005320363545687362
UGT1A4,P22310,UDP-glucuronosyltransferase 1A4 OS=Homo sapiens OX=9606 GN=UGT1A4 PE=1 SV=1,24.09930534569256,24.123494730277457,-0.024189384584897056,0.8433841026870089,-0.19845368881472253,-0.05124052211818997,0.9108991030333443
NEBL,O76041,Nebulette OS=Homo sapiens OX=9606 GN=NEBL PE=1 SV=1,19.52890766316335,18.48053452573516,1.0483731374281895,0.0005175377721540599,3.677106502053,0.9494248163121519,0.004867812416946186
HMGA1,P17096,High mobility group protein HMG-I/HMG-Y OS=Homo sapiens OX=9606 GN=HMGA1 PE=1 SV=3,23.79469107805113,23.84351251289815,-0.04882143484702084,0.770507627780318,-0.2930792525508294,-0.07567273761655198,0.8651129299634402
DEK,P35659,Protein DEK OS=Homo sapiens OX=9606 GN=DEK PE=1 SV=1,27.52716622267217,27.737126675366465,-0.2099604526942933,0.08595307528611387,-1.746872516923759,-0.45104054439954344,0.2137141418745369
DAB2,P98082,Disabled homolog 2 OS=Homo sapiens OX=9606 GN=DAB2 PE=1 SV=3,23.82707948654651,23.957553675447816,-0.13047418890130658,0.3452466555982131,-0.9516041381775864,-0.24570313195625684,0.5282699431086235
RPL6,Q02878,Large ribosomal subunit protein eL6 OS=Homo sapiens OX=9606 GN=RPL6 PE=1 SV=3,18.258878209430453,18.1361546732899,0.1227235361405512,0.7481969207099732,0.3225486833560237,0.08328171193193395,0.8499186552716466
AMPD3,Q01432,AMP deaminase 3 OS=Homo sapiens OX=9606 GN=AMPD3 PE=1 SV=1,19.85568917749131,18.6914646332805,1.1642245442108106,0.002026434597636574,3.2323609721225535,0.8345920142640978,0.013840296048588385
IFI6,P09912,Interferon alpha-inducible protein 6 OS=Homo sapiens OX=9606 GN=IFI6 PE=1 SV=2,26.11616491454341,25.885974292339945,0.23019062220346598,0.03565623676617474,2.1509785702341486,0.5553802787043932,0.11415093285994793
FAM98A,Q8NCA5,Protein FAM98A OS=Homo sapiens OX=9606 GN=FAM98A PE=1 SV=2,25.73036706691733,24.918522116290593,0.8118449506267389,0.0005538296728602364,3.6557132866247994,0.9439011118404687,0.0051503030594799385
IGHV2-70D,A0A0C4DH43,Immunoglobulin heavy variable 2-70D OS=Homo sapiens OX=9606 GN=IGHV2-70D PE=1 SV=1,28.18157522585193,28.20014816525283,-0.01857293940090088,0.8453951719296933,-0.19587176868543504,-0.05057387320739209,0.9114504530569769
RTRAF,Q9Y224,"RNA transcription, translation and transport factor protein OS=Homo sapiens OX=9606 GN=RTRAF PE=1 SV=1",21.4794552662755,21.418118373208568,0.06133689306693313,0.6875164042719639,0.40424907077794664,0.10437666125618739,0.8060199440396386
SIGLEC16,A6NMB1,Sialic acid-binding Ig-like lectin 16 OS=Homo sapiens OX=9606 GN=SIGLEC16 PE=2 SV=3,26.626968543665253,26.62514928206027,0.0018192616049823584,0.9924487070574896,0.009505167525899442,0.0024542237020480067,0.9960796169613584
PSMD2,Q13200,26S proteasome non-ATPase regulatory subunit 2 OS=Homo sapiens OX=9606 GN=PSMD2 PE=1 SV=3,23.128722388065714,23.28447495722242,-0.1557525691567072,0.20052539583924336,-1.294784588591964,-0.3343119432361799,0.37678630314086137
SPP2,Q13103,Secreted phosphoprotein 24 OS=Homo sapiens OX=9606 GN=SPP2 PE=1 SV=1,17.17483761820092,18.57213558051135,-1.3972979623104287,2.645480383564385e-11,-8.217779171806205,-2.1218214583477075,2.1772303556734888e-09
LUM,P51884,Lumican OS=Homo sapiens OX=9606 GN=LUM PE=1 SV=2,17.405968492873175,17.239094080452066,0.1668744124211088,0.5814486579790779,0.5543823421566358,0.14314090524027417,0.7293199527470128
VCP,P55072,Transitional endoplasmic reticulum ATPase OS=Homo sapiens OX=9606 GN=VCP PE=1 SV=4,23.923147716803726,23.94141507390443,-0.018267357100704373,0.9367343661759457,-0.07972001889458566,-0.020583620369204726,0.9685080193000042
CYB5R1,Q9UHQ9,NADH-cytochrome b5 reductase 1 OS=Homo sapiens OX=9606 GN=CYB5R1 PE=1 SV=1,23.460795644793063,23.402974413750453,0.05782123104260961,0.6586612714910608,0.44404655163007445,0.11465232662694069,0.7861903211561175
TGM3,Q08188,Protein-glutamine gamma-glutamyltransferase E OS=Homo sapiens OX=9606 GN=TGM3 PE=1 SV=4,17.299047423339125,17.16447102113763,0.13457640220149614,0.7513273472724542,0.31839721520535474,0.08220980746461054,0.8524594901021948
SLC16A3,O15427,Monocarboxylate transporter 4 OS=Homo sapiens OX=9606 GN=SLC16A3 PE=1 SV=1,20.62128265007711,20.803094926497767,-0.18181227642065778,0.5000034502618893,-0.6787377794340049,-0.17524934107931361,0.6680240902037904
CAST,P20810,Calpastatin OS=Homo sapiens OX=9606 GN=CAST PE=1 SV=4,13.690986301276547,15.346795041713696,-1.6558087404371484,0.0005613255493274817,-3.6514620525694466,-0.9428034479273213,0.005161686336273938
PROSER2,Q86WR7,Proline and serine-rich protein 2 OS=Homo sapiens OX=9606 GN=PROSER2 PE=1 SV=2,21.86288085375086,21.290181602606506,0.5726992511443534,0.0017451214164397992,3.2826338937516244,0.8475724268130698,0.01222327596365919
MTHFD1,A0A8V8TKS0,"C-1-tetrahydrofolate synthase, cytoplasmic OS=Homo sapiens OX=9606 GN=MTHFD1 PE=1 SV=1",27.72621440547112,27.908067693363076,-0.18185328789195765,0.11154446796548476,-1.6158934053956375,-0.41722188322291304,0.2544640471259077
FAM83H,A0A494C1T9,Family with sequence similarity 83 member H OS=Homo sapiens OX=9606 GN=FAM83H PE=1 SV=1,30.871224328832525,30.930056504612775,-0.058832175780249685,0.5078875923342918,-0.6662582245410593,-0.17202713386141627,0.6720120393747945
CLTC,Q00610,Clathrin heavy chain 1 OS=Homo sapiens OX=9606 GN=CLTC PE=1 SV=5,22.147867426591585,22.406478207508712,-0.2586107809171274,0.40269002304485846,-0.8430028017651247,-0.2176623874695014,0.5819383476135531
GIMAP4,G5E9W9,"GTPase, IMAP family member 4 OS=Homo sapiens OX=9606 GN=GIMAP4 PE=1 SV=1",20.53255171716767,21.10010512034607,-0.5675534031783975,0.0386584238984084,-2.1158878628449345,-0.5463198970160557,0.12051470783481104
CCDC138,Q96M89,Coiled-coil domain-containing protein 138 OS=Homo sapiens OX=9606 GN=CCDC138 PE=1 SV=1,19.942655332686584,19.93162644610513,0.011028886581453179,0.9753449530959751,0.03103906069073243,0.008014251009141866,0.9879532923218596
CCT2,F5GWF6,T-complex protein 1 subunit beta OS=Homo sapiens OX=9606 GN=CCT2 PE=1 SV=2,24.475621946656855,24.389884307946193,0.0857376387106612,0.6309191286997924,0.4829926753198655,0.12470817252360035,0.7664154139039545
BCL2L2-PABPN1,A0A7I2V383,BCL2L2-PABPN1 readthrough OS=Homo sapiens OX=9606 GN=BCL2L2-PABPN1 PE=1 SV=1,17.780448525575775,18.240906686928973,-0.4604581613531984,0.511042676262864,-0.6612934509766971,-0.17074523483925194,0.6723572413544986
HYPK,Q9NX55,Huntingtin-interacting protein K OS=Homo sapiens OX=9606 GN=HYPK PE=1 SV=3,19.800509005074602,18.12693611969573,1.6735728853788707,9.590628701978478e-06,4.851553973316742,1.2526658494588108,0.00016793803024953803
KHSRP,M0R0C6,KH-type splicing regulatory protein OS=Homo sapiens OX=9606 GN=KHSRP PE=1 SV=2,18.803118614535492,19.705333552312627,-0.9022149377771349,0.014323581018172936,-2.525076516602747,-0.6519719531134585,0.05750393745344549
PYGB,P11216,"Glycogen phosphorylase, brain form OS=Homo sapiens OX=9606 GN=PYGB PE=1 SV=5",24.978239254218575,24.81334848157533,0.16489077264324692,0.047532789133841714,2.0244895379824874,0.5227209510118214,0.1394432975295187
RIPOR2,A0A2R8YF77,Rho family-interacting cell polarization regulator 2 OS=Homo sapiens OX=9606 GN=RIPOR2 PE=1 SV=1,18.03465908443879,19.095901251077592,-1.0612421666388023,0.017211328389965887,-2.4526168944773783,-0.6332629591291893,0.06542689729765323
LCN2,X6R8F3,Lipocalin 2 OS=Homo sapiens OX=9606 GN=LCN2 PE=1 SV=1,16.933461000132542,16.701640893369145,0.23182010676339715,0.5111587535902533,0.6611111083842858,0.1706981541843377,0.6723572413544986
CD248,Q9HCU0,Endosialin OS=Homo sapiens OX=9606 GN=CD248 PE=1 SV=1,17.314699453410547,17.788093311939075,-0.473393858528528,0.1813459496666566,-1.3528749786271266,-0.3493108174482384,0.35199933154636415
RPS4X,P62701,"Small ribosomal subunit protein eS4, X isoform OS=Homo sapiens OX=9606 GN=RPS4X PE=1 SV=2",23.179024939839984,23.10136717557373,0.07765776426625237,0.5029910243569319,0.6739963872101113,0.17402511887124847,0.668923707111412
FANCE,Q9HB96,Fanconi anemia group E protein OS=Homo sapiens OX=9606 GN=FANCE PE=1 SV=1,26.960805244196308,26.88128690830627,0.07951833589003954,0.8284586095546974,0.21765917140370558,0.05619935639972382,0.9006888185779603
RPL23A,P62750,Large ribosomal subunit protein uL23 OS=Homo sapiens OX=9606 GN=RPL23A PE=1 SV=1,16.85753857188617,16.718567957141474,0.13897061474469652,0.6857525418150971,0.4066626331362785,0.10499984037744418,0.8045250775678189
F9,P00740,Coagulation factor IX OS=Homo sapiens OX=9606 GN=F9 PE=1 SV=2,21.230585555313375,20.566638154660822,0.6639474006525532,0.2961466511296723,1.0542365196488968,0.27220269890425636,0.4831094031312593
RNH1,P13489,Ribonuclease inhibitor OS=Homo sapiens OX=9606 GN=RNH1 PE=1 SV=2,18.387517508623336,18.330984428541914,0.05653308008142233,0.8387251362854404,0.20444032465369988,0.052786264845134497,0.9076824368687595
ACTR3,P61158,Actin-related protein 3 OS=Homo sapiens OX=9606 GN=ACTR3 PE=1 SV=3,24.48931520589391,24.81544998996799,-0.3261347840740818,0.18316275323285403,-1.3471781480592395,-0.34783990212053234,0.35485308892111495
PYGL,E9PK47,"Alpha-1,4 glucan phosphorylase OS=Homo sapiens OX=9606 GN=PYGL PE=1 SV=1",24.28443653371429,23.57818686310022,0.7062496706140671,0.0022585592597582117,3.1956046787693437,0.8251015801290782,0.015112148542935027
PLEC,Q15149,Plectin OS=Homo sapiens OX=9606 GN=PLEC PE=1 SV=3,23.8526664440983,23.822791413213118,0.02987503088518295,0.8037595996113809,0.24962467268280797,0.06445281334019952,0.8825805876986877
UMOD,X6RBG4,Uromodulin OS=Homo sapiens OX=9606 GN=UMOD PE=1 SV=1,22.12525273613031,21.050440323140702,1.0748124129896084,1.515899260156952e-06,5.357870173259937,1.3833961301451456,3.2404807561277185e-05
IGLV2-14,P01704,Immunoglobulin lambda variable 2-14 OS=Homo sapiens OX=9606 GN=IGLV2-14 PE=1 SV=2,24.650652547740467,24.509457031880306,0.14119551586016144,0.4860204927499876,0.7011380715047935,0.18103307162200336,0.6597469191608324
ERN1,A0A7P0TAB0,non-specific serine/threonine protein kinase OS=Homo sapiens OX=9606 GN=ERN1 PE=1 SV=1,22.990383458389047,22.257144640324764,0.733238818064283,8.840719315978665e-05,4.215206641923376,1.0883616749994751,0.0011549066661984827
MYO1G,B0I1T2,Unconventional myosin-Ig OS=Homo sapiens OX=9606 GN=MYO1G PE=1 SV=2,17.18891380575532,17.10340635441712,0.08550745133819859,0.7965229094936107,0.25903822561670353,0.06688338225630751,0.8775653786313835
DOCK5,Q9H7D0,Dedicator of cytokinesis protein 5 OS=Homo sapiens OX=9606 GN=DOCK5 PE=1 SV=3,20.528248960765154,20.62163343453015,-0.09338447376499559,0.43915123906310694,-0.7789920717647291,-0.20113488805149393,0.616234390023763
PDGFB,P01127,Platelet-derived growth factor subunit B OS=Homo sapiens OX=9606 GN=PDGFB PE=1 SV=1,22.84284586416112,22.729709181060894,0.11313668310022607,0.3729912507379025,0.8978241686626179,0.23181720353685586,0.5564954597828373
SIPA1L2,A0A6Q8PFQ0,Signal induced proliferation associated 1 like 2 OS=Homo sapiens OX=9606 GN=SIPA1L2 PE=1 SV=1,24.551634447029933,22.387622658372443,2.16401178865749,6.091147694343579e-19,13.075891426628731,3.376180648809961,1.3140018684397954e-16
RPLP0,P05388,Large ribosomal subunit protein uL10 OS=Homo sapiens OX=9606 GN=RPLP0 PE=1 SV=1,18.12150295561728,18.239155430968744,-0.11765247535146273,0.7384991349187225,-0.3354458378033724,-0.08661174289113704,0.843559733571282
ATP5F1A,P25705,"ATP synthase subunit alpha, mitochondrial OS=Homo sapiens OX=9606 GN=ATP5F1A PE=1 SV=1",23.435627173949396,22.88418262540355,0.5514445485458452,0.1759791197112885,1.3699614469866137,0.35372252460835796,0.34731610437024085
ACSL4,O60488,Long-chain-fatty-acid--CoA ligase 4 OS=Homo sapiens OX=9606 GN=ACSL4 PE=1 SV=2,17.68101141015948,17.28274765779871,0.3982637523607728,0.12150202493741506,1.5715187900782628,0.40576440681500947,0.26665644406264694
MGAM,O43451,Maltase-glucoamylase OS=Homo sapiens OX=9606 GN=MGAM PE=1 SV=6,18.036081131809276,20.295172428983143,-2.2590912971738675,5.729062786873474e-15,-10.459057622916905,-2.7005170660387274,6.735740962281242e-13
ROGDI,Q9GZN7,Protein rogdi homolog OS=Homo sapiens OX=9606 GN=ROGDI PE=1 SV=1,27.46210075264741,27.452211975722093,0.009888776925315312,0.9426288291315512,0.07227864987391058,0.0186622671498675,0.9709958222926757
EIF2B4,E7ERK9,Translation initiation factor eIF2B subunit delta OS=Homo sapiens OX=9606 GN=EIF2B4 PE=1 SV=1,19.05443150540223,19.378964979453873,-0.32453347405164124,0.4308078547037968,-0.7933495474843247,-0.20484197234186535,0.6071144938719601
RCSD1,Q6JBY9,CapZ-interacting protein OS=Homo sapiens OX=9606 GN=RCSD1 PE=1 SV=1,16.660240334911595,17.529707349002635,-0.8694670140910397,0.019342317329097133,-2.4058714353712705,-0.6211933334872709,0.07186784271714193
RPS8,P62241,Small ribosomal subunit protein eS8 OS=Homo sapiens OX=9606 GN=RPS8 PE=1 SV=2,21.362465680022602,21.381007116671864,-0.018541436649261556,0.9516571254191448,-0.06088876737199022,-0.015721412133521045,0.9753596690161347
RNASE3,P12724,Eosinophil cationic protein OS=Homo sapiens OX=9606 GN=RNASE3 PE=1 SV=2,24.75149650905409,25.19103941376321,-0.4395429047091213,0.0446985779454421,-2.0519434101141334,-0.529809510315473,0.13450431315941078
FBL,M0R1H0,Fibrillarin (Fragment) OS=Homo sapiens OX=9606 GN=FBL PE=1 SV=1,23.876613704837062,23.19989153737186,0.6767221674652006,0.05770016537606792,1.936368618147147,0.49996822734683793,0.1612884674821023
H1-0,P07305,Histone H1.0 OS=Homo sapiens OX=9606 GN=H1-0 PE=1 SV=3,17.83818743039242,17.642334255398186,0.19585317499423383,0.6667280973945906,0.43285140787734594,0.1117617529394263,0.7923714428241849
PI3,P19957,Elafin OS=Homo sapiens OX=9606 GN=PI3 PE=1 SV=3,20.62929780533771,20.709910054243668,-0.08061224890595753,0.8924277240847384,-0.13582782793616005,-0.03507059436988496,0.9387589330369546
RPS3,P23396,Small ribosomal subunit protein uS3 OS=Homo sapiens OX=9606 GN=RPS3 PE=1 SV=2,18.288026612199424,18.542182236046873,-0.25415562384744916,0.331636848722456,-0.9790186455754207,-0.25278152732934306,0.518891875472588
SNAPC2,M0QXY9,Small nuclear RNA activating complex polypeptide 2 (Fragment) OS=Homo sapiens OX=9606 GN=SNAPC2 PE=1 SV=1,23.66737060983168,23.99792792414224,-0.33055731431056046,0.39597181197899123,-0.855177462140745,-0.2208058712615353,0.5752600198741566
RABGAP1,Q9Y3P9,Rab GTPase-activating protein 1 OS=Homo sapiens OX=9606 GN=RABGAP1 PE=1 SV=3,18.14637251358376,17.90634821669504,0.24002429688871985,0.5460671891143682,0.6072316866370037,0.1567865473089704,0.7011127872716459
CCL21,O00585,C-C motif chemokine 21 OS=Homo sapiens OX=9606 GN=CCL21 PE=1 SV=1,24.598277525316316,23.847436784217294,0.7508407410990223,0.006898492061239208,2.8016665039891566,0.7233871807718106,0.034384766747631475
IFI16,Q16666,Gamma-interferon-inducible protein 16 OS=Homo sapiens OX=9606 GN=IFI16 PE=1 SV=3,18.0884425640028,17.088245261713737,1.0001973022890631,0.006955607613801228,2.7986383684293283,0.722605319532259,0.034384766747631475
BAX,Q07812,Apoptosis regulator BAX OS=Homo sapiens OX=9606 GN=BAX PE=1 SV=1,18.69235407324022,18.479902077512165,0.21245199572805618,0.39223025122735766,0.862013375317722,0.22257089645423875,0.5733667793252493
PYGM,P11217,"Glycogen phosphorylase, muscle form OS=Homo sapiens OX=9606 GN=PYGM PE=1 SV=6",24.312895761619597,24.64039655967548,-0.3275007980558833,0.17234182047615051,-1.3817694903237594,-0.3567713482880954,0.34218894632538455
EIF3G,O75821,Eukaryotic translation initiation factor 3 subunit G OS=Homo sapiens OX=9606 GN=EIF3G PE=1 SV=2,18.734060468053322,18.497696615881008,0.23636385217231393,0.33106482106377566,0.980187031544824,0.2530832032894392,0.5188330042588765
MBNL1,A0A0A0MQX8,Muscleblind like splicing regulator 1 OS=Homo sapiens OX=9606 GN=MBNL1 PE=1 SV=1,24.422768467815047,23.929587453737042,0.4931810140780044,0.003209719589548874,3.0747939456794144,0.7939083829757176,0.019387986043587754
OLFML3,Q9NRN5,Olfactomedin-like protein 3 OS=Homo sapiens OX=9606 GN=OLFML3 PE=1 SV=1,25.129352748076556,25.28033982291622,-0.15098707483966223,0.2852345553533978,-1.0785929374662868,-0.2784914989429244,0.4728057181386634
EPB41L3,Q9Y2J2,Band 4.1-like protein 3 OS=Homo sapiens OX=9606 GN=EPB41L3 PE=1 SV=2,23.102118520884538,22.99340575130756,0.10871276957697873,0.2866610997488898,1.0753726197743312,0.27766001649022837,0.47329896759216633
C2CD2,H7BZB0,C2 calcium dependent domain containing 2 (Fragment) OS=Homo sapiens OX=9606 GN=C2CD2 PE=1 SV=1,20.95741386736863,19.09462275780372,1.8627911095649097,0.00425134305181983,2.9761825242573856,0.7684470234481603,0.02413003676998428
DNAJA1,P31689,DnaJ homolog subfamily A member 1 OS=Homo sapiens OX=9606 GN=DNAJA1 PE=1 SV=2,17.23961169515204,16.985208163161758,0.2544035319902811,0.423519364942227,0.8060277467126847,0.20811546930662123,0.6009593747369876
ARPC1B,O15143,Actin-related protein 2/3 complex subunit 1B OS=Homo sapiens OX=9606 GN=ARPC1B PE=1 SV=3,22.376810967803195,22.322865626400123,0.05394534140307172,0.856544800822731,0.18158082081534288,0.04688396633389974,0.9184838711102379
MUCL1,Q96DR8,Mucin-like protein 1 OS=Homo sapiens OX=9606 GN=MUCL1 PE=1 SV=1,19.742896058942435,19.807011250123864,-0.06411519118142905,0.782405775177022,-0.2774701069796328,-0.07164247356016722,0.8704657455428954
MYO5B,Q9ULV0,Unconventional myosin-Vb OS=Homo sapiens OX=9606 GN=MYO5B PE=1 SV=3,21.07137414056948,21.228908098556715,-0.15753395798723702,0.20174279565975478,-1.2912409757008423,-0.33339698632199855,0.37799343695232385
BPIFB4,A0A669KBJ0,BPI fold containing family B member 4 OS=Homo sapiens OX=9606 GN=BPIFB4 PE=1 SV=1,21.509191605841515,21.391080506590477,0.11811109925103835,0.7698177541396276,0.29398648707967234,0.07590698456463954,0.8651129299634402
SND1,Q7KZF4,Staphylococcal nuclease domain-containing protein 1 OS=Homo sapiens OX=9606 GN=SND1 PE=1 SV=1,28.312749078317328,28.41763082082275,-0.10488174250542315,0.3163728442424387,-1.0106687112221884,-0.26095353913976327,0.5065658576099749
VDAC2,P45880,Voltage-dependent anion-selective channel protein 2 OS=Homo sapiens OX=9606 GN=VDAC2 PE=1 SV=2,17.69557573647369,19.148153281433565,-1.4525775449598761,0.03840886499584655,-2.118712389141092,-0.5470491865697853,0.11996393127734994
TNFAIP8,D6RCM8,Tumor necrosis factor alpha-induced protein 8 OS=Homo sapiens OX=9606 GN=TNFAIP8 PE=1 SV=1,18.499094951269804,18.12899549898475,0.3700994522850536,0.5102787275756692,0.6624940707916432,0.17105523354247945,0.6723572413544986
Unknown,E5RI56,S-phase kinase-associated protein 1 OS=Homo sapiens OX=9606 PE=3 SV=2,24.584649536211973,24.50949964592178,0.07514989029019148,0.5459750826088687,0.6073714625050857,0.15682263728292262,0.7011127872716459
DYNC1H1,Q14204,Cytoplasmic dynein 1 heavy chain 1 OS=Homo sapiens OX=9606 GN=DYNC1H1 PE=1 SV=5,19.78118439638776,20.00457936697147,-0.22339497058370839,0.22768845458707043,-1.219239988514817,-0.3148064113698672,0.4086970515270643
SPON1,Q9HCB6,Spondin-1 OS=Homo sapiens OX=9606 GN=SPON1 PE=1 SV=2,20.997162997559688,20.722618266736625,0.2745447308230631,0.28484076707179434,1.0794838519045467,0.2787215320617429,0.4726289340727555
MPO,P05164,Myeloperoxidase OS=Homo sapiens OX=9606 GN=MPO PE=1 SV=1,17.447152270056446,17.664735070111536,-0.21758280005509079,0.6077746876454372,-0.51605955712901,-0.13324600469412204,0.7503894350363508
RPL15,E7EX53,Ribosomal protein L15 (Fragment) OS=Homo sapiens OX=9606 GN=RPL15 PE=1 SV=1,18.513968069941242,18.566164337347313,-0.05219626740607097,0.8647345691004269,-0.17110778348907862,-0.04417983972397773,0.9224582636029182
ARRB2,P32121,Beta-arrestin-2 OS=Homo sapiens OX=9606 GN=ARRB2 PE=1 SV=2,16.643907388580992,17.73944345885807,-1.0955360702770776,0.0013692151041590857,-3.363337289516416,-0.8684099539983648,0.010197864531429209
NCCRP1,Q6ZVX7,F-box only protein 50 OS=Homo sapiens OX=9606 GN=NCCRP1 PE=1 SV=1,22.5543112499238,22.306769956219217,0.24754129370458244,0.07058493567287076,1.8420301212928187,0.47561013219863435,0.18619039121401487
NPC1L1,Q9UHC9,NPC1-like intracellular cholesterol transporter 1 OS=Homo sapiens OX=9606 GN=NPC1L1 PE=1 SV=2,25.118821966546122,25.131147402628653,-0.012325436082530672,0.9085040902734924,-0.1154286364101464,-0.029803545766128547,0.951270822258377
DRGX,A6NNA5,Dorsal root ganglia homeobox protein OS=Homo sapiens OX=9606 GN=DRGX PE=1 SV=1,22.482542362321546,20.550706729428644,1.931835632892902,8.298519752818967e-07,5.5201409693623384,1.4252942695371733,2.10144054048308e-05
STK38,Q15208,Serine/threonine-protein kinase 38 OS=Homo sapiens OX=9606 GN=STK38 PE=1 SV=1,17.110033905190928,16.809298168342867,0.3007357368480612,0.4424436513113016,0.7733707637648926,0.1996834725670093,0.6182192275538221
RANBP3,Q9H6Z4,Ran-binding protein 3 OS=Homo sapiens OX=9606 GN=RANBP3 PE=1 SV=1,23.535336500198742,23.61451769646916,-0.07918119627041875,0.6076998437059453,-0.5161674004391883,-0.13327384971707676,0.7503894350363508
ARFGEF1,Q9Y6D6,Brefeldin A-inhibited guanine nucleotide-exchange protein 1 OS=Homo sapiens OX=9606 GN=ARFGEF1 PE=1 SV=2,19.405464317539234,19.263527872665474,0.14193644487376034,0.6327481865262621,0.48040260808375024,0.12403942003886488,0.7672909870489868
EIF2AK2,P19525,"Interferon-induced, double-stranded RNA-activated protein kinase OS=Homo sapiens OX=9606 GN=EIF2AK2 PE=1 SV=2",21.388352262698202,19.03310533515588,2.3552469275423213,2.1350518212754667e-10,7.676848171738911,1.9821536747005104,1.301590851044229e-08
RPL7A,P62424,Large ribosomal subunit protein eL8 OS=Homo sapiens OX=9606 GN=RPL7A PE=1 SV=2,24.140327032691026,24.50699080805527,-0.36666377536424477,0.35043860248222347,-0.9413328588509441,-0.24305109903783492,0.5326149027569158
DMTN,Q08495,Dematin OS=Homo sapiens OX=9606 GN=DMTN PE=1 SV=3,17.35033309829419,17.445572367753808,-0.09523926945961847,0.7599153196525152,-0.3070364462020272,-0.07927646952127738,0.8590800935082693
CLIP2,Q9UDT6,CAP-Gly domain-containing linker protein 2 OS=Homo sapiens OX=9606 GN=CLIP2 PE=1 SV=1,21.644446570562124,21.727406867921875,-0.08296029735975097,0.5510411305154002,-0.5997011844360002,-0.15484218000143274,0.7051361639826547
SRSF3,P84103,Serine/arginine-rich splicing factor 3 OS=Homo sapiens OX=9606 GN=SRSF3 PE=1 SV=1,20.53688362112695,19.00155481879663,1.5353288023303193,0.0002577979633028592,3.8935770867422526,1.0053172809418356,0.002791680576292804
KALRN,O60229,Kalirin OS=Homo sapiens OX=9606 GN=KALRN PE=1 SV=3,14.138165290058458,15.369473140479602,-1.2313078504211443,0.01166970894344294,-2.6044430306307675,-0.6724642989185958,0.049404443978284
ARPC4,P59998,Actin-related protein 2/3 complex subunit 4 OS=Homo sapiens OX=9606 GN=ARPC4 PE=1 SV=3,16.81684519437149,18.381382993984367,-1.5645377996128786,0.00026206650070925903,-3.8885453880997654,-1.0040181019388033,0.0028193559488068
SLC3A1,Q07837,Amino acid transporter heavy chain SLC3A1 OS=Homo sapiens OX=9606 GN=SLC3A1 PE=1 SV=2,23.770363407092045,23.54284015797767,0.22752324911437682,0.015465620849299457,2.4949687454489324,0.6441981600287818,0.06028947799173779
CHMP3,Q9Y3E7,Charged multivesicular body protein 3 OS=Homo sapiens OX=9606 GN=CHMP3 PE=1 SV=3,16.185076108875165,17.28866078949655,-1.1035846806213847,0.02151348172948973,-2.362773634973926,-0.6100655292741319,0.07731701075707444
PCSK5,Q92824,Proprotein convertase subtilisin/kexin type 5 OS=Homo sapiens OX=9606 GN=PCSK5 PE=1 SV=4,25.079561423117447,24.933416051233987,0.14614537188345977,0.3419538827823364,0.958170693426435,0.247398609230973,0.5270188118536757
P3H1,Q32P28,Prolyl 3-hydroxylase 1 OS=Homo sapiens OX=9606 GN=P3H1 PE=1 SV=2,20.099326537444384,21.751044005360665,-1.6517174679162814,0.00012570473132063686,-4.1107177590009565,-1.0613827614379854,0.0015525446346035224
CPNE4,Q96A23,Copine-4 OS=Homo sapiens OX=9606 GN=CPNE4 PE=1 SV=1,26.407404443819612,26.76870137112568,-0.36129692730606777,0.2925455220772313,-1.0622049624003298,-0.2742601419756902,0.4796114834055007
CPNE7,Q9UBL6,Copine-7 OS=Homo sapiens OX=9606 GN=CPNE7 PE=1 SV=1,22.549037716917102,22.907829891064527,-0.3587921741474247,0.08758748137566257,-1.737607929633867,-0.44864843824732764,0.21694597790060677
RHCE,P18577,Blood group Rh(CE) polypeptide OS=Homo sapiens OX=9606 GN=RHCE PE=1 SV=3,26.14395615419623,26.609834471248586,-0.4658783170523577,0.0008597151454115748,-3.5152850236493687,-0.90764269025109,0.007219852700752307
XRCC5,P13010,X-ray repair cross-complementing protein 5 OS=Homo sapiens OX=9606 GN=XRCC5 PE=1 SV=3,23.58351336092188,23.62709833578208,-0.043584974860198855,0.7672163216355495,-0.29740978080853187,-0.0767908752047095,0.8638862578071842
AMPD2,Q01433,AMP deaminase 2 OS=Homo sapiens OX=9606 GN=AMPD2 PE=1 SV=3,18.55362459086388,17.813414737271824,0.7402098535920558,0.022730912939701187,2.340281743040983,0.6042581477487328,0.07994675790330803
NAT8L,Q8N9F0,N-acetylaspartate synthetase OS=Homo sapiens OX=9606 GN=NAT8L PE=1 SV=3,23.184141280017204,22.785761965266154,0.3983793147510504,0.03357165395342714,2.1768980905687605,0.562072670077569,0.10930361665198253
CNBP,P62633,CCHC-type zinc finger nucleic acid binding protein OS=Homo sapiens OX=9606 GN=CNBP PE=1 SV=1,18.479319065999043,17.981891969093407,0.4974270969056356,0.46739623006682773,0.7315377049282838,0.18888222322066925,0.641111828908332
DARS1,P14868,"Aspartate--tRNA ligase, cytoplasmic OS=Homo sapiens OX=9606 GN=DARS1 PE=1 SV=2",18.081875493140572,19.132203664672147,-1.050328171531575,0.022406101998265506,-2.3461754240206467,-0.6057798896342059,0.07948371527832979
TRAJ56,A0A075B6Z2,T cell receptor alpha joining 56 (Fragment) OS=Homo sapiens OX=9606 GN=TRAJ56 PE=4 SV=1,30.581942284404704,30.350277981831788,0.23166430257291637,0.01100406715685483,2.626919251327689,0.6782676341482531,0.04753988068289515
DDX43,Q9NXZ2,Probable ATP-dependent RNA helicase DDX43 OS=Homo sapiens OX=9606 GN=DDX43 PE=1 SV=2,22.322226018799878,22.317125203723624,0.00510081507625415,0.9740600320370683,0.032657261257676366,0.008432068598915016,0.9878637170258868
ANGPTL6,Q8NI99,Angiopoietin-related protein 6 OS=Homo sapiens OX=9606 GN=ANGPTL6 PE=1 SV=1,18.585427545874786,19.10264240124433,-0.517214855369545,0.008018544630630753,-2.7460982147954973,-0.7090395101968587,0.03792679443108684
SVIL,O95425,Supervillin OS=Homo sapiens OX=9606 GN=SVIL PE=1 SV=2,23.604247975416182,24.146976112753105,-0.5427281373369226,0.16587004414125903,-1.403261286587525,-0.3623205062220718,0.3325482249165802
RPL3,P39023,Large ribosomal subunit protein uL3 OS=Homo sapiens OX=9606 GN=RPL3 PE=1 SV=2,25.236897522010622,25.083398923969064,0.1534985980415584,0.41101850018446573,0.8280821152547359,0.21380988277825355,0.5908615295228214
SCN9A,Q15858,Sodium channel protein type 9 subunit alpha OS=Homo sapiens OX=9606 GN=SCN9A PE=1 SV=3,20.802568557457814,20.33684542384642,0.4657231336113945,0.09944870056739266,1.6743394302268153,0.43231258194445804,0.23654994383515654
SNRPF,P62306,Small nuclear ribonucleoprotein F OS=Homo sapiens OX=9606 GN=SNRPF PE=1 SV=1,16.884445596272403,18.206760493562548,-1.3223148972901448,2.643359530069562e-05,-4.565486132482403,-1.1788034505630167,0.0004183624794706249
TXK,E7EQN8,Tyrosine-protein kinase OS=Homo sapiens OX=9606 GN=TXK PE=1 SV=2,19.585073062528295,19.025533455439877,0.5595396070884178,0.0488626138854343,2.0120922701266366,0.5195199902155425,0.14136379031987753
ENTPD4,Q9Y227,Ectonucleoside triphosphate diphosphohydrolase 4 OS=Homo sapiens OX=9606 GN=ENTPD4 PE=1 SV=1,26.043736063452904,24.684619146271302,1.359116917181602,0.0024071726593289807,3.173894587945325,0.8194960587820065,0.015723040465299612
TYMP,P19971,Thymidine phosphorylase OS=Homo sapiens OX=9606 GN=TYMP PE=1 SV=2,17.17010761507534,18.17308955021383,-1.0029819351384894,0.0032156258747870333,-3.0741548843784456,-0.7937433780573272,0.019387986043587754
DPYSL2,A0A1C7CYX9,Dihydropyrimidinase-related protein 2 OS=Homo sapiens OX=9606 GN=DPYSL2 PE=1 SV=1,22.186956231442593,21.99367677353433,0.19327945790826462,0.32578141367736135,0.9910425468110352,0.2558860852788083,0.5147049375517436
SENP2,Q9HC62,Sentrin-specific protease 2 OS=Homo sapiens OX=9606 GN=SENP2 PE=1 SV=3,23.113416628691724,22.973655565807782,0.13976106288394163,0.37353274483377286,0.8968005053497601,0.23155289480600108,0.5564954597828373
DOCK10,A0A2R8YD85,Dedicator of cytokinesis 10 OS=Homo sapiens OX=9606 GN=DOCK10 PE=1 SV=1,20.60849883018788,18.62971329491853,1.978785535269349,4.45006820623139e-11,8.082800497733391,2.086970114562563,3.4880058416461278e-09
HNRNPA2B1,P22626,Heterogeneous nuclear ribonucleoproteins A2/B1 OS=Homo sapiens OX=9606 GN=HNRNPA2B1 PE=1 SV=2,17.843656093209326,18.512835524107516,-0.6691794308981898,0.07348558741657421,-1.8228238654735665,-0.4706510982699034,0.19230091715052647
SULT2B1,O00204,Sulfotransferase 2B1 OS=Homo sapiens OX=9606 GN=SULT2B1 PE=1 SV=2,20.16667840903842,19.944402606527778,0.22227580251064083,0.7141970874189363,0.36802128656666955,0.09502268759483591,0.8290327262987088
MKI67,P46013,Proliferation marker protein Ki-67 OS=Homo sapiens OX=9606 GN=MKI67 PE=1 SV=2,21.557900936258658,18.802279454824255,2.755621481434403,1.0668025570863813e-10,7.856300167895865,2.0284879808711485,7.145805276344712e-09
BLVRB,P30043,Flavin reductase (NADPH) OS=Homo sapiens OX=9606 GN=BLVRB PE=1 SV=3,17.99110190451409,17.47221187780126,0.5188900267128282,0.1777480762337837,1.364286162450123,0.3522571724420369,0.34871672643719664
UBXN6,Q9BZV1,UBX domain-containing protein 6 OS=Homo sapiens OX=9606 GN=UBXN6 PE=1 SV=1,27.18992823409576,27.560612501161565,-0.3706842670658048,0.3300486266980809,-0.9822659520146315,-0.25361997824661614,0.5188330042588765
HLA-DRB5,Q30154,"HLA class II histocompatibility antigen, DR beta 5 chain OS=Homo sapiens OX=9606 GN=HLA-DRB5 PE=1 SV=1",20.36846320791711,19.483857128384457,0.8846060795326522,0.009288576733404337,2.691133337934882,0.6948476400163585,0.04179620051385745
NOMO1,A0A0G2JN29,NODAL modulator 1 OS=Homo sapiens OX=9606 GN=NOMO1 PE=1 SV=1,21.240322752575334,21.36643730995273,-0.1261145573773952,0.5681549588041673,-0.5740479927974433,-0.1482185544018862,0.7199400557127799
PIK3CD,O00329,"Phosphatidylinositol 4,5-bisphosphate 3-kinase catalytic subunit delta isoform OS=Homo sapiens OX=9606 GN=PIK3CD PE=1 SV=2",18.748526965592657,18.603469300029072,0.14505766556358424,0.5829779821677226,0.5521339750437865,0.14256037934799243,0.730275310995488
CTSL,P07711,Procathepsin L OS=Homo sapiens OX=9606 GN=CTSL PE=1 SV=2,19.704634534625946,19.84830547953344,-0.14367094490749466,0.4743999127346823,-0.7200272939137393,-0.18591024787618035,0.6485566913299726
PREX1,Q8TCU6,"Phosphatidylinositol 3,4,5-trisphosphate-dependent Rac exchanger 1 protein OS=Homo sapiens OX=9606 GN=PREX1 PE=1 SV=3",18.742778811088375,14.114342004238324,4.6284368068500505,3.341630835916276e-09,6.966098833598831,1.7986389847042126,1.7188513612244348e-07
GRK2,P25098,Beta-adrenergic receptor kinase 1 OS=Homo sapiens OX=9606 GN=GRK2 PE=1 SV=2,24.589803427431978,23.526302693567608,1.0635007338643696,0.38790182797121764,0.8699723270124744,0.22462588894537508,0.5685542376140911
SEC16B,Q96JE7,Protein transport protein Sec16B OS=Homo sapiens OX=9606 GN=SEC16B PE=1 SV=2,20.686355175648362,20.86088635075765,-0.17453117510928706,0.6186787082993912,-0.5004118024503674,-0.12920577180906057,0.7562511356768932
BCAP31,P51572,B-cell receptor-associated protein 31 OS=Homo sapiens OX=9606 GN=BCAP31 PE=1 SV=3,21.134131894442394,21.623025896444894,-0.48889400200249966,0.07841685026184732,-1.7915847130499318,-0.46258518379747865,0.20000450525351818
SLCO4A1,Q96BD0,Solute carrier organic anion transporter family member 4A1 OS=Homo sapiens OX=9606 GN=SLCO4A1 PE=1 SV=2,23.144042673497612,22.205797889019838,0.9382447844777744,9.710133246343369e-05,4.187475544265075,1.0812015363726317,0.00122578969389876
PREX1,H0YDZ4,"Phosphatidylinositol-3,4,5-trisphosphate dependent Rac exchange factor 1 (Fragment) OS=Homo sapiens OX=9606 GN=PREX1 PE=1 SV=1",22.981019998500482,22.230398771011902,0.7506212274885797,0.00022184035643503085,3.9394586428426885,1.0171638477868403,0.002484008344843951
ERC1,X6RLX0,ELKS/RAB6-interacting/CAST family member 1 OS=Homo sapiens OX=9606 GN=ERC1 PE=1 SV=1,22.78549588830254,23.044213227175238,-0.25871733887269954,0.3040756729897323,-1.036922838907806,-0.26773232575946987,0.4926265332097435
FAT1,Q14517,Protocadherin Fat 1 OS=Homo sapiens OX=9606 GN=FAT1 PE=1 SV=2,17.881399307209627,17.767343676203087,0.11405563100653993,0.7906316652677694,0.2667188311609294,0.0688665060804125,0.8763499804920865
CHRNB1,P11230,Acetylcholine receptor subunit beta OS=Homo sapiens OX=9606 GN=CHRNB1 PE=1 SV=3,24.599835136889364,24.698686094815255,-0.09885095792589027,0.32267885793028483,-0.9974719816116433,-0.25754615820602705,0.5116853566023591
ARHGAP4,P98171,Rho GTPase-activating protein 4 OS=Homo sapiens OX=9606 GN=ARHGAP4 PE=1 SV=2,18.970568626208244,17.923601696761185,1.0469669294470592,0.05256990210600272,1.9790031203864864,0.5109764084899583,0.14996543997656928
D2HGDH,Q8N465,"D-2-hydroxyglutarate dehydrogenase, mitochondrial OS=Homo sapiens OX=9606 GN=D2HGDH PE=1 SV=3",28.847016938567208,28.98127889875694,-0.13426196018973258,0.1606732256064954,-1.420992576637761,-0.36689870562682775,0.3256892967885113
HARBI1,Q96MB7,Putative nuclease HARBI1 OS=Homo sapiens OX=9606 GN=HARBI1 PE=1 SV=1,17.770663723159654,19.5904859846994,-1.8198222615397448,0.0004244517341860056,-3.7393338307901645,-0.9654918435040193,0.0041586163956557455
MARS1,P56192,"Methionine--tRNA ligase, cytoplasmic OS=Homo sapiens OX=9606 GN=MARS1 PE=1 SV=2",19.047416129164517,18.740268646934982,0.30714748222953503,0.47051657925086077,0.7263974939389353,0.18755502645015332,0.644318044464989
DHX9,Q08211,ATP-dependent RNA helicase A OS=Homo sapiens OX=9606 GN=DHX9 PE=1 SV=4,21.739347906872457,22.446252393302316,-0.7069044864298597,0.03335201252601674,-2.1797106774890413,-0.5627988768977029,0.10892343773377688
TGFB1I1,O43294,Transforming growth factor beta-1-induced transcript 1 protein OS=Homo sapiens OX=9606 GN=TGFB1I1 PE=1 SV=2,25.996741739877788,27.079913953194918,-1.0831722133171304,0.011521716410076249,-2.6093373357377314,-0.6737280030632977,0.04900450958910983
SERPINA6,P08185,Corticosteroid-binding globulin OS=Homo sapiens OX=9606 GN=SERPINA6 PE=1 SV=1,30.630001066085626,31.000640114789288,-0.37063904870366216,0.4945572273956659,-0.687421039567254,-0.17749134920510432,0.6639427060005993
EXOC4,Q96A65,Exocyst complex component 4 OS=Homo sapiens OX=9606 GN=EXOC4 PE=1 SV=1,20.03766628693779,18.00361097093778,2.0340553160000105,6.3864003326357e-19,13.06168352338503,3.3725121839668026,1.3140018684397954e-16
RENBP,P51606,N-acylglucosamine 2-epimerase OS=Homo sapiens OX=9606 GN=RENBP PE=1 SV=4,18.739420312206896,18.314442826194245,0.42497748601265073,0.2098517407566223,1.2680359757960045,0.32740548110998646,0.3872376292437223
IDH3G,P51553,"Isocitrate dehydrogenase [NAD] subunit gamma, mitochondrial OS=Homo sapiens OX=9606 GN=IDH3G PE=1 SV=1",20.031830660088385,21.353975183009087,-1.322144522920702,1.5568356578217583e-05,-4.715670009814035,-1.217580760947968,0.0002562551492774614
UBE2M,P61081,NEDD8-conjugating enzyme Ubc12 OS=Homo sapiens OX=9606 GN=UBE2M PE=1 SV=1,18.832083803929983,18.751574973639443,0.08050883029054035,0.7434426738969472,0.32886444836954093,0.08491243544632805,0.8474422723229744
PIBF1,Q8WXW3,Progesterone-induced-blocking factor 1 OS=Homo sapiens OX=9606 GN=PIBF1 PE=1 SV=2,18.733369473690217,19.531396075136204,-0.7980266014459865,0.005839773188861785,-2.862442951146914,-0.7390795919507206,0.030612314232058912
PCLO,Q9Y6V0,Protein piccolo OS=Homo sapiens OX=9606 GN=PCLO PE=1 SV=5,24.34128879877038,24.251508991101993,0.08977980766838556,0.6297667801439312,0.4846261634700587,0.12512993735039535,0.7655877129306312
KPNA4,O00629,Importin subunit alpha-3 OS=Homo sapiens OX=9606 GN=KPNA4 PE=1 SV=1,19.46417665216677,17.094730595014546,2.3694460571522242,1.44421087313974e-09,7.182964083602374,1.8546333514798679,7.668293861896813e-08
ALG13,A0A096LP10,UDP-N-acetylglucosamine transferase subunit ALG13 (Fragment) OS=Homo sapiens OX=9606 GN=ALG13 PE=1 SV=1,26.74391526895353,25.79381295441196,0.9501023145415708,3.641877482490844e-05,4.473633011806118,1.1550870767845882,0.0005400477780342279
CBX6,O95503,Chromobox protein homolog 6 OS=Homo sapiens OX=9606 GN=CBX6 PE=1 SV=1,17.743870102014068,18.50804488094717,-0.7641747789331035,0.02406607802817365,-2.3168173768537366,-0.598199674450565,0.08374791635174171
IGHV2-26,A0A0B4J1V2,Immunoglobulin heavy variable 2-26 OS=Homo sapiens OX=9606 GN=IGHV2-26 PE=1 SV=1,16.9313078824447,16.337005525662605,0.5943023567820944,0.08457873496027517,1.7547766424219087,0.453081380827588,0.21257126817845576
PCID2,Q5JVF3,PCI domain-containing protein 2 OS=Homo sapiens OX=9606 GN=PCID2 PE=1 SV=2,20.61801547409976,20.012588381072604,0.6054270930271564,0.10441540128023381,1.649675766594556,0.4259444513775113,0.2448258554234542
LSM6,P62312,U6 snRNA-associated Sm-like protein LSm6 OS=Homo sapiens OX=9606 GN=LSM6 PE=1 SV=1,24.827042203482666,24.71584477969998,0.11119742378268427,0.4626322510966291,0.739423316619712,0.19091827940437323,0.6368249805331727
CTHRC1,Q96CG8,Collagen triple helix repeat-containing protein 1 OS=Homo sapiens OX=9606 GN=CTHRC1 PE=1 SV=1,18.4101479888196,18.25090365717258,0.15924433164702023,0.4947987116683925,0.687034920549533,0.17739165370341844,0.6639427060005993
RPA1,P27694,Replication protein A 70 kDa DNA-binding subunit OS=Homo sapiens OX=9606 GN=RPA1 PE=1 SV=2,28.756244201894205,28.72470035072167,0.03154385117253611,0.7417004891029715,0.33118217385358656,0.08551086959304735,0.8466289910287732
FSIP2,Q5CZC0,Fibrous sheath-interacting protein 2 OS=Homo sapiens OX=9606 GN=FSIP2 PE=1 SV=4,27.61726204938556,27.371506842039857,0.24575520734570233,0.011422046819068818,2.6126658936753318,0.6745874330272452,0.048831443127123765
CCL27,Q9Y4X3,C-C motif chemokine 27 OS=Homo sapiens OX=9606 GN=CCL27 PE=1 SV=1,20.46534640766947,19.47646806181352,0.9888783458559516,0.0031552667461324227,3.0807381026949923,0.7954431577176226,0.019274687550181635
CHMP1B,Q7LBR1,Charged multivesicular body protein 1b OS=Homo sapiens OX=9606 GN=CHMP1B PE=1 SV=1,23.465305728243738,23.283060229647976,0.182245498595762,0.056283999146089336,1.9478028043931552,0.5029205215407195,0.1580946460656366
APBB1IP,Q7Z5R6,Amyloid beta A4 precursor protein-binding family B member 1-interacting protein OS=Homo sapiens OX=9606 GN=APBB1IP PE=1 SV=1,16.756839657900848,17.685200603679768,-0.9283609457789197,0.00887630421373476,-2.708177449671103,-0.6992484107433772,0.04081116406650116
ACAD8,Q9UKU7,"Isobutyryl-CoA dehydrogenase, mitochondrial OS=Homo sapiens OX=9606 GN=ACAD8 PE=1 SV=1",17.74561601735193,17.166710423302735,0.5789055940491963,0.1838727507785026,1.3449635324254758,0.3472680908226778,0.35485308892111495
TSPAN33,Q86UF1,Tetraspanin-33 OS=Homo sapiens OX=9606 GN=TSPAN33 PE=1 SV=1,24.940051359924972,24.826132653727356,0.1139187061976159,0.34533320703820103,0.9514320887894325,0.24565870899525394,0.5282699431086235
ATP5F1B,P06576,"ATP synthase subunit beta, mitochondrial OS=Homo sapiens OX=9606 GN=ATP5F1B PE=1 SV=3",23.048499012536546,22.489397411214842,0.5591016013217036,0.0001310080781714868,4.09837186903878,1.0581950663568107,0.0015855830637519653
SCFD1,A0A7I2V4B8,Sec1 family domain containing 1 OS=Homo sapiens OX=9606 GN=SCFD1 PE=1 SV=1,19.323338703453697,18.313045051667356,1.0102936517863412,0.005210163408830065,2.9036183552307953,0.7497110355700695,0.02811779990470258
Unknown,A0A0G2JRQ6,Ig-like domain-containing protein (Fragment) OS=Homo sapiens OX=9606 PE=1 SV=4,17.2760460821565,17.037792385045638,0.23825369711086353,0.5099036379467736,0.6630839136845239,0.1712075303225465,0.6723572413544986
RPS25,P62851,Small ribosomal subunit protein eS25 OS=Homo sapiens OX=9606 GN=RPS25 PE=1 SV=1,17.308766965672913,16.323490922268842,0.9852760434040704,0.040974573292708906,2.0904049776113474,0.5397402443411892,0.1265368623636001
ERICH6B,Q5W0A0,Glutamate-rich protein 6B OS=Homo sapiens OX=9606 GN=ERICH6B PE=1 SV=1,22.171748593772016,22.556531213378275,-0.38478261960625915,0.11210956352729116,-1.6132912659774132,-0.4165500137141601,0.2546962393108589
TNNC2,P02585,"Troponin C, skeletal muscle OS=Homo sapiens OX=9606 GN=TNNC2 PE=1 SV=2",15.397757955884735,16.444606744302995,-1.0468487884182593,0.0011444658243553803,-3.4223089669399034,-0.883636375635637,0.009013352855928018
TXLNA,P40222,Alpha-taxilin OS=Homo sapiens OX=9606 GN=TXLNA PE=1 SV=3,19.501423070113727,19.51093021602708,-0.009507145913353554,0.9722557764966508,-0.03492964776531947,-0.009018796272264894,0.9868719072054317
RP1,P56715,Oxygen-regulated protein 1 OS=Homo sapiens OX=9606 GN=RP1 PE=1 SV=1,20.58439228053966,20.66871664836727,-0.08432436782760888,0.7798170879195256,-0.2808602247234176,-0.0725177981977246,0.8702230011630774
PSMB8,P28062,Proteasome subunit beta type-8 OS=Homo sapiens OX=9606 GN=PSMB8 PE=1 SV=3,23.17367660153623,23.083561069307155,0.09011553222907409,0.4572244052910933,0.7484312359497605,0.19324411417432374,0.6324297236211257
ATN1,P54259,Atrophin-1 OS=Homo sapiens OX=9606 GN=ATN1 PE=1 SV=3,23.677749915073708,22.540603141530866,1.1371467735428418,9.047438768201744e-07,5.496948660842777,1.4193060412267493,2.2226991361880703e-05
CTPS1,P17812,CTP synthase 1 OS=Homo sapiens OX=9606 GN=CTPS1 PE=1 SV=2,19.927117229432096,18.677422621844332,1.249694607587763,9.171414441321721e-06,4.864021192659248,1.2558848716512803,0.00016408856706973427
MYBPC3,Q14896,"Myosin-binding protein C, cardiac-type OS=Homo sapiens OX=9606 GN=MYBPC3 PE=1 SV=4",19.692785887644355,20.29936895504626,-0.6065830674019033,0.17702385107404792,-1.3666044268439443,-0.35285574573466194,0.34824392142438787
PUM3,Q15397,Pumilio homolog 3 OS=Homo sapiens OX=9606 GN=PUM3 PE=1 SV=3,18.13248970360689,18.17568649969301,-0.04319679608612148,0.8606917013923915,-0.17627532637926374,-0.04551409356094436,0.9217296945295227
SRL,Q86TD4,Sarcalumenin OS=Homo sapiens OX=9606 GN=SRL PE=1 SV=3,18.921202722936105,19.729849743925396,-0.8086470209892909,0.0064272743340547875,-2.8275706936632585,-0.7300756137854635,0.03326624246609591
NINL,Q9Y2I6,Ninein-like protein OS=Homo sapiens OX=9606 GN=NINL PE=1 SV=2,18.414764524278738,19.98600213479658,-1.5712376105178407,6.244408420558974e-05,-4.317303261880307,-1.1147229089192923,0.0008399579766518958
COA3,Q9Y2R0,"Cytochrome c oxidase assembly factor 3 homolog, mitochondrial OS=Homo sapiens OX=9606 GN=COA3 PE=1 SV=1",17.536803826083723,16.798704977386237,0.7380988486974864,0.0003225719910887372,3.8246201617929776,0.9875126794795546,0.003297847809515909
RXFP1,B4DGP2,Relaxin family peptide receptor 1 OS=Homo sapiens OX=9606 GN=RXFP1 PE=1 SV=1,22.11771793502731,22.330084165740956,-0.2123662307136449,0.15807870755765363,-1.4300117378922546,-0.3692274430491885,0.32202667405927954
MARCHF6,O60337,E3 ubiquitin-protein ligase MARCHF6 OS=Homo sapiens OX=9606 GN=MARCHF6 PE=1 SV=2,21.40614748144811,21.947742299594033,-0.5415948181459243,0.35032018352560323,-0.9415660188209946,-0.24311130068323544,0.5326149027569158
COPB2,P35606,Coatomer subunit beta' OS=Homo sapiens OX=9606 GN=COPB2 PE=1 SV=2,21.350710431129734,21.49538660906908,-0.1446761779393455,0.6057895236862334,-0.518922061002572,-0.13398510001617273,0.7497214706673234
BRINP3,Q76B58,BMP/retinoic acid-inducible neural-specific protein 3 OS=Homo sapiens OX=9606 GN=BRINP3 PE=1 SV=1,22.70189404616203,23.12402320855201,-0.4221291623899788,0.07849508529390811,-1.7911024991776563,-0.46246067671103647,0.20000450525351818
TOMM20L,Q6UXN7,TOMM20-like protein 1 OS=Homo sapiens OX=9606 GN=TOMM20L PE=1 SV=1,21.488559240915865,21.930294363852045,-0.4417351229361799,0.11345655520812471,-1.607131193982354,-0.4149594899642733,0.256040812913294
IL1RAP,Q9NPH3,Interleukin-1 receptor accessory protein OS=Homo sapiens OX=9606 GN=IL1RAP PE=1 SV=2,22.873916147889364,22.96677630581518,-0.09286015792581637,0.76261704631674,-0.3034707897539445,-0.07835582098516262,0.8615426617963995
HCLS1,P14317,Hematopoietic lineage cell-specific protein OS=Homo sapiens OX=9606 GN=HCLS1 PE=1 SV=3,17.087877846615473,17.3664423349677,-0.27856448835222736,0.5719718846893387,-0.568378850342626,-0.1467547881142339,0.7214296721828747
DROSHA,Q9NRR4,Ribonuclease 3 OS=Homo sapiens OX=9606 GN=DROSHA PE=1 SV=2,20.341063835477463,20.36065902491735,-0.019595189439886695,0.911287317598345,-0.111902214523899,-0.028893027550319365,0.9529726332699339
SNX33,Q8WV41,Sorting nexin-33 OS=Homo sapiens OX=9606 GN=SNX33 PE=1 SV=1,19.77348886565606,21.442164788669913,-1.6686759230138541,0.0027178253264593935,-3.132307812216932,-0.8087583994607712,0.017474767528719383
OLFML1,Q6UWY5,Olfactomedin-like protein 1 OS=Homo sapiens OX=9606 GN=OLFML1 PE=1 SV=2,25.07752790045148,25.188442944031575,-0.1109150435800963,0.3635276152574576,-0.9158696911853814,-0.2364765374171408,0.5479546288587684
TRA,P0DTU3,T cell receptor alpha chain MC.7.G5 OS=Homo sapiens OX=9606 GN=TRA PE=1 SV=1,21.552758130598235,21.40619505248478,0.1465630781134557,0.519546896336152,0.6479924416396581,0.16731092899591182,0.6808711714723775
CRCP,O75575,DNA-directed RNA polymerase III subunit RPC9 OS=Homo sapiens OX=9606 GN=CRCP PE=1 SV=1,20.812861010406763,21.069591599979205,-0.25673058957244166,0.2876387804504918,-1.073171986478139,-0.2770918154164109,0.47440223709570095
SLF2,Q8IX21,SMC5-SMC6 complex localization factor protein 2 OS=Homo sapiens OX=9606 GN=SLF2 PE=1 SV=2,20.312628759657283,19.50394625847325,0.808682501184034,0.006349105462369573,2.8320364560824225,0.7312286686839665,0.03296727946706725
CDKN2AIP,Q9NXV6,CDKN2A-interacting protein OS=Homo sapiens OX=9606 GN=CDKN2AIP PE=1 SV=3,20.45526068660779,20.573796606694223,-0.11853592008643332,0.49174600039448857,-0.6919236654101215,-0.1786539221986796,0.6623681805640984
CHD1L,A0A494C1F7,Chromodomain helicase DNA binding protein 1 like (Fragment) OS=Homo sapiens OX=9606 GN=CHD1L PE=1 SV=1,23.29357979366908,23.347608621769435,-0.05402882810035692,0.7225697033203622,-0.3567552597616079,-0.09211381198190723,0.8340789574036002
TRIM33,Q9UPN9,E3 ubiquitin-protein ligase TRIM33 OS=Homo sapiens OX=9606 GN=TRIM33 PE=1 SV=3,22.993893518017668,23.27846818885894,-0.2845746708412733,0.21842409459907194,-1.2442180842264468,-0.32125572795060836,0.3973738791532905
SRSF5,Q13243,Serine/arginine-rich splicing factor 5 OS=Homo sapiens OX=9606 GN=SRSF5 PE=1 SV=1,21.108552278633717,21.32717520847805,-0.21862292984433296,0.18790771084055485,-1.3324995415545788,-0.3440499022179934,0.36048495576171713
TG,P01266,Thyroglobulin OS=Homo sapiens OX=9606 GN=TG PE=1 SV=5,26.37239576744049,26.764451322136832,-0.39205555469634135,0.211044154891652,-1.2646802613533834,-0.3265390393665932,0.3885667549794846
RNF17,Q9BXT8,RING finger protein 17 OS=Homo sapiens OX=9606 GN=RNF17 PE=1 SV=3,20.975068155330764,21.19029281568854,-0.21522466035777654,0.42842543202843464,-0.7974795312478458,-0.20590832956428026,0.6055252468685862
SLC22A1,O15245,Solute carrier family 22 member 1 OS=Homo sapiens OX=9606 GN=SLC22A1 PE=1 SV=2,22.239038582978246,22.241309589027875,-0.00227100604962871,0.9824812760814754,-0.02205312207233913,-0.005694091634536576,0.992734303517562
MELK,Q14680,Maternal embryonic leucine zipper kinase OS=Homo sapiens OX=9606 GN=MELK PE=1 SV=3,18.056892223886116,18.45515973969038,-0.3982675158042639,0.09812652832526193,-1.6810745529345428,-0.4340515831499042,0.23429780444284842
MACF1,H3BQK9,Microtubule actin crosslinking factor 1 OS=Homo sapiens OX=9606 GN=MACF1 PE=1 SV=1,18.594778252983534,17.131377301089163,1.4634009518943714,5.56886155805692e-05,4.350696455773458,1.1233449945076162,0.0007575492664927017
POC1A,Q8NBT0,POC1 centriolar protein homolog A OS=Homo sapiens OX=9606 GN=POC1A PE=1 SV=2,26.725791146975645,27.169687129537284,-0.44389598256163865,0.01827399557072253,-2.4286938368677986,-0.6270860522150385,0.06883065608560476
CUBN,O60494,Cubilin OS=Homo sapiens OX=9606 GN=CUBN PE=1 SV=5,21.5688368035425,21.635418866931044,-0.06658206338854455,0.7975928350136997,-0.25764500699287335,-0.06652365475445947,0.8775653786313835
TTC24,A2A3L6,Tetratricopeptide repeat protein 24 OS=Homo sapiens OX=9606 GN=TTC24 PE=1 SV=1,22.702809386056916,24.0099058127976,-1.307096426740685,0.046415242496033675,-2.035141374639205,-0.525471243410354,0.1374091531447328
MLPH,H7C052,Melanophilin (Fragment) OS=Homo sapiens OX=9606 GN=MLPH PE=1 SV=1,24.943471773684813,25.180532568876853,-0.23706079519203982,0.061214126570307704,-1.9089971804728034,-0.49290095252853877,0.16765133499954488
TMEM14C,Q9P0S9,Transmembrane protein 14C OS=Homo sapiens OX=9606 GN=TMEM14C PE=1 SV=1,20.379030793107383,19.871851948885887,0.507178844221496,0.09339409969208765,1.70580844969019,0.44043784783133316,0.22673552816102693
ZNF25,P17030,Zinc finger protein 25 OS=Homo sapiens OX=9606 GN=ZNF25 PE=1 SV=2,19.31885380299957,19.162856886856314,0.1559969161432555,0.3039329970864993,1.0372316418556837,0.2678120583377626,0.4926265332097435
PHF13,Q86YI8,PHD finger protein 13 OS=Homo sapiens OX=9606 GN=PHF13 PE=1 SV=2,19.436475784670616,19.65379104792384,-0.21731526325322292,0.47381866460288913,-0.7209788914504536,-0.1861559493036461,0.6483005169878268
DICER1,A0A8Q3SJI0,Endoribonuclease Dicer OS=Homo sapiens OX=9606 GN=DICER1 PE=1 SV=1,23.169995173381707,22.27461555318858,0.895379620193129,5.333360298749874e-07,5.638427030330763,1.455835599151786,1.393446198689253e-05
RB1,P06400,Retinoblastoma-associated protein OS=Homo sapiens OX=9606 GN=RB1 PE=1 SV=2,21.747749320056112,21.407734183844546,0.34001513621156576,0.24456353086787225,1.1755860570369125,0.3035350147291737,0.4328511524822771
RGS2,P41220,Regulator of G-protein signaling 2 OS=Homo sapiens OX=9606 GN=RGS2 PE=1 SV=1,18.19621600706897,17.635824728402103,0.5603912786668666,0.12244750226774932,1.5674593577905425,0.40471626590531623,0.26801674033605766
PAPPA,Q13219,Pappalysin-1 OS=Homo sapiens OX=9606 GN=PAPPA PE=1 SV=3,21.830853823282816,20.496933928393034,1.3339198948897817,0.010649429440252463,2.6394050176989357,0.6814914451629512,0.04637291232448559
CHODL,Q9H9P2,Chondrolectin OS=Homo sapiens OX=9606 GN=CHODL PE=1 SV=2,23.32601203599929,23.30669915839742,0.019312877601869616,0.8641558128336676,0.1718472543718934,0.04437077028492086,0.9224386951518916
TFDP1,Q14186,Transcription factor Dp-1 OS=Homo sapiens OX=9606 GN=TFDP1 PE=1 SV=1,19.481088689163474,19.085020573605536,0.39606811555793797,0.2518901486802421,1.157308993457331,0.29881589720508744,0.4420161884090389
LIPJ,Q5W064,Lipase member J OS=Homo sapiens OX=9606 GN=LIPJ PE=2 SV=3,22.681226326278626,22.56053289187516,0.12069343440346714,0.5898532665107241,0.5420607188587858,0.13995947578488654,0.7355291489974636
HK3,P52790,Hexokinase-3 OS=Homo sapiens OX=9606 GN=HK3 PE=1 SV=2,23.866724850648268,23.00337231972553,0.8633525309227394,8.966525720868853e-06,4.870319083444804,1.25751098005986,0.00016218572897307837
AKT1,A0AAQ5BHJ3,non-specific serine/threonine protein kinase OS=Homo sapiens OX=9606 GN=AKT1 PE=1 SV=1,19.220275492875764,19.664672950120313,-0.4443974572445484,0.18033234424728545,-1.3560721803835587,-0.3501363313920469,0.3512746019302152
BIRC6,Q9NR09,Dual E2 ubiquitin-conjugating enzyme/E3 ubiquitin-protein ligase BIRC6 OS=Homo sapiens OX=9606 GN=BIRC6 PE=1 SV=3,28.77155711707693,28.717640834885444,0.05391628219148714,0.5870896826081968,0.5461030108731623,0.14100319109503237,0.7337506587495004
SLC15A2,Q16348,Solute carrier family 15 member 2 OS=Homo sapiens OX=9606 GN=SLC15A2 PE=1 SV=2,23.945867684917648,23.851314819925516,0.09455286499213145,0.26052713345446177,1.136245026227009,0.2933772042525477,0.4475394302781113
MDN1,Q9NU22,Midasin OS=Homo sapiens OX=9606 GN=MDN1 PE=1 SV=2,30.497175148699917,30.659136928364507,-0.16196177966459047,0.03657251322404518,-2.1400034545600404,-0.5525465160224917,0.11554387095350933
ECM2,O94769,Extracellular matrix protein 2 OS=Homo sapiens OX=9606 GN=ECM2 PE=1 SV=1,17.574361604426223,17.402649753345298,0.17171185108092502,0.5890344938269634,0.5432573997862227,0.14026845747173233,0.7350650317203804
CSMD3,Q7Z407,CUB and sushi domain-containing protein 3 OS=Homo sapiens OX=9606 GN=CSMD3 PE=1 SV=3,22.651766887437756,23.309748312871054,-0.6579814254332987,0.10643972589940212,-1.6398972488275556,-0.423419648946699,0.2492173383078462
GRAP,A8MW78,GRB2 related adaptor protein OS=Homo sapiens OX=9606 GN=GRAP PE=1 SV=1,24.258012732979335,24.15435309003192,0.10365964294741659,0.6291796116813703,0.4854589959737046,0.1253449737781821,0.7655877129306312
FSTL4,Q6MZW2,Follistatin-related protein 4 OS=Homo sapiens OX=9606 GN=FSTL4 PE=1 SV=3,23.267022881506065,22.90748661270255,0.35953626880351663,0.002068623368499249,3.2253954144461296,0.8327935150055754,0.01407005811797423
VPS13B,Q7Z7G8,Intermembrane lipid transfer protein VPS13B OS=Homo sapiens OX=9606 GN=VPS13B PE=1 SV=2,23.051924033214583,22.900172522621556,0.1517515105930265,0.5707977567296415,0.5701207647444977,0.14720454847883174,0.7214296721828747
FSBP,O95073,Fibrinogen silencer-binding protein OS=Homo sapiens OX=9606 GN=FSBP PE=1 SV=1,26.22585665110644,25.916699929771728,0.3091567213347126,0.0011628935940326715,3.417077847532358,0.882285706412474,0.009071672302264348
SNX3,O60493,Sorting nexin-3 OS=Homo sapiens OX=9606 GN=SNX3 PE=1 SV=3,15.147041247169055,15.655733050158046,-0.5086918029889915,0.10347586354666985,-1.6542667668710203,-0.42712984255172326,0.2433161019968837
GPC1,P35052,Glypican-1 OS=Homo sapiens OX=9606 GN=GPC1 PE=1 SV=2,18.22030724203532,18.21808565001464,0.0022215920206818396,0.9932716937936494,0.008469208683505982,0.00218674027911826,0.9962230683483462
RPL10,P27635,Large ribosomal subunit protein uL16 OS=Homo sapiens OX=9606 GN=RPL10 PE=1 SV=5,22.018763922099456,20.808833928319597,1.209929993779859,0.003086952979469622,3.088332503294769,0.7974040235207801,0.01910197219626691
AP3M1,Q9Y2T2,AP-3 complex subunit mu-1 OS=Homo sapiens OX=9606 GN=AP3M1 PE=1 SV=1,18.2225095260666,17.92271675617273,0.2997927698938696,0.19259580603794849,1.3182699454703617,0.340375836307498,0.3660654696748998
KIF4A,O95239,Chromosome-associated kinesin KIF4A OS=Homo sapiens OX=9606 GN=KIF4A PE=1 SV=3,20.953080856682444,21.202760394610998,-0.24967953792855369,0.417004886074254,-0.8174708805035141,-0.21107007374664158,0.5960694202975477
LOXL1,Q08397,Lysyl oxidase homolog 1 OS=Homo sapiens OX=9606 GN=LOXL1 PE=1 SV=2,22.541127712149677,22.76274395580536,-0.22161624365568144,0.3427446157469072,-0.9565900193768577,-0.24699048094632003,0.5272501285228124
GAS8,O95995,Dynein regulatory complex subunit 4 OS=Homo sapiens OX=9606 GN=GAS8 PE=1 SV=1,19.912323550569553,19.749267311210726,0.16305623935882707,0.5432484810755948,0.6115146603573821,0.1578924063683884,0.7005635371341621
GTF3C4,Q9UKN8,General transcription factor 3C polypeptide 4 OS=Homo sapiens OX=9606 GN=GTF3C4 PE=1 SV=2,21.0488808100005,21.34859448432551,-0.29971367432500884,0.21778249175090375,-1.2459765821466713,-0.32170977016123303,0.3969767236123894
SAMD9,Q5K651,Sterile alpha motif domain-containing protein 9 OS=Homo sapiens OX=9606 GN=SAMD9 PE=1 SV=1,21.915523799515174,19.570935225357104,2.3445885741580703,1.8588207387034615e-16,11.411428341878358,2.94641812830228,2.3535530276199215e-14
FLOT2,E7EMK3,Flotillin OS=Homo sapiens OX=9606 GN=FLOT2 PE=1 SV=1,24.310243426511274,24.512619882040376,-0.20237645552910166,0.14013487952222806,-1.4957719888013994,-0.3862066668234244,0.29458749897009884
STX12,B1AJQ6,Syntaxin 12 (Fragment) OS=Homo sapiens OX=9606 GN=STX12 PE=1 SV=2,22.206591842406944,19.280082459640507,2.9265093827664366,4.5516800221387535e-20,13.86673776623281,3.580376295656341,1.4984130632880777e-17
ATP6V0A4,Q9HBG4,V-type proton ATPase 116 kDa subunit a 4 OS=Homo sapiens OX=9606 GN=ATP6V0A4 PE=1 SV=2,18.600685177450433,17.03384353670658,1.5668416407438528,9.640162119084917e-08,6.0910796065789405,1.5727099917802576,3.6901643832590167e-06
OR51G2,Q8NGK0,Olfactory receptor 51G2 OS=Homo sapiens OX=9606 GN=OR51G2 PE=2 SV=1,20.48187503385628,19.787299291926608,0.6945757419296719,0.01192352920180618,2.5961788857502857,0.6703305058857456,0.049939259710363795
TMEM201,Q5SNT2,Transmembrane protein 201 OS=Homo sapiens OX=9606 GN=TMEM201 PE=1 SV=1,23.120096841087577,23.49071955786032,-0.3706227167727434,0.3197561463535135,-1.0035666751461758,-0.25911980130999257,0.5090122020289006
RPS15A,P62244,Small ribosomal subunit protein uS8 OS=Homo sapiens OX=9606 GN=RPS15A PE=1 SV=2,18.78248191480039,19.37119185502286,-0.588709940222472,0.4172738759957402,-0.816996254392735,-0.2109475258117934,0.5960694202975477
DPP9,Q86TI2,Dipeptidyl peptidase 9 OS=Homo sapiens OX=9606 GN=DPP9 PE=1 SV=3,26.109313213235474,26.043016529283552,0.06629668395192212,0.4878781314632109,0.698141912983664,0.18025946681834126,0.6600815494065458
UCHL3,P15374,Ubiquitin carboxyl-terminal hydrolase isozyme L3 OS=Homo sapiens OX=9606 GN=UCHL3 PE=1 SV=1,22.10272592919706,21.37922593520799,0.7234999939890692,0.027141311416064462,2.2668916120482034,0.5853088974079984,0.09249399294170207
PTPN23,Q9H3S7,Tyrosine-protein phosphatase non-receptor type 23 OS=Homo sapiens OX=9606 GN=PTPN23 PE=1 SV=1,20.65571166423439,20.469107968460097,0.18660369577429137,0.1919772346049259,1.3201323855333562,0.34085671626398384,0.3660654696748998
ALDH3A2,J3KTD9,aldehyde dehydrogenase (NAD(+)) (Fragment) OS=Homo sapiens OX=9606 GN=ALDH3A2 PE=1 SV=2,19.548911802886458,19.827326468262427,-0.27841466537596915,0.18341762487183608,-1.3463824060385665,-0.3476344424142694,0.35485308892111495
SF3B4,Q15427,Splicing factor 3B subunit 4 OS=Homo sapiens OX=9606 GN=SF3B4 PE=1 SV=1,20.50508644041532,20.257292954477805,0.24779348593751394,0.24562618293241004,1.1729109776430564,0.30284431219969454,0.4342649807806089
DNAH8,Q96JB1,Dynein axonemal heavy chain 8 OS=Homo sapiens OX=9606 GN=DNAH8 PE=1 SV=2,24.586113912418913,24.576238280248187,0.009875632170725623,0.9358876168350618,0.08078934294013784,0.02085971865054624,0.9682407399814656
SPIN4,Q56A73,Spindlin-4 OS=Homo sapiens OX=9606 GN=SPIN4 PE=1 SV=1,26.143745618007262,25.272099004886545,0.871646613120717,0.085725251525874,1.7481754977254556,0.4513769725959034,0.2134701422263065
HUWE1,Q7Z6Z7,E3 ubiquitin-protein ligase HUWE1 OS=Homo sapiens OX=9606 GN=HUWE1 PE=1 SV=3,24.876358157748776,25.305158396410587,-0.42880023866181105,0.014674861237977855,-2.51559125869407,-0.6495228700524723,0.05841189451981265
ALKBH7,Q9BT30,"Alpha-ketoglutarate-dependent dioxygenase alkB homolog 7, mitochondrial OS=Homo sapiens OX=9606 GN=ALKBH7 PE=1 SV=1",21.43244100073731,21.670403715258395,-0.23796271452108542,0.2047718405023454,-1.28249288503107,-0.33113823902365586,0.3804226291951021
ZFHX4,E7EVZ1,Zinc finger homeobox 4 OS=Homo sapiens OX=9606 GN=ZFHX4 PE=1 SV=1,22.737428274692036,22.77056845613793,-0.03314018144589426,0.8954883429763336,-0.13194006142167172,-0.03406677737224788,0.9406342134901373
TRMT11,Q7Z4G4,tRNA (guanine(10)-N(2))-methyltransferase homolog OS=Homo sapiens OX=9606 GN=TRMT11 PE=1 SV=1,19.820448684505983,22.66965095010566,-2.8492022655996756,1.4222372138682106e-29,-21.749807464178883,-5.615776139465505,1.1705012270135375e-26
SMARCA2,P51531,Probable global transcription activator SNF2L2 OS=Homo sapiens OX=9606 GN=SMARCA2 PE=1 SV=2,18.778354681031626,18.308938553082054,0.46941612794957166,0.06937317833287036,1.8502507282357863,0.4777326837843563,0.18358239796769232
DUS4L-BCAP29,A0A669KAY5,DUS4L-BCAP29 readthrough OS=Homo sapiens OX=9606 GN=DUS4L-BCAP29 PE=1 SV=1,19.496784460735302,20.019152602180032,-0.5223681414447299,0.2753647105627416,-1.1011860927855122,-0.2843250265622336,0.46177627581291886
RAB24,Q969Q5,Ras-related protein Rab-24 OS=Homo sapiens OX=9606 GN=RAB24 PE=1 SV=1,18.20357328503943,17.71184245662182,0.49173082841760873,0.12485915067463045,1.5572174756439623,0.40207182330614805,0.27184942064873246
TENT4B,A0A7N4YH79,Terminal nucleotidyltransferase 4B OS=Homo sapiens OX=9606 GN=TENT4B PE=1 SV=1,21.961895424668782,19.97441056166379,1.9874848630049904,1.3766381478060014e-09,7.1953450978897315,1.857830115622807,7.553154637628928e-08
DLK2,Q6UY11,Protein delta homolog 2 OS=Homo sapiens OX=9606 GN=DLK2 PE=1 SV=1,28.17981477443385,28.199139436631068,-0.01932466219721718,0.8393029580280996,-0.20369744030454584,-0.05259445293097236,0.9076824368687595
MAP9,Q49MG5,Microtubule-associated protein 9 OS=Homo sapiens OX=9606 GN=MAP9 PE=1 SV=3,21.821258564213725,20.430708246269422,1.390550317944303,0.0014862866112834861,3.336164040453552,0.8613938512595103,0.010824901602533708
AKNAD1,Q5T1N1,Protein AKNAD1 OS=Homo sapiens OX=9606 GN=AKNAD1 PE=1 SV=3,18.691616950865853,18.66264299149648,0.02897395936937386,0.9148557138635595,0.1073830263953315,0.027726178192964693,0.9554901681595298
DCLK3,A0A1B0GTZ4,non-specific serine/threonine protein kinase OS=Homo sapiens OX=9606 GN=DCLK3 PE=1 SV=1,24.86672485064827,24.003372319725532,0.8633525309227394,8.966525720868853e-06,4.870319083444804,1.25751098005986,0.00016218572897307837
PER1,J3QL46,Period circadian regulator 1 (Fragment) OS=Homo sapiens OX=9606 GN=PER1 PE=1 SV=1,22.565175936022822,22.922272406523344,-0.3570964705005224,0.09719520052823903,-1.6858635012359275,-0.4352880842843783,0.23337491134934935
CDK14,O94921,Cyclin-dependent kinase 14 OS=Homo sapiens OX=9606 GN=CDK14 PE=1 SV=3,23.45976620663828,23.004837127139595,0.45492907949868666,0.01989830425104872,2.394437784745132,0.6182411775898451,0.07303710148773572
BICD1,A0A087WYJ7,BICD cargo adaptor 1 (Fragment) OS=Homo sapiens OX=9606 GN=BICD1 PE=1 SV=1,27.573141046068294,27.41810493348411,0.1550361125841846,0.1144956411319989,1.6024194999143155,0.4137429357870774,0.2576610542370233
SRGAP2,O75044,SLIT-ROBO Rho GTPase-activating protein 2 OS=Homo sapiens OX=9606 GN=SRGAP2 PE=1 SV=3,22.111813109193346,22.415102443495375,-0.3032893343020291,0.04405978879068238,-2.058338381744665,-0.5314606848904408,0.13331325799533675
SSX7,Q7RTT5,Protein SSX7 OS=Homo sapiens OX=9606 GN=SSX7 PE=1 SV=1,18.2400054384032,16.90605647123862,1.3339489671645808,1.4432758070258694e-07,5.984916543871712,1.5452988068570928,4.949233288259544e-06
CEP164,Q9UPV0,Centrosomal protein of 164 kDa OS=Homo sapiens OX=9606 GN=CEP164 PE=1 SV=3,19.424482823238566,22.143661101511814,-2.7191782782732474,3.695336858776641e-09,-6.940069326994598,-1.7919181949983332,1.8431892331958641e-07
DNAH5,Q8TE73,Dynein axonemal heavy chain 5 OS=Homo sapiens OX=9606 GN=DNAH5 PE=1 SV=3,18.415158742446994,18.236377100113177,0.1787816423338171,0.3689730925782546,0.9054499700127769,0.23378617697889933,0.5535239548814846
HLF,Q16534,Hepatic leukemia factor OS=Homo sapiens OX=9606 GN=HLF PE=1 SV=1,19.254203643390646,19.421488823046342,-0.16728517965569623,0.42908253027255727,-0.796339071902717,-0.20561386422756625,0.60572027858373
PTPRZ1,A0A494C087,protein-tyrosine-phosphatase OS=Homo sapiens OX=9606 GN=PTPRZ1 PE=1 SV=1,21.174958922556055,21.407350570738846,-0.2323916481827908,0.5029244687296281,-0.6741018467129332,-0.17405234839779035,0.668923707111412
MFN1,Q8IWA4,Mitofusin-1 OS=Homo sapiens OX=9606 GN=MFN1 PE=1 SV=3,22.51699453976157,22.682781566649318,-0.16578702688774882,0.3583128389849978,-0.9259423017546718,-0.23907727428298714,0.5415821239387569
SPATS2L,Q9NUQ6,SPATS2-like protein OS=Homo sapiens OX=9606 GN=SPATS2L PE=1 SV=2,25.005696365539265,23.97306159289133,1.0326347726479348,0.0002661488305775667,3.8838063844206565,1.0027944964503495,0.0028387387492837036
STAR,P49675,"Steroidogenic acute regulatory protein, mitochondrial OS=Homo sapiens OX=9606 GN=STAR PE=1 SV=2",22.93096606261359,23.13741139307418,-0.20644533046059266,0.1566610946426417,-1.4349883724668901,-0.37051240457103674,0.3207040495762326
ZBTB24,A0A8V8TLS8,Zinc finger and BTB domain containing 24 OS=Homo sapiens OX=9606 GN=ZBTB24 PE=1 SV=1,23.4543835423206,21.172261307164334,2.2821222351562653,0.00031837395887632626,3.8286668586035333,0.9885575321031834,0.0032752721019402064
ACTL7B,Q9Y614,Actin-like protein 7B OS=Homo sapiens OX=9606 GN=ACTL7B PE=1 SV=1,21.02852408928059,21.213439147148843,-0.18491505786825257,0.600947396916022,-0.5259223167897229,-0.13579255828836126,0.7454102602289164
DDX11,Q96FC9,ATP-dependent DNA helicase DDX11 OS=Homo sapiens OX=9606 GN=DDX11 PE=1 SV=1,21.622509444135105,21.15175281870669,0.47075662542841457,0.17563790440062815,1.3710611714249616,0.35400647223736725,0.34705881229703955
APOLD1,Q96LR9,Apolipoprotein L domain-containing protein 1 OS=Homo sapiens OX=9606 GN=APOLD1 PE=1 SV=2,27.87347844357656,27.367554533498172,0.505923910078387,0.02188828897791949,2.3557306193270473,0.6082470304536358,0.07832200795142497
CNTRL,Q7Z7A1,Centriolin OS=Homo sapiens OX=9606 GN=CNTRL PE=1 SV=2,22.202206913352885,22.130922746692043,0.07128416666084192,0.48905461156226193,0.6962476516345164,0.17977037064110035,0.6603641432579844
ING5,A0A1B0GW41,Inhibitor of growth family member 5 OS=Homo sapiens OX=9606 GN=ING5 PE=1 SV=1,21.80798629976704,21.29662126727912,0.5113650324879195,0.031174341404476856,2.208513689927305,0.5702357827306364,0.1026259319035378
MYO3A,Q8NEV4,Myosin-IIIa OS=Homo sapiens OX=9606 GN=MYO3A PE=1 SV=2,20.102164382602936,20.185735463959535,-0.08357108135659885,0.8616296168413918,-0.17507607330896574,-0.045204447749667545,0.9219199606755084
CMAS,Q8NFW8,N-acylneuraminate cytidylyltransferase OS=Homo sapiens OX=9606 GN=CMAS PE=1 SV=2,18.077912991856063,18.102670546270907,-0.024757554414843952,0.9319121445862183,-0.08581107627731933,-0.022156324622812806,0.9653413404587258
PLXDC1,Q8IUK5,Plexin domain-containing protein 1 OS=Homo sapiens OX=9606 GN=PLXDC1 PE=1 SV=2,16.62180664948582,17.757488219659177,-1.1356815701733574,0.0004007785799875211,-3.7572463103813374,-0.9701168258470789,0.003973985196743733
LRRC75A,Q8NAA5,Leucine-rich repeat-containing protein 75A OS=Homo sapiens OX=9606 GN=LRRC75A PE=1 SV=2,18.523692649401642,18.236767223764296,0.2869254256373459,0.4003077920271444,0.8473054066499524,0.2187733152737846,0.579098566662571
USO1,O60763,General vesicular transport factor p115 OS=Homo sapiens OX=9606 GN=USO1 PE=1 SV=2,21.82883075892464,21.96892068839675,-0.1400899294721114,0.42987551515066424,-0.7949641540146993,-0.2052588619553866,0.6063197068877407
DCANP1,Q8TF63,Dendritic cell nuclear protein 1 OS=Homo sapiens OX=9606 GN=DCANP1 PE=1 SV=1,21.784215463991412,20.539930403563847,1.2442850604275648,0.0001822532257155049,3.9991109709246158,1.0325660126684273,0.0021275802094164616
PPIE,Q9UNP9,Peptidyl-prolyl cis-trans isomerase E OS=Homo sapiens OX=9606 GN=PPIE PE=1 SV=1,20.85198672920357,19.95666921544782,0.8953175137557494,0.01745871551589038,2.446931394002501,0.6317949692189191,0.06621439110404508
CFAP52,Q8N1V2,Cilia- and flagella-associated protein 52 OS=Homo sapiens OX=9606 GN=CFAP52 PE=1 SV=3,27.8061764235989,27.755602631355384,0.050573792243515214,0.5923022844716966,0.5384860211010317,0.13903649279265276,0.737381125511915
BNIP5,P0C671,Protein BNIP5 OS=Homo sapiens OX=9606 GN=BNIP5 PE=1 SV=1,20.03404924833764,20.04544772432792,-0.011398475990279877,0.9724825233822663,-0.03464405944632446,-0.008945057685375625,0.9868719072054317
ZNF41,P51814,Zinc finger protein 41 OS=Homo sapiens OX=9606 GN=ZNF41 PE=1 SV=2,20.33962423535231,21.59258604510945,-1.2529618097571387,2.7981216830321397e-05,-4.54923126858978,-1.1746064627529504,0.00042645447132137976
GOLGA4,C9J0Y3,Golgin A4 OS=Homo sapiens OX=9606 GN=GOLGA4 PE=1 SV=2,21.821258564213725,20.430708246269422,1.390550317944303,0.0014862866112834861,3.336164040453552,0.8613938512595103,0.010824901602533708
CFAP47,Q6ZTR5,Cilia- and flagella-associated protein 47 OS=Homo sapiens OX=9606 GN=CFAP47 PE=1 SV=5,27.671046672341593,27.833086672569955,-0.1620400002283624,0.11505856732676092,-1.5998813375983925,-0.413087585095108,0.25801962100796794
HMGXB3,A0A8C8PVR7,HMG-box containing 3 OS=Homo sapiens OX=9606 GN=HMGXB3 PE=1 SV=1,25.02988063300635,25.075603811019853,-0.04572317801350323,0.6582667093011755,-0.44459556361204305,-0.11479408091114288,0.7861903211561175
PRRC2B,Q5JSZ5,Protein PRRC2B OS=Homo sapiens OX=9606 GN=PRRC2B PE=1 SV=2,21.4610983865922,21.527000522433664,-0.06590213584146198,0.7746954678813628,-0.2875771598160028,-0.07425210338113385,0.8674481225392674
FLII,Q13045,Protein flightless-1 homolog OS=Homo sapiens OX=9606 GN=FLII PE=1 SV=2,16.710361540213068,16.236842057140993,0.47351948307207437,0.07542916406628891,1.810307825761349,0.4674194707121776,0.196139658851677
WDR54,Q9H977,WD repeat-containing protein 54 OS=Homo sapiens OX=9606 GN=WDR54 PE=1 SV=1,18.772430018797543,18.476485639089585,0.29594437970795795,0.2602340046325479,1.1369516989238408,0.2935596663582843,0.4475394302781113
MUC5B,Q9HC84,Mucin-5B OS=Homo sapiens OX=9606 GN=MUC5B PE=1 SV=3,19.848418639226676,19.098210422273084,0.7502082169535917,0.057866050962001196,1.9350449645066694,0.4996264614464568,0.1612884674821023
HIP1R,O75146,Huntingtin-interacting protein 1-related protein OS=Homo sapiens OX=9606 GN=HIP1R PE=1 SV=2,22.68943965124272,22.904110568118785,-0.21467091687606654,0.25341828969115243,-1.1535450355318606,-0.2978440474476759,0.4428094531121411
RABEP1,Q15276,Rab GTPase-binding effector protein 1 OS=Homo sapiens OX=9606 GN=RABEP1 PE=1 SV=2,21.906579470515414,22.22636072897288,-0.31978125845746774,0.40685241635543634,-0.835522393400027,-0.21573095433477776,0.5864089994054713
TNPO1,Q92973,Transportin-1 OS=Homo sapiens OX=9606 GN=TNPO1 PE=1 SV=2,18.50678251239781,16.829492865003072,1.677289647394737,4.796005194024473e-09,6.872594372472402,1.7744962366549615,2.3218307498130243e-07
CACNA1A,O00555,Voltage-dependent P/Q-type calcium channel subunit alpha-1A OS=Homo sapiens OX=9606 GN=CACNA1A PE=1 SV=3,29.91004114013385,29.963751845367202,-0.053710705233353195,0.5453123862872353,-0.6083774886562395,-0.15708239211820715,0.7011127872716459
SMARCD2,Q92925,SWI/SNF-related matrix-associated actin-dependent regulator of chromatin subfamily D member 2 OS=Homo sapiens OX=9606 GN=SMARCD2 PE=1 SV=3,16.888811527856777,17.759873265670834,-0.8710617378140562,0.004842049734789394,-2.929883741659891,-0.7564927291848422,0.026655564760746965
Unknown,A0A1W2PRG0,glutathione transferase OS=Homo sapiens OX=9606 PE=3 SV=1,23.88885789976955,24.161947234811826,-0.2730893350422754,0.07583937591567118,-1.8077007813720039,-0.46674633474532706,0.19689528826055955
ATP2B3,A0A994J7W3,ATPase plasma membrane Ca2+ transporting 3 (Fragment) OS=Homo sapiens OX=9606 GN=ATP2B3 PE=1 SV=1,17.065115647105777,19.069472893783615,-2.004357246677838,0.00018078644112995591,-4.00155421967444,-1.033196856783008,0.002125532014999339
NUTM2F,A1L443,NUT family member 2F OS=Homo sapiens OX=9606 GN=NUTM2F PE=2 SV=2,25.388711404159547,25.41431820536045,-0.025606801200900975,0.7948725135143492,-0.26118831535367326,-0.06743853303924983,0.8775653786313835
OCEL1,Q9H607,Occludin/ELL domain-containing protein 1 OS=Homo sapiens OX=9606 GN=OCEL1 PE=1 SV=1,18.20841396704483,17.587251185970608,0.6211627810742222,0.008119035456883394,2.741468098552113,0.7078440193234166,0.03807388137330503
COL6A3,P12111,Collagen alpha-3(VI) chain OS=Homo sapiens OX=9606 GN=COL6A3 PE=1 SV=5,18.350620889508185,19.142762687494937,-0.7921417979867513,0.1334619880136484,-1.5219235055739113,-0.3929589594192912,0.28566766225027995
GLUL,P15104,Glutamine synthetase OS=Homo sapiens OX=9606 GN=GLUL PE=1 SV=4,22.037641977519538,21.885113905234505,0.1525280722850333,0.3407109633876022,0.9606601449060803,0.24804138283909688,0.5265823903624349
CCDC80,Q76M96,Coiled-coil domain-containing protein 80 OS=Homo sapiens OX=9606 GN=CCDC80 PE=1 SV=1,20.24816947455191,20.58484842932354,-0.336678954771628,0.04562330488661184,-2.0428245944143137,-0.5274550422259706,0.13669954934063436
ADAM23,E7EWD3,ADAM metallopeptidase domain 23 OS=Homo sapiens OX=9606 GN=ADAM23 PE=1 SV=2,18.54850072126107,17.078337299056823,1.470163422204248,9.710554692670913e-07,5.477944317126721,1.41439914077889,2.337873688783413e-05
GPR182,Q7Z4H2,G protein-coupled receptor 182 OS=Homo sapiens OX=9606 GN=GPR182 PE=2 SV=1,18.455343849171648,19.27936362052076,-0.8240197713491106,0.0027415622068921526,-3.1293163778965534,-0.8079860144404978,0.017547619775971777
NASP,P49321,Nuclear autoantigenic sperm protein OS=Homo sapiens OX=9606 GN=NASP PE=1 SV=2,21.879226751941122,22.21695030498477,-0.33772355304364865,0.20788230165587607,-1.2736095632910576,-0.3288445752131178,0.3844654702534517
LARS1,Q9P2J5,"Leucine--tRNA ligase, cytoplasmic OS=Homo sapiens OX=9606 GN=LARS1 PE=1 SV=2",24.060588438048416,24.175052818088652,-0.11446438004023562,0.37537757661239435,-0.8933200124235058,-0.23065423539666935,0.5581494951255656
BBX,C9IYG9,BBX high mobility group box domain containing (Fragment) OS=Homo sapiens OX=9606 GN=BBX PE=1 SV=1,26.02417279182063,26.032487951048285,-0.008315159227656466,0.953351459471911,-0.058752176542362027,-0.01516974675346708,0.9758809093848044
COPG1,Q9Y678,Coatomer subunit gamma-1 OS=Homo sapiens OX=9606 GN=COPG1 PE=1 SV=1,25.518647280498385,25.563253721597302,-0.044606441098917315,0.746511053585389,-0.3247867606860147,-0.08385958101370591,0.8492578504965496
ELMOD2,Q8IZ81,ELMO domain-containing protein 2 OS=Homo sapiens OX=9606 GN=ELMOD2 PE=1 SV=1,18.940325744181454,18.73460138040933,0.20572436377212355,0.5932320986944131,0.5371306466052576,0.13868653660265226,0.7375075788904863
PLXNB1,O43157,Plexin-B1 OS=Homo sapiens OX=9606 GN=PLXNB1 PE=1 SV=3,20.876109577284875,21.383879222561298,-0.5077696452764222,0.09100727938738416,-1.7186765054455344,-0.44376036554056775,0.22291366349945585
FRAS1,Q86XX4,Extracellular matrix organizing protein FRAS1 OS=Homo sapiens OX=9606 GN=FRAS1 PE=1 SV=2,24.793464666092607,24.802282154788905,-0.00881748869629817,0.948722891910611,-0.06458957210819069,-0.016676955807579046,0.9729581807382341
FLVCR1,Q9Y5Y0,Choline/ethanolamine transporter FLVCR1 OS=Homo sapiens OX=9606 GN=FLVCR1 PE=1 SV=1,19.858101446593558,20.24382938468238,-0.3857279380888201,0.04301699234927577,-2.068952574434558,-0.5342012576585337,0.1313654348922225
DENND11,A4D1U4,DENN domain-containing protein 11 OS=Homo sapiens OX=9606 GN=DENND11 PE=1 SV=1,19.661417700489917,20.1441477846893,-0.4827300841993818,0.36924015945314104,-0.9049414841072956,-0.233654886482652,0.5535239548814846
ADAP1,O75689,Arf-GAP with dual PH domain-containing protein 1 OS=Homo sapiens OX=9606 GN=ADAP1 PE=1 SV=2,19.125723736671024,19.584765910414987,-0.4590421737439634,0.14893468298535187,-1.4627470327856578,-0.37767965984621116,0.30874872568499895
MUC2,Q02817,Mucin-2 OS=Homo sapiens OX=9606 GN=MUC2 PE=1 SV=3,21.534484429822268,20.842616375157135,0.6918680546651323,0.04501327141564144,2.04882202253137,0.5290035715071331,0.13520409625939017
LDHC,P07864,L-lactate dehydrogenase C chain OS=Homo sapiens OX=9606 GN=LDHC PE=1 SV=4,20.70641234543956,20.39890190011653,0.30751044532302885,0.30592590297943356,1.0329271714205845,0.2667006488504705,0.49442976598830524
GGNBP1,Q5YKI7,Putative gametogenetin-binding protein 1 OS=Homo sapiens OX=9606 GN=GGNBP1 PE=5 SV=1,20.18958320435473,19.837380118387934,0.3522030859667957,0.33379841527683096,0.9746155957912844,0.2516446647635776,0.5202372839602897
MYT1,Q01538,Myelin transcription factor 1 OS=Homo sapiens OX=9606 GN=MYT1 PE=1 SV=2,22.679244462566725,23.53769646532458,-0.8584520027578542,0.027892961919489003,-2.255454952831958,-0.5823559646959473,0.09388919288236994
ZC3H7A,Q8IWR0,Zinc finger CCCH domain-containing protein 7A OS=Homo sapiens OX=9606 GN=ZC3H7A PE=1 SV=1,23.327369138068374,22.241594184242608,1.0857749538257657,1.3849165521386106e-05,4.748621088711039,1.226088692935146,0.00023025986311314678
GOLGB1,A0A8J9C4H3,Golgin B1 OS=Homo sapiens OX=9606 GN=GOLGB1 PE=1 SV=1,18.91540284056157,18.751901390236934,0.1635014503246346,0.5450151072389242,0.6088289843231238,0.15719896779812234,0.7011127872716459
Unknown,V9GYY9,SUZ domain-containing protein (Fragment) OS=Homo sapiens OX=9606 PE=4 SV=1,19.463358616309414,19.801465308376887,-0.33810669206747335,0.1950343182486596,-1.3109715191631266,-0.3384913907380685,0.36882863073613764
CDC5L,Q99459,Cell division cycle 5-like protein OS=Homo sapiens OX=9606 GN=CDC5L PE=1 SV=2,16.938750467743965,17.34424926340993,-0.4054987956659666,0.3497237770227065,-0.9427410886672941,-0.24341470241292532,0.5325211121817816
SIK2,Q9H0K1,Serine/threonine-protein kinase SIK2 OS=Homo sapiens OX=9606 GN=SIK2 PE=1 SV=1,21.32443413113824,21.567361902159366,-0.24292777102112595,0.022700530296432847,-2.3408298402756276,-0.6043996658461915,0.07994675790330803
ASAP1,Q9ULH1,"Arf-GAP with SH3 domain, ANK repeat and PH domain-containing protein 1 OS=Homo sapiens OX=9606 GN=ASAP1 PE=1 SV=4",16.92854190018874,16.676152090765278,0.25238980942346245,0.33088460691147403,0.9805554025523305,0.2531783162745924,0.5188330042588765
NSD3,Q9BZ95,Histone-lysine N-methyltransferase NSD3 OS=Homo sapiens OX=9606 GN=NSD3 PE=1 SV=1,24.147128585987844,24.220749782815187,-0.07362119682734303,0.5011247649532461,-0.6769564109047804,-0.1747893937028373,0.6684370851807481
BECN2,A8MW95,Beclin-2 OS=Homo sapiens OX=9606 GN=BECN2 PE=1 SV=2,20.259300952246136,20.444007268631868,-0.1847063163857321,0.3367533749398496,-0.9686268444885716,-0.2500983758262453,0.522413030530563
RNF214,Q8ND24,RING finger protein 214 OS=Homo sapiens OX=9606 GN=RNF214 PE=1 SV=2,20.5737187804443,21.708078353033024,-1.1343595725887248,0.0015102708034494298,-3.330847821329008,-0.8600212093839001,0.01086642442189964
RCC1,M0R1Q8,Regulator of chromosome condensation 1 (Fragment) OS=Homo sapiens OX=9606 GN=RCC1 PE=1 SV=1,18.61113934458771,17.364080073121837,1.2470592714658721,1.184235623436133e-05,4.792571840279433,1.2374367281936585,0.00019890324858937497
GRIP2,A0A087WX15,Glutamate receptor interacting protein 2 OS=Homo sapiens OX=9606 GN=GRIP2 PE=1 SV=1,22.759428328128244,22.69910607931235,0.06032224881589343,0.9226033750987143,0.09757856286170308,0.025194676594015305,0.9606870065821366
FBXO24,O75426,F-box only protein 24 OS=Homo sapiens OX=9606 GN=FBXO24 PE=1 SV=2,19.520981141566914,18.787269870127705,0.7337112714392084,0.009130807086030646,2.6975724095996054,0.6965102011711923,0.04151742669504542
DNAH17,Q9UFH2,Dynein axonemal heavy chain 17 OS=Homo sapiens OX=9606 GN=DNAH17 PE=1 SV=3,20.169357635033442,19.314893974523066,0.8544636605103761,0.05839551382641876,1.9308417448673725,0.4985411948022269,0.16220757750351616
ERVK-19,O71037,Endogenous retrovirus group K member 19 Env polyprotein OS=Homo sapiens OX=9606 GN=ERVK-19 PE=1 SV=2,19.152240674750296,19.821747974753748,-0.6695073000034526,0.037541754385845845,-2.128652483924576,-0.5496157080068623,0.11770233851257572
FRMPD3,Q5JV73,FERM and PDZ domain-containing protein 3 OS=Homo sapiens OX=9606 GN=FRMPD3 PE=1 SV=3,21.61217149506622,21.229689241822076,0.3824822532441452,0.13869635169833988,1.5013250319478322,0.3876404563985515,0.29306058394796847
TRAPPC10,P48553,Trafficking protein particle complex subunit 10 OS=Homo sapiens OX=9606 GN=TRAPPC10 PE=1 SV=2,19.123870440461168,19.699190297957404,-0.5753198574962362,0.04733460549204547,-2.026362637308257,-0.5232045831781214,0.13937882046494962
GCC2,Q8IWJ2,GRIP and coiled-coil domain-containing protein 2 OS=Homo sapiens OX=9606 GN=GCC2 PE=1 SV=4,22.65678309500381,22.231564747268532,0.425218347735278,0.0012890978256396316,3.3832308627198344,0.8735464525125914,0.009736201584068354
HARBI1,E9PQI1,Harbinger transposase derived 1 (Fragment) OS=Homo sapiens OX=9606 GN=HARBI1 PE=1 SV=8,21.309330534889675,22.81516033830523,-1.5058298034155548,4.142367691306386e-07,-5.7057741206573445,-1.473224543101811,1.0997318096597277e-05
MED1,Q15648,Mediator of RNA polymerase II transcription subunit 1 OS=Homo sapiens OX=9606 GN=MED1 PE=1 SV=4,19.25878467329271,20.003060696510037,-0.7442760232173278,0.10960892310596251,-1.624887848241015,-0.4195442383794837,0.2533936621241774
FGF2,A0A0A0MQV6,Fibroblast growth factor OS=Homo sapiens OX=9606 GN=FGF2 PE=1 SV=1,17.878067442859916,16.889902546905905,0.9881648959540108,2.944095753201416e-07,5.796487137855534,1.4966465434279987,8.81087565412642e-06
IREB2,H0YLE0,Iron responsive element binding protein 2 (Fragment) OS=Homo sapiens OX=9606 GN=IREB2 PE=1 SV=1,20.129506412642957,20.085247682014327,0.044258730628630616,0.8530234425922282,0.1860900812730929,0.048048252377671574,0.915901230598048
APBB2,Q92870,Amyloid beta precursor protein binding family B member 2 OS=Homo sapiens OX=9606 GN=APBB2 PE=1 SV=3,19.357009664157147,20.645218552328643,-1.2882088881714964,0.0046423912871940325,-2.944915313203387,-0.7603738642685279,0.02581545965784249
RPL10A,P62906,Large ribosomal subunit protein uL1 OS=Homo sapiens OX=9606 GN=RPL10A PE=1 SV=2,19.063415774975333,17.874530888647403,1.18888488632793,0.0005033323768474598,3.68587316865257,0.9516883598949443,0.004814835686073909
TRMT13,Q9NUP7,tRNA:m(4)X modification enzyme TRM13 homolog OS=Homo sapiens OX=9606 GN=TRMT13 PE=1 SV=2,19.10765957114915,17.94848977121997,1.159169799929181,0.002785488492443337,3.123844038122348,0.8065730623864787,0.017702370882477735
CRK,I3L297,"CRK proto-oncogene, adaptor protein OS=Homo sapiens OX=9606 GN=CRK PE=1 SV=1",17.683492787501184,18.58518453033873,-0.9016917428375457,0.0051956299974784325,-2.9046222168559526,-0.7499702315271449,0.02811779990470258
CPNE1,B0QZ18,Copine 1 OS=Homo sapiens OX=9606 GN=CPNE1 PE=1 SV=1,17.955458045151552,20.906297628244822,-2.95083958309327,2.5417975864387867e-08,-6.439674531213014,-1.6627168142922704,1.1307564398049306e-06
IFNAR1,P17181,Interferon alpha/beta receptor 1 OS=Homo sapiens OX=9606 GN=IFNAR1 PE=1 SV=3,18.6149440093485,18.27634354837389,0.3386004609746074,0.1599122296336087,1.4236261937058894,0.3675787026298376,0.32455675706155357
SYNE1,Q8NF91,Nesprin-1 OS=Homo sapiens OX=9606 GN=SYNE1 PE=1 SV=4,19.84564815019906,20.30149389656956,-0.4558457463704997,0.07716238630691796,-1.7993722156492566,-0.46459590832252745,0.19845201228310463
G3BP2,Q9UN86,Ras GTPase-activating protein-binding protein 2 OS=Homo sapiens OX=9606 GN=G3BP2 PE=1 SV=2,24.72959368107606,25.084680995824964,-0.35508731474890354,0.4950279287581243,-0.686668511616872,-0.17729704732381202,0.6639427060005993
ZNF491,Q8N8L2,Zinc finger protein 491 OS=Homo sapiens OX=9606 GN=ZNF491 PE=1 SV=1,18.383338960478437,19.898997468008236,-1.5156585075297997,3.339214903224173e-08,-6.368546403893383,-1.6443516107885474,1.40931993095051e-06
PARP6,Q2NL67,Protein mono-ADP-ribosyltransferase PARP6 OS=Homo sapiens OX=9606 GN=PARP6 PE=1 SV=1,20.975077941807495,19.486877126102357,1.488200815705138,5.3609035673586495e-05,4.361772115034741,1.1262047174320968,0.0007353372726560282
CLMN,Q96JQ2,Calmin OS=Homo sapiens OX=9606 GN=CLMN PE=1 SV=1,19.717339861583653,20.156494745841812,-0.4391548842581585,0.1596169330364862,-1.4246507600005842,-0.36784324450960015,0.32455675706155357
ALDH3B1,P43353,Aldehyde dehydrogenase family 3 member B1 OS=Homo sapiens OX=9606 GN=ALDH3B1 PE=1 SV=1,25.38031616213205,25.424681433624844,-0.04436527149279357,0.6780095811736492,-0.4172863409619109,-0.10774286994302074,0.7988573876963683
XPA,P23025,DNA repair protein complementing XP-A cells OS=Homo sapiens OX=9606 GN=XPA PE=1 SV=1,22.326974126458577,22.307577621292193,0.019396505166383804,0.8791984101200376,0.15265725159799093,0.0394159328744543,0.9316474072329263
PARP14,Q460N5,Protein mono-ADP-ribosyltransferase PARP14 OS=Homo sapiens OX=9606 GN=PARP14 PE=1 SV=3,23.898967083177137,23.903519341701717,-0.004552258524579855,0.9708839799772924,-0.03665749186537294,-0.009464923700554883,0.9864660685448291
OR5K2,Q8NHB8,Olfactory receptor 5K2 OS=Homo sapiens OX=9606 GN=OR5K2 PE=1 SV=3,23.69530617951484,23.826908763676336,-0.13160258416149517,0.3955507358837984,-0.855944769885977,-0.2210039892694486,0.5752600198741566
CTSV,A0A7P0T8X8,Cathepsin V OS=Homo sapiens OX=9606 GN=CTSV PE=1 SV=1,21.840817885160227,21.121551276966763,0.7192666081934647,0.002092570386590524,3.2215009022684127,0.8317879562851821,0.014174365663901246
RASGRP4,Q8TDF6,RAS guanyl-releasing protein 4 OS=Homo sapiens OX=9606 GN=RASGRP4 PE=1 SV=2,16.9217780456743,15.828537934021552,1.093240111652749,0.00019341890098922731,3.9811105573892642,1.02791832587861,0.0022263462309669102
TCF7,P36402,Transcription factor 7 OS=Homo sapiens OX=9606 GN=TCF7 PE=1 SV=3,22.580098795099463,22.495626862545336,0.084471932554127,0.5719514788642829,0.568409109137659,0.1467626009015165,0.7214296721828747
CCDC144A,A0A8V8TL21,Coiled-coil domain containing 144A OS=Homo sapiens OX=9606 GN=CCDC144A PE=1 SV=1,23.78327580770334,24.012433217986928,-0.22915741028358738,0.26662721909042336,-1.1216652005697134,-0.2896127094551268,0.4510466625106237
TSPAN6,O43657,Tetraspanin-6 OS=Homo sapiens OX=9606 GN=TSPAN6 PE=1 SV=1,16.227089019926833,15.626975710777232,0.6001133091496005,0.034304242611501015,2.167632326547348,0.5596802600945809,0.11115114830419423
TRIM6,E9PFM0,Tripartite motif containing 6 OS=Homo sapiens OX=9606 GN=TRIM6 PE=1 SV=1,23.297164463991756,23.505162348666058,-0.20799788467430247,0.4510791851894912,-0.7587422752179641,-0.19590641306551335,0.6270915023833636
SERF2,F8WBV6,Small EDRK-rich factor 2 OS=Homo sapiens OX=9606 GN=SERF2 PE=1 SV=1,17.56439967831767,17.7154784993829,-0.15107882106523007,0.5799674807611804,-0.5565626315206484,-0.14370385353338977,0.7287224987274069
ASTE1,D6RG30,Asteroid homolog 1 OS=Homo sapiens OX=9606 GN=ASTE1 PE=1 SV=1,19.81304533923175,19.166928965679006,0.6461163735527435,0.009517984785401517,2.6819468693699475,0.6924757040321952,0.04245691858203495
MYBL1,P10243,Myb-related protein A OS=Homo sapiens OX=9606 GN=MYBL1 PE=1 SV=2,26.561989827644855,26.56557890640632,-0.003589078761464748,0.985054424704679,-0.018813539188620405,-0.004857634930716496,0.9928962541726281
PALMD,Q9NP74,Palmdelphin OS=Homo sapiens OX=9606 GN=PALMD PE=1 SV=1,21.310320760157857,21.61899068090161,-0.3086699207437533,0.015246803542086365,-2.5005782358370974,-0.6456465242190533,0.059808521610097296
BEND5,Q7L4P6,BEN domain-containing protein 5 OS=Homo sapiens OX=9606 GN=BEND5 PE=1 SV=1,20.844197302162062,20.068928262887052,0.7752690392750097,0.015000149238272996,2.506989201380998,0.6473018284046959,0.05935155203412825
ZNF528,Q3MIS6,Zinc finger protein 528 OS=Homo sapiens OX=9606 GN=ZNF528 PE=1 SV=1,22.392013406285564,22.118477394932697,0.2735360113528671,0.10059216929459845,1.6685734748505738,0.4308238186679808,0.23866684939984198
MID1,A0A6Q8PF94,E3 ubiquitin-protein ligase Midline-1 OS=Homo sapiens OX=9606 GN=MID1 PE=1 SV=1,19.685811189075757,18.866847225316636,0.8189639637591206,0.0008864542845321861,3.5053945235018573,0.9050889740939584,0.007332179659999891
DCAF13,A0A087WT20,DDB1- and CUL4-associated factor 13 OS=Homo sapiens OX=9606 GN=DCAF13 PE=1 SV=1,23.978626138812796,23.780685694764426,0.19794044404837052,0.27499405929697734,1.102045493059593,0.2845469227588497,0.46177627581291886
RASAL3,Q86YV0,RAS protein activator like-3 OS=Homo sapiens OX=9606 GN=RASAL3 PE=1 SV=2,18.64524409440328,18.40131391582727,0.2439301785760115,0.260747456644416,1.1357142442484038,0.29324015693497407,0.4475394302781113
SAFB2,Q14151,Scaffold attachment factor B2 OS=Homo sapiens OX=9606 GN=SAFB2 PE=1 SV=1,23.707202523005645,23.693957176830065,0.013245346175580153,0.8677974153029817,0.16719598993522833,0.04316981897145348,0.9241765366292072
IGHE,P01854,Immunoglobulin heavy constant epsilon OS=Homo sapiens OX=9606 GN=IGHE PE=1 SV=2,23.603302760262057,24.11806096225495,-0.514758201992894,0.17521686420211574,-1.3724204243765772,-0.35435742984035995,0.34664297893832036
IZUMO3,Q5VZ72,Izumo sperm-egg fusion protein 3 OS=Homo sapiens OX=9606 GN=IZUMO3 PE=1 SV=4,25.446669300004924,25.621462150482994,-0.17479285047807025,0.22278247888982808,-1.2323722697134587,-0.3181971517952041,0.40429984592354684
OVCH2,A0A087X1V8,Ovochymase 2 OS=Homo sapiens OX=9606 GN=OVCH2 PE=1 SV=2,18.04055009346707,18.356052778069436,-0.3155026846023681,0.33609966123592283,-0.9699487118082907,-0.2504396805005898,0.5222018591819074
RYR3,Q15413,Ryanodine receptor 3 OS=Homo sapiens OX=9606 GN=RYR3 PE=1 SV=3,22.83982435870491,22.738781977519523,0.10104238118538689,0.6610861832886139,0.44067538780006693,0.11378189586887695,0.7877483249167183
ATP2A2,P16615,Sarcoplasmic/endoplasmic reticulum calcium ATPase 2 OS=Homo sapiens OX=9606 GN=ATP2A2 PE=1 SV=1,25.82577845266679,26.161599129597903,-0.33582067693111384,0.00846692647538331,-2.725835448620694,-0.7038076864673181,0.03925791824924205
RAPGEF4,Q8WZA2,Rap guanine nucleotide exchange factor 4 OS=Homo sapiens OX=9606 GN=RAPGEF4 PE=1 SV=1,24.224755497730364,24.002833087295578,0.2219224104347859,0.45470945148804687,0.7526413186444431,0.19433115285183453,0.6298601368062046
CUL4B,Q13620,Cullin-4B OS=Homo sapiens OX=9606 GN=CUL4B PE=1 SV=4,27.674745252853352,28.03313608125214,-0.35839082839878955,0.3432007156329214,-0.9556793638952601,-0.24675535071202934,0.5273247635999928
FSTL1,Q12841,Follistatin-related protein 1 OS=Homo sapiens OX=9606 GN=FSTL1 PE=1 SV=1,18.03664944180792,17.515369323048944,0.5212801187589768,0.22688611918665147,1.221373404750818,0.31535725707337126,0.40814705156418396
COG2,Q14746,Conserved oligomeric Golgi complex subunit 2 OS=Homo sapiens OX=9606 GN=COG2 PE=1 SV=1,19.258168746336107,18.431806880675637,0.8263618656604699,0.027885685611163103,2.2555643507800407,0.5823842111246827,0.09388919288236994
PCMT1,F6S8N6,Protein-L-isoaspartate(D-aspartate) O-methyltransferase OS=Homo sapiens OX=9606 GN=PCMT1 PE=1 SV=1,18.725307863495953,17.31430075743274,1.411007106063213,7.207025103809024e-11,7.957841969067323,2.0547059611965452,5.1577231829868065e-09
DYSF,O75923,Dysferlin OS=Homo sapiens OX=9606 GN=DYSF PE=1 SV=1,20.071824542147574,19.760792120745556,0.31103242140201814,0.22468611567529617,1.2272517020288247,0.31687502690415636,0.40607650360950054
BUD13,Q9BRD0,BUD13 homolog OS=Homo sapiens OX=9606 GN=BUD13 PE=1 SV=1,24.131205891540223,23.200104236735978,0.9311016548042446,0.22752564810343318,1.2196724470797213,0.3149180716911872,0.4086970515270643
PRDM16,Q9HAZ2,Histone-lysine N-methyltransferase PRDM16 OS=Homo sapiens OX=9606 GN=PRDM16 PE=1 SV=3,19.52868128239732,19.53006028219909,-0.0013789998017728067,0.9961777441962938,-0.004811198306695482,-0.001242246061142195,0.9977624409044076
ZSWIM8,A7E2V4,Zinc finger SWIM domain-containing protein 8 OS=Homo sapiens OX=9606 GN=ZSWIM8 PE=1 SV=1,20.314961560863402,19.550811544727868,0.7641500161355346,0.002750477461847338,3.128199101973321,0.8076975350375778,0.017547619775971777
CCDC40,Q4G0X9,Coiled-coil domain-containing protein 40 OS=Homo sapiens OX=9606 GN=CCDC40 PE=1 SV=2,27.666711083269245,27.85858347058217,-0.19187238731292666,0.011738927659427419,-2.6021732401999116,-0.6718782415493899,0.04941758293457169
Unknown,Q6ZRG5,Putative uncharacterized protein FLJ43944 OS=Homo sapiens OX=9606 PE=5 SV=1,18.677459519923232,19.81957718068709,-1.1421176607638586,0.011451359080844334,-2.6116842472233484,-0.6743339730032188,0.048831443127123765
CEP192,Q8TEP8,Centrosomal protein of 192 kDa OS=Homo sapiens OX=9606 GN=CEP192 PE=1 SV=3,24.242824675644254,24.165851894598124,0.07697278104613048,0.7359228377341276,0.33888152915449066,0.08749883458350971,0.8417852612302807
GJC1,P36383,Gap junction gamma-1 protein OS=Homo sapiens OX=9606 GN=GJC1 PE=1 SV=2,19.4731449556806,19.38457388861239,0.08857106706820872,0.7581594683261808,0.3093558896708221,0.07987534724975155,0.8582740611175333
MICALL1,A0A7P0T9P2,MICAL like 1 OS=Homo sapiens OX=9606 GN=MICALL1 PE=1 SV=1,18.478530059055227,18.342801968548418,0.13572809050680945,0.7424976537778455,0.3301214378695061,0.08523698873964292,0.846951585667591
DYNC2H1,Q8NCM8,Cytoplasmic dynein 2 heavy chain 1 OS=Homo sapiens OX=9606 GN=DYNC2H1 PE=1 SV=4,25.307213110336413,25.488307148135366,-0.18109403779895317,0.11161788701391578,-1.6155547247397746,-0.41713443625359026,0.2544640471259077
SNX30,Q5VWJ9,Sorting nexin-30 OS=Homo sapiens OX=9606 GN=SNX30 PE=1 SV=1,20.57283414717352,20.388114628239137,0.18471951893438288,0.18897831171397328,1.3292265420931328,0.343204817390905,0.36211676493736905
RBM12B,Q8IXT5,RNA-binding protein 12B OS=Homo sapiens OX=9606 GN=RBM12B PE=1 SV=2,15.001997666637612,17.016680184244642,-2.0146825176070298,0.0163944277469458,-2.4719284586915538,-0.6382491835685704,0.06290262953723261
PRPS1,P60891,Ribose-phosphate pyrophosphokinase 1 OS=Homo sapiens OX=9606 GN=PRPS1 PE=1 SV=2,21.10709900371533,21.740694636728026,-0.6335956330126962,0.021873311979017093,-2.3560099797178884,-0.6083191609963905,0.07832200795142497
CD6,P30203,T-cell differentiation antigen CD6 OS=Homo sapiens OX=9606 GN=CD6 PE=1 SV=3,19.42693293437271,19.036575292984033,0.3903576413886789,0.27305012297818243,1.1065660897959806,0.2857141358171796,0.4595506159735054
TRIM36,E9PBG3,RING-type E3 ubiquitin transferase OS=Homo sapiens OX=9606 GN=TRIM36 PE=1 SV=1,23.02001030123835,22.81042503585653,0.20958526538182198,0.12119278802261675,1.5728520066524805,0.406108641854265,0.2666046487291391
ASXL2,Q76L83,Putative Polycomb group protein ASXL2 OS=Homo sapiens OX=9606 GN=ASXL2 PE=1 SV=1,19.01083491313875,19.345167300802764,-0.33433238766401274,0.2325707331513164,-1.206374966421605,-0.31148467694882714,0.4165521509978964
CCDC7,Q96M83,Coiled-coil domain-containing protein 7 OS=Homo sapiens OX=9606 GN=CCDC7 PE=1 SV=3,24.00527917031569,23.711715231639506,0.2935639386761828,0.14418881000760528,1.480361178827875,0.382227612798156,0.30118627065040393
LYST,Q99698,Lysosomal-trafficking regulator OS=Homo sapiens OX=9606 GN=LYST PE=1 SV=3,22.216310351951755,21.08239651091159,1.1339138410401652,0.0010374482267006314,3.4543655287511097,0.8919133443044017,0.008289513500724462
CFAP46,Q8IYW2,Cilia- and flagella-associated protein 46 OS=Homo sapiens OX=9606 GN=CFAP46 PE=1 SV=3,27.23970235784492,27.10792862989005,0.13177372795486875,0.47002582654741887,0.7272046357813046,0.18776342957772152,0.644181940463823
RAG1,P15918,V(D)J recombination-activating protein 1 OS=Homo sapiens OX=9606 GN=RAG1 PE=1 SV=2,22.96190035532011,23.554023050862444,-0.5921226955423329,0.008385290747080193,-2.7294501211583446,-0.7047409909033391,0.03898923324772315
SCN8A,Q9UQD0,Sodium channel protein type 8 subunit alpha OS=Homo sapiens OX=9606 GN=SCN8A PE=1 SV=1,20.271487123973596,19.98280776860139,0.28867935537220646,0.31823110067661664,1.0067616801968042,0.25994474806680135,0.5077483118272212
SYBU,A0A0C4DG86,Syntabulin OS=Homo sapiens OX=9606 GN=SYBU PE=1 SV=1,19.7231645221906,19.592466810723995,0.13069771146660614,0.6975220447946897,0.39060257039689467,0.10085315000886555,0.814270415412808
GP2,P55259,Pancreatic secretory granule membrane major glycoprotein GP2 OS=Homo sapiens OX=9606 GN=GP2 PE=1 SV=3,24.260491101587952,23.991462906682482,0.26902819490547003,0.0032128605109696356,3.0744539605992953,0.7938205992055004,0.019387986043587754
GCOM1,H8Y6P7,"GCOM1, MYZAP-POLR2M combined locus OS=Homo sapiens OX=9606 GN=GCOM1 PE=2 SV=1",20.5737187804443,21.708078353033024,-1.1343595725887248,0.0015102708034494298,-3.330847821329008,-0.8600212093839001,0.01086642442189964
APRT,P07741,Adenine phosphoribosyltransferase OS=Homo sapiens OX=9606 GN=APRT PE=1 SV=2,19.17802855912889,19.491269050413074,-0.3132404912841835,0.09786741685802625,-1.6824031663939256,-0.43439462967002,0.23414210486673137
UNC79,A0A8Q3SHI5,"Unc-79 homolog, NALCN channel complex subunit OS=Homo sapiens OX=9606 GN=UNC79 PE=1 SV=1",19.10794775603027,20.050767926087417,-0.9428201700571464,0.007337203153311313,-2.778975731610029,-0.7175284485360143,0.03558329676947199
ZMYM2,Q9UBW7,Zinc finger MYM-type protein 2 OS=Homo sapiens OX=9606 GN=ZMYM2 PE=1 SV=1,18.93013772989503,18.653463876580393,0.27667385331463734,0.41529475440547337,0.8204927093500451,0.21185030659982187,0.594413187609921
MYOZ2,Q9NPC6,Myozenin-2 OS=Homo sapiens OX=9606 GN=MYOZ2 PE=1 SV=1,24.94133442419636,24.699044853291916,0.24228957090444325,0.09288819280333085,1.7085131244630227,0.4411361918548057,0.22617450496195649
UVRAG,Q9P2Y5,UV radiation resistance-associated gene protein OS=Homo sapiens OX=9606 GN=UVRAG PE=1 SV=1,22.359647568221643,22.028044756964427,0.33160281125721625,0.1109722954603595,1.6185390291318689,0.41790498033429657,0.2544640471259077
TMEM214,H7C085,Transmembrane protein 214 (Fragment) OS=Homo sapiens OX=9606 GN=TMEM214 PE=1 SV=1,18.862876358853022,20.561116623408672,-1.6982402645556505,3.1927412699307663e-07,-5.7749766671986285,-1.4910925637864467,9.060779535010417e-06
SPART-AS1,P0CW21,Putative uncharacterized protein SPART-AS1 OS=Homo sapiens OX=9606 GN=SPART-AS1 PE=5 SV=1,22.005666647377527,22.097891647786632,-0.09222500040910475,0.3943407935832608,-0.8581524155139078,-0.22157400091953544,0.5744297168297867
SHISA7,A6NL88,Protein shisa-7 OS=Homo sapiens OX=9606 GN=SHISA7 PE=1 SV=3,27.1464631694583,26.880423438649196,0.2660397308091049,0.15454825660989965,1.4424710863505665,0.37244443298809765,0.31798303797486854
TTLL11,Q8NHH1,Tubulin polyglutamylase TTLL11 OS=Homo sapiens OX=9606 GN=TTLL11 PE=1 SV=3,21.133563064951886,21.562433667816233,-0.42887060286434675,0.0024013997610881598,-3.1747141141635935,-0.8197076595416821,0.015723040465299612
FAM184A,Q8NB25,Protein FAM184A OS=Homo sapiens OX=9606 GN=FAM184A PE=1 SV=3,18.076293247096213,17.07626362505147,1.0000296220447424,0.0001004156424422744,4.177533260391236,1.0786344497148552,0.0012521526322726035
DDX46,A0A0C4DG89,RNA helicase OS=Homo sapiens OX=9606 GN=DDX46 PE=1 SV=1,25.380254263142113,25.303248370964262,0.07700589217785136,0.3519366859069608,0.9383876351651176,0.24229064555209742,0.5339057926293618
MAST2,Q6P0Q8,Microtubule-associated serine/threonine-protein kinase 2 OS=Homo sapiens OX=9606 GN=MAST2 PE=1 SV=2,24.484766042681585,23.78707445061305,0.6976915920685336,0.19251489714935663,1.3185132951631295,0.34043866892799096,0.3660654696748998
ALDH9A1,P49189,4-trimethylaminobutyraldehyde dehydrogenase OS=Homo sapiens OX=9606 GN=ALDH9A1 PE=1 SV=3,18.43208471588577,17.883957078166006,0.5481276377197659,0.09261639450419723,1.709971222931802,0.44151267126058663,0.22612191853241062
EXOC5,O00471,Exocyst complex component 5 OS=Homo sapiens OX=9606 GN=EXOC5 PE=1 SV=1,17.517934856287134,19.25651344898357,-1.7385785926964346,0.04632179374907063,-2.0360420751850374,-0.5257038032912825,0.13737959010985634
KMT2A,Q03164,Histone-lysine N-methyltransferase 2A OS=Homo sapiens OX=9606 GN=KMT2A PE=1 SV=5,25.077750892132077,25.070471393087633,0.0072794990444435825,0.9239170907773524,0.09591706172274747,0.024765678844623325,0.9606870065821366
ZNF385A,Q96PM9,Zinc finger protein 385A OS=Homo sapiens OX=9606 GN=ZNF385A PE=1 SV=2,20.2840229264201,20.16230662734352,0.12171629907658144,0.6150114585046834,0.5056604398259087,0.13056096415211083,0.7548910221466882
WDR17,Q8IZU2,WD repeat-containing protein 17 OS=Homo sapiens OX=9606 GN=WDR17 PE=1 SV=2,21.026897171086333,20.91648999082118,0.1104071802651525,0.5709988132248983,0.5698223570162647,0.14712749993471003,0.7214296721828747
TRIM22,Q8IYM9,E3 ubiquitin-protein ligase TRIM22 OS=Homo sapiens OX=9606 GN=TRIM22 PE=1 SV=1,22.759603928510995,16.891513017783282,5.868090910727712,2.851106743961446e-25,17.880481341955143,4.616720430637648,1.56430723352018e-22
HLA-DPB1,A0A140T9Q1,"Major histocompatibility complex, class II, DP beta 1 (Fragment) OS=Homo sapiens OX=9606 GN=HLA-DPB1 PE=1 SV=1",23.120833662008454,22.896794391090626,0.22403927091782805,0.3374998976552581,0.9671193782267878,0.2497091497111214,0.5226009704050375
DKK2,Q9UBU2,Dickkopf-related protein 2 OS=Homo sapiens OX=9606 GN=DKK2 PE=1 SV=1,25.46370418467232,25.02983665313727,0.43386753153505,0.13228167513239872,1.5266566181429748,0.39418104382967184,0.2843223275671547
CEP126,Q9P2H0,Centrosomal protein of 126 kDa OS=Homo sapiens OX=9606 GN=CEP126 PE=1 SV=4,20.45486631275583,20.395023243865623,0.0598430688902063,0.6702870146322384,0.42792985826295105,0.110491014293154,0.7943070022207807
OSBPL8,F8VZ43,Oxysterol binding protein like 8 (Fragment) OS=Homo sapiens OX=9606 GN=OSBPL8 PE=1 SV=1,17.585341803490135,18.644302749794097,-1.0589609463039622,0.0013185707799324715,-3.3757798908807533,-0.8716226198562033,0.00991035389848789
PLEKHO2,Q8TD55,Pleckstrin homology domain-containing family O member 2 OS=Homo sapiens OX=9606 GN=PLEKHO2 PE=1 SV=1,18.476778340922998,18.53300946038421,-0.05623111946121284,0.8033908701785566,-0.25010376907720616,-0.06457651549731501,0.8825805876986877
RS1,O15537,Retinoschisin OS=Homo sapiens OX=9606 GN=RS1 PE=1 SV=2,21.243877200612484,21.582497575625005,-0.3386203750125212,0.02694208028823782,-2.2699699762493863,-0.5861037276269812,0.09219680697388659
SLC25A51,Q9H1U9,Mitochondrial nicotinamide adenine dinucleotide transporter SLC25A51 OS=Homo sapiens OX=9606 GN=SLC25A51 PE=1 SV=1,18.624506003991467,18.432096318876177,0.19240968511529033,0.3890573767336979,0.8678421448429878,0.2240758782742545,0.569740606853796
LMBR1,F8WDW0,Limb development membrane protein 1 OS=Homo sapiens OX=9606 GN=LMBR1 PE=1 SV=1,23.035292552707446,22.970549198813398,0.06474335389404828,0.6752959164918635,0.4210208872746074,0.10870712565466831,0.7962299989581715
FAXDC2,Q96IV6,Fatty acid hydroxylase domain-containing protein 2 OS=Homo sapiens OX=9606 GN=FAXDC2 PE=1 SV=1,17.90971222486356,15.667862647009299,2.2418495778542624,3.632151945482538e-07,5.740730500294517,1.482250241513709,9.800855905351242e-06
GALNT15,Q8N3T1,Polypeptide N-acetylgalactosaminyltransferase 15 OS=Homo sapiens OX=9606 GN=GALNT15 PE=1 SV=2,25.84543538985643,26.28880005015375,-0.4433646602973198,0.012448301312540044,-2.5795882581510288,-0.666046824259409,0.05174218171828513
LRRC23,Q53EV4,Leucine-rich repeat-containing protein 23 OS=Homo sapiens OX=9606 GN=LRRC23 PE=1 SV=2,17.314303660262674,17.60920591545375,-0.2949022551910758,0.22669910284809844,-1.22187147564156,-0.31548585842437626,0.40814705156418396
PHLDA1,Q8WV24,Pleckstrin homology-like domain family A member 1 OS=Homo sapiens OX=9606 GN=PHLDA1 PE=1 SV=4,21.629826028024443,22.749491132723254,-1.1196651046988109,1.0853288694326719e-10,-7.8518444584260845,-2.0273375216330147,7.145805276344712e-09
ERI2,A8K979,ERI1 exoribonuclease 2 OS=Homo sapiens OX=9606 GN=ERI2 PE=1 SV=2,23.756333908705514,23.8143202868976,-0.057986378192087074,0.7640825156874576,-0.30153834887596626,-0.07785686689596662,0.8626061871204082
DNAH11,Q96DT5,Dynein axonemal heavy chain 11 OS=Homo sapiens OX=9606 GN=DNAH11 PE=1 SV=4,18.574388668321046,22.49919173650026,-3.924803068179216,4.605877715710361e-19,-13.159946680307215,-3.397883621987162,1.2635457866765425e-16
LRRC9,H3BUS4,Leucine rich repeat containing 9 OS=Homo sapiens OX=9606 GN=LRRC9 PE=4 SV=2,22.157984885699047,21.05496325087849,1.103021634820557,1.0753110523215654e-06,5.450513176366508,1.4073164506901052,2.4515362803000216e-05
HTR7,P34969,5-hydroxytryptamine receptor 7 OS=Homo sapiens OX=9606 GN=HTR7 PE=1 SV=2,19.247932304201644,18.69171800379254,0.5562143004091027,0.0064629650150407015,2.825548344119276,0.7295534453785267,0.03326624246609591
DDX55,Q8NHQ9,ATP-dependent RNA helicase DDX55 OS=Homo sapiens OX=9606 GN=DDX55 PE=1 SV=3,26.406575611985275,26.34962687544256,0.05694873654271504,0.6952415478533267,0.39370631703712916,0.10165453394543059,0.8121842354624383
STXBP5,Q5T5C0,Syntaxin-binding protein 5 OS=Homo sapiens OX=9606 GN=STXBP5 PE=1 SV=1,22.867438830785396,22.5867602487754,0.2806785820099975,0.15039870545881318,1.4574022384511018,0.37629963988310183,0.3106101244481888
CDADC1,Q9BWV3,Cytidine and dCMP deaminase domain-containing protein 1 OS=Homo sapiens OX=9606 GN=CDADC1 PE=1 SV=1,27.395031836531313,27.213512555437987,0.18151928109332616,0.1772548372858617,1.3658642478333827,0.3526646323359207,0.34824392142438787
FARP2,O94887,"FERM, ARHGEF and pleckstrin domain-containing protein 2 OS=Homo sapiens OX=9606 GN=FARP2 PE=1 SV=3",24.19463149486608,24.271314685105427,-0.076683190239347,0.39862956136025374,-0.8503459854907862,-0.21955838935467656,0.578100667840509
SKP2,D6RHY6,S-phase kinase associated protein 2 OS=Homo sapiens OX=9606 GN=SKP2 PE=1 SV=1,22.775024786259795,21.983976725560435,0.7910480606993602,0.003161704519167097,3.080030367701485,0.795260421328064,0.019274687550181635
FAHD1,Q6P587,"Oxaloacetate tautomerase FAHD1, mitochondrial OS=Homo sapiens OX=9606 GN=FAHD1 PE=1 SV=3",29.654314070500448,29.687865923512344,-0.03355185301189678,0.8912536807401565,-0.13731971333197737,-0.035455797522715,0.9385819312209198
RIOK2,Q9BVS4,Serine/threonine-protein kinase RIO2 OS=Homo sapiens OX=9606 GN=RIOK2 PE=1 SV=2,22.810175165883972,21.99300704618131,0.8171681197026608,0.000298321904530155,3.848731767631737,0.9937382693371436,0.003107834524409083
SETD1A,O15047,Histone-lysine N-methyltransferase SETD1A OS=Homo sapiens OX=9606 GN=SETD1A PE=1 SV=3,22.588678613075892,22.780033666510406,-0.19135505343451342,0.22426333461500286,-1.2283861779515661,-0.31716794732785303,0.40607650360950054
TEX14,Q8IWB6,Inactive serine/threonine-protein kinase TEX14 OS=Homo sapiens OX=9606 GN=TEX14 PE=1 SV=2,19.466216819088725,19.59125573658098,-0.1250389174922546,0.7774086223229844,-0.28401727257576365,-0.07333294444807902,0.8693033915377937
GTPBP4,Q9BZE4,GTP-binding protein 4 OS=Homo sapiens OX=9606 GN=GTPBP4 PE=1 SV=3,19.23389411375156,19.480261954764917,-0.24636784101335607,0.3686288657648501,-0.906105712325258,-0.23395548891594223,0.5535239548814846
NFIB,O00712,Nuclear factor 1 B-type OS=Homo sapiens OX=9606 GN=NFIB PE=1 SV=2,27.214529000894178,26.35084785425408,0.8636811466400971,8.029711370860197e-06,4.901038425755504,1.2654426801382455,0.0001485045496228751
HEXIM2,Q96MH2,Protein HEXIM2 OS=Homo sapiens OX=9606 GN=HEXIM2 PE=1 SV=1,16.747531250820302,17.11707559148,-0.3695443406596972,0.2881222227743468,-1.0720857331298048,-0.27681134600788687,0.47472390258916397
ZKSCAN4,Q969J2,Zinc finger protein with KRAB and SCAN domains 4 OS=Homo sapiens OX=9606 GN=ZKSCAN4 PE=1 SV=1,24.060593503119712,27.985418560132384,-3.924825057012672,1.8076724383422202e-10,-7.719881291443655,-1.993264778430632,1.1443957051966518e-08
TRPM6,Q9BX84,Transient receptor potential cation channel subfamily M member 6 OS=Homo sapiens OX=9606 GN=TRPM6 PE=1 SV=2,18.331401229539754,19.05233634530289,-0.7209351157631367,0.19394814356082365,-1.3142138821659328,-0.33932856526555033,0.3675906593073
PDE6C,P51160,"Cone cGMP-specific 3',5'-cyclic phosphodiesterase subunit alpha' OS=Homo sapiens OX=9606 GN=PDE6C PE=1 SV=2",27.978450838108966,28.243504612113455,-0.26505377400448893,0.006956334949551203,-2.7985999547173726,-0.722595401154481,0.034384766747631475
PHLDB2,Q86SQ0,Pleckstrin homology-like domain family B member 2 OS=Homo sapiens OX=9606 GN=PHLDB2 PE=1 SV=2,25.877931924999935,25.65002675266868,0.22790517233125485,0.08135956385642286,1.7737169634204566,0.4579717506808678,0.20508092206381628
MED23,Q9ULK4,Mediator of RNA polymerase II transcription subunit 23 OS=Homo sapiens OX=9606 GN=MED23 PE=1 SV=2,20.098036550193488,19.72263487650594,0.3754016736875485,0.26609538126909965,1.1229269007562181,0.2899384790424761,0.4510466625106237
FTCD,O95954,Formimidoyltransferase-cyclodeaminase OS=Homo sapiens OX=9606 GN=FTCD PE=1 SV=2,19.845729549821126,21.21646791586029,-1.3707383660391628,1.654457661615092e-12,-8.941794936587105,-2.3087615249735776,1.6019043005990832e-10
HIP1,O00291,Huntingtin-interacting protein 1 OS=Homo sapiens OX=9606 GN=HIP1 PE=1 SV=5,23.782668915023006,23.986849234975853,-0.20418031995284736,0.049370351829608056,-2.00743547722205,-0.5183176114577958,0.14256771773953483
RALGAPA1,Q6GYQ0,Ral GTPase-activating protein subunit alpha-1 OS=Homo sapiens OX=9606 GN=RALGAPA1 PE=1 SV=1,21.37800686930086,21.208129862177465,0.1698770071233966,0.2461265128212609,1.1716543496175706,0.3025198522386889,0.43468266105557457
Unknown,A0A087WZY1,Uncharacterized protein OS=Homo sapiens OX=9606 PE=1 SV=1,20.56044267469989,20.818323233278917,-0.2578805585790285,0.45229480498658226,-0.7566961693051796,-0.19537811079052725,0.6282508430446535
ASCC3,Q8N3C0,Activating signal cointegrator 1 complex subunit 3 OS=Homo sapiens OX=9606 GN=ASCC3 PE=1 SV=3,25.273933252813208,25.089468873989173,0.18446437882403544,0.014691691574242063,2.515141981012608,0.6494068670539309,0.05841189451981265
STRIP2,Q9ULQ0,Striatin-interacting protein 2 OS=Homo sapiens OX=9606 GN=STRIP2 PE=1 SV=2,25.45440767952011,25.70299150908955,-0.2485838295694407,0.013201818240209499,-2.556844216642998,-0.6601743379936721,0.05432548205846209
ERCC2,P18074,General transcription and DNA repair factor IIH helicase subunit XPD OS=Homo sapiens OX=9606 GN=ERCC2 PE=1 SV=1,18.742299330845313,19.814224848946495,-1.0719255181011818,0.005602297773459143,-2.877467482218039,-0.7429589091922568,0.029842660631436084
CHD1,O14646,Chromodomain-helicase-DNA-binding protein 1 OS=Homo sapiens OX=9606 GN=CHD1 PE=1 SV=2,18.501265839345447,19.138199190627926,-0.6369333512824795,0.05928637589940296,-1.9238422357585467,-0.49673392932155297,0.16387550241566848
ZFYVE27,Q5T4F4,Protrudin OS=Homo sapiens OX=9606 GN=ZFYVE27 PE=1 SV=1,26.444402104526606,25.717507512404023,0.7268945921225836,2.6881259026858318e-05,4.560690822997852,1.1775653069781118,0.0004213957367448456
EMSY,Q7Z589,BRCA2-interacting transcriptional repressor EMSY OS=Homo sapiens OX=9606 GN=EMSY PE=1 SV=2,24.792146892995085,24.78143177720284,0.01071511579224449,0.9028817932285937,0.12255673645554403,0.031644013283856895,0.9465881730281944
KDM2A,Q9Y2K7,Lysine-specific demethylase 2A OS=Homo sapiens OX=9606 GN=KDM2A PE=1 SV=3,21.73824376862361,21.499052219435644,0.23919154918796792,0.24063876975540818,1.1855393271878396,0.30610493803149663,0.4269818126309806
SBNO1,A3KN83,Protein strawberry notch homolog 1 OS=Homo sapiens OX=9606 GN=SBNO1 PE=1 SV=1,22.085104901673557,22.104114644513697,-0.01900974284014012,0.9527594596334295,-0.059498669258926024,-0.015362490344088245,0.9758809093848044
ZNF43,P17038,Zinc finger protein 43 OS=Homo sapiens OX=9606 GN=ZNF43 PE=1 SV=4,20.236655060861086,20.64229783242744,-0.405642771566356,0.11590885546139931,-1.5960664306987753,-0.4121025803691381,0.2595727565843038
GTF2I,P78347,General transcription factor II-I OS=Homo sapiens OX=9606 GN=GTF2I PE=1 SV=2,26.27642732221695,25.876498850949385,0.3999284712675646,0.08472805699324816,1.7539127213675676,0.45285831737052795,0.21257126817845576
BRWD3,Q6RI45,Bromodomain and WD repeat-containing protein 3 OS=Homo sapiens OX=9606 GN=BRWD3 PE=1 SV=2,24.380099737798542,24.08370548576393,0.296394252034613,0.000847921181035625,3.5197407967554786,0.9087931659200529,0.007194217855590921
RBSN,Q9H1K0,Rabenosyn-5 OS=Homo sapiens OX=9606 GN=RBSN PE=1 SV=2,22.736177155155612,22.971344348832684,-0.2351671936770714,0.16257884882779988,-1.4144398509615186,-0.3652067991324042,0.3268534122895705
ZNF596,Q8TC21,Zinc finger protein 596 OS=Homo sapiens OX=9606 GN=ZNF596 PE=1 SV=2,19.87169132992175,22.340358276468308,-2.468666946546559,3.1397049880125643e-07,-5.779422233170594,-1.492240403984706,9.060779535010417e-06
DAB2IP,A0A3B3ITG3,DAB2 interacting protein OS=Homo sapiens OX=9606 GN=DAB2IP PE=1 SV=1,22.19851298604852,23.052587873504994,-0.8540748874564734,0.17981977341066227,-1.3576941919743952,-0.3505551329839579,0.35069116947150486
TET1,Q8NFU7,Methylcytosine dioxygenase TET1 OS=Homo sapiens OX=9606 GN=TET1 PE=1 SV=2,25.0825116713606,25.177098041927213,-0.09458637056661345,0.5504670129011531,-0.6005686320826947,-0.15506615402072307,0.7051361639826547
CFAP58,Q5T655,Cilia- and flagella-associated protein 58 OS=Homo sapiens OX=9606 GN=CFAP58 PE=1 SV=1,22.287538617700275,22.05730353945977,0.23023507824050427,0.10736245409274194,1.6354901334168535,0.42228173664066804,0.2503301625478892
CCNB3,Q8WWL7,G2/mitotic-specific cyclin-B3 OS=Homo sapiens OX=9606 GN=CCNB3 PE=1 SV=2,23.449496689683652,23.36784362362322,0.08165306606043288,0.5792258133249917,0.5576553702452957,0.1439859974588774,0.7283465918509826
CHD2,O14647,Chromodomain-helicase-DNA-binding protein 2 OS=Homo sapiens OX=9606 GN=CHD2 PE=1 SV=2,22.423413274600886,22.954666243902984,-0.5312529693020984,0.16646934082037695,-1.4012442466390673,-0.3617997087468044,0.3329386816407539
PROB1,E7EW31,Proline-rich basic protein 1 OS=Homo sapiens OX=9606 GN=PROB1 PE=1 SV=2,22.59988941866635,21.289847286362754,1.3100421323035967,0.027660560800646862,2.258961599984598,0.5832613770974938,0.09368165242359
INTS6,Q9UL03,Integrator complex subunit 6 OS=Homo sapiens OX=9606 GN=INTS6 PE=1 SV=1,20.306096476408882,21.082127192189102,-0.7760307157802195,0.016634839779351263,-2.4661567269243716,-0.6367589288343656,0.06352887767241804
SLC28A1,O00337,Sodium/nucleoside cotransporter 1 OS=Homo sapiens OX=9606 GN=SLC28A1 PE=1 SV=2,23.525304556152175,23.529616439648237,-0.004311883496061597,0.9814187086934123,-0.023390956487858126,-0.0060395189952891235,0.9922697754971478
BNC2,Q6ZN30,Zinc finger protein basonuclin-2 OS=Homo sapiens OX=9606 GN=BNC2 PE=1 SV=1,28.207843651622156,28.35381474974229,-0.14597109812013542,0.36638490702339377,-0.9103900069168711,-0.23506168902284647,0.5512518802198411
DST,Q03001,Dystonin OS=Homo sapiens OX=9606 GN=DST PE=1 SV=4,25.634275954433154,25.89282886469687,-0.25855291026371674,0.16870174648093617,-1.3937796091425279,-0.35987234763283293,0.3365855451001466
MKRN3,Q13064,Probable E3 ubiquitin-protein ligase makorin-3 OS=Homo sapiens OX=9606 GN=MKRN3 PE=1 SV=1,18.70125659256979,18.552425080734313,0.14883151183547838,0.6448237127523258,0.4633835125539388,0.11964510846856669,0.778137706151267
BROX,Q5VW32,BRO1 domain-containing protein BROX OS=Homo sapiens OX=9606 GN=BROX PE=1 SV=1,18.77290617020576,21.74577563110518,-2.9728694608994175,1.3147640042011743e-06,-5.396326816314804,-1.393325592685315,2.8475020406778065e-05
ZFC3H1,O60293,Zinc finger C3H1 domain-containing protein OS=Homo sapiens OX=9606 GN=ZFC3H1 PE=1 SV=3,25.829707176971475,25.53215051700948,0.29755665996199454,0.0113444699251662,2.6152750009418235,0.6752611016266846,0.048627597647978034
NWD1,Q149M9,NACHT domain- and WD repeat-containing protein 1 OS=Homo sapiens OX=9606 GN=NWD1 PE=1 SV=3,18.381765457646342,17.857973463665704,0.5237919939806375,0.003802401963917563,3.0155640389556737,0.77861528681982,0.0221244150084467
ATF6B,H0Y7D7,Activating transcription factor 6 beta OS=Homo sapiens OX=9606 GN=ATF6B PE=1 SV=2,19.289225485259855,20.335185468537965,-1.0459599832781095,0.04678666137534185,-2.0315768853762375,-0.5245508962401401,0.13826004420792223
PLEKHA7,Q6IQ23,Pleckstrin homology domain-containing family A member 7 OS=Homo sapiens OX=9606 GN=PLEKHA7 PE=1 SV=2,27.026163168043308,27.099293599348734,-0.07313043130542596,0.8544410763179636,-0.18427427898848495,-0.04757941424378544,0.9168253009252726
SPART,Q8N0X7,Spartin OS=Homo sapiens OX=9606 GN=SPART PE=1 SV=1,19.98648692248764,20.06065961682939,-0.07417269434175111,0.7190850414442007,-0.3614384868756506,-0.09332301602318685,0.8317737021905511
MTCL2,O94964,Microtubule cross-linking factor 2 OS=Homo sapiens OX=9606 GN=MTCL2 PE=1 SV=3,19.412943679551876,20.695926823961205,-1.2829831444093287,0.26707014807018786,-1.120615777609601,-0.28934174961195064,0.4513320982787774
HOOK1,Q9UJC3,Protein Hook homolog 1 OS=Homo sapiens OX=9606 GN=HOOK1 PE=1 SV=2,20.188109056637224,18.1258071350021,2.0623019216351253,1.768475196880566e-17,12.083511970670202,3.1199493750735776,2.9109101740654114e-15
POLR2B,P30876,DNA-directed RNA polymerase II subunit RPB2 OS=Homo sapiens OX=9606 GN=POLR2B PE=1 SV=1,18.477383106286542,20.905452302456055,-2.4280691961695133,5.329983418922811e-24,-16.83879002976514,-4.347756890370926,2.193288176886737e-21
NPIPB11,E5RHQ5,Nuclear pore complex-interacting protein family member B11 OS=Homo sapiens OX=9606 GN=NPIPB11 PE=3 SV=1,19.422981475429467,18.584554045946508,0.8384274294829588,0.0022891370136408715,3.1910302557337284,0.8239204691800484,0.01519322388892288
RSPH3,Q86UC2,Radial spoke head protein 3 homolog OS=Homo sapiens OX=9606 GN=RSPH3 PE=1 SV=1,25.76606554248832,25.74624018912827,0.019825353360051423,0.9298052033179316,0.08847340483533836,0.022843734900635484,0.9643726305364306
FNDC1,Q4ZHG4,Fibronectin type III domain-containing protein 1 OS=Homo sapiens OX=9606 GN=FNDC1 PE=1 SV=4,28.148053972159733,28.340939432117302,-0.19288545995756934,0.25756486609439333,-1.143412607952984,-0.2952278658963665,0.4467580890083091
NUP214,P35658,Nuclear pore complex protein Nup214 OS=Homo sapiens OX=9606 GN=NUP214 PE=1 SV=2,25.00890735697032,24.554264317636562,0.4546430393337566,0.07795574612088442,1.7944349908093642,0.46332112235043516,0.1993643074530894
MED13L,Q71F56,Mediator of RNA polymerase II transcription subunit 13-like OS=Homo sapiens OX=9606 GN=MED13L PE=1 SV=1,21.981922595727536,21.49295796415176,0.48896463157577585,0.03548108090951112,2.15310462275643,0.5559292231051904,0.11384378007223254
RASA1,P20936,Ras GTPase-activating protein 1 OS=Homo sapiens OX=9606 GN=RASA1 PE=1 SV=1,20.981792186973006,21.12284807108563,-0.1410558841126246,0.2944671005637365,-1.0579446239755725,-0.27316012732447065,0.4813118702844163
MUC7,Q8TAX7,Mucin-7 OS=Homo sapiens OX=9606 GN=MUC7 PE=1 SV=2,23.272156088204664,23.23806307863867,0.034093009565992816,0.7872927137652005,0.27107900883083136,0.06999229911388155,0.8733353225509233
EXT1,Q16394,Exostosin-1 OS=Homo sapiens OX=9606 GN=EXT1 PE=1 SV=2,21.06259034660609,21.042470812331732,0.02011953427435742,0.918279125779847,0.10304954995883901,0.02660727938831684,0.9582410432594158
RBCK1,A0A8V8TMZ2,RanBP-type and C3HC4-type zinc finger-containing protein 1 OS=Homo sapiens OX=9606 GN=RBCK1 PE=1 SV=1,23.51109885704545,23.973078549808278,-0.4619796927628279,9.95530271761314e-07,-5.471252201042941,-1.412671243835999,2.340918324741604e-05
ATAD3B,Q5T9A4,ATPase family AAA domain-containing protein 3B OS=Homo sapiens OX=9606 GN=ATAD3B PE=1 SV=1,27.71918556048776,26.61160424243263,1.1075813180551286,7.997382861265726e-08,6.1401159198613415,1.5853711134270672,3.134212426105568e-06
TNRC18,O15417,Trinucleotide repeat-containing gene 18 protein OS=Homo sapiens OX=9606 GN=TNRC18 PE=1 SV=3,25.893195274441855,25.364958234188137,0.5282370402537175,0.05791098680554219,1.9346869641975417,0.49953402616411097,0.1612884674821023
UTP20,O75691,Small subunit processome component 20 homolog OS=Homo sapiens OX=9606 GN=UTP20 PE=1 SV=3,21.471939697561336,20.90137299153349,0.5705667060278472,0.031903736181675794,2.1986745727893817,0.5676953336095324,0.10460866485067402
NET1,Q5SQI6,Neuroepithelial cell transforming 1 (Fragment) OS=Homo sapiens OX=9606 GN=NET1 PE=1 SV=1,23.358105207151997,22.924913525867307,0.4331916812846899,0.33407704079345457,0.9740494186817366,0.25149847846249207,0.5202372839602897
CAAP1,Q9H8G2,Caspase activity and apoptosis inhibitor 1 OS=Homo sapiens OX=9606 GN=CAAP1 PE=1 SV=2,25.59539887391897,26.046642680426928,-0.45124380650795715,0.008922880164875585,-2.706215997052988,-0.6987419658550881,0.040899177643117894
TTK,P33981,Dual specificity protein kinase TTK OS=Homo sapiens OX=9606 GN=TTK PE=1 SV=2,24.42892148669454,24.44305226399824,-0.014130777303698494,0.8935712942932721,-0.13437496102664767,-0.034695465746898475,0.93921989170289
CDK12,H0YLT2,Cyclin-dependent kinase 12 OS=Homo sapiens OX=9606 GN=CDK12 PE=1 SV=2,21.763119155147912,21.466574587276867,0.2965445678710452,0.10789242010251665,1.6329728208950514,0.42163176934239205,0.25083463769596387
AFAP1L1,Q8TED9,Actin filament-associated protein 1-like 1 OS=Homo sapiens OX=9606 GN=AFAP1L1 PE=1 SV=2,25.350492185063008,25.65239481271877,-0.3019026276557639,0.4622669941960126,-0.7400298214339016,-0.19107487827402334,0.6368249805331727
CDK12,Q9NYV4,Cyclin-dependent kinase 12 OS=Homo sapiens OX=9606 GN=CDK12 PE=1 SV=2,19.592539595370827,18.71145236055555,0.8810872348152756,0.014067567606748965,2.532122919025804,0.6537913263958035,0.05682485492684038
HEXA-AS1,Q9H8Q6,Putative uncharacterized protein encoded by HEXA-AS1 OS=Homo sapiens OX=9606 GN=HEXA-AS1 PE=5 SV=1,23.073808908965475,22.98028046222218,0.09352844674329575,0.5521602734228136,0.5980115551002939,0.15440591958286917,0.7056333928990304
JAM2,P57087,Junctional adhesion molecule B OS=Homo sapiens OX=9606 GN=JAM2 PE=1 SV=1,20.699881142639562,20.48876832098929,0.21111282165027134,0.5526276243360186,0.5973064815153137,0.15422387036603724,0.7056464551737125
WDHD1,O75717,WD repeat and HMG-box DNA-binding protein 1 OS=Homo sapiens OX=9606 GN=WDHD1 PE=1 SV=1,24.361076849996362,24.310355489949924,0.050721360046438235,0.7860116073552932,0.27275333087300613,0.07042460720625028,0.8729926489249747
ECT2,Q9H8V3,Protein ECT2 OS=Homo sapiens OX=9606 GN=ECT2 PE=1 SV=4,23.2272414492102,23.485042373126298,-0.257800923916097,0.006477899216527755,-2.8247051811230537,-0.7293357416290263,0.03326624246609591
TTC21B,Q7Z4L5,Tetratricopeptide repeat protein 21B OS=Homo sapiens OX=9606 GN=TTC21B PE=1 SV=2,25.105340836717765,25.207503836911364,-0.10216300019359892,0.7162962929760978,-0.36519223775627097,-0.09429223033295046,0.8297140733558458
CD96,P40200,T-cell surface protein tactile OS=Homo sapiens OX=9606 GN=CD96 PE=1 SV=2,26.64992312965156,26.60611319362677,0.04380993602479322,0.671777047056228,0.4258724489891802,0.10995979350291084,0.7949281232599218
CADPS2,Q86UW7,Calcium-dependent secretion activator 2 OS=Homo sapiens OX=9606 GN=CADPS2 PE=1 SV=2,26.77243841108411,26.376912009874456,0.3955264012096542,0.3218478939713049,0.999201004143327,0.2579925899040556,0.5113529280663783
EPG5,Q9HCE0,Ectopic P granules protein 5 homolog OS=Homo sapiens OX=9606 GN=EPG5 PE=1 SV=2,24.154894264136214,24.08612974744351,0.06876451669270267,0.4974235806283388,0.6828445527068655,0.1763097053788095,0.665657897328655
THAP4,Q8WY91,Peroxynitrite isomerase THAP4 OS=Homo sapiens OX=9606 GN=THAP4 PE=1 SV=2,23.92804126815763,23.913035222982526,0.015006045175105953,0.8814052589005014,0.14984692434297045,0.03869030949738182,0.9329858881995018
RBM22,Q9NW64,Pre-mRNA-splicing factor RBM22 OS=Homo sapiens OX=9606 GN=RBM22 PE=1 SV=1,21.768627621061682,22.988690140429092,-1.22006251936741,0.003025704385033147,-3.0952763376830124,-0.7991969138504128,0.018846424833629697
CYB5R3,A0A8I5KW26,cytochrome-b5 reductase OS=Homo sapiens OX=9606 GN=CYB5R3 PE=1 SV=1,23.527378449603034,23.74667701920243,-0.21929856959939542,0.4543352873432912,-0.7532688251043386,-0.1944931743230887,0.6298601368062046
LAMB1,P07942,Laminin subunit beta-1 OS=Homo sapiens OX=9606 GN=LAMB1 PE=1 SV=2,24.272787241223096,24.102265018300223,0.1705222229228731,0.044471188031671625,2.0542107067889472,0.5303949237996373,0.13406515659364743
TEX15,Q9BXT5,Testis-expressed protein 15 OS=Homo sapiens OX=9606 GN=TEX15 PE=1 SV=2,23.76155369872021,23.65086150749126,0.11069219122894935,0.2379963336505233,1.1923068523594818,0.30785230551715054,0.42442249749594946
HMGN4,O00479,High mobility group nucleosome-binding domain-containing protein 4 OS=Homo sapiens OX=9606 GN=HMGN4 PE=1 SV=3,15.99707443810986,16.15574985261753,-0.15867541450766787,0.6786865568802922,-0.41635560797697746,-0.10750255571965983,0.7990830276287275
BLTP2,Q14667,Bridge-like lipid transfer protein family member 2 OS=Homo sapiens OX=9606 GN=BLTP2 PE=1 SV=3,23.447786508862016,23.378705888791316,0.06908062007070015,0.6477865869916333,0.4592285644430466,0.11857230547937729,0.7785053080216521
AGPAT5,Q9NUQ2,1-acyl-sn-glycerol-3-phosphate acyltransferase epsilon OS=Homo sapiens OX=9606 GN=AGPAT5 PE=1 SV=3,23.247049739171,23.06390113734887,0.1831486018221291,0.20771262190170173,1.2740915980559249,0.32896903605422606,0.3844654702534517
PIK3C2B,O00750,Phosphatidylinositol 4-phosphate 3-kinase C2 domain-containing subunit beta OS=Homo sapiens OX=9606 GN=PIK3C2B PE=1 SV=2,19.826959537347633,20.069636610948727,-0.2426770736010937,0.020933063467535578,-2.373899644742089,-0.6129382526435876,0.07556101418325342
MAP3K13,O43283,Mitogen-activated protein kinase kinase kinase 13 OS=Homo sapiens OX=9606 GN=MAP3K13 PE=1 SV=1,27.471107986586443,26.654661445608294,0.8164465409781485,1.0849858595421085e-05,4.817083202533725,1.2437655347139072,0.0001879880762954011
OR10T2,Q8NGX3,Olfactory receptor 10T2 OS=Homo sapiens OX=9606 GN=OR10T2 PE=3 SV=1,19.268808569715077,21.141206923985276,-1.8723983542701994,6.2604718411019885e-09,-6.8035839610308,-1.7566778250397455,2.9442104715582494e-07
DLC1,Q96QB1,Rho GTPase-activating protein 7 OS=Homo sapiens OX=9606 GN=DLC1 PE=1 SV=4,23.745609817823798,23.090813053054482,0.6547967647693156,0.019544429891631236,2.401681399442013,0.6201114708623361,0.07229243056544947
RYR2,Q92736,Ryanodine receptor 2 OS=Homo sapiens OX=9606 GN=RYR2 PE=1 SV=3,24.07010874646198,24.03054716117505,0.0395615852869291,0.7273405390416352,0.35035630592193595,0.0904616092049606,0.8366195159067307
CNOT1,A5YKK6,CCR4-NOT transcription complex subunit 1 OS=Homo sapiens OX=9606 GN=CNOT1 PE=1 SV=2,23.463713821519427,23.329367930028386,0.1343458914910407,0.6414876999059973,0.4680714544418123,0.12085552985921488,0.7758183350810224
SETD2,Q9BYW2,Histone-lysine N-methyltransferase SETD2 OS=Homo sapiens OX=9606 GN=SETD2 PE=1 SV=3,27.38557928203018,27.31527264276722,0.07030663926295944,0.6427528355152852,0.4662923972193481,0.12039617925957792,0.7767776558429952
PEG3,Q9GZU2,Paternally-expressed gene 3 protein OS=Homo sapiens OX=9606 GN=PEG3 PE=1 SV=1,24.994996104022956,25.17170217734426,-0.17670607332130572,0.30558531363348584,-1.0336614539833122,-0.2668902397929275,0.49442976598830524
TIAM2,Q8IVF5,Rho guanine nucleotide exchange factor TIAM2 OS=Homo sapiens OX=9606 GN=TIAM2 PE=1 SV=4,21.906365622999985,21.328616053831826,0.5777495691681587,0.5055628442266888,0.6699270299211679,0.17297441533725877,0.6707723029238667
TMPRSS13,Q9BYE2,Transmembrane protease serine 13 OS=Homo sapiens OX=9606 GN=TMPRSS13 PE=1 SV=5,15.29665086739222,16.490762595850654,-1.1941117284584344,0.0031584968142338446,-3.080382837348546,-0.7953514285996045,0.019274687550181635
OPTN,Q96CV9,Optineurin OS=Homo sapiens OX=9606 GN=OPTN PE=1 SV=3,23.01308904819205,23.056641882101808,-0.04355283390975728,0.6732101530163701,-0.4238953659684648,-0.10944931286202417,0.795480195165072
DNAH10,Q8IVF4,Dynein axonemal heavy chain 10 OS=Homo sapiens OX=9606 GN=DNAH10 PE=1 SV=4,25.90815210088514,25.83153142206039,0.07662067882474943,0.6464782582231534,0.46106228734579685,0.11904577069697132,0.7785053080216521
GRK3,P35626,G protein-coupled receptor kinase 3 OS=Homo sapiens OX=9606 GN=GRK3 PE=1 SV=2,27.368863012767235,27.34705467328972,0.02180833947751637,0.8634728114775806,0.17272004107767874,0.044596122843340705,0.9223077532070718
FLT3,P36888,Receptor-type tyrosine-protein kinase FLT3 OS=Homo sapiens OX=9606 GN=FLT3 PE=1 SV=2,23.945867684917648,23.851314819925516,0.09455286499213145,0.26052713345446177,1.136245026227009,0.2933772042525477,0.4475394302781113
Unknown,H0Y858,Toll-like receptor 9 (Fragment) OS=Homo sapiens OX=9606 PE=3 SV=1,23.5673891380542,23.287309952988092,0.2800791850661071,0.21583770125070828,1.251330304730061,0.3230920953882786,0.3943050568908611
CEP63,Q96MT8,Centrosomal protein of 63 kDa OS=Homo sapiens OX=9606 GN=CEP63 PE=1 SV=1,24.433324376579304,24.09063975713706,0.34268461944224526,0.0022062754144126797,3.2035629071333873,0.8271563858570283,0.014822568702543962
CCPG1,Q9ULG6,Cell cycle progression protein 1 OS=Homo sapiens OX=9606 GN=CCPG1 PE=1 SV=3,28.921488803581664,28.809390512470944,0.11209829111071912,0.2395454515976487,1.1883328629566787,0.30682622586547986,0.4264741796785434
PRDM2,Q13029,PR domain zinc finger protein 2 OS=Homo sapiens OX=9606 GN=PRDM2 PE=1 SV=3,24.855470281404457,24.960197234878276,-0.10472695347381844,0.2616669010373553,-1.1335026338499872,-0.2926691215855496,0.4481828502679363
PIM1,P11309,Serine/threonine-protein kinase pim-1 OS=Homo sapiens OX=9606 GN=PIM1 PE=1 SV=4,25.66089557535712,25.402916591890925,0.2579789834661952,0.007246494594965568,2.7835628852248027,0.7187128465064485,0.03539385787333331
HSD3B2,P26439,3 beta-hydroxysteroid dehydrogenase/Delta 5-->4-isomerase type 2 OS=Homo sapiens OX=9606 GN=HSD3B2 PE=1 SV=2,27.332696390792833,27.31628440368769,0.01641198710514402,0.8461095335790163,0.19495495263141874,0.05033715232014271,0.9114504530569769
MCM5,P33992,DNA replication licensing factor MCM5 OS=Homo sapiens OX=9606 GN=MCM5 PE=1 SV=5,26.566236217887287,26.65228411265967,-0.08604789477238484,0.1373439725038263,-1.5065871869903273,-0.38899913898820115,0.2905760652201775
NUAK2,Q9H093,NUAK family SNF1-like kinase 2 OS=Homo sapiens OX=9606 GN=NUAK2 PE=1 SV=1,18.88283382148801,19.23047561436708,-0.34764179287907027,0.046058391616942036,-2.0385893361567042,-0.5263615032460633,0.13684496859474116
SDAD1,Q9NVU7,Protein SDA1 homolog OS=Homo sapiens OX=9606 GN=SDAD1 PE=1 SV=3,15.565222604419505,17.053489542518943,-1.4882669380994376,0.0008686505200932644,-3.5119477745544865,-0.906781016239982,0.007241662680759909
TSHZ3,Q63HK5,Teashirt homolog 3 OS=Homo sapiens OX=9606 GN=TSHZ3 PE=1 SV=2,24.320126284925244,24.14978088451268,0.17034540041256463,0.03469444409028742,2.1627676687397397,0.5584242108496568,0.1121509306528693
PPM1D,O15297,Protein phosphatase 1D OS=Homo sapiens OX=9606 GN=PPM1D PE=1 SV=1,27.535933382248672,27.52566802151838,0.010265360730290496,0.8891033900202364,0.14005294858699416,0.03616151583097813,0.9378982978268777
TTC13,Q8NBP0,Tetratricopeptide repeat protein 13 OS=Homo sapiens OX=9606 GN=TTC13 PE=1 SV=3,24.45052972482019,24.55438964927523,-0.10385992445504044,0.5782163969368246,-0.5591436815592913,-0.14437027778774922,0.727633172292059
TMC8,Q8IU68,Transmembrane channel-like protein 8 OS=Homo sapiens OX=9606 GN=TMC8 PE=1 SV=1,25.212607268138775,25.096612763321108,0.11599450481766738,0.35120701780489516,0.9398211382168297,0.24266077444849868,0.5332903609841858
UNC13C,Q8NB66,Protein unc-13 homolog C OS=Homo sapiens OX=9606 GN=UNC13C PE=1 SV=3,24.485841213822017,24.46019970276921,0.02564151105280743,0.8373888338143732,0.20615880016540258,0.053229973314313804,0.9076824368687595
ABCA12,Q86UK0,Glucosylceramide transporter ABCA12 OS=Homo sapiens OX=9606 GN=ABCA12 PE=1 SV=3,25.63974136475967,25.567071698772903,0.07266966598676561,0.7283941831334685,0.34894506054392055,0.09009722721519621,0.8372463864788332
CILP,O75339,Cartilage intermediate layer protein 1 OS=Homo sapiens OX=9606 GN=CILP PE=1 SV=4,24.591628752555028,24.866078961860556,-0.27445020930552744,0.08032751506019578,-1.7799211507724737,-0.4595736649669421,0.20372741107716835
CHRNE,Q04844,Acetylcholine receptor subunit epsilon OS=Homo sapiens OX=9606 GN=CHRNE PE=1 SV=2,21.73857470289444,21.95525627849291,-0.21668157559847145,0.4880505806141543,-0.6978640930827578,-0.1801877340283776,0.6600815494065458
CCDC168,Q8NDH2,Leucine-rich repeat transmembrane protein CCDC168 OS=Homo sapiens OX=9606 GN=CCDC168 PE=1 SV=3,24.42597446900179,23.998346676991844,0.4276277920099467,0.18453339831365165,1.3429086770851086,0.346737529455204,0.3552537703207843
RAD54B,Q9Y620,DNA repair and recombination protein RAD54B OS=Homo sapiens OX=9606 GN=RAD54B PE=1 SV=1,20.992137181314327,21.06459601839075,-0.07245883707642164,0.7335628260152071,-0.34203235409099714,-0.08831237408390336,0.8408387267555926
TSC2,A0A2R8Y670,TSC complex subunit 2 OS=Homo sapiens OX=9606 GN=TSC2 PE=1 SV=2,18.237040673573908,18.53280852019537,-0.2957678466214624,0.298543440291176,-1.0489698181044869,-0.27084284241286005,0.4860558879518059
ZNF32,P17041,Zinc finger protein 32 OS=Homo sapiens OX=9606 GN=ZNF32 PE=1 SV=2,26.80828915961323,26.916200569601145,-0.10791140998791349,0.19516994980022837,-1.3105675978270745,-0.3383870986975547,0.36882863073613764
CKMT1A; CKMT1B,P12532,"Creatine kinase U-type, mitochondrial OS=Homo sapiens OX=9606 GN=CKMT1A PE=1 SV=1",21.963529418043773,21.82126240687359,0.14226701117018337,0.42090571100955587,0.8106059825614964,0.20929756471978503,0.5983474803327969
ATP9B,O43861,Probable phospholipid-transporting ATPase IIB OS=Homo sapiens OX=9606 GN=ATP9B PE=1 SV=4,28.052780377282364,27.93568264866537,0.11709772861699363,0.6562776173102225,0.44736535180282044,0.11550923714683638,0.7849823805536561
PPM1G,O15355,Protein phosphatase 1G OS=Homo sapiens OX=9606 GN=PPM1G PE=1 SV=1,23.969508673075005,24.01182663653048,-0.04231796345547423,0.7465832987050469,-0.32469081768296343,-0.08383480863683906,0.8492578504965496
TOP3B,F2Z2A5,DNA topoisomerase OS=Homo sapiens OX=9606 GN=TOP3B PE=1 SV=1,23.964498891603412,23.79131083186505,0.1731880597383615,0.5031151575965541,0.6737997143660678,0.173974338161273,0.668923707111412
DNAH14,A0A804HLD3,Dynein axonemal heavy chain 14 OS=Homo sapiens OX=9606 GN=DNAH14 PE=1 SV=1,22.34954901377987,21.730477035538605,0.6190719782412657,0.01791132982415139,2.4367143310191284,0.6291569349001355,0.06777482503575445
MRPS31,Q92665,Small ribosomal subunit protein mS31 OS=Homo sapiens OX=9606 GN=MRPS31 PE=1 SV=3,21.094624112671543,21.5535261178265,-0.4589020051549575,0.013710020511920726,-2.5421607552664063,-0.6563830845685907,0.055803127441124006
ADGRV1,Q8WXG9,Adhesion G-protein coupled receptor V1 OS=Homo sapiens OX=9606 GN=ADGRV1 PE=1 SV=2,19.861148950718313,19.713954227794805,0.14719472292350844,0.6176056346220526,0.5019461548101257,0.12960193988483115,0.7562511356768932
DDA1,Q9BW61,DET1- and DDB1-associated protein 1 OS=Homo sapiens OX=9606 GN=DDA1 PE=1 SV=1,27.198931626599787,26.74954103258923,0.4493905940105556,0.0026495590582461723,3.1410495852594367,0.8110155155547674,0.017169977204225195
RIMS1,Q86UR5,Regulating synaptic membrane exocytosis protein 1 OS=Homo sapiens OX=9606 GN=RIMS1 PE=1 SV=1,24.43149157729853,24.19771365030387,0.2337779269946587,0.035240251206256186,2.1560428787803194,0.5566878775483516,0.11351360760371366
GLI1,P08151,Zinc finger protein GLI1 OS=Homo sapiens OX=9606 GN=GLI1 PE=1 SV=1,19.081584861425437,18.64336051469875,0.4382243467266882,0.10782799889111852,1.633278281441873,0.421710638916443,0.25083463769596387
OPA1,O60313,"Dynamin-like GTPase OPA1, mitochondrial OS=Homo sapiens OX=9606 GN=OPA1 PE=1 SV=3",23.854065789686874,24.152123535699207,-0.2980577460123328,0.013128927191629098,-2.5589921402003766,-0.660728929471449,0.054160937737898485
BICRA,Q9NZM4,BRD4-interacting chromatin-remodeling complex-associated protein OS=Homo sapiens OX=9606 GN=BICRA PE=1 SV=2,25.827767380469762,25.92511853972475,-0.09735115925498761,0.4549840234888075,-0.7521810269152306,-0.1942123060383921,0.6298601368062046
TRHDE,Q9UKU6,Thyrotropin-releasing hormone-degrading ectoenzyme OS=Homo sapiens OX=9606 GN=TRHDE PE=1 SV=2,22.063501366008847,21.732613053744085,0.33088831226476145,0.2184832081614386,1.2440562581409405,0.3212139446349985,0.3973738791532905
MAP7D3,Q8IWC1,MAP7 domain-containing protein 3 OS=Homo sapiens OX=9606 GN=MAP7D3 PE=1 SV=2,19.90025313415222,21.487596641167883,-1.5873435070156638,9.021895582517402e-05,-4.209216213194139,-1.0868149529524767,0.0011692944983325703
UTP25,Q68CQ4,U3 small nucleolar RNA-associated protein 25 homolog OS=Homo sapiens OX=9606 GN=UTP25 PE=1 SV=2,19.434757779399863,18.895577265990678,0.5391805134091854,0.04084168754667483,2.0918326854705875,0.5401088769253282,0.12636356710869692
NLRP2,A0A0G2JLQ8,NLR family pyrin domain containing 2 (Fragment) OS=Homo sapiens OX=9606 GN=NLRP2 PE=1 SV=1,19.542521179225396,20.018795855791673,-0.47627467656627687,0.03545223094389778,-2.1534556862108376,-0.5560198672993493,0.11384378007223254
ABTB1,Q969K4,Ankyrin repeat and BTB/POZ domain-containing protein 1 OS=Homo sapiens OX=9606 GN=ABTB1 PE=1 SV=1,28.26982862100008,28.189298520882115,0.08053010011796502,0.33030296075324916,0.9817452395740109,0.25348553087257036,0.5188330042588765
SMC5,Q8IY18,Structural maintenance of chromosomes protein 5 OS=Homo sapiens OX=9606 GN=SMC5 PE=1 SV=2,27.080752307852904,26.441044703178427,0.6397076046744772,2.8646898507372503e-07,5.803737127824377,1.498518482788632,8.731999063543544e-06
MAP7D1,Q3KQU3,MAP7 domain-containing protein 1 OS=Homo sapiens OX=9606 GN=MAP7D1 PE=1 SV=1,23.19297847715178,22.278921077971788,0.9140573991799918,5.1222106487350295e-05,4.375011406753863,1.129623087855013,0.0007085007334300721
DNAAF5,Q86Y56,Dynein axonemal assembly factor 5 OS=Homo sapiens OX=9606 GN=DNAAF5 PE=1 SV=4,25.332458605080515,25.797787792784355,-0.4653291877038406,0.01363409564547758,-2.544322772180915,-0.6569413149355314,0.05568665367855111
TRPC6,Q9Y210,Short transient receptor potential channel 6 OS=Homo sapiens OX=9606 GN=TRPC6 PE=1 SV=1,23.00882823131174,22.72966083107764,0.2791674002340976,0.09405059872759501,1.7023166017580513,0.4395362565720891,0.22732347357653657
TRAF5,O00463,TNF receptor-associated factor 5 OS=Homo sapiens OX=9606 GN=TRAF5 PE=1 SV=2,17.916943057901296,19.379687739867798,-1.4627446819665018,0.0016549108136480755,-3.300384633342083,-0.8521556480675172,0.011741306893382465
DDB1,Q16531,DNA damage-binding protein 1 OS=Homo sapiens OX=9606 GN=DDB1 PE=1 SV=1,21.264922973787147,23.706653705112267,-2.4417307313251193,5.895393642558444e-07,-5.6116742842903955,-1.4489280698264753,1.5162215524455e-05
SLC44A5,Q8NCS7,Choline transporter-like protein 5 OS=Homo sapiens OX=9606 GN=SLC44A5 PE=1 SV=5,22.583544247471824,22.19800109789026,0.3855431495815651,0.11218394501845243,1.6129495467696133,0.4164617821941009,0.2546962393108589
LINC03122,Q2M2E5,Uncharacterized protein encoded by LINC03122 OS=Homo sapiens OX=9606 GN=LINC03122 PE=5 SV=2,21.570386885096504,21.783118333449057,-0.2127314483525531,0.5887426760208043,-0.5436840977290193,-0.14037863040681983,0.7350650317203804
GRK4,P32298,G protein-coupled receptor kinase 4 OS=Homo sapiens OX=9606 GN=GRK4 PE=1 SV=3,25.966642721275417,25.924024197965117,0.04261852331029914,0.6195386725796724,0.49918302903786715,0.1288885038782022,0.7564990022745852
RALGAPB,Q86X10,Ral GTPase-activating protein subunit beta OS=Homo sapiens OX=9606 GN=RALGAPB PE=1 SV=1,25.7276828853286,25.87814910316304,-0.15046621783443825,0.6926527742483866,-0.3972342980265556,-0.10256545471994957,0.8103102106701097
AGAP2,F8VVT9,"ArfGAP with GTPase domain, ankyrin repeat and PH domain 2 OS=Homo sapiens OX=9606 GN=AGAP2 PE=1 SV=1",17.90131405348668,17.438666002583492,0.46264805090318717,0.006628487934736626,2.8163019610299544,0.7271660395306868,0.033611422801482396
ABCA8,O94911,ABC-type organic anion transporter ABCA8 OS=Homo sapiens OX=9606 GN=ABCA8 PE=1 SV=4,20.522918607906394,20.232646426900462,0.2902721810059319,0.48525321747605255,0.70237745222697,0.18135307834844336,0.6597396514961389
PLEKHM1,Q9Y4G2,Pleckstrin homology domain-containing family M member 1 OS=Homo sapiens OX=9606 GN=PLEKHM1 PE=1 SV=3,20.692409782959693,24.309568737911498,-3.6171589549518046,1.0941561671440428e-06,-5.445836399381205,-1.4061089120649048,2.4515362803000216e-05
OSBPL5,Q9H0X9,Oxysterol-binding protein-related protein 5 OS=Homo sapiens OX=9606 GN=OSBPL5 PE=1 SV=1,18.579810155411057,18.284143455419937,0.29566669999111994,0.3600914011728238,0.9224963744263056,0.23818753967265355,0.5437710516793284
ZNF83,P51522,Zinc finger protein 83 OS=Homo sapiens OX=9606 GN=ZNF83 PE=1 SV=3,21.330966318603945,21.750076526861168,-0.4191102082572229,0.123381398970496,-1.5634742425928712,-0.403687313585763,0.26934453939713054
NFXL1,Q6ZNB6,NF-X1-type zinc finger protein NFXL1 OS=Homo sapiens OX=9606 GN=NFXL1 PE=1 SV=2,19.784487016279382,20.11255069922817,-0.3280636829487875,0.4373167806811942,-0.7821349110876685,-0.2019463656753306,0.6147083014528143
GFPT1,Q06210,Glutamine--fructose-6-phosphate aminotransferase [isomerizing] 1 OS=Homo sapiens OX=9606 GN=GFPT1 PE=1 SV=3,23.91548092334095,23.9241032377502,-0.008622314409247878,0.9607589369597399,-0.049414263307159534,-0.012758707923582475,0.9798074412860793
PRB1,P04280,Basic salivary proline-rich protein 1 OS=Homo sapiens OX=9606 GN=PRB1 PE=1 SV=3,23.63472272261439,23.523203942194428,0.11151878041996355,0.5154494213695131,0.6543864937324334,0.16896186614725192,0.6765787460719446
WDPCP,O95876,WD repeat-containing and planar cell polarity effector protein fritz homolog OS=Homo sapiens OX=9606 GN=WDPCP PE=1 SV=2,24.79725184221915,24.91192688742399,-0.11467504520484084,0.17091029020628146,-1.3864692260676337,-0.35798481483926875,0.3401672765169762
LRRCC1,Q9C099,Leucine-rich repeat and coiled-coil domain-containing protein 1 OS=Homo sapiens OX=9606 GN=LRRCC1 PE=1 SV=2,19.347236586890702,19.095096937116896,0.252139649773806,0.3790761995400409,0.8863746215046759,0.22886094317256753,0.5622506461634844
NPHP1,O15259,Nephrocystin-1 OS=Homo sapiens OX=9606 GN=NPHP1 PE=1 SV=1,25.863769510043664,26.017912314558714,-0.15414280451505036,0.31526495690790707,-1.0130054280514844,-0.261556876830741,0.5057726874588511
TESPA1,A2RU30,Protein TESPA1 OS=Homo sapiens OX=9606 GN=TESPA1 PE=1 SV=2,26.531228443103817,27.035245529944998,-0.5040170868411806,0.11081951989581101,-1.6192473044940465,-0.4180878562464462,0.2544640471259077
ACSL1,P33121,Long-chain-fatty-acid--CoA ligase 1 OS=Homo sapiens OX=9606 GN=ACSL1 PE=1 SV=1,24.465591898022602,24.19921408938052,0.2663778086420834,0.07690275358636615,1.8009971742199453,0.4650154708213644,0.1982317352967823
IGHV2-5,P01817,Immunoglobulin heavy variable 2-5 OS=Homo sapiens OX=9606 GN=IGHV2-5 PE=1 SV=2,25.166956163143436,25.401981616455416,-0.23502545331198021,0.18057237719719932,-1.3553138128447844,-0.34994052173551504,0.35132639818745875
ZNF292,O60281,Zinc finger protein 292 OS=Homo sapiens OX=9606 GN=ZNF292 PE=1 SV=3,19.401964397978986,20.934594238517185,-1.532629840538199,0.0039556146774979,-3.0016588904243444,-0.7750249929072613,0.022765530626438966
DNAH12,Q6ZR08,Dynein axonemal heavy chain 12 OS=Homo sapiens OX=9606 GN=DNAH12 PE=1 SV=2,29.02011644119526,29.093652108025616,-0.07353566683035595,0.21746902398804435,-1.2468371208326625,-0.3219319602945405,0.39684480430634256
XPO6,Q96QU8,Exportin-6 OS=Homo sapiens OX=9606 GN=XPO6 PE=1 SV=1,23.040172353838383,21.025305814972285,2.014866538866098,3.704478809322478e-12,8.730324700043905,2.2541601446835537,3.38754006674711e-10
SPATA31H1,C9JG08,SPATA31 subfamily H member 1 OS=Homo sapiens OX=9606 GN=SPATA31H1 PE=1 SV=2,25.28119302716886,25.297625840740867,-0.01643281357200621,0.8082984446237456,-0.24373200456939806,-0.0629313329756686,0.8846138562837003
TTC6,G3V3A5,Tetratricopeptide repeat domain 6 OS=Homo sapiens OX=9606 GN=TTC6 PE=1 SV=1,22.012878916759284,22.102597122715416,-0.08971820595613167,0.6164978858049512,-0.5035313445556353,-0.13001123411716028,0.756151654273435
SLC7A8,Q9UHI5,Large neutral amino acids transporter small subunit 2 OS=Homo sapiens OX=9606 GN=SLC7A8 PE=1 SV=1,20.0051572368977,18.534035041256672,1.4711221956410263,9.113894668036802e-05,4.206218822986641,1.0860410301287615,0.0011719898924678574
MOV10,Q9HCE1,Helicase MOV-10 OS=Homo sapiens OX=9606 GN=MOV10 PE=1 SV=2,28.61579859991637,28.696812188606582,-0.08101358869021169,0.3557944008215249,-0.9308406632223084,-0.24034202577551111,0.5382698380075643
PRRG3,H7C0C2,Proline rich and Gla domain 3 (Fragment) OS=Homo sapiens OX=9606 GN=PRRG3 PE=4 SV=1,25.08332134495829,25.254000529139937,-0.17067918418164751,0.13294301667666872,-1.5240004934450548,-0.3934952353816389,0.2852282168064889
C3AR1,Q16581,C3a anaphylatoxin chemotactic receptor OS=Homo sapiens OX=9606 GN=C3AR1 PE=1 SV=2,24.76475593897855,24.747080038751662,0.017675900226887364,0.8795747696476108,0.1521778877871594,0.03929216167071263,0.9316474072329263
SZT2,Q5T011,KICSTOR complex protein SZT2 OS=Homo sapiens OX=9606 GN=SZT2 PE=1 SV=3,24.512537627545065,24.96736859088193,-0.4548309633368639,0.0604852339745891,-1.914562791181635,-0.49433798703432397,0.16593115853695609
BAHCC1,Q9P281,BAH and coiled-coil domain-containing protein 1 OS=Homo sapiens OX=9606 GN=BAHCC1 PE=1 SV=4,26.63608550104271,27.031012460570896,-0.3949269595281848,0.00022802267574825434,-3.931082518724616,-1.0150011418391698,0.0025189619079303803
IMUP,Q9GZP8,Immortalization up-regulated protein OS=Homo sapiens OX=9606 GN=IMUP PE=1 SV=1,22.100240984694395,17.16978735513405,4.930453629560343,9.800321052615765e-07,5.475470709786665,1.4137604581100172,2.337873688783413e-05
DENND1B,Q6P3S1,DENN domain-containing protein 1B OS=Homo sapiens OX=9606 GN=DENND1B PE=1 SV=2,25.38324894241462,25.42744243617348,-0.04419349375885773,0.9186539284710561,-0.10257523240024277,-0.026484811121299714,0.9582410432594158
MAGEE1,Q9HCI5,Melanoma-associated antigen E1 OS=Homo sapiens OX=9606 GN=MAGEE1 PE=1 SV=2,23.569405297465618,22.721384532710125,0.8480207647554927,0.006323360880816223,2.8335183512310516,0.7316112923660641,0.03293750636020096
ARHGAP22,D6R9V6,Rho GTPase activating protein 22 OS=Homo sapiens OX=9606 GN=ARHGAP22 PE=1 SV=1,23.329028238628617,23.849247784694125,-0.5202195460655084,0.0012894847784489071,-3.383131997833529,-0.8735209257087124,0.009736201584068354
VEPH1,Q14D04,Ventricular zone-expressed PH domain-containing protein homolog 1 OS=Homo sapiens OX=9606 GN=VEPH1 PE=1 SV=1,26.171875997925383,26.54136194556221,-0.3694859476368251,0.001414946577260624,-3.3524703188861795,-0.8656041142467228,0.010491000298067509
ZMYM5,Q9UJ78,Zinc finger MYM-type protein 5 OS=Homo sapiens OX=9606 GN=ZMYM5 PE=1 SV=4,22.976967314717353,23.36666908891063,-0.3897017741932771,0.00029391570511762,-3.853314106537765,-0.9949214241551251,0.0030814347173477867
NPHP3,Q7Z494,Nephrocystin-3 OS=Homo sapiens OX=9606 GN=NPHP3 PE=1 SV=1,20.938275476333352,21.210374513234335,-0.2720990369009826,0.0930259346220395,-1.7077755311479867,-0.4409457460797786,0.22617531519627326
MLIP,E9PFJ4,Muscular LMNA interacting protein (Fragment) OS=Homo sapiens OX=9606 GN=MLIP PE=1 SV=1,26.365354713940846,26.848389260057775,-0.4830345461169294,0.31557020049832324,-1.0123610675838899,-0.26139050367341116,0.5057726874588511
DIXDC1,Q155Q3,Dixin OS=Homo sapiens OX=9606 GN=DIXDC1 PE=1 SV=2,23.986605404871753,23.459225746255626,0.5273796586161268,0.0098449024581629,2.6691996974936116,0.6891843984063089,0.04346047026065788
MBTD1,Q05BQ5,MBT domain-containing protein 1 OS=Homo sapiens OX=9606 GN=MBTD1 PE=1 SV=2,30.040810547035456,30.332124028156436,-0.2913134811209801,0.005153133105676675,-2.907572595630921,-0.7507320160511752,0.02804837306616128
TARBP1,Q13395,Probable methyltransferase TARBP1 OS=Homo sapiens OX=9606 GN=TARBP1 PE=1 SV=1,23.870624493945417,23.943695951422693,-0.07307145747727617,0.5386213888459254,-0.6185701520904922,-0.15971412650049766,0.6969896273902462
PRB1,G3V1M9,Proline rich protein BstNI subfamily 1 OS=Homo sapiens OX=9606 GN=PRB1 PE=4 SV=2,18.288674609038008,17.99447859122735,0.29419601781065907,0.32109658972871546,1.0007668506859488,0.258396889742875,0.5106521610564886
