Gene,Accession,Description,Mean_Sarc,Mean_Control,Log2FC,P_value,T_statistic,Cohens_d,FDR
APOB,A0AAG2UUW0,Apolipoprotein B OS=Homo sapiens OX=9606 GN=APOB PE=1 SV=1,31.99770995640309,32.10978068078741,-0.11207072438432064,0.10602143522438366,-1.6419053213377401,-0.4239381310393604,0.39195140898416475
F5,P12259,Coagulation factor V OS=Homo sapiens OX=9606 GN=F5 PE=1 SV=4,31.49619551805683,31.505182089437866,-0.008986571381036867,0.8263911482117436,-0.2203257745201487,-0.05688787036378576,0.9455771083239671
TLN1,Q9Y490,Talin-1 OS=Homo sapiens OX=9606 GN=TLN1 PE=1 SV=3,30.36229830397597,30.32448943869889,0.037808865277078496,0.6430007980016885,0.4659438831705104,0.12030619331910675,0.8590419629305994
FGA,P02671,Fibrinogen alpha chain OS=Homo sapiens OX=9606 GN=FGA PE=1 SV=2,31.398112353328756,31.293284314570766,0.10482803875799007,0.07355833561414626,1.8223504171339737,0.470528854434268,0.3321886358387582
C3,P01024,Complement C3 OS=Homo sapiens OX=9606 GN=C3 PE=1 SV=2,31.450140719089013,31.41596666297001,0.03417405611900293,0.5656824616146552,0.5777302769344876,0.14916931607780465,0.8146736174097002
FGB,P02675,Fibrinogen beta chain OS=Homo sapiens OX=9606 GN=FGB PE=1 SV=2,28.09596386751226,28.111237244180394,-0.015273376668133665,0.929923430376475,-0.08832399654713835,-0.022805157846503218,0.9802150900651133
APOE,P02649,Apolipoprotein E OS=Homo sapiens OX=9606 GN=APOE PE=1 SV=1,32.505052796344216,32.485057128593155,0.01999566775106132,0.6467398009969989,0.4606955896473284,0.1189510897583539,0.8590419629305994
ALB,P02768,Albumin OS=Homo sapiens OX=9606 GN=ALB PE=1 SV=2,31.24580372750318,31.291625773420275,-0.04582204591709527,0.2718248948225855,-1.1094269528766376,-0.28645280748832386,0.6022171405383543
KRT1,P04264,"Keratin, type II cytoskeletal 1 OS=Homo sapiens OX=9606 GN=KRT1 PE=1 SV=6",30.785278963089635,30.67528445816031,0.10999450492932539,0.11683181433770298,1.591950936968354,0.41103996445718183,0.40767307581004353
FGG,P02679,Fibrinogen gamma chain OS=Homo sapiens OX=9606 GN=FGG PE=1 SV=3,31.053696793681006,30.92235235429977,0.13134443938123752,0.046701901127132336,2.03238816806287,0.5247603685290997,0.2705331909879804
KNG1,P01042,Kininogen-1 OS=Homo sapiens OX=9606 GN=KNG1 PE=1 SV=2,32.355784474131426,32.413847846334974,-0.058063372203548624,0.2648072244962541,-1.125990246440415,-0.29072943149704755,0.5934991919022296
KRT2,P35908,"Keratin, type II cytoskeletal 2 epidermal OS=Homo sapiens OX=9606 GN=KRT2 PE=1 SV=2",30.40711854144771,30.60808747905744,-0.2009689376097299,0.06421624712927017,-1.8866509632770252,-0.48713118405853995,0.3154513180898121
FLNA,P21333,Filamin-A OS=Homo sapiens OX=9606 GN=FLNA PE=1 SV=4,30.77442558215038,30.81220829502069,-0.03778271287031032,0.6345922369327173,-0.47779461171827864,-0.12336603827283547,0.8549348146510019
FN1,P02751,Fibronectin OS=Homo sapiens OX=9606 GN=FN1 PE=1 SV=5,28.45445069989223,28.59551118307561,-0.14106048318338082,0.312842717990427,-1.0181336862667456,-0.2628809874082582,0.6338158117026391
KRT9,P35527,"Keratin, type I cytoskeletal 9 OS=Homo sapiens OX=9606 GN=KRT9 PE=1 SV=3",30.033349684162726,30.12578779740032,-0.09243811323759488,0.17635725985793949,-1.3687446191980575,-0.3534083410243393,0.49538588034940373
THBS1,P07996,Thrombospondin-1 OS=Homo sapiens OX=9606 GN=THBS1 PE=1 SV=2,29.63636500602069,29.645405271932667,-0.009040265911977485,0.9059603415097122,-0.11865290890518791,-0.030636049344590566,0.9728197030701398
ANPEP,P15144,Aminopeptidase N OS=Homo sapiens OX=9606 GN=ANPEP PE=1 SV=4,29.70205589814436,29.48907677224953,0.21297912589482948,0.015094133849041205,2.504535227115206,0.6466682149738001,0.14022684969601493
VTN,P04004,Vitronectin OS=Homo sapiens OX=9606 GN=VTN PE=1 SV=1,30.73670784495282,30.830626913500524,-0.09391906854770227,0.28918665278378264,-1.0696984869913013,-0.2761949617053721,0.6172757957634789
MMRN1,Q13201,Multimerin-1 OS=Homo sapiens OX=9606 GN=MMRN1 PE=1 SV=3,29.831109983067755,29.714991476243373,0.11611850682438174,0.13786416353038727,1.504558276585373,0.3884752765742454,0.44013002158316183
C4A,A0A140TA44,Complement C4A (Rodgers blood group) OS=Homo sapiens OX=9606 GN=C4A PE=1 SV=1,23.306175767108343,23.28999052148189,0.016185245626452627,0.8743065139044726,0.15889127856511548,0.041025551716019716,0.9611475042493681
VWF,P04275,von Willebrand factor OS=Homo sapiens OX=9606 GN=VWF PE=1 SV=4,28.525197469187432,28.612020676044608,-0.0868232068571757,0.41575846841083297,-0.8196725759778047,-0.21163854907366475,0.7157756203736626
LPA,P08519,Apolipoprotein(a) OS=Homo sapiens OX=9606 GN=LPA PE=1 SV=2,29.70740719688681,29.730944610292322,-0.02353741340551352,0.7881080212066098,-0.27001385766409053,-0.06971727826521618,0.9303528655038967
A2M,P01023,Alpha-2-macroglobulin OS=Homo sapiens OX=9606 GN=A2M PE=1 SV=3,31.128977505544928,31.022946901382443,0.10603060416248411,0.08133935641983463,1.7738378100999954,0.4580029531593544,0.34724158585896064
HRG,P04196,Histidine-rich glycoprotein OS=Homo sapiens OX=9606 GN=HRG PE=1 SV=1,32.24997928596791,32.31048707369529,-0.06050778772738141,0.268711953912572,-1.1167365544926215,-0.288340138510065,0.6000006642157429
TF,P02787,Serotransferrin OS=Homo sapiens OX=9606 GN=TF PE=1 SV=5,30.525489409075977,30.570896966893624,-0.04540755781764716,0.5834231192968209,-0.5514800784664048,-0.14239154397770304,0.8237286748591977
APOA4,P06727,Apolipoprotein A-IV OS=Homo sapiens OX=9606 GN=APOA4 PE=1 SV=4,29.55741888036974,29.57402167167403,-0.016602791304286768,0.8396998123241131,-0.20318728541466102,-0.05246273150480502,0.9486967633882386
CFH,P08603,Complement factor H OS=Homo sapiens OX=9606 GN=CFH PE=1 SV=4,29.670182150194403,29.39054861198804,0.2796335382063617,0.046394362131664306,2.0353424928933803,0.52552317192029,0.2705331909879804
APOA1,P02647,Apolipoprotein A-I OS=Homo sapiens OX=9606 GN=APOA1 PE=1 SV=1,30.60915379269756,30.700596217676484,-0.09144242497892563,0.09784080216121598,-1.68253979848005,-0.43442990792296116,0.38140109332483757
LTBP1,Q14766,Latent-transforming growth factor beta-binding protein 1 OS=Homo sapiens OX=9606 GN=LTBP1 PE=1 SV=4,30.38698382645517,30.399867302829268,-0.012883476374096148,0.844118992690048,-0.19751004202560846,-0.050996873564927235,0.9496840742560161
Unknown,H0YAC1,Uncharacterized protein (Fragment) OS=Homo sapiens OX=9606 PE=3 SV=1,30.73961398889252,30.715585878777922,0.024028110114596046,0.7007953798635933,0.3861542295590859,0.09970459334332636,0.883874172576821
GAPDH,P04406,Glyceraldehyde-3-phosphate dehydrogenase OS=Homo sapiens OX=9606 GN=GAPDH PE=1 SV=3,28.740379964799313,28.825615629468544,-0.08523566466923072,0.2876761937134962,-1.0730878770023686,-0.2770700984431498,0.6165786353474437
KRT14,P02533,"Keratin, type I cytoskeletal 14 OS=Homo sapiens OX=9606 GN=KRT14 PE=1 SV=4",30.946506487022827,31.05748627075537,-0.11097978373254236,0.08091693945567412,-1.7763697351470549,-0.45865669339542825,0.3462627027303668
MME,P08473,Neprilysin OS=Homo sapiens OX=9606 GN=MME PE=1 SV=2,28.64761908149361,28.67546659914817,-0.027847517654560505,0.844810986301364,-0.19662164043134703,-0.05076748925963934,0.9496840742560161
IGHG1,P01857,Immunoglobulin heavy constant gamma 1 OS=Homo sapiens OX=9606 GN=IGHG1 PE=1 SV=2,30.369342823901253,30.269472566882243,0.09987025701900976,0.04372392616420568,2.0617330009149626,0.5323371717913261,0.2589838103980394
ACTB,P60709,"Actin, cytoplasmic 1 OS=Homo sapiens OX=9606 GN=ACTB PE=1 SV=1",30.171154149172473,30.245075245132167,-0.07392109595969387,0.3490219477286626,-0.9441255403099902,-0.24377216628997808,0.6622183621984042
DPP4,P27487,Dipeptidyl peptidase 4 OS=Homo sapiens OX=9606 GN=DPP4 PE=1 SV=2,29.053879727606805,29.00342934679664,0.050450380810165285,0.6635158234750831,0.437302735156717,0.11291108070086117,0.8664849755941908
KRT5,P13647,"Keratin, type II cytoskeletal 5 OS=Homo sapiens OX=9606 GN=KRT5 PE=1 SV=3",29.029759202003714,29.03098126698721,-0.0012220649834979724,0.9889207944962368,-0.013946163208858943,-0.0036008838567600852,0.9961432497369397
C1R,P00736,Complement C1r subcomponent OS=Homo sapiens OX=9606 GN=C1R PE=1 SV=2,29.706720219047217,29.7419540171818,-0.03523379813458405,0.5220412861056853,-0.6441130592159207,-0.1663092767611982,0.7892243052171112
F12,P00748,Coagulation factor XII OS=Homo sapiens OX=9606 GN=F12 PE=1 SV=3,30.815451402905378,30.8095323234736,0.005919079431777163,0.901952925809332,0.12373497958192169,0.03194823435093983,0.9717051676907487
IGHA1,P01876,Immunoglobulin heavy constant alpha 1 OS=Homo sapiens OX=9606 GN=IGHA1 PE=1 SV=3,28.98639738183858,28.897663214740643,0.08873416709793602,0.3799614204023376,0.8847186832019694,0.22843338174131889,0.6874579483162374
HPR,P00739,Haptoglobin-related protein OS=Homo sapiens OX=9606 GN=HPR PE=1 SV=2,29.031640263668084,28.857818092038332,0.17382217162975167,0.10072398886762836,1.6679122244262978,0.430653084542588,0.38425130221203757
ITIH4,Q14624,Inter-alpha-trypsin inhibitor heavy chain H4 OS=Homo sapiens OX=9606 GN=ITIH4 PE=1 SV=4,30.01208798518228,30.042531110868392,-0.030443125686112182,0.6810851844228478,-0.4130608154368268,-0.10665184394384573,0.8754019610538826
CAVIN2,O95810,Caveolae-associated protein 2 OS=Homo sapiens OX=9606 GN=CAVIN2 PE=1 SV=3,29.600801589784417,29.394208287771253,0.2065933020131645,0.03510280886998435,2.157727640775297,0.5571228812249431,0.23366849882172294
CAMP,P49913,Cathelicidin antimicrobial peptide OS=Homo sapiens OX=9606 GN=CAMP PE=1 SV=1,29.85469760732112,29.845552472741335,0.009145134579785719,0.9103193054305319,0.11312854850234655,0.029209665622013745,0.9728197030701398
RAP1B,P61224,Ras-related protein Rap-1b OS=Homo sapiens OX=9606 GN=RAP1B PE=1 SV=1,29.597423988104335,29.510650585162804,0.08677340294153169,0.19974478097313858,1.297065290745359,0.33490081800003046,0.5201663521933688
GC,P02774,Vitamin D-binding protein OS=Homo sapiens OX=9606 GN=GC PE=1 SV=2,30.26969800612295,30.228258361522695,0.04143964460025629,0.5947592298720505,0.5349067371250302,0.1381123256439594,0.8325300513348026
HRNR,Q86YZ3,Hornerin OS=Homo sapiens OX=9606 GN=HRNR PE=1 SV=2,28.51285766539973,28.808696687045064,-0.29583902164533527,0.1364342116788264,-1.5101502075797886,-0.38991910694854637,0.44013002158316183
CP,P00450,Ceruloplasmin OS=Homo sapiens OX=9606 GN=CP PE=1 SV=2,28.125282886643184,27.81427752779964,0.31100535884354485,0.027565644940411044,2.2604012649307146,0.5836330969881891,0.20096214256159023
IGHM,P01871,Immunoglobulin heavy constant mu OS=Homo sapiens OX=9606 GN=IGHM PE=1 SV=5,31.242062044232778,31.408084531848584,-0.1660224876158054,0.05080377954540845,-1.9945074776540452,-0.5149796163226854,0.2790803278522627
Unknown,B4E1Z4,Complement C2 OS=Homo sapiens OX=9606 PE=1 SV=1,29.882294712393993,29.979760702579583,-0.0974659901855901,0.08584287985530474,-1.747502394033561,-0.4512031779699716,0.3577817867114266
APOH,P02749,Beta-2-glycoprotein 1 OS=Homo sapiens OX=9606 GN=APOH PE=1 SV=3,29.28999660702322,29.355754249964676,-0.06575764294145614,0.21368059604602793,-1.2573103577487528,-0.32463613843833394,0.5321240398757334
BASP1,P80723,Brain acid soluble protein 1 OS=Homo sapiens OX=9606 GN=BASP1 PE=1 SV=2,25.80219377206999,25.430055278894237,0.3721384931757541,0.014819067198627993,2.511756759791262,0.6485328066930308,0.13838847649552077
HABP2,Q14520,Hyaluronan-binding protein 2 OS=Homo sapiens OX=9606 GN=HABP2 PE=1 SV=1,30.242368364084218,30.04619665339099,0.19617171069322836,0.03133387047361393,2.2063445546697937,0.5696757144154354,0.22032011670270502
Unknown,A0A8I5KW61,C-X-C motif chemokine OS=Homo sapiens OX=9606 PE=1 SV=1,30.59433788595664,30.628354854655107,-0.0340169686984666,0.6806295674537771,-0.41368630718070115,-0.10681334521766007,0.8754019610538826
TFPI,P10646,Tissue factor pathway inhibitor OS=Homo sapiens OX=9606 GN=TFPI PE=1 SV=1,29.313692925623396,29.449795835236525,-0.136102909613129,0.13820033583453437,-1.5032503163207933,-0.3881375626860976,0.44013002158316183
SAA2-SAA4,A0A096LPE2,SAA2-SAA4 readthrough OS=Homo sapiens OX=9606 GN=SAA2-SAA4 PE=3 SV=1,31.253572385260195,31.18476478792613,0.0688075973340645,0.3380143988781352,0.9660817164014549,0.24944122657988743,0.6488976072209077
SERPINA1,P01009,Alpha-1-antitrypsin OS=Homo sapiens OX=9606 GN=SERPINA1 PE=1 SV=3,27.326833893008207,27.214955845670506,0.11187804733770079,0.5420168299541357,0.613389691719463,0.15837653738431876,0.8051666744886208
CLU,P10909,Clusterin OS=Homo sapiens OX=9606 GN=CLU PE=1 SV=1,28.40911491807383,28.277847793817372,0.13126712425645692,0.14752026416908545,1.4679499633739164,0.37902305074753107,0.45291752338214075
EHD1,A0A024R571,EH domain containing 1 OS=Homo sapiens OX=9606 GN=EHD1 PE=1 SV=1,22.443871760931934,22.488094690933494,-0.044222930001559746,0.85577680601156,-0.18256395010723414,-0.047137809225543975,0.9524078391993065
EHD1,Q9H4M9,EH domain-containing protein 1 OS=Homo sapiens OX=9606 GN=EHD1 PE=1 SV=2,29.661645889685932,29.59723673842273,0.06440915126320235,0.38656479847721736,0.8724420151268154,0.22526355967451975,0.6910375709567804
IGFBP3,P17936,Insulin-like growth factor-binding protein 3 OS=Homo sapiens OX=9606 GN=IGFBP3 PE=1 SV=2,30.267201714502953,29.964759002071954,0.30244271243099874,0.006379660149891991,2.8302848663704006,0.7307764101650297,0.08159611931561547
FYB1,O15117,FYN-binding protein 1 OS=Homo sapiens OX=9606 GN=FYB1 PE=1 SV=2,28.244022768098255,28.148848184341748,0.09517458375650634,0.17097297539803524,1.3862627978312827,0.35793151529783057,0.48548812272255626
SERPING1,P05155,Plasma protease C1 inhibitor OS=Homo sapiens OX=9606 GN=SERPING1 PE=1 SV=2,30.290467252029735,30.24475968351397,0.045707568515766184,0.6388731595115684,0.47175284041246784,0.12180605962956888,0.8578485427757584
SERPING1,E9PGN7,Serpin family G member 1 OS=Homo sapiens OX=9606 GN=SERPING1 PE=1 SV=1,18.01986600154612,17.773937663854106,0.24592833769201405,0.3219866328348662,0.9989121165260096,0.25791799944200255,0.6456414808632545
CSRP1,P21291,Cysteine and glycine-rich protein 1 OS=Homo sapiens OX=9606 GN=CSRP1 PE=1 SV=3,27.91191922792002,27.930427782610288,-0.018508554690267687,0.833193711516502,-0.2115577461928374,-0.05462397518440232,0.9468751537683636
MARCKS,P29966,Myristoylated alanine-rich C-kinase substrate OS=Homo sapiens OX=9606 GN=MARCKS PE=1 SV=4,30.14961106754694,30.343919768375066,-0.19430870082812746,0.07833926007556628,-1.7920633492494047,-0.4627087671327753,0.34010240512225265
FHL1,Q5JXI8,Four and a half LIM domains 1 (Fragment) OS=Homo sapiens OX=9606 GN=FHL1 PE=1 SV=1,29.52680374091111,29.511278821548952,0.015524919362157164,0.686619477769709,0.405476071181572,0.10469347139812275,0.8768491706936095
IGHG3,A0A9H3ZR93,Immunoglobulin heavy constant gamma 3 (G3m marker) (Fragment) OS=Homo sapiens OX=9606 GN=IGHG3 PE=1 SV=1,29.899744037128126,29.82485861029601,0.07488542683211818,0.1097103069408325,1.6244135373380755,0.4194217718309497,0.39918796287713504
BIN2,Q9UBW5,Bridging integrator 2 OS=Homo sapiens OX=9606 GN=BIN2 PE=1 SV=3,28.269113984389378,28.244262962143225,0.02485102224615332,0.6329152154945954,0.48016624687467097,0.12397839183710131,0.8549348146510019
EEF1A1,P68104,Elongation factor 1-alpha 1 OS=Homo sapiens OX=9606 GN=EEF1A1 PE=1 SV=1,29.550212320959364,29.600107804813117,-0.049895483853752864,0.48933616935422497,-0.6957946866288452,-0.17965341557954173,0.7710303259545113
PON1,P27169,Serum paraoxonase/arylesterase 1 OS=Homo sapiens OX=9606 GN=PON1 PE=1 SV=3,28.892764255613358,29.01864115849295,-0.1258769028795932,0.05769110555071709,-1.936441002783962,-0.49998691697969844,0.2989599776081958
MAPRE2,Q15555,Microtubule-associated protein RP/EB family member 2 OS=Homo sapiens OX=9606 GN=MAPRE2 PE=1 SV=1,28.642815449899,28.488855071824464,0.15396037807453666,0.10415085996509342,1.6509650162736365,0.4262773342132567,0.3882380289343295
C8B,A0A8Q3WL56,Complement component C8 beta chain OS=Homo sapiens OX=9606 GN=C8B PE=1 SV=1,30.191994529330543,30.169482190734115,0.022512338596428094,0.7534576604524106,0.3155752517180106,0.08148117962527125,0.9174977886462201
CLEC3B,P05452,Tetranectin OS=Homo sapiens OX=9606 GN=CLEC3B PE=1 SV=3,30.5814317123673,30.42144266801142,0.15998904435588202,0.05485075137768057,1.959627912940629,0.505973751438817,0.2895623117316279
APOA5,Q6Q788,Apolipoprotein A-V OS=Homo sapiens OX=9606 GN=APOA5 PE=1 SV=1,30.205935678501667,30.151597735678838,0.05433794282282989,0.6024146827083772,0.523798322934956,0.1352441454332306,0.8347214266585163
C4BPA,P04003,C4b-binding protein alpha chain OS=Homo sapiens OX=9606 GN=C4BPA PE=1 SV=2,28.20502543354595,28.282027442947392,-0.07700200940144342,0.24813907311064246,-1.166618076815168,-0.3012194921926447,0.577025987650572
ITIH2,P19823,Inter-alpha-trypsin inhibitor heavy chain H2 OS=Homo sapiens OX=9606 GN=ITIH2 PE=1 SV=2,28.45924969846361,28.451320981344043,0.00792871711956522,0.8570951866330563,0.18087636802334983,0.04670207740512785,0.9527412706962616
HP,P00738,Haptoglobin OS=Homo sapiens OX=9606 GN=HP PE=1 SV=1,28.466984543717455,28.331646055833577,0.13533848788387814,0.015355331741521186,2.497787038579362,0.6449258401860408,0.14046994802320148
PRG4,Q92954,Proteoglycan 4 OS=Homo sapiens OX=9606 GN=PRG4 PE=1 SV=3,29.82685473930117,29.776448168407157,0.05040657089401179,0.5491355776726623,0.6025820896511414,0.15558602652944897,0.8093454881076879
DSP,P15924,Desmoplakin OS=Homo sapiens OX=9606 GN=DSP PE=1 SV=3,28.360303412910337,28.45705209292852,-0.09674868001818382,0.22369752665280854,-1.2299069042268413,-0.31756059716373847,0.545487330610646
IGKC,P01834,Immunoglobulin kappa constant OS=Homo sapiens OX=9606 GN=IGKC PE=1 SV=2,29.658551088519086,29.66493253730292,-0.006381448783834287,0.9509121195184093,-0.061828324373580365,-0.015964004708185788,0.988209689194911
PDIA5,Q14554,Protein disulfide-isomerase A5 OS=Homo sapiens OX=9606 GN=PDIA5 PE=1 SV=1,29.031693954700525,29.20638812183333,-0.17469416713280594,0.015463882834266324,-2.4950130172066434,-0.6442095909474701,0.14074488285197725
APOA2,V9GYM3,Apolipoprotein A-II OS=Homo sapiens OX=9606 GN=APOA2 PE=1 SV=1,30.483844150738395,30.387737490805446,0.09610665993294987,0.2543507851243514,1.1512561718567649,0.29725306538798363,0.5846921665604392
F11,P03951,Coagulation factor XI OS=Homo sapiens OX=9606 GN=F11 PE=1 SV=1,29.528065017040525,29.627109559866188,-0.09904454282566277,0.21146571639500578,-1.2634972618999074,-0.32623359022113413,0.5313668847978812
WAS,P42768,Actin nucleation-promoting factor WAS OS=Homo sapiens OX=9606 GN=WAS PE=1 SV=4,27.88565314046267,27.84132721183729,0.04432592862537987,0.8328820894116569,0.21195903898017068,0.054727588536555315,0.9468751537683636
YARS1,P54577,"Tyrosine--tRNA ligase, cytoplasmic OS=Homo sapiens OX=9606 GN=YARS1 PE=1 SV=4",28.598125399975068,28.762805401007405,-0.1646800010323375,0.06161086919958767,-1.9059913988107047,-0.49212486304056263,0.30685635687461305
IQGAP2,Q13576,Ras GTPase-activating-like protein IQGAP2 OS=Homo sapiens OX=9606 GN=IQGAP2 PE=1 SV=4,30.976020156459143,30.872610681784604,0.10340947467453887,0.10363600366654427,1.6534818547880672,0.42692717912335565,0.3879318467100498
RHOA,P61586,Transforming protein RhoA OS=Homo sapiens OX=9606 GN=RHOA PE=1 SV=1,28.044936913324893,28.11842710228075,-0.07349018895585857,0.5181436143757627,-0.6501792191670739,-0.16787555252561465,0.785872611952955
ILK,A0A0A0MTH3,Integrin-linked protein kinase OS=Homo sapiens OX=9606 GN=ILK PE=1 SV=1,30.123884684479677,30.200427196429683,-0.07654251195000583,0.07131523916717908,-1.8371329092896675,-0.47434567749656426,0.3305798534527737
C1QB,A0A8Q3SI33,Complement C1q B chain OS=Homo sapiens OX=9606 GN=C1QB PE=1 SV=1,13.084378019300646,13.742315593554897,-0.6579375742542517,0.5675464386646523,-0.5749535283255933,-0.14845236266988115,0.8156840009516406
RAB8A,P61006,Ras-related protein Rab-8A OS=Homo sapiens OX=9606 GN=RAB8A PE=1 SV=1,28.79679602887354,28.780070751152653,0.016725277720887277,0.8316899195256039,0.2134945821002159,0.05512406406530988,0.9468751537683636
APOL1,O14791,Apolipoprotein L1 OS=Homo sapiens OX=9606 GN=APOL1 PE=1 SV=5,28.974099318385807,29.11905714467018,-0.14495782628437226,0.11233452127281134,-1.612258338718412,-0.41628331304269645,0.4038064324060568
ANTXR2,P58335,Anthrax toxin receptor 2 OS=Homo sapiens OX=9606 GN=ANTXR2 PE=1 SV=5,30.09287773962145,30.133497608251798,-0.04061986863034761,0.41212883871935335,-0.8261069135293292,-0.21329988788572685,0.7157756203736626
ANTXR2,J3KPY9,Anthrax toxin receptor OS=Homo sapiens OX=9606 GN=ANTXR2 PE=1 SV=1,21.513211094310588,21.26670596852681,0.24650512578377715,0.2163039771209087,1.250043479802821,0.3227598386207662,0.5371648628501237
GGT1,P19440,Glutathione hydrolase 1 proenzyme OS=Homo sapiens OX=9606 GN=GGT1 PE=1 SV=2,29.692428957161887,29.75530711302704,-0.06287815586515322,0.25005532203262376,-1.1618499966550209,-0.2999883791890693,0.577025987650572
CFL1,P23528,Cofilin-1 OS=Homo sapiens OX=9606 GN=CFL1 PE=1 SV=3,29.670691347179517,29.749207970684317,-0.07851662350480026,0.4133424575885516,-0.823951684373884,-0.21274341011064016,0.7157756203736626
HBB,P68871,Hemoglobin subunit beta OS=Homo sapiens OX=9606 GN=HBB PE=1 SV=2,25.61611795557153,25.816613819864383,-0.20049586429285426,0.23491070994489818,-1.2002786841911897,-0.3099106236453486,0.5591383614951779
APOC1,P02654,Apolipoprotein C-I OS=Homo sapiens OX=9606 GN=APOC1 PE=1 SV=1,29.91788331651704,29.88656373103493,0.031319585482112444,0.4401328773050509,0.7773134829901441,0.20070147829355406,0.7347542860108762
ZYX,Q15942,Zyxin OS=Homo sapiens OX=9606 GN=ZYX PE=1 SV=1,29.887687342626393,29.727270780828075,0.16041656179831776,0.03812274191088029,2.1219705132976294,0.5478904306096616,0.2423903412986112
LIMS1,P48059,LIM and senescent cell antigen-like-containing domain protein 1 OS=Homo sapiens OX=9606 GN=LIMS1 PE=1 SV=4,29.731452532651435,29.80248917905027,-0.07103664639883434,0.30420536526741654,-1.036642222942488,-0.2676598710287795,0.6304202854667855
APOD,C9JF17,Apolipoprotein D (Fragment) OS=Homo sapiens OX=9606 GN=APOD PE=1 SV=1,28.902524944854555,29.084492751104612,-0.18196780625005715,0.13925065508822546,-1.4991799320893704,-0.3870865939966998,0.4419051762357314
SELL,P14151,L-selectin OS=Homo sapiens OX=9606 GN=SELL PE=1 SV=2,29.087438019809518,28.999045729314314,0.0883922904952037,0.12333784185678809,1.5636595708140495,0.4037351651267101,0.41725424613060574
SKAP2,O75563,Src kinase-associated phosphoprotein 2 OS=Homo sapiens OX=9606 GN=SKAP2 PE=1 SV=1,28.561684467727936,28.66349632939963,-0.10181186167169543,0.19314747766086837,-1.3166127338189728,-0.33994794609903345,0.5145816158186285
EHD3,Q9NZN3,EH domain-containing protein 3 OS=Homo sapiens OX=9606 GN=EHD3 PE=1 SV=2,30.269056080157146,30.236641074524314,0.032415005632831395,0.5174404207287875,0.6512762089096327,0.16815879405920733,0.785872611952955
F2,P00734,Prothrombin OS=Homo sapiens OX=9606 GN=F2 PE=1 SV=2,29.386539920723973,29.58023931244349,-0.193699391719516,0.2407580952633604,-1.1852349945205898,-0.3060263596746989,0.5702500195603767
ITIH1,P19827,Inter-alpha-trypsin inhibitor heavy chain H1 OS=Homo sapiens OX=9606 GN=ITIH1 PE=1 SV=3,28.384390948070607,28.322848573903837,0.061542374166769775,0.5162666857211488,0.653109013855927,0.16863202226146365,0.785872611952955
IGLC6,P0CF74,Immunoglobulin lambda constant 6 OS=Homo sapiens OX=9606 GN=IGLC6 PE=1 SV=1,25.891064102808894,25.75816454776209,0.13289955504680506,0.09393366270512814,1.7029371007142078,0.43969646871365786,0.37261738325286453
RAC1,P63000,Ras-related C3 botulinum toxin substrate 1 OS=Homo sapiens OX=9606 GN=RAC1 PE=1 SV=1,28.84555800824255,28.936364667674923,-0.0908066594323742,0.3218344539853809,-0.9992289938508052,-0.2579998168154508,0.6456414808632545
PIP4K2A,P48426,Phosphatidylinositol 5-phosphate 4-kinase type-2 alpha OS=Homo sapiens OX=9606 GN=PIP4K2A PE=1 SV=2,28.83152881789658,28.92228038147242,-0.09075156357583936,0.1815273767103532,-1.3523041428133755,-0.3491634282749,0.5022817692000977
LTF,P02788,Lactotransferrin OS=Homo sapiens OX=9606 GN=LTF PE=1 SV=6,28.836824992572367,28.82483691511085,0.011988077461516866,0.8864686212019863,0.14340345743275013,0.03702661349504037,0.9670152072277904
RALB,P11234,Ras-related protein Ral-B OS=Homo sapiens OX=9606 GN=RALB PE=1 SV=1,27.86836760288328,27.731637892799196,0.13672971008408297,0.09890906641809756,1.677079406734212,0.4330200408366012,0.38166689609663146
C1S,P09871,Complement C1s subcomponent OS=Homo sapiens OX=9606 GN=C1S PE=1 SV=1,29.670170314389736,29.776236111608103,-0.10606579721836695,0.0879521212026421,-1.7355605315303542,-0.44811980233013027,0.3600414459277107
TUBA1B,P68363,Tubulin alpha-1B chain OS=Homo sapiens OX=9606 GN=TUBA1B PE=1 SV=1,25.854039515064734,25.888588624222013,-0.034549109157278934,0.7824490881872265,-0.27741341237114087,-0.07162783507519994,0.9289871273750642
AHSG,P02765,Alpha-2-HS-glycoprotein OS=Homo sapiens OX=9606 GN=AHSG PE=1 SV=2,28.42502445064632,28.40984677702341,0.015177673622908117,0.8245074516148954,0.22275674526051512,0.057515544309956194,0.9443761469179691
EPHX1,P07099,Epoxide hydrolase 1 OS=Homo sapiens OX=9606 GN=EPHX1 PE=1 SV=1,22.922535061142423,22.672645492557315,0.24988956858510747,0.1889772163471292,1.329229883627312,0.34320568017132014,0.512584342556968
SERPINA5,P05154,Plasma serine protease inhibitor OS=Homo sapiens OX=9606 GN=SERPINA5 PE=1 SV=3,27.615812818692074,27.462588820883905,0.1532239978081691,0.020949673599022348,2.373577434804234,0.612855058395368,0.1647489682589784
SYNCRIP,O60506,Heterogeneous nuclear ribonucleoprotein Q OS=Homo sapiens OX=9606 GN=SYNCRIP PE=1 SV=2,26.939524649601957,26.75758219024002,0.1819424593619381,0.0597831369948874,1.9199779878049057,0.49573618479021514,0.30493066927369905
CFHR1,Q03591,Complement factor H-related protein 1 OS=Homo sapiens OX=9606 GN=CFHR1 PE=1 SV=2,28.87222384826899,28.78234508719801,0.08987876107098103,0.16929063839154246,1.391823184973475,0.359367201084509,0.4834049518261601
RAN,P62826,GTP-binding nuclear protein Ran OS=Homo sapiens OX=9606 GN=RAN PE=1 SV=3,27.025036239279256,26.604384046318607,0.4206521929606488,9.562035750657805e-05,4.1920248604979635,1.0823761647730723,0.002920244662875893
TTR,P02766,Transthyretin OS=Homo sapiens OX=9606 GN=TTR PE=1 SV=1,26.033376591273893,26.038360966966877,-0.0049843756929845995,0.9621973946577427,-0.047601468246961855,-0.012290646251700298,0.988209689194911
WIPF1,O43516,WAS/WASL-interacting protein family member 1 OS=Homo sapiens OX=9606 GN=WIPF1 PE=1 SV=3,28.77037289153755,28.898657223015455,-0.12828433147790363,0.05817032590617821,-1.9326254459252983,-0.49900174443502415,0.3005746234863906
C1QC,P02747,Complement C1q subcomponent subunit C OS=Homo sapiens OX=9606 GN=C1QC PE=1 SV=3,29.358672892041007,29.256782019841573,0.1018908721994336,0.14463736324107315,1.4786770695544407,0.3817927776535423,0.4501197226555463
APOC4,P55056,Apolipoprotein C-IV OS=Homo sapiens OX=9606 GN=APOC4 PE=1 SV=1,28.567610272847155,28.321839117257152,0.24577115559000262,0.019136830882111794,2.4101718494643576,0.6223036956315592,0.15682702797015471
SERPINF1,P36955,Pigment epithelium-derived factor OS=Homo sapiens OX=9606 GN=SERPINF1 PE=1 SV=4,29.323919619485196,29.315902228010863,0.008017391474332669,0.8893519669373265,0.13973692838521104,0.03607991976574005,0.9670152072277904
S100A8,P05109,Protein S100-A8 OS=Homo sapiens OX=9606 GN=S100A8 PE=1 SV=1,29.507939487317103,29.688044367293138,-0.1801048799760352,0.012648191971858567,-2.573435490696698,-0.6644581865338282,0.12529396798642217
DSG1,Q02413,Desmoglein-1 OS=Homo sapiens OX=9606 GN=DSG1 PE=1 SV=2,30.31257860858384,30.07478244526708,0.23779616331676223,0.017151027552556156,2.45401388213898,0.6336236597924053,0.14904999529171734
ENO1,P06733,Alpha-enolase OS=Homo sapiens OX=9606 GN=ENO1 PE=1 SV=2,30.367146978078168,30.17498866157007,0.1921583165080989,0.00802005526980742,2.746028218450223,0.7090214372182224,0.09255469739919635
ARHGAP18,Q8N392,Rho GTPase-activating protein 18 OS=Homo sapiens OX=9606 GN=ARHGAP18 PE=1 SV=3,28.168459222501692,28.11416564084749,0.05429358165420339,0.3785901029557308,0.8872849763703817,0.22909599578816867,0.686362037006699
KRT6B,P04259,"Keratin, type II cytoskeletal 6B OS=Homo sapiens OX=9606 GN=KRT6B PE=1 SV=5",24.19679700745319,24.463464206215697,-0.26666719876250866,0.10861339353663683,-1.6295643080450959,-0.4207516951088446,0.3978665813277036
RSU1,Q15404,Ras suppressor protein 1 OS=Homo sapiens OX=9606 GN=RSU1 PE=1 SV=3,28.32976401957857,28.19085364901913,0.1389103705594401,0.03680077429721001,2.1373067931989094,0.5518502410530237,0.23650103338672956
APOC4-APOC2,K7ER74,Apolipoprotein C-II OS=Homo sapiens OX=9606 GN=APOC4-APOC2 PE=1 SV=1,27.84560167141233,27.800612903530983,0.04498876788134609,0.4358641530150791,0.784629116024665,0.202590366620865,0.7303779685570437
PYM1,Q9BRP8,Partner of Y14 and mago OS=Homo sapiens OX=9606 GN=PYM1 PE=1 SV=1,25.01207851735128,25.154219884258133,-0.14214136690685208,0.27482043180442056,-1.1024483486899472,-0.28465093963533555,0.6042946661660784
PPIB,P23284,Peptidyl-prolyl cis-trans isomerase B OS=Homo sapiens OX=9606 GN=PPIB PE=1 SV=2,28.86499040445118,28.947693922221383,-0.08270351777020224,0.3261420549398515,-0.9902978454680327,-0.2556938042188518,0.6477721799371448
ADAM10,O14672,Disintegrin and metalloproteinase domain-containing protein 10 OS=Homo sapiens OX=9606 GN=ADAM10 PE=1 SV=1,28.384126678807245,28.471631581861892,-0.08750490305464709,0.48088394057458983,-0.7094560262913763,-0.1831807583128661,0.7664221381779907
PLG,P00747,Plasminogen OS=Homo sapiens OX=9606 GN=PLG PE=1 SV=2,30.83223447518988,30.81796593202622,0.01426854316365933,0.783283177088768,0.2763218072905463,0.07134598385534807,0.9289871273750642
ARF3,P61204,ADP-ribosylation factor 3 OS=Homo sapiens OX=9606 GN=ARF3 PE=1 SV=2,27.111257952801157,27.288238033386907,-0.17698008058575,0.050155724462985024,-2.0003128705493425,-0.5164785623227972,0.2785122811242013
SELENOP,P49908,Selenoprotein P OS=Homo sapiens OX=9606 GN=SELENOP PE=1 SV=3,29.304880677422382,29.59448085049104,-0.2896001730686564,0.00024138330606499392,-3.9137034867048124,-1.010513895066776,0.006364709820213736
ICAM1,P05362,Intercellular adhesion molecule 1 OS=Homo sapiens OX=9606 GN=ICAM1 PE=1 SV=2,24.567580774177472,24.373761933988725,0.1938188401887473,0.09806241161335758,1.6814030481941624,0.43413640026122524,0.38140109332483757
DIAPH1,O60610,Protein diaphanous homolog 1 OS=Homo sapiens OX=9606 GN=DIAPH1 PE=1 SV=2,29.574503902965773,28.7683615207916,0.8061423821741727,0.15811049233304406,1.4299005534316136,0.3691987353448939,0.4678087669193861
ORM2,P19652,Alpha-1-acid glycoprotein 2 OS=Homo sapiens OX=9606 GN=ORM2 PE=1 SV=2,27.927291201269668,28.095382758475672,-0.16809155720600444,0.013695708052740027,-2.5425674819487103,-0.656488100946392,0.13068163774493843
C9,P02748,Complement component C9 OS=Homo sapiens OX=9606 GN=C9 PE=1 SV=2,29.44779768485484,29.40753452959905,0.04026315525578994,0.5798448358515994,0.5567432844618591,0.14375049792223993,0.8212178441405353
H1-3,P16402,Histone H1.3 OS=Homo sapiens OX=9606 GN=H1-3 PE=1 SV=2,28.35254014518869,28.300350095531044,0.0521900496576464,0.4842743059347546,0.703960271069646,0.1817617604162932,0.7674517608281495
KRAS,P01116,GTPase KRas OS=Homo sapiens OX=9606 GN=KRAS PE=1 SV=1,28.32115475264303,28.205716348324515,0.11543840431851393,0.05922021594128234,1.9243589645919115,0.4968673481326281,0.30337670623634067
EIF2S3,P41091,Eukaryotic translation initiation factor 2 subunit 3 OS=Homo sapiens OX=9606 GN=EIF2S3 PE=1 SV=3,28.58222962617074,28.59612093927442,-0.013891313103680858,0.9009559264089835,-0.1249998407355376,-0.03227482009648777,0.9713854335846708
HMGB1,P09429,High mobility group protein B1 OS=Homo sapiens OX=9606 GN=HMGB1 PE=1 SV=3,27.52171806259575,27.285234696548496,0.23648336604725273,0.01953525723378524,2.401870716522644,0.6201603523223651,0.15726965943276536
LBP,P18428,Lipopolysaccharide-binding protein OS=Homo sapiens OX=9606 GN=LBP PE=1 SV=3,29.64606690436189,29.550127671079355,0.09593923328253595,0.01823965976334375,2.4294470282692857,0.6272805253986696,0.15282107455923058
KRT16,P08779,"Keratin, type I cytoskeletal 16 OS=Homo sapiens OX=9606 GN=KRT16 PE=1 SV=4",29.876859900846664,29.81066634966634,0.06619355118032288,0.5103519671191308,0.6623789259440369,0.1710255032706674,0.7820238812822198
CPB2,Q96IY4,Carboxypeptidase B2 OS=Homo sapiens OX=9606 GN=CPB2 PE=1 SV=2,27.44769614204575,27.14689062047649,0.3008055215692593,0.006878067522426116,2.802754976944805,0.7236682232804788,0.08505086253593121
CSTA,P01040,Cystatin-A OS=Homo sapiens OX=9606 GN=CSTA PE=1 SV=1,25.518175464398738,25.505232883875003,0.012942580523734648,0.8846140175723303,0.14576284752215624,0.03763580539660548,0.9670152072277904
PKM,P14618,Pyruvate kinase PKM OS=Homo sapiens OX=9606 GN=PKM PE=1 SV=4,30.192014310789634,30.093862108084984,0.0981522027046502,0.08496798464637256,1.7525272329435941,0.45250058579770047,0.35678594021298826
NACA,E9PAV3,"Nascent polypeptide-associated complex subunit alpha, muscle-specific form OS=Homo sapiens OX=9606 GN=NACA PE=1 SV=1",27.062339813285345,26.624201670885764,0.4381381423995805,0.0071420025446082515,2.7889130583281094,0.7200942552616774,0.08608720235697041
TUBB1,Q9H4B7,Tubulin beta-1 chain OS=Homo sapiens OX=9606 GN=TUBB1 PE=1 SV=1,30.466025320473964,30.409097854827046,0.05692746564691831,0.4357888781582038,0.7847584990574988,0.20262377317629482,0.7303779685570437
HPX,P02790,Hemopexin OS=Homo sapiens OX=9606 GN=HPX PE=1 SV=2,28.817249186909194,28.912339177001012,-0.09508999009181807,0.1910996001936132,-1.3227826166684922,-0.3415410030006493,0.5129365017172881
SERPINC1,P01008,Antithrombin-III OS=Homo sapiens OX=9606 GN=SERPINC1 PE=1 SV=1,28.502738078146287,28.592540014615963,-0.08980193646967649,0.4298471185430919,-0.795013363397481,-0.20527156776338593,0.7284649182871112
KRT78,Q8N1N4,"Keratin, type II cytoskeletal 78 OS=Homo sapiens OX=9606 GN=KRT78 PE=1 SV=2",28.408840601035298,28.262366585352147,0.14647401568315033,0.09225090165374077,1.7119375257729417,0.4420203684710755,0.37086517189497126
GSN,P06396,Gelsolin OS=Homo sapiens OX=9606 GN=GSN PE=1 SV=1,28.12402975806671,28.148984540526865,-0.024954782460156366,0.6849875217766929,-0.40771018687082294,-0.10527031758865409,0.8768491706936095
IGKV2-28,A0A075B6P5,Immunoglobulin kappa variable 2-28 OS=Homo sapiens OX=9606 GN=IGKV2-28 PE=3 SV=1,26.914484728073045,27.009047249612514,-0.0945625215394692,0.44654070451075867,-0.7664098171150281,-0.19788616387042504,0.7402425624960899
PRXL2A,Q9BRX8,Peroxiredoxin-like 2A OS=Homo sapiens OX=9606 GN=PRXL2A PE=1 SV=3,17.006507256848092,17.227637388946203,-0.22113013209811072,0.8425960978472968,-0.19946573817454977,-0.051501832139266686,0.9494230532417136
LRRC59,Q96AG4,Leucine-rich repeat-containing protein 59 OS=Homo sapiens OX=9606 GN=LRRC59 PE=1 SV=1,25.149766597177216,25.123501725423175,0.026264871754040797,0.8059165349749877,0.24682329227252794,0.06372950002850576,0.9363092743971592
PRDX1,Q06830,Peroxiredoxin-1 OS=Homo sapiens OX=9606 GN=PRDX1 PE=1 SV=1,24.529467666486532,24.45219821938484,0.07726944710169192,0.4636284338571355,0.7377705580183066,0.1904915389684703,0.748135534278408
APOC3,B0YIW2,Apolipoprotein C-III OS=Homo sapiens OX=9606 GN=APOC3 PE=1 SV=1,27.89430590684587,27.77222384079086,0.12208206605500749,0.08048666111837424,1.7789601253372629,0.45932552926655185,0.3452454147972369
RAB10,P61026,Ras-related protein Rab-10 OS=Homo sapiens OX=9606 GN=RAB10 PE=1 SV=1,29.76324526704094,29.665214138199453,0.09803112884148746,0.15982341476050177,1.4239341928887943,0.3676582276769067,0.4710784021773905
SERPINA3,P01011,Alpha-1-antichymotrypsin OS=Homo sapiens OX=9606 GN=SERPINA3 PE=1 SV=2,27.93269321596333,27.937820496975352,-0.005127281012022422,0.9618873639435273,-0.04799216621467602,-0.012391524033190566,0.988209689194911
RPS27A,P62979,Ubiquitin-ribosomal protein eS31 fusion protein OS=Homo sapiens OX=9606 GN=RPS27A PE=1 SV=2,27.561036189196503,27.49524670361195,0.06578948558455266,0.4925985585226714,0.6905566666910745,0.17830096464713582,0.7734056177155428
ORM1,P02763,Alpha-1-acid glycoprotein 1 OS=Homo sapiens OX=9606 GN=ORM1 PE=1 SV=2,28.27632776521008,28.363832661126875,-0.08750489591679411,0.3819305177672494,-0.8810438941255447,-0.22748455528173103,0.6887646190708053
SERPINA4,P29622,Kallistatin OS=Homo sapiens OX=9606 GN=SERPINA4 PE=1 SV=3,27.59826287560232,27.830720455799444,-0.23245758019712426,0.10115978043163555,-1.6657311740278709,-0.43008993975123144,0.38492526854330916
IGHA2,A0A0G2JMB2,Immunoglobulin heavy constant alpha 2 (A2m marker) (Fragment) OS=Homo sapiens OX=9606 GN=IGHA2 PE=1 SV=1,25.788506711703995,25.84084746037762,-0.05234074867362537,0.7881795887899716,-0.2699203737055301,-0.0696931408109067,0.9303528655038967
EIF5,P55010,Eukaryotic translation initiation factor 5 OS=Homo sapiens OX=9606 GN=EIF5 PE=1 SV=2,25.652131901965756,25.72443123863151,-0.07229933666575405,0.4432911244818636,-0.7719278084754295,-0.19931090311331515,0.7373107478626915
DSC1,Q08554,Desmocollin-1 OS=Homo sapiens OX=9606 GN=DSC1 PE=1 SV=2,26.96067133646502,27.225901903331117,-0.2652305668660979,0.0699635402351922,-1.8462307156781228,-0.476694721005198,0.3290980199015059
C5,P01031,Complement C5 OS=Homo sapiens OX=9606 GN=C5 PE=1 SV=4,28.174651985055238,28.121964693034045,0.0526872920211936,0.36689090458741436,0.909422465623255,0.23481187093505027,0.6767853826391296
AGT,A0A7P0T8D1,Angiotensinogen OS=Homo sapiens OX=9606 GN=AGT PE=1 SV=1,26.99587207782897,27.056276765841528,-0.06040468801255727,0.32856182632607,-0.9853153106879499,-0.2544073192705078,0.6485841714255235
CAP1,Q01518,Adenylyl cyclase-associated protein 1 OS=Homo sapiens OX=9606 GN=CAP1 PE=1 SV=5,31.089267924332926,31.069989031801736,0.019278892531190195,0.7796738712509295,0.28104787516966684,0.07256624933460672,0.9289871273750642
MYH9,P35579,Myosin-9 OS=Homo sapiens OX=9606 GN=MYH9 PE=1 SV=4,30.38317096181293,30.41243052472533,-0.02925956291240084,0.6581395759538357,-0.44477249173541694,-0.11483976355616304,0.8632364738004589
BTF3L4,Q96K17,Transcription factor BTF3 homolog 4 OS=Homo sapiens OX=9606 GN=BTF3L4 PE=1 SV=1,24.65869517571729,24.528730950278607,0.1299642254386839,0.01811932829069337,2.432096715112478,0.6279646715997594,0.15282107455923058
A1BG,P04217,Alpha-1B-glycoprotein OS=Homo sapiens OX=9606 GN=A1BG PE=1 SV=4,28.714718162426045,28.93220359119609,-0.2174854287700434,0.07182666747728161,-1.8337284619740915,-0.4734666529794798,0.3305798534527737
QSOX1,O00391,Sulfhydryl oxidase 1 OS=Homo sapiens OX=9606 GN=QSOX1 PE=1 SV=3,28.216641778593637,28.268577635160415,-0.05193585656677868,0.40660647208752,-0.8359630820449074,-0.2158447396536101,0.7100557891963166
NCL,H7BY16,Nucleolin OS=Homo sapiens OX=9606 GN=NCL PE=1 SV=9,27.79707519784417,27.835363018723285,-0.0382878208791162,0.4986881994112493,-0.6808300175664178,-0.17578955464218932,0.7775199491690175
ADD1,P35611,Alpha-adducin OS=Homo sapiens OX=9606 GN=ADD1 PE=1 SV=2,26.12800578692795,26.11730538785717,0.010700399070781685,0.9357454333610966,0.0809689096353019,0.020906082571873166,0.9802150900651133
CLIC1,O00299,Chloride intracellular channel protein 1 OS=Homo sapiens OX=9606 GN=CLIC1 PE=1 SV=4,29.58696749834696,29.47303068525237,0.11393681309459325,0.13092140026163165,1.532153203679621,0.39560025611263416,0.4343200011121064
APCS,P02743,Serum amyloid P-component OS=Homo sapiens OX=9606 GN=APCS PE=1 SV=2,25.402570507818393,25.369856596901744,0.0327139109166481,0.7411308127659769,0.33194043746653046,0.08570665241604514,0.9097690277834728
PROS1,P07225,Vitamin K-dependent protein S OS=Homo sapiens OX=9606 GN=PROS1 PE=1 SV=1,28.514065686699464,28.582850619489186,-0.06878493278972186,0.39120094584553367,-0.86390104307141,-0.2230582901724525,0.6944785107931108
TTN,Q8WZ42,Titin OS=Homo sapiens OX=9606 GN=TTN PE=1 SV=4,30.471609162383437,30.438477083773936,0.03313207860950129,0.7047407448127804,0.3808029005951013,0.09832288614615371,0.883874172576821
EIF2S2,P20042,Eukaryotic translation initiation factor 2 subunit 2 OS=Homo sapiens OX=9606 GN=EIF2S2 PE=1 SV=2,28.126090353193856,28.257187135268406,-0.13109678207455033,0.05454546112886284,-1.9621808162248493,-0.5066329082324345,0.28934914734926354
CETP,P11597,Cholesteryl ester transfer protein OS=Homo sapiens OX=9606 GN=CETP PE=1 SV=2,28.772952037833445,28.875852246147517,-0.10290020831407176,0.3373154426434949,-0.9674916467006363,-0.249805269017757,0.6488976072209077
ENPEP,Q07075,Glutamyl aminopeptidase OS=Homo sapiens OX=9606 GN=ENPEP PE=1 SV=3,27.433420036893576,27.532916849721953,-0.0994968128283773,0.33351623315913703,-0.97518931891857,-0.25179279943806504,0.6485841714255235
CALD1,Q05682,Caldesmon OS=Homo sapiens OX=9606 GN=CALD1 PE=1 SV=3,28.740012683839844,28.58932589860809,0.15068678523175194,0.5541498088137514,0.5950121000623326,0.15363146362222102,0.8105141166363998
PLEK,P08567,Pleckstrin OS=Homo sapiens OX=9606 GN=PLEK PE=1 SV=3,27.68349116812722,27.698977707887433,-0.015486539760214413,0.8971159310645501,-0.12987343896631096,-0.033533177748747194,0.9703889371037256
S100A9,P06702,Protein S100-A9 OS=Homo sapiens OX=9606 GN=S100A9 PE=1 SV=1,29.74738730873195,29.739344110322428,0.008043198409520613,0.8623619833199511,0.17413982073616058,0.04496270837484633,0.9555419000715084
CCN2,P29279,CCN family member 2 OS=Homo sapiens OX=9606 GN=CCN2 PE=1 SV=2,27.908505525549902,27.915923296685772,-0.007417771135870055,0.9002287164206129,-0.12592255688953177,-0.03251306438300084,0.971185372167364
IGKV3-20,P01619,Immunoglobulin kappa variable 3-20 OS=Homo sapiens OX=9606 GN=IGKV3-20 PE=1 SV=2,26.45176545140672,26.468226456588923,-0.01646100518220095,0.8979699806239755,-0.12878923966423986,-0.03325323869268779,0.9703889371037256
RAC2,P15153,Ras-related C3 botulinum toxin substrate 2 OS=Homo sapiens OX=9606 GN=RAC2 PE=1 SV=1,28.949462796724227,28.964402573364488,-0.01493977664026147,0.8474235343971293,-0.19326899037719425,-0.04990183873794633,0.9497109834226996
JUP,P14923,Junction plakoglobin OS=Homo sapiens OX=9606 GN=JUP PE=1 SV=3,26.269104756154963,26.79924606113724,-0.5301413049822763,0.004307346024608081,-2.9715445286461497,-0.767249498130687,0.059408241708633
PARVB,Q9HBI1,Beta-parvin OS=Homo sapiens OX=9606 GN=PARVB PE=1 SV=1,28.157693212318748,28.236161952378108,-0.07846874005936044,0.3769384731117066,-0.8903836553462503,-0.2298960712594208,0.686362037006699
CDHR2,Q9BYE9,Cadherin-related family member 2 OS=Homo sapiens OX=9606 GN=CDHR2 PE=1 SV=2,21.816974128959977,21.711646089348594,0.1053280396113827,0.6699256722254937,0.4284290697110605,0.11061991013480492,0.8697876396092037
AMBP,P02760,Protein AMBP OS=Homo sapiens OX=9606 GN=AMBP PE=1 SV=1,27.894823320196867,27.944182830828506,-0.049359510631639125,0.5821738378129533,-0.5533158514118811,-0.14286553851405287,0.8236339920696057
HBA1; HBA2,P69905,Hemoglobin subunit alpha OS=Homo sapiens OX=9606 GN=HBA1 PE=1 SV=2,28.67232264653223,28.873893813431618,-0.20157116689938803,0.19828841556064708,-1.3013382363034824,-0.336004087799088,0.5197823524857312
HPSE,Q9Y251,Heparanase OS=Homo sapiens OX=9606 GN=HPSE PE=1 SV=2,27.183716961981876,27.08111462584241,0.10260233613946568,0.03466522889504988,2.163130230737908,0.5585178239550483,0.23366849882172294
SEC22B,O75396,Vesicle-trafficking protein SEC22b OS=Homo sapiens OX=9606 GN=SEC22B PE=1 SV=5,21.460031767967955,21.39269033260758,0.06734143536037607,0.7601637086931363,0.3067084650825817,0.07919178516037852,0.9184457747215589
IGKV4-1,P06312,Immunoglobulin kappa variable 4-1 OS=Homo sapiens OX=9606 GN=IGKV4-1 PE=1 SV=1,23.949699600242372,23.79977790064573,0.1499216995966428,0.13664145517445328,1.5093369010848088,0.3897091121145184,0.44013002158316183
RASGRP2,Q7LDG7,RAS guanyl-releasing protein 2 OS=Homo sapiens OX=9606 GN=RASGRP2 PE=1 SV=1,27.4441784714484,28.04013035829543,-0.595951886847029,9.155096923089503e-06,-4.8645176842529025,-1.256013065229531,0.00042089971238716615
BANF1,O75531,Barrier-to-autointegration factor OS=Homo sapiens OX=9606 GN=BANF1 PE=1 SV=1,25.208551194927352,25.247921522684642,-0.03937032775728966,0.6403213688436717,-0.46971290184742015,-0.12127934975692117,0.858068919534158
SYTL4,Q96C24,Synaptotagmin-like protein 4 OS=Homo sapiens OX=9606 GN=SYTL4 PE=1 SV=2,28.08686805783855,28.013118451653764,0.0737496061847871,0.3380951138618211,0.9659190224385479,0.2493992191792963,0.6488976072209077
FLG2,Q5D862,Filaggrin-2 OS=Homo sapiens OX=9606 GN=FLG2 PE=1 SV=1,27.835785082028156,27.834432792186703,0.0013522898414528584,0.9847148583838088,0.01924103945335126,0.0049680150244366195,0.9945307509334625
ARL8B,Q9NVJ2,ADP-ribosylation factor-like protein 8B OS=Homo sapiens OX=9606 GN=ARL8B PE=1 SV=1,28.18700934347636,28.143969134788428,0.04304020868793046,0.4644981234706703,0.7363293219693064,0.1901194134207549,0.748135534278408
LASP1,Q14847,LIM and SH3 domain protein 1 OS=Homo sapiens OX=9606 GN=LASP1 PE=1 SV=2,29.26875405339941,28.35183956341982,0.9169144899795896,0.11812852917466513,1.5862128846643764,0.40955840572298374,0.408101065144845
INF2,Q27J81,Inverted formin-2 OS=Homo sapiens OX=9606 GN=INF2 PE=1 SV=2,27.995806387741116,27.88370512635553,0.11210126138558607,0.2862284770534343,1.0763480572639021,0.2779118733670533,0.6153569057036063
HMGB2,P26583,High mobility group protein B2 OS=Homo sapiens OX=9606 GN=HMGB2 PE=1 SV=2,27.3492644391004,27.326489230352877,0.022775208747521702,0.8159389983200694,0.23383174347064378,0.060375096551763215,0.9422230840326674
ARHGAP45,Q92619,Rho GTPase-activating protein 45 OS=Homo sapiens OX=9606 GN=ARHGAP45 PE=1 SV=2,26.661943542413823,26.90003885568161,-0.2380953132677881,0.15601407319037577,-1.4372714382813467,-0.3711018896295492,0.46644003713184506
CD5L,O43866,CD5 antigen-like OS=Homo sapiens OX=9606 GN=CD5L PE=1 SV=1,27.935739373045863,28.09263534165175,-0.1568959686058875,0.12053712039540287,-1.5756878514078323,-0.40684085382159213,0.41408948664532713
C7,P10643,Complement component C7 OS=Homo sapiens OX=9606 GN=C7 PE=1 SV=2,28.302780634500472,28.189960763581723,0.11281987091874868,0.20398411043909978,1.284758554153415,0.3317232322755797,0.5217067806073415
ANTXR1,Q9H6X2,Anthrax toxin receptor 1 OS=Homo sapiens OX=9606 GN=ANTXR1 PE=1 SV=2,27.885303092584774,28.082897249801555,-0.19759415721678053,0.0044567267295606925,-2.9594422307256543,-0.7641246982442258,0.0605372047431994
SRC,P12931,Proto-oncogene tyrosine-protein kinase Src OS=Homo sapiens OX=9606 GN=SRC PE=1 SV=3,29.337098650553475,29.338215718917994,-0.0011170683645183033,0.983350312907766,-0.020958983896605582,-0.005411586372332191,0.9944428150274249
PTPN6,P29350,Tyrosine-protein phosphatase non-receptor type 6 OS=Homo sapiens OX=9606 GN=PTPN6 PE=1 SV=1,28.764082456448907,28.91598408954912,-0.15190163310021276,0.21208492212550403,-1.261762794306131,-0.32578575261411863,0.5313668847978812
CORO1C,Q9ULV4,Coronin-1C OS=Homo sapiens OX=9606 GN=CORO1C PE=1 SV=1,28.860929520596986,28.894671574043254,-0.03374205344626802,0.6719805827145326,-0.425591552759962,-0.10988726640839254,0.8711939152618634
C6,P13671,Complement component C6 OS=Homo sapiens OX=9606 GN=C6 PE=1 SV=3,24.27715741874776,24.36482317592889,-0.08766575718113145,0.6645731638483863,-0.43583658667750336,-0.11253252279132372,0.8672341213829378
C1QA,P02745,Complement C1q subcomponent subunit A OS=Homo sapiens OX=9606 GN=C1QA PE=1 SV=2,30.327236449874263,30.22045303324102,0.10678341663324176,0.13104691611915759,1.531644123163687,0.39546881208862816,0.4343200011121064
HNRNPD,Q14103,Heterogeneous nuclear ribonucleoprotein D0 OS=Homo sapiens OX=9606 GN=HNRNPD PE=1 SV=1,26.64087173024986,26.793128763336192,-0.15225703308633243,0.2778967270802827,-1.0953368490671773,-0.282814758328299,0.6076449166523742
VAMP8,Q9BV40,Vesicle-associated membrane protein 8 OS=Homo sapiens OX=9606 GN=VAMP8 PE=1 SV=1,29.83262740955148,29.70928073806217,0.12334667148931189,0.07569366800108625,1.8086254526616827,0.46698508384570325,0.3353803839972434
IGHG2,P01859,Immunoglobulin heavy constant gamma 2 OS=Homo sapiens OX=9606 GN=IGHG2 PE=1 SV=3,28.173005471636046,28.340317841515695,-0.16731236987964948,0.07603975189148214,-1.8064316090368473,-0.4664186358574918,0.3353803839972434
CTSS,P25774,Cathepsin S OS=Homo sapiens OX=9606 GN=CTSS PE=1 SV=3,26.151670358756803,26.06219265767825,0.0894777010785539,0.1852600966215161,1.3406548217609462,0.3461555865128544,0.5099686080617329
SELP,P16109,P-selectin OS=Homo sapiens OX=9606 GN=SELP PE=1 SV=4,28.842686810111502,28.961682626085295,-0.11899581597379338,0.17371623943882883,-1.3772853601739716,-0.3556135508619385,0.49050900364381117
BLMH,Q13867,Bleomycin hydrolase OS=Homo sapiens OX=9606 GN=BLMH PE=1 SV=1,27.31469712215788,27.43498339819767,-0.12028627603978848,0.3589430174274384,-0.9247200850156898,-0.23876169927795157,0.6697032572813705
RALA,P11233,Ras-related protein Ral-A OS=Homo sapiens OX=9606 GN=RALA PE=1 SV=1,25.977052505830848,25.33648510092646,0.6405674049043881,0.0016561171627168562,3.3001412957492207,0.8520928185712064,0.029994121946983063
SAA1,P0DJI8,Serum amyloid A-1 protein OS=Homo sapiens OX=9606 GN=SAA1 PE=1 SV=2,23.342223500393473,22.8029866634097,0.5392368369837719,0.004079464553622537,2.9907806266600443,0.7722162372809424,0.058051428132104836
SAR1A,Q9NR31,Small COPII coat GTPase SAR1A OS=Homo sapiens OX=9606 GN=SAR1A PE=1 SV=1,28.941789431086924,28.89699058458278,0.04479884650414334,0.6140187765569638,0.50708360860453,0.13092842475067365,0.8449237654387076
ITGB3,P05106,Integrin beta-3 OS=Homo sapiens OX=9606 GN=ITGB3 PE=1 SV=2,26.34370533223381,26.344364013863004,-0.0006586816291935804,0.99517225230628,-0.006076858009802207,-0.0015690379912820728,0.9980277860036975
IGLV3-21,P80748,Immunoglobulin lambda variable 3-21 OS=Homo sapiens OX=9606 GN=IGLV3-21 PE=1 SV=2,20.22646766825908,19.040888385799544,1.1855792824595355,0.002358383455508337,3.1808796637230694,0.8212995975926198,0.04027220510215665
COLEC11,Q9BWP8,Collectin-11 OS=Homo sapiens OX=9606 GN=COLEC11 PE=1 SV=1,26.92187661038019,26.915209002647273,0.00666760773291486,0.9646280650639183,0.044538610180170586,0.011499819699401654,0.9894611674254036
MSN,P26038,Moesin OS=Homo sapiens OX=9606 GN=MSN PE=1 SV=3,31.385025892493964,31.271452663193084,0.11357322930087932,0.06295227810893808,1.895948938156216,0.489531910849244,0.31009185343221424
CDSN,Q15517,Corneodesmosin OS=Homo sapiens OX=9606 GN=CDSN PE=1 SV=4,24.867313255508083,24.859785769546658,0.007527485961425384,0.945325177594609,0.06887607036577621,0.017783724898590765,0.9854465368762406
ST6GAL1,P15907,"Beta-galactoside alpha-2,6-sialyltransferase 1 OS=Homo sapiens OX=9606 GN=ST6GAL1 PE=1 SV=1",24.33645877810646,24.147046763294068,0.1894120148123939,0.06266402155612474,1.8980915458257954,0.4900851297706932,0.3095222882923737
TJP2,Q9UDY2,Tight junction protein ZO-2 OS=Homo sapiens OX=9606 GN=TJP2 PE=1 SV=2,28.095101278623677,28.128059073511213,-0.032957794887536807,0.6515927247144044,-0.453902831064174,-0.11719720703386295,0.8595977833941577
JCHAIN,P01591,Immunoglobulin J chain OS=Homo sapiens OX=9606 GN=JCHAIN PE=1 SV=4,28.649320229018496,28.78624061564675,-0.13692038662825468,0.10167470617099593,-1.6631639476150704,-0.4294270847417168,0.38492526854330916
TMT1A,H0YI09,Thiol methyltransferase 1A (Fragment) OS=Homo sapiens OX=9606 GN=TMT1A PE=1 SV=1,25.24004753659582,25.174301132100645,0.06574640449517588,0.5438073190430168,0.61066461752121,0.15767292625185123,0.8067376934025706
EIF3J,O75822,Eukaryotic translation initiation factor 3 subunit J OS=Homo sapiens OX=9606 GN=EIF3J PE=1 SV=2,27.628901236955873,27.757254173881314,-0.1283529369254417,0.0698765225406143,-1.8468214547517376,-0.47684724917813565,0.3290980199015059
DCD,P81605,Dermcidin OS=Homo sapiens OX=9606 GN=DCD PE=1 SV=2,27.093900436924205,26.98462403047989,0.10927640644431591,0.23311515769336086,1.2049526221535862,0.3111174292379865,0.5580446965877117
CD36,P16671,Platelet glycoprotein 4 OS=Homo sapiens OX=9606 GN=CD36 PE=1 SV=2,29.09594317307803,29.223907281808078,-0.1279641087300476,0.5502648566212199,-0.6008741834590002,-0.15514504704684587,0.8093454881076879
NRGN,Q92686,Neurogranin OS=Homo sapiens OX=9606 GN=NRGN PE=1 SV=1,25.469090512233855,25.2998873078561,0.16920320437775516,0.11417770620543756,1.6038574831232706,0.4141142214551048,0.4057902834119351
IGHV3-72,A0A4W8ZXM2,Immunoglobulin heavy variable 3-72 OS=Homo sapiens OX=9606 GN=IGHV3-72 PE=4 SV=1,28.533978124213004,28.591892237833648,-0.0579141136206438,0.5450218321432285,-0.6088187694177292,-0.15719633032089053,0.806956354279776
GPLD1,P80108,Phosphatidylinositol-glycan-specific phospholipase D OS=Homo sapiens OX=9606 GN=GPLD1 PE=1 SV=3,25.5788438022113,25.5748506372503,0.003993164960998996,0.9473734749298135,0.06629182451521867,0.0171164754891431,0.9864347506092658
GGT5,P36269,Glutathione hydrolase 5 proenzyme OS=Homo sapiens OX=9606 GN=GGT5 PE=1 SV=2,19.91957946914224,19.38347941986975,0.5361000492724877,0.11217300196284974,1.612999809228373,0.41647475990514865,0.4038064324060568
APOM,O95445,Apolipoprotein M OS=Homo sapiens OX=9606 GN=APOM PE=1 SV=2,26.576354102165887,26.44065980652182,0.13569429564406832,0.3188656069026023,1.0054311288016897,0.25960120117383134,0.6436392447072796
SFTPB,P07988,Pulmonary surfactant-associated protein B OS=Homo sapiens OX=9606 GN=SFTPB PE=1 SV=3,26.505770393348087,26.591867562007263,-0.08609716865917605,0.29734495935631916,-1.0515997189821396,-0.27152187989961507,0.6248405856515157
MARCKSL1,P49006,MARCKS-related protein OS=Homo sapiens OX=9606 GN=MARCKSL1 PE=1 SV=2,16.63566888047768,16.73454607965839,-0.09887719918070914,0.832176356583029,-0.21286797803219681,-0.05496227559063631,0.9468751537683636
TXN,P10599,Thioredoxin OS=Homo sapiens OX=9606 GN=TXN PE=1 SV=3,27.60308938483033,27.780031803465068,-0.17694241863473792,0.11695647048450508,-1.591397102825323,-0.4108969650963473,0.40767307581004353
IGHV4-34,P06331,Immunoglobulin heavy variable 4-34 OS=Homo sapiens OX=9606 GN=IGHV4-34 PE=1 SV=2,26.75325643983823,26.524142501862933,0.22911393797529556,0.13282551386983832,1.5244716481154958,0.39361688699444586,0.43810302184245603
CASP14,P31944,Caspase-14 OS=Homo sapiens OX=9606 GN=CASP14 PE=1 SV=2,24.922080316059688,24.78279626693918,0.1392840491205085,0.14535377546991707,1.4759957700500628,0.38110046909843237,0.4501197226555463
FLG,P20930,Filaggrin OS=Homo sapiens OX=9606 GN=FLG PE=1 SV=3,28.181574406003175,28.0099891491181,0.1715852568850771,0.5401415562111921,0.616248750635748,0.1591147432222253,0.805048886356332
S100A7,P31151,Protein S100-A7 OS=Homo sapiens OX=9606 GN=S100A7 PE=1 SV=4,27.87870597622933,27.927687176777173,-0.04898120054784272,0.7246501685223224,-0.3539629973961888,-0.09139285293927325,0.8973050774589255
ANGPTL3,Q9Y5C1,Angiopoietin-related protein 3 OS=Homo sapiens OX=9606 GN=ANGPTL3 PE=1 SV=1,18.363713623440876,17.907376476735926,0.45633714670494996,0.0839239041222854,1.7585802651545341,0.45406347199416885,0.35322901429872705
CD9,A0A087WU13,Tetraspanin OS=Homo sapiens OX=9606 GN=CD9 PE=1 SV=2,30.299622189981903,30.170765764022818,0.12885642595908564,0.009878504376794252,2.6679115120091677,0.688851790344437,0.10391139547157124
RAB8B,Q92930,Ras-related protein Rab-8B OS=Homo sapiens OX=9606 GN=RAB8B PE=1 SV=2,27.53322255853799,27.5902197219061,-0.05699716336810923,0.5254347671690316,-0.6388510314927438,-0.16495062704525512,0.7930172874865941
RAP1A,P62834,Ras-related protein Rap-1A OS=Homo sapiens OX=9606 GN=RAP1A PE=1 SV=1,29.078452409446033,29.193305312952543,-0.11485290350650956,0.3109662770043356,-1.0221248744601694,-0.2639115077685722,0.6333385183511014
CFHR2,P36980,Complement factor H-related protein 2 OS=Homo sapiens OX=9606 GN=CFHR2 PE=1 SV=1,25.326171204528737,25.340212987431116,-0.01404178290237823,0.931453734892842,-0.08639026892051786,-0.022305871520236394,0.9802150900651133
TNIK,Q9UKE5,TRAF2 and NCK-interacting protein kinase OS=Homo sapiens OX=9606 GN=TNIK PE=1 SV=1,28.11745499142983,28.19968789108531,-0.0822328996554802,0.2764090625428314,-1.0987689824663391,-0.2837009313614267,0.6058697422240791
GLIPR2,Q9H4G4,Golgi-associated plant pathogenesis-related protein 1 OS=Homo sapiens OX=9606 GN=GLIPR2 PE=1 SV=3,26.328851490186725,26.491741812774517,-0.162890322587792,0.006344051700530257,-2.832326919719706,-0.7313036660726249,0.08159611931561547
HSPA5,P11021,Endoplasmic reticulum chaperone BiP OS=Homo sapiens OX=9606 GN=HSPA5 PE=1 SV=2,24.007394449771446,23.987823967427335,0.019570482344111184,0.785073484028308,0.2739798891366765,0.07074130318814016,0.9289871273750642
EMILIN1,Q9Y6C2,EMILIN-1 OS=Homo sapiens OX=9606 GN=EMILIN1 PE=1 SV=3,27.464614437668168,27.558931907150008,-0.09431746948184028,0.3566089203679891,-0.929253977992693,-0.23993234541084624,0.6664529313018803
C8A,P07357,Complement component C8 alpha chain OS=Homo sapiens OX=9606 GN=C8A PE=1 SV=2,27.595352323868987,27.68818694056927,-0.09283461670028359,0.33114479417018683,-0.9800236032526078,-0.2530410062858357,0.6485841714255235
MYL6,B7Z6Z4,Myosin light chain 6 OS=Homo sapiens OX=9606 GN=MYL6 PE=1 SV=1,27.29433807727826,27.361458977529796,-0.06712090025153827,0.3538841090460597,-0.9345711610687009,-0.24130523617765393,0.6658071432524502
SERPINF2,P08697,Alpha-2-antiplasmin OS=Homo sapiens OX=9606 GN=SERPINF2 PE=1 SV=3,25.79081763571305,25.742874912161646,0.0479427235514045,0.38270821639611396,0.8795958156591617,0.22711066302944422,0.6887646190708053
CYP2C9,P11712,Cytochrome P450 2C9 OS=Homo sapiens OX=9606 GN=CYP2C9 PE=1 SV=3,24.163689220733808,24.40646447944433,-0.2427752587105232,0.20282029241638921,-1.2881179141288839,-0.3325906152915069,0.5217067806073415
RAP1B,F5GZG1,"RAP1B, member of RAS oncogene family (Fragment) OS=Homo sapiens OX=9606 GN=RAP1B PE=1 SV=8",23.02202063786592,22.954902857979853,0.06711777988606826,0.8640133141536195,0.17202933810110219,0.044417784101643584,0.9558717357127254
SCARB1,B7ZKQ9,Scavenger receptor class B member 1 OS=Homo sapiens OX=9606 GN=SCARB1 PE=1 SV=1,23.151568667533986,22.919907061018584,0.23166160651540224,0.24238494887510556,1.1810966287899378,0.30495783823767686,0.5718371228066635
CIRBP,K7EQR7,Cold-inducible RNA-binding protein OS=Homo sapiens OX=9606 GN=CIRBP PE=1 SV=1,21.290210004796993,21.17760570936747,0.11260429542952366,0.6069688128577516,0.5172210693722997,0.1335459058657672,0.8397338591465653
CIRBP,Q14011,Cold-inducible RNA-binding protein OS=Homo sapiens OX=9606 GN=CIRBP PE=1 SV=1,23.4035168002056,23.434247323395603,-0.03073052319000169,0.7643492523640016,-0.3011867398207059,-0.07776608182827334,0.9228809491506094
PIGR,P01833,Polymeric immunoglobulin receptor OS=Homo sapiens OX=9606 GN=PIGR PE=1 SV=4,25.649055453288618,25.78950324317482,-0.14044778988620266,0.12078572309844177,-1.5746111592406546,-0.4065628530994274,0.41408948664532713
SPTB,P11277,"Spectrin beta chain, erythrocytic OS=Homo sapiens OX=9606 GN=SPTB PE=1 SV=5",28.165995099911648,28.16729409510928,-0.0012989951976329905,0.9911741131129248,-0.011109621159060624,-0.0028684918487810224,0.9965232089455731
DTD1,Q8TEA8,D-aminoacyl-tRNA deacylase 1 OS=Homo sapiens OX=9606 GN=DTD1 PE=1 SV=2,27.981469276177567,27.63933565046209,0.34213362571547634,0.2983508534104597,1.0493919348463256,0.2709518324869466,0.6256644212455604
CDC42,P60953,Cell division control protein 42 homolog OS=Homo sapiens OX=9606 GN=CDC42 PE=1 SV=2,29.695029148154685,29.550981669735037,0.1440474784196475,0.06527589295864697,1.8789747370030419,0.48514919095714953,0.3197805357236449
LRRC47,Q8N1G4,Leucine-rich repeat-containing protein 47 OS=Homo sapiens OX=9606 GN=LRRC47 PE=1 SV=1,27.35596441503588,27.35729845318855,-0.0013340381526703027,0.9805056453908432,-0.02454059045577602,-0.0063363532094211465,0.9932769646054417
ITGA1,P56199,Integrin alpha-1 OS=Homo sapiens OX=9606 GN=ITGA1 PE=1 SV=2,22.68487493379178,21.315750790961644,1.3691241428301346,6.788914697149913e-05,4.2928494805338175,1.108408969725509,0.0023408700099980372
UBE2O,Q9C0C9,(E3-independent) E2 ubiquitin-conjugating enzyme OS=Homo sapiens OX=9606 GN=UBE2O PE=1 SV=3,26.893420907473324,26.760832619985752,0.13258828748757168,0.20240121567917452,1.2893311060346826,0.3329038600946343,0.5217067806073415
PF4V1,P10720,Platelet factor 4 variant OS=Homo sapiens OX=9606 GN=PF4V1 PE=1 SV=1,25.474297414511497,25.57098799730908,-0.09669058279758147,0.351956852803885,-0.9383480427997432,-0.2422804228473153,0.6641821703151005
C8G,P07360,Complement component C8 gamma chain OS=Homo sapiens OX=9606 GN=C8G PE=1 SV=3,23.200269797995997,23.07208673544607,0.12818306254992606,0.19782193431246164,1.3027118596353946,0.3363587558183185,0.5197823524857312
IGLV3-25,P01717,Immunoglobulin lambda variable 3-25 OS=Homo sapiens OX=9606 GN=IGLV3-25 PE=1 SV=2,28.240633621146415,28.298073924145495,-0.05744030299907976,0.4517772749470985,-0.7575668745401578,-0.19560292591549563,0.7431528935597684
KRT4,P19013,"Keratin, type II cytoskeletal 4 OS=Homo sapiens OX=9606 GN=KRT4 PE=1 SV=5",27.156683033263683,26.931592067690865,0.22509096557281794,0.08674798289541319,1.7423485458621801,0.4498724600941956,0.359243697578252
IGHV5-51,A0A0C4DH38,Immunoglobulin heavy variable 5-51 OS=Homo sapiens OX=9606 GN=IGHV5-51 PE=1 SV=1,24.612061832789173,24.87765084818143,-0.2655890153922549,0.1624983277330929,-1.414715526029367,-0.36527797812885354,0.47447133088204624
GNAI2,P04899,Guanine nucleotide-binding protein G(i) subunit alpha-2 OS=Homo sapiens OX=9606 GN=GNAI2 PE=1 SV=3,26.08803196395539,26.03696038872694,0.05107157522845185,0.7413120745073362,0.33169914932361694,0.08564435208543572,0.9097690277834728
H1-5,P16401,Histone H1.5 OS=Homo sapiens OX=9606 GN=H1-5 PE=1 SV=3,27.71880490449306,27.585319768336227,0.13348513615683189,0.052459853109302776,1.9799560512775038,0.5112224541880247,0.28246401388882847
IGLL5,B9A064,Immunoglobulin lambda-like polypeptide 5 OS=Homo sapiens OX=9606 GN=IGLL5 PE=1 SV=2,27.490322921198462,27.298178595092786,0.19214432610567656,0.017207668168090065,2.4527015650619624,0.6332848209801232,0.14904999529171734
MYLK,Q15746,"Myosin light chain kinase, smooth muscle OS=Homo sapiens OX=9606 GN=MYLK PE=1 SV=4",28.921671699667083,29.125132909101623,-0.20346120943453982,0.009288425162553507,-2.6911394758132645,-0.6948492248097422,0.1003261826292677
STOM,P27105,Stomatin OS=Homo sapiens OX=9606 GN=STOM PE=1 SV=3,27.117337773057223,27.22997652310683,-0.11263875004960866,0.2702234922135096,-1.113179861759445,-0.28742180439518705,0.6018253060841674
KRT17,Q04695,"Keratin, type I cytoskeletal 17 OS=Homo sapiens OX=9606 GN=KRT17 PE=1 SV=2",27.83038407708997,27.77519097170161,0.055193105388362085,0.7369153378591973,0.3375574748587403,0.08715696523438199,0.9073996710488851
CFP,P27918,Properdin OS=Homo sapiens OX=9606 GN=CFP PE=1 SV=2,23.66177416132268,23.632621942937256,0.029152218385423367,0.8269793887628117,0.21956690302871598,0.05669193058723705,0.9456467117676796
HSPB1,P04792,Heat shock protein beta-1 OS=Homo sapiens OX=9606 GN=HSPB1 PE=1 SV=2,27.24748562380688,27.428080138368816,-0.18059451456193543,0.2624612087085359,-1.131596457030774,-0.29217694884716694,0.5919606795788321
CISD2,D6RCF4,CDGSH iron-sulfur domain-containing protein 2 OS=Homo sapiens OX=9606 GN=CISD2 PE=1 SV=1,20.26524635117237,20.289938102953712,-0.02469175178134364,0.9127929126966756,-0.10999517866546094,-0.028400633008962638,0.9736095731499936
ACTA1,P68133,"Actin, alpha skeletal muscle OS=Homo sapiens OX=9606 GN=ACTA1 PE=1 SV=1",26.02696483194499,26.088197964530277,-0.0612331325852864,0.4602536915245501,-0.7433778252190367,-0.19193932913421452,0.7454696196057076
BZW2,Q9Y6E2,eIF5-mimic protein 1 OS=Homo sapiens OX=9606 GN=BZW2 PE=1 SV=1,25.24942184166084,24.89106710471304,0.35835473694779907,0.02077347938420328,2.3770070238963252,0.6137405744912349,0.16408303319769377
SERPINE1,P05121,Plasminogen activator inhibitor 1 OS=Homo sapiens OX=9606 GN=SERPINE1 PE=1 SV=1,17.959314852191326,17.808648227608572,0.1506666245827546,0.6937541830367928,0.3957326874806249,0.10217774054415764,0.8827785026049894
HMGN3,A0A087WZE9,High mobility group nucleosome-binding domain-containing protein 3 OS=Homo sapiens OX=9606 GN=HMGN3 PE=1 SV=1,23.918055118668878,23.932316652065882,-0.0142615333970042,0.9226651145554157,-0.09750047276060494,-0.025174513816611524,0.9802150900651133
UGT2B17,O75795,UDP-glucuronosyltransferase 2B17 OS=Homo sapiens OX=9606 GN=UGT2B17 PE=1 SV=1,22.697510038691217,22.26184447308812,0.4356655656030952,0.0034906185549699108,3.0455522687211216,0.7863582144507414,0.05349298349624829
CFI,P05156,Complement factor I OS=Homo sapiens OX=9606 GN=CFI PE=1 SV=2,23.71734417764765,23.57200591037177,0.1453382672758785,0.2227839024860378,1.2323684284234264,0.3181961599783826,0.5442119034842857
PPP2R5A,Q15172,Serine/threonine-protein phosphatase 2A 56 kDa regulatory subunit alpha isoform OS=Homo sapiens OX=9606 GN=PPP2R5A PE=1 SV=1,27.96341815702051,28.04182177841491,-0.0784036213944006,0.37112065547451845,-0.9013677078890467,-0.2327321414308953,0.6824748040149526
DNAJB11,Q9UBS4,DnaJ homolog subfamily B member 11 OS=Homo sapiens OX=9606 GN=DNAJB11 PE=1 SV=1,27.014774905163044,26.99171289807033,0.02306200709271522,0.7854363292840416,0.2735054340983151,0.07061879942400032,0.9289871273750642
IQGAP1,P46940,Ras GTPase-activating-like protein IQGAP1 OS=Homo sapiens OX=9606 GN=IQGAP1 PE=1 SV=1,29.325905535463857,29.61700059742547,-0.29109506196161306,0.14669918287298625,-1.4709882742609124,-0.3798075392452601,0.4519443898475332
ARF5,P84085,ADP-ribosylation factor 5 OS=Homo sapiens OX=9606 GN=ARF5 PE=1 SV=2,24.897225480571553,24.94334432676153,-0.04611884618997664,0.6810782471490435,-0.4130703380131544,-0.10665430266248103,0.8754019610538826
CFHR5,Q9BXR6,Complement factor H-related protein 5 OS=Homo sapiens OX=9606 GN=CFHR5 PE=1 SV=1,25.714544797515508,25.753077196798294,-0.0385323992827864,0.8163531867923163,-0.23329573184083663,-0.06023669894405544,0.9422230840326674
PSTPIP2,Q9H939,Proline-serine-threonine phosphatase-interacting protein 2 OS=Homo sapiens OX=9606 GN=PSTPIP2 PE=1 SV=4,27.436281305592807,27.463714515509444,-0.027433209916637225,0.6794237247513903,-0.41534253625412193,-0.10724098172558427,0.8751485190224446
KRT13,P13646,"Keratin, type I cytoskeletal 13 OS=Homo sapiens OX=9606 GN=KRT13 PE=1 SV=4",27.078911756545846,27.24359482506065,-0.16468306851480463,0.20761112659236206,-1.2743800711050195,-0.3290435194752242,0.5280095744398655
BDH1,Q02338,"D-beta-hydroxybutyrate dehydrogenase, mitochondrial OS=Homo sapiens OX=9606 GN=BDH1 PE=1 SV=3",24.60760504568843,24.12578154240463,0.48182350328379897,0.001243815382533722,3.394998943114617,0.8765849578049796,0.025634034263022572
TBC1D10B,Q4KMP7,TBC1 domain family member 10B OS=Homo sapiens OX=9606 GN=TBC1D10B PE=1 SV=3,27.479115969924603,27.6113416965635,-0.13222572663889665,0.2500097410705219,-1.1619631081161799,-0.30001758444275817,0.577025987650572
EIF1AX,P47813,"Eukaryotic translation initiation factor 1A, X-chromosomal OS=Homo sapiens OX=9606 GN=EIF1AX PE=1 SV=2",26.399349936936133,26.45151010838647,-0.05216017145033547,0.7768904496435107,-0.28469687498725466,-0.07350841703619547,0.9289871273750642
ANG,P03950,Angiogenin OS=Homo sapiens OX=9606 GN=ANG PE=1 SV=1,29.37205866852887,29.235543957270018,0.13651471125885095,0.07208963898496068,1.8319858531474495,0.4730167133151772,0.3305798534527737
MOB1A,Q9H8S9,MOB kinase activator 1A OS=Homo sapiens OX=9606 GN=MOB1A PE=1 SV=4,26.47601283624042,26.537303429720282,-0.061290593479860433,0.6277648099260282,-0.487467136859015,-0.1258634735252251,0.8518393231700581
MTDH,Q86UE4,Protein LYRIC OS=Homo sapiens OX=9606 GN=MTDH PE=1 SV=2,24.15101508473418,24.276937215768267,-0.12592213103408767,0.22452295035730996,-1.2276893485135398,-0.3169880267406116,0.545487330610646
S100A6,P06703,Protein S100-A6 OS=Homo sapiens OX=9606 GN=S100A6 PE=1 SV=1,22.883728840540382,22.710948874460318,0.17277996608006418,0.26144345514171863,1.1340395977797744,0.29280776507605494,0.5918789331680574
SPRR2D,P22532,Small proline-rich protein 2D OS=Homo sapiens OX=9606 GN=SPRR2D PE=1 SV=2,28.03115548673132,27.896445921055264,0.1347095656760544,0.43550418187116435,0.7852479569680447,0.20275015066537572,0.7303779685570437
SPRR2F,Q96RM1,Small proline-rich protein 2F OS=Homo sapiens OX=9606 GN=SPRR2F PE=1 SV=1,22.38775348584696,22.237930525552045,0.14982296029491593,0.4274925273664181,0.799100475229236,0.20632685550061758,0.7258466870908973
ABCF1,Q8NE71,ATP-binding cassette sub-family F member 1 OS=Homo sapiens OX=9606 GN=ABCF1 PE=1 SV=2,25.481561703758803,25.57201296258767,-0.09045125882886751,0.509205633199014,-0.6641821735704317,-0.17149109980574176,0.7820238812822198
FKBP11,Q9NYL4,Peptidyl-prolyl cis-trans isomerase FKBP11 OS=Homo sapiens OX=9606 GN=FKBP11 PE=1 SV=1,19.295901965446994,20.304372002589805,-1.0084700371428106,0.0010914065037974845,-3.437829676328596,-0.887643805567886,0.02281552163203251
LCP2,Q13094,Lymphocyte cytosolic protein 2 OS=Homo sapiens OX=9606 GN=LCP2 PE=1 SV=1,27.668515661504465,27.786469223513677,-0.11795356200921248,0.18551376217282922,-1.339869657903508,-0.3459528580765944,0.5099686080617329
DNAJC13,O75165,DnaJ homolog subfamily C member 13 OS=Homo sapiens OX=9606 GN=DNAJC13 PE=1 SV=5,30.93078967178389,30.836668908697224,0.09412076308666784,0.18982487644050575,1.3266483743835842,0.34253913735071767,0.512584342556968
EHD4,Q9H223,EH domain-containing protein 4 OS=Homo sapiens OX=9606 GN=EHD4 PE=1 SV=1,23.935301758790054,23.680343217918296,0.2549585408717583,0.04343677046543437,2.0646532936928517,0.5330911881443137,0.2589838103980394
SBSN,Q6UWP8,Suprabasin OS=Homo sapiens OX=9606 GN=SBSN PE=1 SV=2,23.397411295217754,22.94156484072695,0.4558464544908034,0.3437520277628051,0.9545796647137605,0.2464714096043103,0.655688708275223
RASA3,Q14644,Ras GTPase-activating protein 3 OS=Homo sapiens OX=9606 GN=RASA3 PE=1 SV=3,26.901890017556557,26.98492105542005,-0.08303103786349197,0.38085590486822174,-0.8830478856074637,-0.22800198365742527,0.6879794315260862
EPB41,P11171,Protein 4.1 OS=Homo sapiens OX=9606 GN=EPB41 PE=1 SV=4,27.612872521525926,27.545520107332838,0.06735241419308835,0.15102984369925485,1.4551106555816646,0.3757079557304495,0.4567790040319908
FGG,C9JU00,Fibrinogen gamma chain (Fragment) OS=Homo sapiens OX=9606 GN=FGG PE=1 SV=1,24.93749151874187,25.082432598541878,-0.14494107980000948,0.35682923259888744,-0.9288252122114479,-0.23982163856216718,0.6664529313018803
LMAN2,Q12907,Vesicular integral-membrane protein VIP36 OS=Homo sapiens OX=9606 GN=LMAN2 PE=1 SV=1,23.885661376003455,23.743851315615647,0.14181006038780808,0.2031297678605948,1.2872232108422041,0.33235960389623304,0.5217067806073415
CALML5,Q9NZT1,Calmodulin-like protein 5 OS=Homo sapiens OX=9606 GN=CALML5 PE=1 SV=2,22.03559449732939,22.084402070993956,-0.048807573664564785,0.6793576172861054,-0.4154333684616217,-0.10726443450071403,0.8751485190224446
TGFB1,P01137,Transforming growth factor beta-1 proprotein OS=Homo sapiens OX=9606 GN=TGFB1 PE=1 SV=3,28.000704756312896,27.712439721547316,0.28826503476557974,0.025544115685316903,2.292156080819681,0.5918321551948458,0.19163430721244018
H2BC3,P33778,Histone H2B type 1-B OS=Homo sapiens OX=9606 GN=H2BC3 PE=1 SV=2,26.590539608669648,26.263599559164557,0.32694004950509026,0.006199076324935166,2.8407516596422036,0.7334789245670224,0.08113097701174271
PDAP1,Q13442,28 kDa heat- and acid-stable phosphoprotein OS=Homo sapiens OX=9606 GN=PDAP1 PE=1 SV=1,25.919109944470204,25.834226300826746,0.08488364364345813,0.36115239647343433,0.9204459380729427,0.23765811928271802,0.6703377296861985
BPNT2,Q9NX62,"Golgi-resident adenosine 3',5'-bisphosphate 3'-phosphatase OS=Homo sapiens OX=9606 GN=BPNT2 PE=1 SV=1",25.66056063353387,25.592992799462255,0.06756783407161393,0.3089687961381257,1.0263914700113335,0.26501313800288295,0.6333385183511014
SEPTIN6,Q14141,Septin-6 OS=Homo sapiens OX=9606 GN=SEPTIN6 PE=1 SV=4,28.36924637806225,28.362136477725855,0.007109900336395469,0.8766188673310149,0.15594374507481454,0.04026450184133145,0.9625092646200305
MASP2,A0A8V8TQL2,MBL associated serine protease 2 OS=Homo sapiens OX=9606 GN=MASP2 PE=1 SV=1,26.02946363290216,25.88015713332861,0.14930649957355158,0.20260568774739046,1.288738942256117,0.3327509640644602,0.5217067806073415
ARF4,P18085,ADP-ribosylation factor 4 OS=Homo sapiens OX=9606 GN=ARF4 PE=1 SV=3,29.78969771731391,29.69963253427282,0.09006518304109079,0.13047193477302674,1.5339793850346481,0.3960717741109792,0.43401888506129305
RAB35,Q15286,Ras-related protein Rab-35 OS=Homo sapiens OX=9606 GN=RAB35 PE=1 SV=1,26.826917055211347,26.95698617161726,-0.13006911640591312,0.09279141838432721,-1.7090318804825813,-0.44127013408310545,0.3713727972390596
KRT74,Q7RTS7,"Keratin, type II cytoskeletal 74 OS=Homo sapiens OX=9606 GN=KRT74 PE=1 SV=2",28.530533899143972,28.148673632404453,0.381860266739519,0.5185093697380623,0.6496089491261746,0.1677283094341984,0.785872611952955
ITGA2B,P08514,Integrin alpha-IIb OS=Homo sapiens OX=9606 GN=ITGA2B PE=1 SV=3,28.292568265959407,28.460312539519684,-0.16774427356027743,0.06767490705113939,-1.8619779165579715,-0.4807606307890005,0.3253112824200883
IGFBP5,P24593,Insulin-like growth factor-binding protein 5 OS=Homo sapiens OX=9606 GN=IGFBP5 PE=1 SV=1,25.5960516673061,25.69247324523856,-0.09642157793246042,0.5895176167582487,-0.5425511941607881,-0.14008611596331194,0.829674322486295
SPRR1B,P22528,Cornifin-B OS=Homo sapiens OX=9606 GN=SPRR1B PE=1 SV=2,27.920182635040113,27.556086196123395,0.36409643891671806,0.5386661600683137,0.6185017352095169,0.1596964613377899,0.804807448138036
BTK,Q06187,Tyrosine-protein kinase BTK OS=Homo sapiens OX=9606 GN=BTK PE=1 SV=3,28.056543340440314,27.855588139651044,0.2009552007892701,0.1894146609289748,1.3278965756781387,0.34286142153915256,0.512584342556968
RAB1A,P62820,Ras-related protein Rab-1A OS=Homo sapiens OX=9606 GN=RAB1A PE=1 SV=3,19.35951778977508,19.692827574405687,-0.33330978463060745,0.17025773591253246,-1.3886216121693487,-0.3585405585410388,0.48455892141455664
APOF,Q13790,Apolipoprotein F OS=Homo sapiens OX=9606 GN=APOF PE=1 SV=2,23.525258853881827,23.688044904654443,-0.16278605077261687,0.1728620554148838,-1.380068974990394,-0.3563322771170224,0.48886698006133544
CKAP5,Q14008,Cytoskeleton-associated protein 5 OS=Homo sapiens OX=9606 GN=CKAP5 PE=1 SV=3,27.890844094844844,27.980962744451386,-0.09011864960654137,0.16844631187309966,-1.394629852332611,-0.36009187948052745,0.48246683256943723
TAGLN2,P37802,Transgelin-2 OS=Homo sapiens OX=9606 GN=TAGLN2 PE=1 SV=3,27.3508799635314,27.32675173230576,0.024128231225642338,0.7462956975887154,0.3250727758904541,0.08393342982194299,0.9121391859417632
TUBB4B,P68371,Tubulin beta-4B chain OS=Homo sapiens OX=9606 GN=TUBB4B PE=1 SV=1,26.757658089998472,26.79242158383692,-0.034763493838447346,0.8248148611676183,-0.22235993241233765,-0.057413087673119374,0.9443761469179691
SERPINE2,P07093,Glia-derived nexin OS=Homo sapiens OX=9606 GN=SERPINE2 PE=1 SV=1,23.297289849903557,23.283004850275685,0.014284999627871997,0.8951369973667574,0.13238625579208124,0.034181984263299055,0.9703889371037256
LORICRIN,P23490,Loricrin OS=Homo sapiens OX=9606 GN=LORICRIN PE=1 SV=2,27.09464800098902,27.22131361398571,-0.126665612996689,0.16147494861516157,-1.4182284535902856,-0.366185012124845,0.4724254758903902
SERPIND1,P05546,Heparin cofactor 2 OS=Homo sapiens OX=9606 GN=SERPIND1 PE=1 SV=3,28.690037025663642,28.70896091646692,-0.018923890803279164,0.7897711500734097,-0.26784204091277797,-0.06915651759129297,0.9303940026817501
DNAJA2,O60884,DnaJ homolog subfamily A member 2 OS=Homo sapiens OX=9606 GN=DNAJA2 PE=1 SV=1,22.477950155640134,22.37946059206561,0.09848956357452465,0.49253179650848566,0.6906636664481696,0.178328591865621,0.7734056177155428
C8B,A0A8Q3WM97,Complement component C8 beta chain OS=Homo sapiens OX=9606 GN=C8B PE=1 SV=1,25.784040604404133,25.632957460956195,0.15108314344793783,0.332930463762822,0.9763813122418039,0.25210057079071,0.6485841714255235
ACTN1,P12814,Alpha-actinin-1 OS=Homo sapiens OX=9606 GN=ACTN1 PE=1 SV=2,28.10467459124423,28.13654096590332,-0.03186637465908859,0.6868484700587042,-0.40516274967070487,-0.10461257213188296,0.8768491706936095
KRT6A,P02538,"Keratin, type II cytoskeletal 6A OS=Homo sapiens OX=9606 GN=KRT6A PE=1 SV=3",29.784761476489223,29.780585644126838,0.004175832362385279,0.943723912662066,0.07089664027914774,0.01830543380687981,0.9850412425585209
CTSC,P53634,Dipeptidyl peptidase 1 OS=Homo sapiens OX=9606 GN=CTSC PE=1 SV=2,23.574861037452198,23.498540568091915,0.07632046936028303,0.4637607172395618,0.7375512405216769,0.19043491143433838,0.748135534278408
VASP,P50552,Vasodilator-stimulated phosphoprotein OS=Homo sapiens OX=9606 GN=VASP PE=1 SV=3,29.45112227041409,29.28726077037203,0.16386150004206002,0.03420767202470001,2.1688437609811495,0.55999305112039,0.23366849882172294
SARS1,P49591,"Serine--tRNA ligase, cytoplasmic OS=Homo sapiens OX=9606 GN=SARS1 PE=1 SV=3",25.446311179504978,25.34352085438629,0.10279032511868635,0.30359705693570116,1.037959129878726,0.2679998949376165,0.6304202854667855
KRT77,Q7Z794,"Keratin, type II cytoskeletal 1b OS=Homo sapiens OX=9606 GN=KRT77 PE=1 SV=3",27.703713517480065,27.8471446288529,-0.14343111137283415,0.035553936558114195,-2.152219183071773,-0.5557006035616737,0.23485450121991092
C4BPB,P20851,C4b-binding protein beta chain OS=Homo sapiens OX=9606 GN=C4BPB PE=1 SV=1,25.36635127843542,25.36454470074833,0.0018065776870912487,0.991521140412104,0.010672781911631643,0.002755700440096874,0.9965232089455731
FMNL1,O95466,Formin-like protein 1 OS=Homo sapiens OX=9606 GN=FMNL1 PE=1 SV=3,29.388018243501453,29.388303854613508,-0.00028561111205505085,0.9982850495985744,-0.0021586573555377664,-0.0005573629325443942,0.9982850495985744
GRK6,P43250,G protein-coupled receptor kinase 6 OS=Homo sapiens OX=9606 GN=GRK6 PE=1 SV=2,24.53465589367427,24.604055576794448,-0.06939968312017797,0.7491112317276154,-0.32133557387468625,-0.08296848841071086,0.9143338587390158
SYNJ2,O15056,Synaptojanin-2 OS=Homo sapiens OX=9606 GN=SYNJ2 PE=1 SV=3,24.155505018473534,24.232347414236003,-0.0768423957624691,0.41122736362770673,-0.8277103163399084,-0.2137138847112359,0.7151606818472145
POLG,P54098,DNA polymerase subunit gamma-1 OS=Homo sapiens OX=9606 GN=POLG PE=1 SV=1,25.755572549108074,25.774751671528325,-0.019179122420251105,0.8414506319701142,-0.20093725218123482,-0.05188177542204016,0.9494230532417136
IGHG1,A0A0A0MS07,Immunoglobulin heavy constant gamma 1 (G1m marker) (Fragment) OS=Homo sapiens OX=9606 GN=IGHG1 PE=1 SV=1,19.82876748473034,19.017222824498862,0.8115446602314762,0.029286027382649106,2.234961133651195,0.5770644833367953,0.20920257807605516
ADD3,Q9UEY8,Gamma-adducin OS=Homo sapiens OX=9606 GN=ADD3 PE=1 SV=1,25.044798141335562,25.00507556991132,0.0397225714242424,0.7041499564318784,0.3816035135445891,0.09852960352082867,0.883874172576821
LPL,P06858,Lipoprotein lipase OS=Homo sapiens OX=9606 GN=LPL PE=1 SV=1,28.249458883911792,28.247649458727608,0.0018094251841844766,0.9764223799675751,0.02968223752308342,0.007663920773671664,0.9914992734895832
NPM1,P06748,Nucleophosmin OS=Homo sapiens OX=9606 GN=NPM1 PE=1 SV=2,24.60179019851225,24.673764431059286,-0.07197423254703494,0.6050528679708183,-0.5199853754247951,-0.13425964661944287,0.8377295693217583
CC2D2B,Q6DHV5,Protein CC2D2B OS=Homo sapiens OX=9606 GN=CC2D2B PE=1 SV=4,27.702229312351726,27.696474215827198,0.005755096524527659,0.9344358362446608,0.0826229548167535,0.021333155201315613,0.9802150900651133
METAP2,P50579,Methionine aminopeptidase 2 OS=Homo sapiens OX=9606 GN=METAP2 PE=1 SV=1,29.890342648518313,29.46912453893973,0.4212181095785823,0.050579718000336546,1.9965074234719828,0.5154960001124312,0.2790444134603182
FUS,P35637,RNA-binding protein FUS OS=Homo sapiens OX=9606 GN=FUS PE=1 SV=1,26.117803570624236,26.209994960629004,-0.09219139000476773,0.48314301577034224,-0.7057916922775407,-0.18223463133883097,0.7672944440001981
MAPRE1,Q15691,Microtubule-associated protein RP/EB family member 1 OS=Homo sapiens OX=9606 GN=MAPRE1 PE=1 SV=3,26.18735772349401,26.167461361011686,0.019896362482324292,0.7932499381162049,0.26330335780916986,0.06798463465302715,0.932137038282842
IGF1,P05019,Insulin-like growth factor 1 OS=Homo sapiens OX=9606 GN=IGF1 PE=1 SV=1,25.19830641374227,25.255490795074326,-0.057184381332056944,0.6424488020113872,-0.46671979806437264,-0.12050653368324027,0.8590419629305994
RPS19,P39019,Small ribosomal subunit protein eS19 OS=Homo sapiens OX=9606 GN=RPS19 PE=1 SV=2,28.817508886430467,28.887304084021714,-0.06979519759124742,0.510113135831928,-0.6627544414874491,-0.17112246096705924,0.7820238812822198
CANX,A0A7P0T840,Calnexin OS=Homo sapiens OX=9606 GN=CANX PE=1 SV=1,18.447888365502855,18.00510914377695,0.4427792217259068,0.0612094166603003,1.9090329627447056,0.4929101914714166,0.3057060837657895
KRT80,Q6KB66,"Keratin, type II cytoskeletal 80 OS=Homo sapiens OX=9606 GN=KRT80 PE=1 SV=2",22.38108222851058,22.334306831223987,0.046775397286591414,0.8109551498674955,0.240286870449716,0.06204180317093661,0.9401523823196111
DHX29,Q7Z478,ATP-dependent RNA helicase DHX29 OS=Homo sapiens OX=9606 GN=DHX29 PE=1 SV=2,24.078066353521,24.06334075945851,0.014725594062490188,0.9421200767147686,0.0729207496217979,0.018828056591878937,0.9850412425585209
H2AX,P16104,Histone H2AX OS=Homo sapiens OX=9606 GN=H2AX PE=1 SV=2,29.332751289668238,29.255307050426357,0.07744423924188126,0.27556762801974966,1.1007159469344325,0.2842036354254656,0.6047646964986673
TPM4,P67936,Tropomyosin alpha-4 chain OS=Homo sapiens OX=9606 GN=TPM4 PE=1 SV=3,24.37481185765279,24.31789399159663,0.05691786605616045,0.5068661755845145,0.6678690574068198,0.17244304911892389,0.7814368467953865
ATP5MG,O75964,"ATP synthase subunit g, mitochondrial OS=Homo sapiens OX=9606 GN=ATP5MG PE=1 SV=3",18.70258803618348,18.642083183639397,0.060504852544085,0.8478423164338926,0.1927317789758139,0.0497631313505504,0.9497109834226996
ITGB1,P05556,Integrin beta-1 OS=Homo sapiens OX=9606 GN=ITGB1 PE=1 SV=2,24.899325894075346,24.975573887064005,-0.07624799298865881,0.43777384051817925,-0.7813511383877325,-0.201743996434393,0.7319867336282162
G3BP1,Q13283,Ras GTPase-activating protein-binding protein 1 OS=Homo sapiens OX=9606 GN=G3BP1 PE=1 SV=1,23.409330632818616,23.245224594967134,0.16410603785148226,0.042328259722581904,2.0760859003248675,0.5360430744836162,0.2581447948387393
ASPN,Q9BXN1,Asporin OS=Homo sapiens OX=9606 GN=ASPN PE=1 SV=2,26.378542708335818,26.5065763598651,-0.12803365152928237,0.2880742892320025,-1.0721933793246268,-0.27683914013587535,0.6165786353474437
AFM,P43652,Afamin OS=Homo sapiens OX=9606 GN=AFM PE=1 SV=1,26.062695473417957,26.111682733038386,-0.0489872596204286,0.711548585055495,-0.3715948825335353,-0.09594538610588557,0.8890638418149843
B2M,P61769,Beta-2-microglobulin OS=Homo sapiens OX=9606 GN=B2M PE=1 SV=1,24.145571987011586,23.899352638855305,0.24621934815628066,0.03906096955328054,2.1113651434854757,0.5451521358988053,0.24660675496138032
MYO9A,B2RTY4,Unconventional myosin-IXa OS=Homo sapiens OX=9606 GN=MYO9A PE=1 SV=2,26.059413782977984,26.807561426858584,-0.7481476438805998,2.5426805515754617e-05,-4.576566720036294,-1.181664445967178,0.0010361423247670005
EIF4G1,Q04637,Eukaryotic translation initiation factor 4 gamma 1 OS=Homo sapiens OX=9606 GN=EIF4G1 PE=1 SV=4,26.637314014459193,26.54653795222646,0.09077606223273449,0.7388314560886634,0.33500295529165297,0.08649739111832265,0.9079676496003931
CAPN1,P07384,Calpain-1 catalytic subunit OS=Homo sapiens OX=9606 GN=CAPN1 PE=1 SV=1,25.652337278759862,25.641486735153432,0.010850543606430563,0.8483355834469042,0.19209909114124019,0.049599772054106935,0.9497109834226996
SERBP1,Q8NC51,SERPINE1 mRNA-binding protein 1 OS=Homo sapiens OX=9606 GN=SERBP1 PE=1 SV=2,25.486202201846996,25.56162028703876,-0.07541808519176385,0.5358036950625165,-0.6228819052669283,-0.1608274163835173,0.8020264444222079
NAA10,P41227,N-alpha-acetyltransferase 10 OS=Homo sapiens OX=9606 GN=NAA10 PE=1 SV=1,18.737389027838603,17.575946577443016,1.1614424503955867,0.0004909530132939992,3.693708057755778,0.9537113195626847,0.011285625036360776
GSTM5,P46439,Glutathione S-transferase Mu 5 OS=Homo sapiens OX=9606 GN=GSTM5 PE=1 SV=3,24.32742655180955,23.99061257261658,0.33681397919296785,0.013328887296703212,2.5531253877305375,0.659214140497315,0.1291821347188587
ARF6,P62330,ADP-ribosylation factor 6 OS=Homo sapiens OX=9606 GN=ARF6 PE=1 SV=2,24.1808256516947,24.075793289843464,0.10503236185123654,0.24813579346273584,1.1666262599637887,0.30122160507253326,0.577025987650572
SYNE2,Q8WXH0,Nesprin-2 OS=Homo sapiens OX=9606 GN=SYNE2 PE=1 SV=3,26.54808208613861,26.6838372754112,-0.13575518927259012,0.5767488015390136,-0.5613097834143473,-0.14492956288180397,0.8188385014932914
TSC2,P49815,Tuberin OS=Homo sapiens OX=9606 GN=TSC2 PE=1 SV=2,29.117090143617908,29.082853344441187,0.03423679917672118,0.5916580240414862,0.5394257360894786,0.13927912615934854,0.8301868993701399
OXSR1,O95747,Serine/threonine-protein kinase OSR1 OS=Homo sapiens OX=9606 GN=OXSR1 PE=1 SV=1,23.919528801797547,23.806267981767192,0.11326082003035509,0.20411505990325912,1.284381465267867,0.3316258683439952,0.5217067806073415
RARRES2,Q99969,Retinoic acid receptor responder protein 2 OS=Homo sapiens OX=9606 GN=RARRES2 PE=1 SV=1,28.205990816651877,28.239442663188317,-0.0334518465364404,0.5415328864790049,-0.6141270302840641,-0.15856691738306658,0.8051666744886208
MBL2,P11226,Mannose-binding protein C OS=Homo sapiens OX=9606 GN=MBL2 PE=1 SV=2,17.381957206234272,17.102275357018172,0.2796818492161002,0.4593141538041501,0.7449430968919125,0.19234348054230369,0.7454696196057076
CEP290,O15078,Centrosomal protein of 290 kDa OS=Homo sapiens OX=9606 GN=CEP290 PE=1 SV=2,26.960002143883976,26.804467247583673,0.1555348963003027,0.06654404851296337,1.8699254146316964,0.48281266596790395,0.32246886211822523
IGKV1-33,A0AAG2T928,Immunoglobulin kappa variable 1-33 OS=Homo sapiens OX=9606 GN=IGKV1-33 PE=1 SV=1,22.578103712372933,22.758148815391635,-0.1800451030187027,0.5207069675095639,-0.6461870273358036,-0.16684477302712294,0.7883999201819804
CCT3,P49368,T-complex protein 1 subunit gamma OS=Homo sapiens OX=9606 GN=CCT3 PE=1 SV=4,28.042254319952743,28.01365475359407,0.02859956635867178,0.6604653443435642,0.4415380062819054,0.11400462300316304,0.8637595641196284
EEF1G,P26641,Elongation factor 1-gamma OS=Homo sapiens OX=9606 GN=EEF1G PE=1 SV=3,26.410840285928696,26.276293512284905,0.13454677364379108,0.10713901481174735,1.6365544858013874,0.42255655124465435,0.3939685190823868
MTARC2,Q969Z3,Mitochondrial amidoxime reducing component 2 OS=Homo sapiens OX=9606 GN=MTARC2 PE=1 SV=1,17.309167051022396,16.06300824241044,1.2461588086119555,0.0002687707994730517,3.8807993758862116,1.0020180901852955,0.006984145557321474
CAT,P04040,Catalase OS=Homo sapiens OX=9606 GN=CAT PE=1 SV=3,22.437088188531828,22.594644357678753,-0.15755616914692538,0.2612703207156951,-1.1344558818247077,-0.29291524915427614,0.5918789331680574
AHNAK,Q09666,Neuroblast differentiation-associated protein AHNAK OS=Homo sapiens OX=9606 GN=AHNAK PE=1 SV=2,28.788790989836563,28.589015332730664,0.19977565710589928,0.1517453475295861,1.4525217891258528,0.37503951328585533,0.457276316168988
LCN1,P31025,Lipocalin-1 OS=Homo sapiens OX=9606 GN=LCN1 PE=1 SV=1,26.81032880852774,26.47637609674535,0.3339527117823877,0.022531095760121883,2.3438984551418156,0.6051919787977029,0.17488421947142221
DYNLL1,P63167,"Dynein light chain 1, cytoplasmic OS=Homo sapiens OX=9606 GN=DYNLL1 PE=1 SV=1",25.76429658813552,25.694986535297794,0.06931005283772507,0.2839507490267292,1.0815006009107826,0.2792422544160517,0.61333199259696
CCL18,P55774,C-C motif chemokine 18 OS=Homo sapiens OX=9606 GN=CCL18 PE=1 SV=1,21.94871920672538,21.954175337696753,-0.005456130971374762,0.9623056984575096,-0.04746498650012675,-0.012255406816196718,0.988209689194911
ATE1,A0A8I5KXC6,Arginyl-tRNA--protein transferase 1 OS=Homo sapiens OX=9606 GN=ATE1 PE=1 SV=1,15.334879048629379,15.750581910156297,-0.4157028615269187,0.1001100419815854,-1.6709980359874859,-0.4314498376616557,0.3832954336428661
KIF2A,O00139,Kinesin-like protein KIF2A OS=Homo sapiens OX=9606 GN=KIF2A PE=1 SV=3,29.28491626232942,29.310186170769327,-0.025269908439906175,0.8514188778677354,-0.18814607074800677,-0.04857910657742618,0.9503762150443532
CD46,P15529,Membrane cofactor protein OS=Homo sapiens OX=9606 GN=CD46 PE=1 SV=3,25.285345000222936,25.066961453670153,0.2183835465527828,0.30002508581881676,1.045728529742111,0.2700059453563442,0.6277070932008616
MASP1,P48740,Mannan-binding lectin serine protease 1 OS=Homo sapiens OX=9606 GN=MASP1 PE=1 SV=3,25.906008696088332,25.918148686700114,-0.012139990611782281,0.8812851656120527,-0.1499998268319843,-0.038729788750284766,0.9651766948098619
IGLV1-51,P01701,Immunoglobulin lambda variable 1-51 OS=Homo sapiens OX=9606 GN=IGLV1-51 PE=1 SV=2,22.920475358697697,22.88143049121931,0.03904486747838831,0.5634508460474672,0.5810606317781101,0.15002921000089206,0.8128241450607155
FGD6,Q6ZV73,"FYVE, RhoGEF and PH domain-containing protein 6 OS=Homo sapiens OX=9606 GN=FGD6 PE=1 SV=2",18.131243760517926,19.397069493409465,-1.265825732891539,0.003448293358120063,-3.0498144687258133,-0.7874587097598331,0.05329991371645925
MESD,Q14696,LRP chaperone MESD OS=Homo sapiens OX=9606 GN=MESD PE=1 SV=2,27.43230352863022,27.48284745343587,-0.05054392480564829,0.5513792577234469,-0.5991905136011256,-0.15471032535884188,0.8093454881076879
RHOC,P08134,Rho-related GTP-binding protein RhoC OS=Homo sapiens OX=9606 GN=RHOC PE=1 SV=1,27.57098507321589,27.550972955773677,0.02001211744221365,0.8242750819587934,0.22305671816822434,0.05759299698168095,0.9443761469179691
C4B; C4B_2,P0C0L5,Complement C4-B OS=Homo sapiens OX=9606 GN=C4B PE=1 SV=2,29.469378099830408,29.553698066855603,-0.08431996702519484,0.0961463196636884,-1.6913021951576932,-0.43669234901665277,0.377221774960598
AFF4,Q9UHB7,AF4/FMR2 family member 4 OS=Homo sapiens OX=9606 GN=AFF4 PE=1 SV=1,26.014942548261804,25.888371457689793,0.12657109057201055,0.017955007400092635,2.435740696019174,0.6289055434241283,0.1525750154898867
IGLV3-19,P01714,Immunoglobulin lambda variable 3-19 OS=Homo sapiens OX=9606 GN=IGLV3-19 PE=1 SV=2,23.598179253984775,23.83987978704442,-0.241700533059646,0.11094143717519059,-1.6186820260412813,-0.4179419019775442,0.4018545391012459
SPTA1,P02549,"Spectrin alpha chain, erythrocytic 1 OS=Homo sapiens OX=9606 GN=SPTA1 PE=1 SV=5",27.815277200984337,27.763813279626522,0.05146392135781497,0.423103764877619,0.8067545993212051,0.208303141843151,0.7225000480243533
REEP5,Q00765,Receptor expression-enhancing protein 5 OS=Homo sapiens OX=9606 GN=REEP5 PE=1 SV=3,16.98127443068859,16.509054042462303,0.47222038822628676,0.11853769400707836,1.5844128274945062,0.40909363296024176,0.4087270872205606
FAM151A,Q8WW52,Protein FAM151A OS=Homo sapiens OX=9606 GN=FAM151A PE=1 SV=2,21.18351403319507,20.325878269957705,0.857635763237365,0.131831296678366,1.5284715054214397,0.39464964570998773,0.43611349620721446
SF3B1,O75533,Splicing factor 3B subunit 1 OS=Homo sapiens OX=9606 GN=SF3B1 PE=1 SV=3,29.201077798104674,29.12898444382581,0.07209335427886288,0.2815776354904672,1.0868995509592128,0.28063625732435676,0.6104821045156079
PAPOLA,P51003,Poly(A) polymerase alpha OS=Homo sapiens OX=9606 GN=PAPOLA PE=1 SV=4,23.333828140891498,23.264091801842866,0.06973633904863163,0.5358771223746822,0.6227693954413372,0.16079836647146403,0.8020264444222079
ATP1A2,P50993,Sodium/potassium-transporting ATPase subunit alpha-2 OS=Homo sapiens OX=9606 GN=ATP1A2 PE=1 SV=1,21.41880535985837,21.624683859168975,-0.20587849931060376,0.2675321460974474,-1.1195224824234524,-0.2890594620087211,0.5981111445794554
DYNAP,Q8N1N2,Dynactin-associated protein OS=Homo sapiens OX=9606 GN=DYNAP PE=1 SV=1,25.025630882536202,24.745926406892043,0.27970447564415934,0.4869474498620612,0.6996422039001442,0.18064684026727415,0.7692482622050006
CAPZA1,P52907,F-actin-capping protein subunit alpha-1 OS=Homo sapiens OX=9606 GN=CAPZA1 PE=1 SV=3,23.116231144814524,22.917247547443488,0.19898359737103632,0.20665107258790943,1.277113972498826,0.3297494097797834,0.5263144504973318
APOB,P04114,Apolipoprotein B-100 OS=Homo sapiens OX=9606 GN=APOB PE=1 SV=3,30.136503866863027,29.988820179788675,0.14768368707435187,0.04205957648333245,2.0788960339890292,0.5367686478757439,0.2579932922413566
FYB1,A0A2R8YEE1,FYN binding protein 1 (Fragment) OS=Homo sapiens OX=9606 GN=FYB1 PE=1 SV=1,24.240936361234624,24.067785323812476,0.17315103742214788,0.24824451929516148,1.1663550162224576,0.30115157023967065,0.577025987650572
FAM3C,Q92520,Protein FAM3C OS=Homo sapiens OX=9606 GN=FAM3C PE=1 SV=1,20.890483066608002,20.94554268054171,-0.055059613933707396,0.8157038889342385,-0.23413603475976463,-0.06045366422477395,0.9422230840326674
ARHGAP6,O43182,Rho GTPase-activating protein 6 OS=Homo sapiens OX=9606 GN=ARHGAP6 PE=1 SV=3,25.621454104427276,25.782319586872497,-0.16086548244522092,0.23173066983766974,-1.208574449787238,-0.312052581111851,0.5554720468167672
IPO7,O95373,Importin-7 OS=Homo sapiens OX=9606 GN=IPO7 PE=1 SV=1,26.3877317731635,26.295460612495862,0.0922711606676394,0.3603068802840337,0.922079633768418,0.23807993769747443,0.6702188102743609
HMOX1,P09601,Heme oxygenase 1 OS=Homo sapiens OX=9606 GN=HMOX1 PE=1 SV=1,22.88223688633062,22.072959112096463,0.8092777742341575,2.1834270248466357e-10,7.671056527670725,1.9806582786322944,2.17493591975001e-08
PRG4,J3KP74,Proteoglycan 4 (Fragment) OS=Homo sapiens OX=9606 GN=PRG4 PE=1 SV=8,24.311148596298803,24.327237967067116,-0.01608937076831296,0.8562640472890586,-0.18194019966653677,-0.046976757554276605,0.9524078391993065
MAGED2,Q9UNF1,Melanoma-associated antigen D2 OS=Homo sapiens OX=9606 GN=MAGED2 PE=1 SV=2,27.214399457020242,26.960225200162864,0.2541742568573788,0.015208339808231726,2.5015717789941796,0.6459030559591279,0.14046994802320148
MYL12B,O14950,Myosin regulatory light chain 12B OS=Homo sapiens OX=9606 GN=MYL12B PE=1 SV=2,25.013554039868747,25.032662353477065,-0.019108313608317218,0.8338379783306373,-0.21072819837952003,-0.05440978686001159,0.9468751537683636
KRT3,P12035,"Keratin, type II cytoskeletal 3 OS=Homo sapiens OX=9606 GN=KRT3 PE=1 SV=3",26.969280256756825,27.174439787963404,-0.20515953120657926,0.008314360984173406,-2.732617067363032,-0.7055586928972784,0.09410800469492013
MCF2,P10911,Proto-oncogene DBL OS=Homo sapiens OX=9606 GN=MCF2 PE=1 SV=3,20.202210785912982,21.223383627946554,-1.0211728420335717,0.029813543141022338,-2.2274248979125213,-0.5751186356361966,0.21128728399941918
HPN,P05981,Serine protease hepsin OS=Homo sapiens OX=9606 GN=HPN PE=1 SV=1,23.18487745564287,23.181652376502054,0.003225079140815268,0.9862565872041644,0.017300092789694937,0.004466864750822101,0.994577087096213
CORO1A,P31146,Coronin-1A OS=Homo sapiens OX=9606 GN=CORO1A PE=1 SV=4,27.6568940850981,27.698126480719353,-0.041232395621253914,0.6248819995000731,-0.49156512173422584,-0.1269215686702052,0.8494415656585527
F10,P00742,Coagulation factor X OS=Homo sapiens OX=9606 GN=F10 PE=1 SV=2,17.164088180997112,17.07776761785076,0.0863205631463515,0.8628122343646247,0.1735642997902365,0.0448141095055825,0.9555419000715084
EIF5B,O60841,Eukaryotic translation initiation factor 5B OS=Homo sapiens OX=9606 GN=EIF5B PE=1 SV=4,26.88643626702204,26.871601078893768,0.014835188128273558,0.8817397803115192,0.14942103124792527,0.03858034437309017,0.9651766948098619
IGHV3-7,P01780,Immunoglobulin heavy variable 3-7 OS=Homo sapiens OX=9606 GN=IGHV3-7 PE=1 SV=2,26.088636729980845,26.046219367757864,0.04241736222298087,0.611069645946424,0.5113178172712747,0.13202169272738493,0.8434450737424352
RBBP6,Q7Z6E9,E3 ubiquitin-protein ligase RBBP6 OS=Homo sapiens OX=9606 GN=RBBP6 PE=1 SV=1,26.1933388026411,26.219283418476966,-0.025944615835864937,0.893829448925483,-0.13404702439372332,-0.03461079287236998,0.9703889371037256
GPRC5C,A0A0C4DFY5,G protein-coupled receptor class C group 5 member C OS=Homo sapiens OX=9606 GN=GPRC5C PE=1 SV=1,18.536760510028724,18.270009608504267,0.2667509015244569,0.5565611676782468,0.5913839352449073,0.1526946754945421,0.8119724765232681
LINS1,Q8NG48,Protein Lines homolog 1 OS=Homo sapiens OX=9606 GN=LINS1 PE=1 SV=2,20.288843320919,19.228815251019665,1.0600280698993352,0.00019950482453069647,3.9717167968603855,1.025492867339503,0.00536493887054868
CTSH,A0A7I2V2L7,Pro-cathepsin H OS=Homo sapiens OX=9606 GN=CTSH PE=1 SV=1,24.74405792508479,24.74181474812776,0.0022431769570303572,0.9802593547327684,0.024850699520339532,0.0064164230255919765,0.9932769646054417
NEB,P20929,Nebulin OS=Homo sapiens OX=9606 GN=NEB PE=1 SV=6,28.5279042427024,28.07105171204956,0.45685253065284215,0.05986368967336423,1.9193539546818639,0.4955750601306802,0.30493066927369905
RAP1B,B7ZB78,"RAP1B, member of RAS oncogene family OS=Homo sapiens OX=9606 GN=RAP1B PE=1 SV=1",19.581708796394413,18.80263490675219,0.7790738896422233,0.017564388930726888,2.4445248498675043,0.6311736021951353,0.15140841034996785
RBP4,P02753,Retinol-binding protein 4 OS=Homo sapiens OX=9606 GN=RBP4 PE=1 SV=3,22.090182872421035,22.145038288503663,-0.054855416082627784,0.7854682013946443,-0.2734637612409077,-0.07060803953848513,0.9289871273750642
RBM19,Q9Y4C8,Probable RNA-binding protein 19 OS=Homo sapiens OX=9606 GN=RBM19 PE=1 SV=3,26.722213900321968,26.740332468547255,-0.01811856822528668,0.7983227828642316,-0.25669478677269764,-0.06627830894859481,0.932137038282842
RAB13,P51153,Ras-related protein Rab-13 OS=Homo sapiens OX=9606 GN=RAB13 PE=1 SV=1,23.618961051705572,23.82129058743017,-0.20232953572459778,0.41771860592129384,-0.816211945058926,-0.21074501801258558,0.7157756203736626
AZGP1,P25311,Zinc-alpha-2-glycoprotein OS=Homo sapiens OX=9606 GN=AZGP1 PE=1 SV=2,24.255212400345066,24.24286145378865,0.012350946556416886,0.9273417733305175,0.09158700255049826,0.023647662373809063,0.9802150900651133
AGRN,O00468,Agrin OS=Homo sapiens OX=9606 GN=AGRN PE=1 SV=6,23.819018970779403,24.1108660506622,-0.2918470798827961,0.24446580324265052,-1.1758324927312875,-0.30359864415185533,0.5737266822173722
RGS12,O14924,Regulator of G-protein signaling 12 OS=Homo sapiens OX=9606 GN=RGS12 PE=1 SV=1,20.82875283666623,20.48410107525717,0.34465176140906095,0.3939887911697134,0.8587954639461722,0.22174003531079983,0.6987358086719052
Unknown,Q5VST9,Obscurin OS=Homo sapiens OX=9606 GN=OBSCN PE=1 SV=3,23.143316530069946,22.841471360638405,0.30184516943154094,0.031163986283924895,2.208654827185197,0.570272224213926,0.21998829687825724
DMD,P11532,Dystrophin OS=Homo sapiens OX=9606 GN=DMD PE=1 SV=4,27.528191421155807,27.64390153955857,-0.11571011840276313,0.12174194596355142,-1.5704862902581427,-0.40549781650779027,0.4156860538927771
LALBA,P00709,Alpha-lactalbumin OS=Homo sapiens OX=9606 GN=LALBA PE=1 SV=1,26.569157212351424,26.766278237926898,-0.1971210255754734,0.07636618465180613,-1.8043699804601838,-0.4658863256479263,0.3353803839972434
MORC1,Q86VD1,MORC family CW-type zinc finger protein 1 OS=Homo sapiens OX=9606 GN=MORC1 PE=1 SV=2,22.95141870552461,22.928282851746857,0.023135853777752402,0.8887260777285209,0.14053265952421584,0.036285376662368335,0.9670152072277904
HERC2,O95714,E3 ubiquitin-protein ligase HERC2 OS=Homo sapiens OX=9606 GN=HERC2 PE=1 SV=2,28.22202502065472,28.292885299518183,-0.07086027886346358,0.3237617075571608,-0.9952233149066497,-0.2569655549593862,0.6456414808632545
TAF15,Q92804,TATA-binding protein-associated factor 2N OS=Homo sapiens OX=9606 GN=TAF15 PE=1 SV=1,26.617228028248917,26.64191152560409,-0.0246834973551735,0.8513123457215763,-0.18828260294595753,-0.04861435903935181,0.9503762150443532
MPRIP,A0A494BZV2,Myosin phosphatase Rho interacting protein OS=Homo sapiens OX=9606 GN=MPRIP PE=1 SV=1,28.043778570421,28.193942526396793,-0.1501639559757919,0.09785128226569503,-1.6824859930460525,-0.43441601541964064,0.38140109332483757
COLEC10,Q9Y6Z7,Collectin-10 OS=Homo sapiens OX=9606 GN=COLEC10 PE=1 SV=2,19.114496779132157,18.764923373053207,0.3495734060789495,0.19263463695690097,1.3181531810787,0.340345687871209,0.5141994431945371
MICU3,Q86XE3,"Calcium uptake protein 3, mitochondrial OS=Homo sapiens OX=9606 GN=MICU3 PE=1 SV=1",20.702081395859597,19.515571252100994,1.1865101437586034,0.0016924105493136329,3.2928975478998277,0.8502224909188848,0.03034492114919344
PRKCB,P05771,Protein kinase C beta type OS=Homo sapiens OX=9606 GN=PRKCB PE=1 SV=4,29.176109864137672,29.060494723723497,0.11561514041417453,0.041089508119479715,2.089173374736062,0.539422245846181,0.2567020489833698
KRT10,A0A1B0GVI3,"Keratin, type I cytoskeletal 10 OS=Homo sapiens OX=9606 GN=KRT10 PE=1 SV=2",30.253088363446253,30.15291692445262,0.1001714389936339,0.08546688137721767,1.7496566600022465,0.4517594070513062,0.35720773498683284
KLKB1,P03952,Plasma kallikrein OS=Homo sapiens OX=9606 GN=KLKB1 PE=1 SV=2,20.516443779787988,20.54005437343805,-0.02361059365006213,0.9042180885580033,-0.12086198510969563,-0.03120643036796133,0.972618683419481
C4B,A0A140TA29,Complement C4B (Chido blood group) OS=Homo sapiens OX=9606 GN=C4B PE=1 SV=1,24.10935586155732,24.07191396488862,0.03744189666869957,0.7850000033306967,0.2740759798359337,0.07076611370000341,0.9289871273750642
C4A,P0C0L4,Complement C4-A OS=Homo sapiens OX=9606 GN=C4A PE=1 SV=2,23.6391670317585,23.182907506939895,0.45625952481860566,0.07871151798670956,1.7897705698415391,0.4621167740352293,0.3408931201694933
FERMT3,A0A8V8TME2,FERM domain containing kindlin 3 OS=Homo sapiens OX=9606 GN=FERMT3 PE=1 SV=1,29.61809036059224,29.480755698006774,0.13733466258546656,0.1768248541124475,1.3672426907424065,0.3530205447646106,0.49538588034940373
KRT76,Q01546,"Keratin, type II cytoskeletal 2 oral OS=Homo sapiens OX=9606 GN=KRT76 PE=1 SV=2",24.233263965391423,24.246981332136578,-0.01371736674515489,0.8319580716656233,-0.21314915130350082,-0.055034874217113575,0.9468751537683636
SERPINA1,A0A024R6N5,Serpin family A member 1 OS=Homo sapiens OX=9606 GN=SERPINA1 PE=1 SV=1,25.619204760602468,25.311524802418557,0.30767995818391114,0.01528890077849653,2.4994934285243358,0.6453664281753089,0.14046994802320148
LTBP1,C9JD84,Latent transforming growth factor beta binding protein 1 OS=Homo sapiens OX=9606 GN=LTBP1 PE=1 SV=1,27.06284908122064,26.857474891160372,0.2053741900602688,0.19410301196551183,1.313750746874792,0.33920898424757495,0.5155951117839448
ITIH4,B7ZKJ8,ITIH4 protein OS=Homo sapiens OX=9606 GN=ITIH4 PE=1 SV=1,28.988680444561464,28.821075199958578,0.1676052446028855,0.3560706359597552,0.9303022937269417,0.2402030193695337,0.6664529313018803
Unknown,A0A8Q3SIA1,Sushi domain-containing protein OS=Homo sapiens OX=9606 PE=4 SV=1,22.391545080088044,22.517155300007236,-0.1256102199191922,0.3060944435055335,-1.032564017607921,-0.2666068829392333,0.6304202854667855
KRT7,P08729,"Keratin, type II cytoskeletal 7 OS=Homo sapiens OX=9606 GN=KRT7 PE=1 SV=5",18.901944047703296,18.751487329920817,0.15045671778247893,0.6284049654361927,0.4865582669170107,0.12562880431527504,0.8518393231700581
KRT15,P19012,"Keratin, type I cytoskeletal 15 OS=Homo sapiens OX=9606 GN=KRT15 PE=1 SV=3",20.025668681394578,19.590594473517868,0.4350742078767098,0.30309963473483686,1.0390373205758747,0.268278282578556,0.6304202854667855
CFH,A0A8Q3WLY2,Complement factor H (Fragment) OS=Homo sapiens OX=9606 GN=CFH PE=1 SV=1,23.626011271597477,23.688904319465724,-0.06289304786824701,0.5917338858868035,-0.5393150593566838,-0.13925054954982005,0.8301868993701399
IGHG4,P01861,Immunoglobulin heavy constant gamma 4 OS=Homo sapiens OX=9606 GN=IGHG4 PE=1 SV=2,25.74697915615649,25.590173162151572,0.15680599400491602,0.299238487458487,1.0474479458110202,0.27044989667635005,0.6267927663704056
IGLC2,P0DOY2,Immunoglobulin lambda constant 2 OS=Homo sapiens OX=9606 GN=IGLC2 PE=1 SV=1,27.152989287941544,27.306212997551846,-0.15322370961030174,0.11759758609719413,-1.588556182010986,-0.4101634424962258,0.40767307581004353
HBA1,G3V1N2,Alpha-globin OS=Homo sapiens OX=9606 GN=HBA1 PE=1 SV=1,18.706222323300562,18.72317006576612,-0.016947742465557525,0.9683159602056962,-0.0398923404325239,-0.010300158009093455,0.990284578482698
EEF1A1,A0A087WVQ9,Elongation factor 1-alpha OS=Homo sapiens OX=9606 GN=EEF1A1 PE=1 SV=2,19.26038434492637,19.213857685224202,0.04652665970216674,0.8802249836047176,0.15134980316745564,0.03907835114128842,0.9646964520802315
C1QB,A0A8Q3WM25,Complement C1q B chain OS=Homo sapiens OX=9606 GN=C1QB PE=1 SV=1,28.126703701824905,28.083381242584583,0.043322459240322075,0.2964761722389178,1.0535107006574944,0.2720152932465189,0.6242509437544579
KRT13,K7EMD9,Keratin 13 (Fragment) OS=Homo sapiens OX=9606 GN=KRT13 PE=1 SV=1,18.382105109582962,20.84893185760659,-2.466826748023628,9.44720412548677e-15,-10.322518358965047,-2.6652627796794626,1.5398942724543436e-12
ACTBL2,Q562R1,Beta-actin-like protein 2 OS=Homo sapiens OX=9606 GN=ACTBL2 PE=1 SV=2,24.045944880868046,23.917850395607285,0.1280944852607604,0.6240389564001403,0.49276510689791203,0.12723140350718204,0.8494415656585527
HBD,P02042,Hemoglobin subunit delta OS=Homo sapiens OX=9606 GN=HBD PE=1 SV=2,29.96617032811514,30.03777314571796,-0.07160281760281961,0.45654285771689795,-0.7495708374802895,-0.19353835802426053,0.7454696196057076
FHL1,Q5JXI2,Four and a half LIM domains 1 OS=Homo sapiens OX=9606 GN=FHL1 PE=1 SV=1,22.410546377527314,22.396379016964918,0.014167360562396425,0.9324356820769555,0.08514963160025717,0.021985540341566186,0.9802150900651133
CSRP1,E9PP21,Cysteine and glycine-rich protein 1 OS=Homo sapiens OX=9606 GN=CSRP1 PE=1 SV=1,22.880293650674666,22.499746024468866,0.38054762620580007,0.11480847488399643,1.6010077322123013,0.4133784189338365,0.40601892597042527
IGHA2,P01877,Immunoglobulin heavy constant alpha 2 OS=Homo sapiens OX=9606 GN=IGHA2 PE=1 SV=5,25.225921981999306,25.127544710120368,0.09837727187893819,0.49745540667658794,0.6827938195921868,0.17629660614492604,0.7766407223038624
KRT73,Q86Y46,"Keratin, type II cytoskeletal 73 OS=Homo sapiens OX=9606 GN=KRT73 PE=1 SV=1",27.467012331286504,27.580509143953716,-0.11349681266721134,0.3989271547298413,-0.8498062371620658,-0.21941902693545814,0.7039914748325816
KRT72,Q14CN4,"Keratin, type II cytoskeletal 72 OS=Homo sapiens OX=9606 GN=KRT72 PE=1 SV=2",26.81786675584714,26.774617424908605,0.043249330938536446,0.8514244678309338,0.18813890671819375,0.048577256832882346,0.9503762150443532
TUBA4A,P68366,Tubulin alpha-4A chain OS=Homo sapiens OX=9606 GN=TUBA4A PE=1 SV=1,26.477964135555364,26.650162657303735,-0.17219852174837058,0.15728318413846426,-1.432800188055456,-0.3699474177854424,0.46734788680923445
HNRNPK,A0A994J4E9,Heterogeneous nuclear ribonucleoprotein K OS=Homo sapiens OX=9606 GN=HNRNPK PE=1 SV=1,28.68110848437566,28.797169783309588,-0.11606129893392847,0.17537282100981436,-1.371916654501828,-0.35422735701801156,0.49363181800721684
FHL1,Q5JXI0,Four and a half LIM domains 1 (Fragment) OS=Homo sapiens OX=9606 GN=FHL1 PE=1 SV=1,31.499985852147653,31.81047787636708,-0.31049202421942823,0.06618248919213762,-1.8724904704873584,-0.48347496054197536,0.32245979109104006
RAB1B,Q9H0U4,Ras-related protein Rab-1B OS=Homo sapiens OX=9606 GN=RAB1B PE=1 SV=1,27.28080498869728,27.309144015681056,-0.028339026983775994,0.7949638610155036,-0.2610692783981804,-0.06740779782950268,0.932137038282842
TUBA1C,F5H5D3,Tubulin alpha chain OS=Homo sapiens OX=9606 GN=TUBA1C PE=1 SV=1,18.997012066375326,18.564134142246324,0.43287792412900217,0.3244411457098674,0.9938149465476682,0.2566019158127422,0.6456414808632545
CPN1,P15169,Carboxypeptidase N catalytic chain OS=Homo sapiens OX=9606 GN=CPN1 PE=1 SV=1,27.822663123156946,27.92317413017742,-0.10051100702047222,0.29100326149963784,-1.0656382812934646,-0.2751466211020456,0.6204148012709282
KRT84,Q9NSB2,"Keratin, type II cuticular Hb4 OS=Homo sapiens OX=9606 GN=KRT84 PE=1 SV=2",18.47316280717595,18.89127760227016,-0.4181147950942119,0.18079058637207185,-1.354625062321087,-0.34976268711498365,0.5022817692000977
PON3,Q15166,Serum paraoxonase/lactonase 3 OS=Homo sapiens OX=9606 GN=PON3 PE=1 SV=3,22.14786332199085,21.95801637645129,0.1898469455395606,0.42688882512301285,0.8001505489261752,0.20659798336331994,0.7258466870908973
CFB,P00751,Complement factor B OS=Homo sapiens OX=9606 GN=CFB PE=1 SV=2,23.28372519869451,22.997376209746292,0.28634898894821603,0.20344496202683643,1.2863130208272453,0.3321245938449117,0.5217067806073415
AMBP,S4R3Y4,Alpha-1-microglobulin/bikunin precursor OS=Homo sapiens OX=9606 GN=AMBP PE=1 SV=1,29.795601120262344,29.78170352122957,0.013897599032773655,0.8872865199374484,0.14236320149557474,0.03675802056700879,0.9670152072277904
SYNCRIP,A0A7I2YQV8,Synaptotagmin binding cytoplasmic RNA interacting protein OS=Homo sapiens OX=9606 GN=SYNCRIP PE=1 SV=1,24.695011233199935,24.7718526416229,-0.07684140842296472,0.5772514589445178,-0.5605675851471816,-0.14473792811324954,0.8188385014932914
PCOLCE,Q15113,Procollagen C-endopeptidase enhancer 1 OS=Homo sapiens OX=9606 GN=PCOLCE PE=1 SV=2,27.63427141628095,27.563592540420668,0.07067887586028121,0.41735981274432665,0.816844660118516,0.21090838433849798,0.7157756203736626
Unknown,H0YJW9,Uncharacterized protein (Fragment) OS=Homo sapiens OX=9606 PE=1 SV=3,24.410116489885354,24.218882811107484,0.1912336787778699,0.4153831060075912,0.8203364062490857,0.21180994931269007,0.7157756203736626
H1-4,P10412,Histone H1.4 OS=Homo sapiens OX=9606 GN=H1-4 PE=1 SV=2,19.142171264046944,18.92555424046407,0.2166170235828737,0.6215029558207423,0.49637918932527153,0.12816455557738102,0.8480630135362184
WAS,A0A8V8TNH9,WASP actin nucleation promoting factor OS=Homo sapiens OX=9606 GN=WAS PE=1 SV=1,28.30097907479104,28.5554926270101,-0.25451355221905914,0.04840150064280068,-2.01635768897165,-0.5206213166256317,0.2743734410212351
CALD1,E9PGZ1,Caldesmon 1 OS=Homo sapiens OX=9606 GN=CALD1 PE=1 SV=1,28.19041385164384,28.15989954489347,0.030514306750369258,0.9569448875332106,0.05422167867419914,0.013999977233905544,0.988209689194911
PZP,P20742,Pregnancy zone protein OS=Homo sapiens OX=9606 GN=PZP PE=1 SV=4,27.658035241729937,27.710373032147192,-0.05233779041725484,0.5593743501751973,-0.5871611019725116,-0.15160434463202216,0.8121267221871533
CFD,P00746,Complement factor D OS=Homo sapiens OX=9606 GN=CFD PE=1 SV=5,27.06344999028906,27.192684080769265,-0.12923409048020318,0.35022785299033066,-0.941747847810118,-0.24315824872635095,0.6625037150844352
TUBB,P07437,Tubulin beta chain OS=Homo sapiens OX=9606 GN=TUBB PE=1 SV=2,27.423376433889846,27.61139327705384,-0.18801684316399303,0.06921229655246955,-1.8513512332214703,-0.47801683294982117,0.3290980199015059
BZW1,Q7L1Q6,eIF5-mimic protein 2 OS=Homo sapiens OX=9606 GN=BZW1 PE=1 SV=1,28.927104435381406,29.007513019055658,-0.0804085836742523,0.24292286603719673,-1.179732694872785,-0.3046056720145795,0.5723530864713453
MAPRE2,K7ERD8,Microtubule associated protein RP/EB family member 2 (Fragment) OS=Homo sapiens OX=9606 GN=MAPRE2 PE=1 SV=1,19.790115248918674,19.901849752242203,-0.11173450332352886,0.7531661881543132,-0.31596120536187144,-0.08158083242760998,0.9174977886462201
FCN1,O00602,Ficolin-1 OS=Homo sapiens OX=9606 GN=FCN1 PE=1 SV=2,28.90402464877133,28.861508748236666,0.04251590053466359,0.5834553357898389,0.5514327624140203,0.14237932702551012,0.8237286748591977
CDH1,P12830,Cadherin-1 OS=Homo sapiens OX=9606 GN=CDH1 PE=1 SV=3,28.390824298279167,28.389189394696288,0.0016349035828788772,0.9694163246912663,0.03850619812823428,0.009942257605094306,0.990284578482698
CDH1,H3BNC6,Cadherin 1 OS=Homo sapiens OX=9606 GN=CDH1 PE=1 SV=1,24.193832795066225,24.290298802981834,-0.096466007915609,0.38307873487631894,-0.8789065593698815,-0.22693269782080078,0.6887646190708053
KRAS,A0A8I5KQ21,"KRAS proto-oncogene, GTPase OS=Homo sapiens OX=9606 GN=KRAS PE=1 SV=1",24.858593387615468,24.612852095229766,0.24574129238570208,0.13629955935481372,1.5106791616768551,0.3900556823091362,0.44013002158316183
ROCK2,O75116,Rho-associated protein kinase 2 OS=Homo sapiens OX=9606 GN=ROCK2 PE=1 SV=4,28.177693826214945,28.345029107901514,-0.16733528168656875,0.01174301121074237,-2.6020397149218266,-0.6718437654708354,0.11828774775764647
CD9,A0A2R8Y478,CD9 molecule OS=Homo sapiens OX=9606 GN=CD9 PE=1 SV=1,26.611122431778234,26.09863230466597,0.5124901271122653,0.00715392813786313,2.7882988171459515,0.7199356588704073,0.08608720235697041
H2BC12,O60814,Histone H2B type 1-K OS=Homo sapiens OX=9606 GN=H2BC12 PE=1 SV=3,24.06603263407653,24.027877362376557,0.038155271699974236,0.7027373292506178,0.38351885760296534,0.09902414323018523,0.883874172576821
PGLYRP2,Q96PD5,N-acetylmuramoyl-L-alanine amidase OS=Homo sapiens OX=9606 GN=PGLYRP2 PE=1 SV=1,26.681332077809735,26.76239041448761,-0.08105833667787365,0.6467967930598489,-0.4606156918980884,-0.11893046024820685,0.8590419629305994
UBC,F5H2Z3,Ubiquitin C (Fragment) OS=Homo sapiens OX=9606 GN=UBC PE=1 SV=1,17.95515174453467,18.977400844565818,-1.0222491000311464,0.00020047457017666567,-3.970245535584642,-1.0251129893115778,0.00536493887054868
UBA52,P62987,Ubiquitin-ribosomal protein eL40 fusion protein OS=Homo sapiens OX=9606 GN=UBA52 PE=1 SV=2,28.24402127548411,27.41812946494479,0.8258918105393178,0.20950231349495874,1.2690220227029034,0.3276600773265864,0.5305616498537585
FLNB,O75369,Filamin-B OS=Homo sapiens OX=9606 GN=FLNB PE=1 SV=2,20.85719656359185,20.296380171042774,0.560816392549075,0.01636858977791862,2.472553299554966,0.6384105167857722,0.14601433568063724
HBG2,P69892,Hemoglobin subunit gamma-2 OS=Homo sapiens OX=9606 GN=HBG2 PE=1 SV=2,26.531940541904135,26.746042302640703,-0.21410176073656828,0.10403972154184798,-1.6515074488111947,-0.42641738969221704,0.3882380289343295
RAB14,P61106,Ras-related protein Rab-14 OS=Homo sapiens OX=9606 GN=RAB14 PE=1 SV=4,26.85495564149539,26.874692214807002,-0.019736573311611494,0.9159232134477672,-0.1060315313112282,-0.02737722366275047,0.9757874757646147
IGHV3OR16-9,A0A0B4J2B5,Immunoglobulin heavy variable 3/OR16-9 (non-functional) (Fragment) OS=Homo sapiens OX=9606 GN=IGHV3OR16-9 PE=1 SV=1,21.8302790116978,21.794543808335494,0.03573520336230729,0.7552390361004322,0.3132174741785953,0.08087240408232342,0.9174977886462201
DNM2,P50570,Dynamin-2 OS=Homo sapiens OX=9606 GN=DNM2 PE=1 SV=2,28.29801479633942,28.282460243347302,0.01555455299211772,0.867170034138592,0.16799705227040906,0.04337665237701542,0.9580011529331457
NEFH,P12036,Neurofilament heavy polypeptide OS=Homo sapiens OX=9606 GN=NEFH PE=1 SV=5,23.983561288843116,23.670076087909532,0.31348520093358445,0.06082742647968303,1.9119428504237328,0.49366152123943036,0.3057060837657895
EZR,P15311,Ezrin OS=Homo sapiens OX=9606 GN=EZR PE=1 SV=4,22.52640875921618,22.86975467158017,-0.3433459123639899,0.05399327876197474,-1.9668295105181635,-0.5078331959377422,0.28780892959064064
MNDA,P41218,Myeloid cell nuclear differentiation antigen OS=Homo sapiens OX=9606 GN=MNDA PE=1 SV=1,28.54322919311373,28.415282750789608,0.12794644232412367,0.20061431482710698,1.2945252184362663,0.33424497414994525,0.5213064731666708
RDX,P35241,Radixin OS=Homo sapiens OX=9606 GN=RDX PE=1 SV=1,24.07560612488095,24.083527362094053,-0.007921237213103893,0.9438376211464243,-0.07075314663843092,-0.01826838390816095,0.9850412425585209
RHOG,P84095,Rho-related GTP-binding protein RhoG OS=Homo sapiens OX=9606 GN=RHOG PE=1 SV=1,24.572498492643785,24.6089786323702,-0.03648013972641451,0.669918984292764,-0.4284383104233424,-0.11062229607645659,0.8697876396092037
IGF2,P01344,Insulin-like growth factor 2 OS=Homo sapiens OX=9606 GN=IGF2 PE=1 SV=1,22.405133099608516,22.378362050379472,0.026771049229044053,0.8500630290212845,0.1898840012810702,0.04902783831152085,0.9503762150443532
KRT31,Q15323,"Keratin, type I cuticular Ha1 OS=Homo sapiens OX=9606 GN=KRT31 PE=1 SV=3",26.90208355637353,26.66634012308019,0.23574343329334013,0.04641993186772508,2.035096217674503,0.5254595839322036,0.2705331909879804
ENO3,P13929,Beta-enolase OS=Homo sapiens OX=9606 GN=ENO3 PE=1 SV=5,23.98697104546262,24.07646909470767,-0.0894980492450479,0.2953142447871944,-1.0560724912503208,-0.27267674473335135,0.623673075269069
PRAM1,Q96QH2,PML-RARA-regulated adapter molecule 1 OS=Homo sapiens OX=9606 GN=PRAM1 PE=1 SV=3,28.11263374321588,28.196669033921943,-0.08403529070606197,0.2806609188083867,-1.0889936045566706,-0.2811769396382914,0.6104821045156079
KIF2A,A0A6Q8PFA6,Kinesin-like protein OS=Homo sapiens OX=9606 GN=KIF2A PE=1 SV=1,22.728882403596465,22.079775112084928,0.6491072915115375,0.1256393633085695,1.5539379409913838,0.4012250510999649,0.4218565138806463
HNRNPA3,P51991,Heterogeneous nuclear ribonucleoprotein A3 OS=Homo sapiens OX=9606 GN=HNRNPA3 PE=1 SV=2,28.602161776070822,28.700759543014257,-0.0985977669434348,0.2336221565959422,-1.203630226746491,-0.31077598821206776,0.5585127023686991
INF2,A0A6Q8PHS8,Inverted formin 2 (Fragment) OS=Homo sapiens OX=9606 GN=INF2 PE=1 SV=1,23.13521835273174,23.254422414942084,-0.11920406221034341,0.5749494698711928,-0.563969154758917,-0.14561620961039726,0.8181622218087687
KRT33B,Q14525,"Keratin, type I cuticular Ha3-II OS=Homo sapiens OX=9606 GN=KRT33B PE=1 SV=3",21.993516232085124,21.045019181900066,0.9484970501850576,0.02125729560637953,2.367650966057937,0.6113248507449528,0.1664381267346659
TMA7,Q9Y2S6,Translation machinery-associated protein 7 OS=Homo sapiens OX=9606 GN=TMA7 PE=1 SV=1,25.669294754113604,25.725364316292595,-0.056069562178990395,0.56729203958205,-0.5753322395803194,-0.1485501454953862,0.8156840009516406
KRT36,O76013,"Keratin, type I cuticular Ha6 OS=Homo sapiens OX=9606 GN=KRT36 PE=1 SV=1",30.53628383569296,30.460682350329478,0.07560148536348166,0.5210562774208849,0.6456438143770918,0.1667045160442873,0.7883999201819804
VCL,P18206,Vinculin OS=Homo sapiens OX=9606 GN=VCL PE=1 SV=4,28.63287601653946,28.805571937687567,-0.17269592114810806,0.09913303803953197,-1.6759407152491472,-0.4327260319593929,0.38166689609663146
MYL6,G3V1V0,Myosin light chain 6 OS=Homo sapiens OX=9606 GN=MYL6 PE=1 SV=1,20.559343656862044,20.42443195776021,0.13491169910183487,0.6529683106429687,0.45198125810117773,0.11670105902824916,0.8595977833941577
ITGA6,P23229,Integrin alpha-6 OS=Homo sapiens OX=9606 GN=ITGA6 PE=1 SV=5,28.061708922316015,28.05183999056163,0.009868931754386523,0.9258123451987244,0.09352054185822532,0.024146900076346692,0.9802150900651133
FAP,Q12884,Prolyl endopeptidase FAP OS=Homo sapiens OX=9606 GN=FAP PE=1 SV=5,27.728685925207735,27.80954867314669,-0.08086274793895498,0.39554890480418237,-0.8559481076841927,-0.2210048510852421,0.7008094726421927
SEPTIN11,Q9NVA2,Septin-11 OS=Homo sapiens OX=9606 GN=SEPTIN11 PE=1 SV=3,25.043608945773876,24.874806971413648,0.16880197436022826,0.33140012474797587,0.9795020000626812,0.25290632892130804,0.6485841714255235
LYZ,P61626,Lysozyme C OS=Homo sapiens OX=9606 GN=LYZ PE=1 SV=1,25.44307872120597,25.184657049852888,0.2584216713530836,0.0826608539071236,1.7659869454425219,0.45597586862123957,0.3512106897049114
LYZ,A0A0B4J259,Lysozyme C OS=Homo sapiens OX=9606 GN=LYZ PE=1 SV=1,23.05952886307494,23.118159696074816,-0.05863083299987437,0.6161927054746272,-0.5039682830157379,-0.13012405114244663,0.8454253855058794
IQGAP3,Q86VI3,Ras GTPase-activating-like protein IQGAP3 OS=Homo sapiens OX=9606 GN=IQGAP3 PE=1 SV=2,27.412888735327318,27.501516274351218,-0.08862753902389997,0.34564043502989317,-0.9508215999878146,-0.24550108146447308,0.6585901169060557
CHMP4B,Q9H444,Charged multivesicular body protein 4b OS=Homo sapiens OX=9606 GN=CHMP4B PE=1 SV=1,27.031658374002536,27.07840706938733,-0.04674869538479598,0.7380622361276655,-0.33602819198240097,-0.08676210609360185,0.9076444371583706
CCT4,P50991,T-complex protein 1 subunit delta OS=Homo sapiens OX=9606 GN=CCT4 PE=1 SV=4,28.141711875382576,28.10658661295564,0.03512526242693781,0.6920022845829762,0.39812157276263577,0.1027945480717062,0.8812216592736337
MPIG6B,A0A140T9L8,C6orf25 OS=Homo sapiens OX=9606 GN=MPIG6B PE=1 SV=1,24.589984193840092,24.45893567231605,0.13104852152404334,0.1802498509370668,1.356332989935385,0.35020367212876397,0.5022817692000977
HNRNPDL,O14979,Heterogeneous nuclear ribonucleoprotein D-like OS=Homo sapiens OX=9606 GN=HNRNPDL PE=1 SV=3,25.001935778314692,24.981835401297296,0.020100377017396198,0.8176074884145537,0.23167292356786368,0.05981769164970133,0.9422230840326674
CNN2,Q99439,Calponin-2 OS=Homo sapiens OX=9606 GN=CNN2 PE=1 SV=4,27.67699189236752,27.824534468808164,-0.1475425764406424,0.06982686565640514,-1.847158839297255,-0.47693436149320606,0.3290980199015059
ACTN1,A0A804HKE2,Alpha-actinin-1 OS=Homo sapiens OX=9606 GN=ACTN1 PE=1 SV=1,25.306757823385222,25.368219170559204,-0.06146134717398155,0.6743917481578517,-0.42226652525358643,-0.10902874799786758,0.8724274202359511
CHMP2A,O43633,Charged multivesicular body protein 2a OS=Homo sapiens OX=9606 GN=CHMP2A PE=1 SV=1,28.113597420717134,28.18795669836909,-0.07435927765195416,0.12431929652416683,-1.5594962995731507,-0.4026602131145937,0.41899341854855476
IGFBP2,P18065,Insulin-like growth factor-binding protein 2 OS=Homo sapiens OX=9606 GN=IGFBP2 PE=1 SV=2,29.10647973203264,29.192406792438415,-0.08592706040577625,0.3332635117790519,-0.9757034163070631,-0.25192553881299584,0.6485841714255235
UNC13D,Q70J99,Protein unc-13 homolog D OS=Homo sapiens OX=9606 GN=UNC13D PE=1 SV=1,27.56492553273,27.348100827023504,0.2168247057064967,0.11467174797241413,1.6016243759368924,0.41353763565889545,0.40601892597042527
IGHV3-74,A0A0B4J1X5,Immunoglobulin heavy variable 3-74 OS=Homo sapiens OX=9606 GN=IGHV3-74 PE=1 SV=1,24.12785652582373,24.168467102587197,-0.040610576763466355,0.5542054138294625,-0.5949283468857618,-0.15360983864501762,0.8105141166363998
IGKV3D-20,A0A0C4DH25,Immunoglobulin kappa variable 3D-20 OS=Homo sapiens OX=9606 GN=IGKV3D-20 PE=1 SV=1,25.573133969747303,25.717392167759403,-0.14425819801209983,0.22015954259691897,-1.2394805862038074,-0.32003251122098353,0.5419938086760523
CCT6A,P40227,T-complex protein 1 subunit zeta OS=Homo sapiens OX=9606 GN=CCT6A PE=1 SV=3,26.193562698692787,26.370011421359045,-0.1764487226662581,0.15069617110358624,-1.456321243359444,-0.3760205281506137,0.4567790040319908
HNRNPAB,D6RBZ0,Heterogeneous nuclear ribonucleoprotein A/B OS=Homo sapiens OX=9606 GN=HNRNPAB PE=1 SV=1,24.759663443405152,24.751409119985922,0.008254323419230047,0.9023363659816489,0.12324857504629998,0.03182264523987432,0.9717051676907487
CAND1,Q86VP6,Cullin-associated NEDD8-dissociated protein 1 OS=Homo sapiens OX=9606 GN=CAND1 PE=1 SV=2,28.324349559949713,28.433877573255824,-0.10952801330611095,0.22036446543493704,-1.2389229967301616,-0.3198885422379535,0.5419938086760523
LECT2,O14960,Leukocyte cell-derived chemotaxin-2 OS=Homo sapiens OX=9606 GN=LECT2 PE=1 SV=2,22.582565463390203,22.54261782340091,0.03994763998929329,0.722885604263569,0.35633109717633765,0.09200429367331815,0.8973050774589255
Unknown,A0A0U1RRH7,Histone H2A OS=Homo sapiens OX=9606 PE=3 SV=1,22.88468224720301,22.67740228845924,0.2072799587437686,0.2573936473409653,1.1438286819507755,0.2953352957406489,0.5879067639265615
DNM1,Q05193,Dynamin-1 OS=Homo sapiens OX=9606 GN=DNM1 PE=1 SV=2,24.303688300090748,24.287494387185927,0.016193912904821417,0.8973716947167645,0.12954873575867756,0.0334493397410389,0.9703889371037256
MYL9,P24844,Myosin regulatory light polypeptide 9 OS=Homo sapiens OX=9606 GN=MYL9 PE=1 SV=4,24.52472607679832,24.19095921652145,0.33376686027687086,0.05502043714315729,1.9582142154868685,0.5056087363258176,0.2895623117316279
SNX2,O60749,Sorting nexin-2 OS=Homo sapiens OX=9606 GN=SNX2 PE=1 SV=2,25.18012401443942,25.045163434408614,0.1349605800308069,0.3460716807873364,0.9499652753662667,0.24527997939792628,0.6587118085474462
GP1BA,P07359,Platelet glycoprotein Ib alpha chain OS=Homo sapiens OX=9606 GN=GP1BA PE=1 SV=2,24.400241300968318,24.426307393262075,-0.026066092293756782,0.7138069641718279,-0.368547375141708,-0.0951585230808195,0.8910628924784233
S100A7A,Q86SG5,Protein S100-A7A OS=Homo sapiens OX=9606 GN=S100A7A PE=1 SV=3,30.793840389197193,30.623610979029362,0.17022941016783122,0.11198060843017117,1.6138841391200667,0.41670309290135416,0.4038064324060568
CCT7,Q99832,T-complex protein 1 subunit eta OS=Homo sapiens OX=9606 GN=CCT7 PE=1 SV=2,27.882018009092306,27.944129840904868,-0.062111831812561746,0.6713702241901529,-0.42643400072992765,-0.11010478553890743,0.8710324254507555
IGHV3-30,P01768,Immunoglobulin heavy variable 3-30 OS=Homo sapiens OX=9606 GN=IGHV3-30 PE=1 SV=2,25.286016281795558,25.31181259472759,-0.02579631293203377,0.7571456967811019,-0.31069583025486575,-0.08022131842087876,0.9174977886462201
APEX1,P27695,DNA repair nuclease/redox regulator APEX1 OS=Homo sapiens OX=9606 GN=APEX1 PE=1 SV=2,23.912276744539138,24.01037028020622,-0.09809353566708268,0.50145994238818,-0.6764243545558793,-0.1746520173442681,0.7791314356169904
DENR,O43583,Density-regulated protein OS=Homo sapiens OX=9606 GN=DENR PE=1 SV=2,27.259689949128692,27.322286542377235,-0.06259659324854283,0.6184659940448457,-0.5007158605636322,-0.12928427927632413,0.8471424960446206
PGK1,P00558,Phosphoglycerate kinase 1 OS=Homo sapiens OX=9606 GN=PGK1 PE=1 SV=3,28.907126537881158,29.04176599378685,-0.13463945590569182,0.16151523520402075,-1.4180898372562842,-0.366149221541305,0.4724254758903902
HLA-A,Q5RJ27,MHC class I antigen OS=Homo sapiens OX=9606 GN=HLA-A PE=1 SV=2,21.941121609365016,22.253171577919957,-0.31204996855494116,0.18981629241076067,-1.326674472918259,-0.34254587596339464,0.512584342556968
KRT86,O43790,"Keratin, type II cuticular Hb6 OS=Homo sapiens OX=9606 GN=KRT86 PE=1 SV=1",19.427089630822927,18.020761627002937,1.40632800381999,0.00011340063340851563,4.141419679795963,1.0693099633003613,0.003333235011499484
HLA-A,A0A0G2JPD3,"Major histocompatibility complex, class I, A OS=Homo sapiens OX=9606 GN=HLA-A PE=1 SV=1",20.713292879334677,20.973082775797153,-0.2597898964624754,0.2815734007867407,-1.0869092133597102,-0.28063875214543743,0.6104821045156079
DEFA3,P59666,Neutrophil defensin 3 OS=Homo sapiens OX=9606 GN=DEFA3 PE=1 SV=1,28.224753813233757,28.230475814003036,-0.005722000769278424,0.9493876477598124,-0.06375107118511336,-0.016460455800188505,0.9876651109264801
RBMX,P38159,"RNA-binding motif protein, X chromosome OS=Homo sapiens OX=9606 GN=RBMX PE=1 SV=3",29.35647482691663,29.231695900782665,0.1247789261339669,0.09194360737874706,1.7135957018789445,0.4424485077006508,0.37046042253953587
GP9,P14770,Platelet glycoprotein IX OS=Homo sapiens OX=9606 GN=GP9 PE=1 SV=3,26.265759205980498,26.411235674648275,-0.14547646866777697,0.14203960546862301,-1.4884881207469378,-0.3843259801786977,0.4439948164535228
KRT85,P78386,"Keratin, type II cuticular Hb5 OS=Homo sapiens OX=9606 GN=KRT85 PE=1 SV=1",28.096962407954187,28.244689829058668,-0.14772742110448078,0.06643060895485679,-1.8707289325002179,-0.48302013338944827,0.32246886211822523
PDCD10,Q9BUL8,Programmed cell death protein 10 OS=Homo sapiens OX=9606 GN=PDCD10 PE=1 SV=1,23.801330526808677,23.701425217764363,0.09990530904431338,0.4272749957794587,0.7994787452905442,0.20642452441047193,0.7258466870908973
NAP1L1,P55209,Nucleosome assembly protein 1-like 1 OS=Homo sapiens OX=9606 GN=NAP1L1 PE=1 SV=1,27.65475962451095,27.742518690113304,-0.08775906560235214,0.1419933143115909,-1.4886642271615127,-0.38437145065941825,0.4439948164535228
SEPTIN7,Q16181,Septin-7 OS=Homo sapiens OX=9606 GN=SEPTIN7 PE=1 SV=2,22.971285578493834,23.060473439482568,-0.08918786098873355,0.5555665536926593,-0.5928794892013639,-0.1530808258656562,0.8113126404488618
HLA-C,P10321,"HLA class I histocompatibility antigen, C alpha chain OS=Homo sapiens OX=9606 GN=HLA-C PE=1 SV=3",22.986391319231117,22.92790968555183,0.05848163367928905,0.7481635273578839,0.3225929988285543,0.08329315413773998,0.9137991856625926
HLA-A,A0A140T9I0,"Major histocompatibility complex, class I, A (Fragment) OS=Homo sapiens OX=9606 GN=HLA-A PE=1 SV=1",26.630777726899453,26.827995221997117,-0.1972174950976644,0.3054191638211016,-1.0340198613836227,-0.2669827801857648,0.6304202854667855
PLTP,P55058,Phospholipid transfer protein OS=Homo sapiens OX=9606 GN=PLTP PE=1 SV=1,22.99442167938373,22.76534183857078,0.2290798408129504,0.539081843398651,0.6178666507722281,0.15953248324118627,0.804807448138036
IGKV1-5,P01602,Immunoglobulin kappa variable 1-5 OS=Homo sapiens OX=9606 GN=IGKV1-5 PE=1 SV=2,25.462745094986374,25.357365454810612,0.10537964017576229,0.2719522612373641,1.1091291357271675,0.28637591143098307,0.6022171405383543
HNRNPR,O43390,Heterogeneous nuclear ribonucleoprotein R OS=Homo sapiens OX=9606 GN=HNRNPR PE=1 SV=1,23.383986827292173,23.312452696917514,0.07153413037465839,0.7694075746978823,0.2945260196695439,0.07604629128032678,0.9271154445116284
CRTAC1,Q9NQ79,Cartilage acidic protein 1 OS=Homo sapiens OX=9606 GN=CRTAC1 PE=1 SV=2,24.213434966784853,23.782755143862143,0.4306798229227091,0.04813582796581697,2.0188311547858673,0.5212599627526902,0.2739921890244756
IGHV3-48,P01763,Immunoglobulin heavy variable 3-48 OS=Homo sapiens OX=9606 GN=IGHV3-48 PE=1 SV=2,25.184390304688357,25.366854761834848,-0.18246445714649084,0.171210081668012,-1.3854825101597548,-0.35773004588735857,0.48548812272255626
HLA-A,P04439,"HLA class I histocompatibility antigen, A alpha chain OS=Homo sapiens OX=9606 GN=HLA-A PE=1 SV=2",23.69596733456602,23.448374603138625,0.24759273142739602,0.019254352485725604,2.4077073220277714,0.6216673573836812,0.15692297275866368
KIAA0513,O60268,Uncharacterized protein KIAA0513 OS=Homo sapiens OX=9606 GN=KIAA0513 PE=1 SV=1,26.96563698726122,26.95939300546304,0.0062439817981818635,0.9589711412569635,0.05166753735716821,0.013340500781590806,0.988209689194911
STK10,O94804,Serine/threonine-protein kinase 10 OS=Homo sapiens OX=9606 GN=STK10 PE=1 SV=1,26.113039141781663,26.165225226433463,-0.05218608465180097,0.600279083083382,-0.5268905417527743,-0.13604255289884654,0.8336951169391975
CAPZB,B1AK88,F-actin-capping protein subunit beta OS=Homo sapiens OX=9606 GN=CAPZB PE=1 SV=1,28.718841111674404,27.91165280826106,0.8071883034133442,0.15803450965840482,1.4301663728504874,0.36926736962372037,0.4678087669193861
FBLN1,P23142,Fibulin-1 OS=Homo sapiens OX=9606 GN=FBLN1 PE=1 SV=4,29.747150387024483,29.67243389741579,0.07471648960869359,0.4590074120611495,0.7454545275249018,0.19247553136392423,0.7454696196057076
ST13,P50502,Hsc70-interacting protein OS=Homo sapiens OX=9606 GN=ST13 PE=1 SV=2,26.142274767417025,26.375907271777177,-0.23363250436015193,0.16132219725179325,-1.4187542773316908,-0.3663207792310785,0.4724254758903902
FBLN1,B1AHL2,Fibulin-1 OS=Homo sapiens OX=9606 GN=FBLN1 PE=1 SV=1,19.0612238060211,18.697366576742404,0.3638572292786968,0.30694752326408464,1.0307279717878783,0.26613281794697347,0.6304202854667855
AZU1,P20160,Azurocidin OS=Homo sapiens OX=9606 GN=AZU1 PE=1 SV=3,24.66595565078669,24.868014810075817,-0.20205915928912788,0.10175938499137117,-1.6627427883377366,-0.42931834188390255,0.38492526854330916
HLA-C,Q5QT33,HLA class I antigen OS=Homo sapiens OX=9606 GN=HLA-C PE=1 SV=1,25.869140221076734,25.81184623681032,0.05729398426641197,0.5910390094621101,0.540329081997287,0.1395123690698023,0.8301868993701399
MYH7,P12883,Myosin-7 OS=Homo sapiens OX=9606 GN=MYH7 PE=1 SV=5,28.387104676789097,28.1538068736797,0.23329780310939796,0.058786417004761025,1.9277592945572795,0.4977453095544601,0.3025699670668691
TPM3,A0A087WWU8,Tropomyosin 3 OS=Homo sapiens OX=9606 GN=TPM3 PE=1 SV=1,23.86791118251156,23.58221240627157,0.2856987762399896,0.00415915713585496,2.9839423407451693,0.7704505994499479,0.05832075381600889
HLA-H,P01893,"Putative HLA class I histocompatibility antigen, alpha chain H OS=Homo sapiens OX=9606 GN=HLA-H PE=5 SV=3",21.58415421635392,21.924108352365746,-0.33995413601182634,0.1695036124140791,-1.3911169295505426,-0.3591848467184298,0.4834049518261601
MYH10,P35580,Myosin-10 OS=Homo sapiens OX=9606 GN=MYH10 PE=1 SV=3,24.512173564024003,24.517543164347874,-0.005369600323870571,0.9607834081579679,-0.049383422477177544,-0.012750744855522243,0.988209689194911
PRKCA,P17252,Protein kinase C alpha type OS=Homo sapiens OX=9606 GN=PRKCA PE=1 SV=4,22.06758888166219,22.227581714331333,-0.15999283266914333,0.32420398604128897,-0.9943063171159559,-0.2567287871479285,0.6456414808632545
TPM2,P07951,Tropomyosin beta chain OS=Homo sapiens OX=9606 GN=TPM2 PE=1 SV=1,26.63775098582009,26.542347692510777,0.09540329330931385,0.37673851122587476,0.890759392967579,0.22999308629608411,0.686362037006699
FKBP3,Q00688,Peptidyl-prolyl cis-trans isomerase FKBP3 OS=Homo sapiens OX=9606 GN=FKBP3 PE=1 SV=1,23.387687420609033,23.305649298393494,0.08203812221553974,0.5048413950699915,0.6710674370774037,0.17326886719885856,0.7809906212920373
PCSK9,A0AA34QVH0,Proprotein convertase subtilisin/kexin type 9 OS=Homo sapiens OX=9606 GN=PCSK9 PE=1 SV=1,22.885355858769945,24.679809699288402,-1.7944538405184574,6.067258587468047e-07,-5.603995617575175,-1.4469454466058669,3.6261982157767364e-05
TPM3,J3KN67,Tropomyosin 3 OS=Homo sapiens OX=9606 GN=TPM3 PE=1 SV=1,21.033646511677624,21.09651076971364,-0.06286425803601503,0.6090029128910639,-0.5142906629832718,-0.13278927818961217,0.8418983984685254
SERPINB3,P29508,Serpin B3 OS=Homo sapiens OX=9606 GN=SERPINB3 PE=1 SV=2,27.882379331961445,27.954689592846698,-0.07231026088525283,0.4026380994032833,-0.8430964150285417,-0.21768655831018127,0.706389542299498
CYFIP1,Q7L576,Cytoplasmic FMR1-interacting protein 1 OS=Homo sapiens OX=9606 GN=CYFIP1 PE=1 SV=1,27.711363447248264,27.776615222211376,-0.0652517749631123,0.4976911265628209,-0.682418119555414,-0.17619960081255334,0.7766407223038624
TPM3,P06753,Tropomyosin alpha-3 chain OS=Homo sapiens OX=9606 GN=TPM3 PE=1 SV=2,17.200186711731924,17.35265073073856,-0.15246401900663642,0.6546738636973983,-0.44960109590697434,-0.11608650379228769,0.8599488920215642
PRKCD,Q05655,Protein kinase C delta type OS=Homo sapiens OX=9606 GN=PRKCD PE=1 SV=2,24.34149752094022,24.115768280694695,0.2257292402455242,0.023744868299585813,2.3223544497603417,0.5996293405274994,0.1819425165006725
XPO1,O14980,Exportin-1 OS=Homo sapiens OX=9606 GN=XPO1 PE=1 SV=1,25.895578101282037,25.8953741768331,0.00020392444893602146,0.9973434873091402,0.0033438325655007883,0.0008633738559127049,0.9980277860036975
HSPA8,P11142,Heat shock cognate 71 kDa protein OS=Homo sapiens OX=9606 GN=HSPA8 PE=1 SV=1,25.086854496712977,25.156617154533098,-0.06976265782012092,0.5265378702811261,-0.6371443766822575,-0.1645099706680059,0.7935345997416932
HLA-B,P01889,"HLA class I histocompatibility antigen, B alpha chain OS=Homo sapiens OX=9606 GN=HLA-B PE=1 SV=3",26.116215059593312,25.82763008022943,0.2885849793638826,0.5617600497649249,0.5835882392153061,0.15068183543489272,0.8128241450607155
HLA-B,A0A1W2PP29,"Major histocompatibility complex, class I, B OS=Homo sapiens OX=9606 GN=HLA-B PE=1 SV=2",19.18818938466418,19.60384666361875,-0.41565727895456916,0.3627477116027611,-0.9173701786566675,-0.23686396161630638,0.6726025304071879
XPO7,E7ESC6,Exportin 7 OS=Homo sapiens OX=9606 GN=XPO7 PE=1 SV=1,24.92480938574876,25.089217729620014,-0.16440834387125491,0.1338987484493396,-1.5201804992650259,-0.39250891712551483,0.43810302184245603
LCN1P1,Q5VSP4,Putative lipocalin 1-like protein 1 OS=Homo sapiens OX=9606 GN=LCN1P1 PE=5 SV=1,20.53096233465282,20.65066664539443,-0.1197043107416107,0.5614610731644429,-0.5840355778323455,-0.15079733776915333,0.8128241450607155
FUBP1,Q96AE4,Far upstream element-binding protein 1 OS=Homo sapiens OX=9606 GN=FUBP1 PE=1 SV=3,27.692643188988068,28.292320498737613,-0.5996773097495449,6.73195231022923e-09,-6.784770957447583,-1.7518203284017495,6.035195246120505e-07
ILF3,Q12906,Interleukin enhancer-binding factor 3 OS=Homo sapiens OX=9606 GN=ILF3 PE=1 SV=3,27.424360033433135,27.536913801274213,-0.11255376784107796,0.10972265455232062,-1.6243557949498661,-0.41940686281042283,0.39918796287713504
PRNP,P04156,Major prion protein OS=Homo sapiens OX=9606 GN=PRNP PE=1 SV=1,20.66035661959159,20.566982699514746,0.09337392007684286,0.6505622875345971,0.4553433748608515,0.11756915384279727,0.8595977833941577
ARL8A,Q96BM9,ADP-ribosylation factor-like protein 8A OS=Homo sapiens OX=9606 GN=ARL8A PE=1 SV=1,23.964254183482616,24.00494975821652,-0.04069557473390262,0.6462176246252994,-0.46142777284806535,-0.11914013864787575,0.8590419629305994
MPP1,Q00013,55 kDa erythrocyte membrane protein OS=Homo sapiens OX=9606 GN=MPP1 PE=1 SV=2,26.55760361044013,26.354275800388255,0.20332781005187428,0.490464802222521,0.6939804062274827,0.1791849703942199,0.7720837492405445
RHOF,Q9HBH0,Rho-related GTP-binding protein RhoF OS=Homo sapiens OX=9606 GN=RHOF PE=1 SV=1,25.42796095620852,22.886154485017034,2.541806471191485,2.4084929933824017e-19,13.355980179508572,3.4484992538342034,8.636855874269293e-17
ERAP2,Q6P179,Endoplasmic reticulum aminopeptidase 2 OS=Homo sapiens OX=9606 GN=ERAP2 PE=1 SV=2,27.804437170864166,27.707123908334747,0.09731326252941841,0.37264852635674406,0.8984725573622565,0.2319846167792272,0.6831889649873641
KIF5B,P33176,Kinesin-1 heavy chain OS=Homo sapiens OX=9606 GN=KIF5B PE=1 SV=1,24.755744803378224,24.706795691485173,0.04894911189305162,0.7757209574321114,0.2862311983665432,0.07390457762924091,0.9289871273750642
HSP90AB1,P08238,Heat shock protein HSP 90-beta OS=Homo sapiens OX=9606 GN=HSP90AB1 PE=1 SV=4,26.20616569440675,26.29180797252388,-0.0856422781171311,0.2582939160431807,-1.14164316389846,-0.2947709974060187,0.5880337236454811
IGHV3-15,A0A0B4J1V0,Immunoglobulin heavy variable 3-15 OS=Homo sapiens OX=9606 GN=IGHV3-15 PE=1 SV=1,22.344509668485408,22.318768390309728,0.025741278175679838,0.8429902402458495,0.19895950782296598,0.05137112402453143,0.9494230532417136
CSE1L,P55060,Exportin-2 OS=Homo sapiens OX=9606 GN=CSE1L PE=1 SV=3,27.257697524987634,27.110896918043444,0.14680060694418984,0.02545573871054512,2.2935945633133437,0.5922035697776303,0.19163430721244018
HNRNPA1,P09651,Heterogeneous nuclear ribonucleoprotein A1 OS=Homo sapiens OX=9606 GN=HNRNPA1 PE=1 SV=5,27.111061206806927,27.217446231671662,-0.10638502486473556,0.267334806523567,-1.1199893135573855,-0.289179997289202,0.5981111445794554
HLA-B,A0A140T9D4,"Major histocompatibility complex, class I, B (Fragment) OS=Homo sapiens OX=9606 GN=HLA-B PE=1 SV=1",24.631322579300623,24.425559120102328,0.20576345919829464,0.082545433737252,1.7666684649041973,0.4561518361895852,0.3512106897049114
HGFAC,Q04756,Hepatocyte growth factor activator OS=Homo sapiens OX=9606 GN=HGFAC PE=1 SV=1,23.894249764879554,24.0109771222188,-0.1167273573392471,0.2941243394124036,-1.0587031558801465,-0.2733559794200695,0.623673075269069
CHMP6,I3L4G8,Charged multivesicular body protein 6 (Fragment) OS=Homo sapiens OX=9606 GN=CHMP6 PE=1 SV=1,26.591362983217895,26.227099723555494,0.36426325966240114,0.006551553830166669,2.820572809792292,0.7282687679394005,0.08220022133138746
FHOD1,Q9Y613,FH1/FH2 domain-containing protein 1 OS=Homo sapiens OX=9606 GN=FHOD1 PE=1 SV=3,27.44465530354215,27.40198265362898,0.042672649913168215,0.5288895628468546,0.6335122195293043,0.16357215172372616,0.7955528407587334
SERPINB4,P48594,Serpin B4 OS=Homo sapiens OX=9606 GN=SERPINB4 PE=1 SV=2,24.685911385845397,24.33795374457278,0.3479576412726182,0.007260188627939037,2.782866998860004,0.7185331694196674,0.08678345473263128
CPN2,P22792,Carboxypeptidase N subunit 2 OS=Homo sapiens OX=9606 GN=CPN2 PE=1 SV=3,23.894612045837903,23.554447363341648,0.34016468249625476,0.012896522570522035,2.565913537770324,0.6625160266395079,0.12635773207074322
Unknown,K7ERQ8,PCAF N-terminal domain-containing protein (Fragment) OS=Homo sapiens OX=9606 PE=3 SV=1,24.197634418041808,24.24571895906534,-0.0480845410235311,0.4038023092200015,-0.8409992377575101,-0.21714506946719786,0.7070483793276002
LGALS7; LGALS7B,P47929,Galectin-7 OS=Homo sapiens OX=9606 GN=LGALS7 PE=1 SV=2,29.206487312914444,29.272693242552798,-0.06620592963835392,0.5057055835583131,-0.6697015036169346,-0.17291618469589692,0.7809906212920373
EIF5A,P63241,Eukaryotic translation initiation factor 5A-1 OS=Homo sapiens OX=9606 GN=EIF5A PE=1 SV=2,23.721671117149103,23.768194386680232,-0.04652326953112862,0.7689976598518452,-0.2950652912343662,-0.0761855305996361,0.9271154445116284
PRKCQ,Q04759,Protein kinase C theta type OS=Homo sapiens OX=9606 GN=PRKCQ PE=1 SV=3,20.612687073822872,21.070045984372737,-0.4573589105498641,0.12796221875683253,-1.5442694962690349,-0.39872866940707263,0.4272556019199269
CYFIP2,Q96F07,Cytoplasmic FMR1-interacting protein 2 OS=Homo sapiens OX=9606 GN=CYFIP2 PE=1 SV=2,17.36268146278243,16.841299839622643,0.5213816231597868,0.2730216280847175,1.1066325218736117,0.2857312885058676,0.6022171405383543
EIF5A2,F8WCJ1,Eukaryotic translation initiation factor 5A OS=Homo sapiens OX=9606 GN=EIF5A2 PE=1 SV=1,21.53161798338037,21.411991639182997,0.11962634419737483,0.708501933039142,0.3757116655150388,0.09700833490103979,0.8871117080580877
IGKV2-29,A2NJV5,Immunoglobulin kappa variable 2-29 OS=Homo sapiens OX=9606 GN=IGKV2-29 PE=1 SV=2,27.95742982718376,28.044802409108904,-0.08737258192514474,0.25435576682495403,-1.151243960089884,-0.2972499123233332,0.5846921665604392
MMP14,P50281,Matrix metalloproteinase-14 OS=Homo sapiens OX=9606 GN=MMP14 PE=1 SV=3,22.37162166920533,22.316525827811386,0.055095841393942635,0.6206887066918674,0.4975409766876757,0.12846452778447606,0.8480630135362184
MAN1A1,P33908,"Mannosyl-oligosaccharide 1,2-alpha-mannosidase IA OS=Homo sapiens OX=9606 GN=MAN1A1 PE=1 SV=3",27.80596664069296,27.96813905172099,-0.1621724110280276,0.28079475843951707,-1.0886875783112386,-0.28109792400148736,0.6104821045156079
HSPA1B,P0DMV9,Heat shock 70 kDa protein 1B OS=Homo sapiens OX=9606 GN=HSPA1B PE=1 SV=1,24.16572131268438,24.126373442958496,0.039347869725883555,0.7970692689891465,0.2583267122255877,0.06669967028868114,0.932137038282842
RGS18,Q9NS28,Regulator of G-protein signaling 18 OS=Homo sapiens OX=9606 GN=RGS18 PE=1 SV=1,25.299883711576115,25.40839943039494,-0.10851571881882549,0.36642707532426466,-0.9103093423197145,-0.23504086151341874,0.6766258970714795
MASP1,F8W876,MBL associated serine protease 1 OS=Homo sapiens OX=9606 GN=MASP1 PE=1 SV=1,21.265708231272217,21.426980200925513,-0.1612719696532956,0.2443684898521805,-1.176077954385753,-0.30366202207851384,0.5737266822173722
GNAS,A0A7I2V5R6,Guanine nucleotide-binding protein G(s) subunit alpha OS=Homo sapiens OX=9606 GN=GNAS PE=1 SV=2,21.29738724938485,21.03222556037905,0.26516168900580084,0.19041683634710016,1.32485075133549,0.34207499307551575,0.5126387200756014
GNA13,Q14344,Guanine nucleotide-binding protein subunit alpha-13 OS=Homo sapiens OX=9606 GN=GNA13 PE=1 SV=2,17.25810801576027,16.667081097553496,0.5910269182067758,0.08983009740362284,1.7251258172407307,0.44542557068572064,0.36357870122956154
TFRC,P02786,Transferrin receptor protein 1 OS=Homo sapiens OX=9606 GN=TFRC PE=1 SV=2,29.791874875260078,29.652399801510782,0.13947507374929557,0.05393870289616461,1.9672911793497674,0.5079523983174933,0.28780892959064064
DNM1L,O00429,Dynamin-1-like protein OS=Homo sapiens OX=9606 GN=DNM1L PE=1 SV=2,26.031513026096754,25.800899087801326,0.2306139382954271,0.11541160247988351,1.598294656313648,0.4126779057490043,0.40654813997334205
IGFBP4,P22692,Insulin-like growth factor-binding protein 4 OS=Homo sapiens OX=9606 GN=IGFBP4 PE=1 SV=2,23.965702081511424,23.958544146660646,0.0071579348507775364,0.9595576111793107,0.05092834270572591,0.013149641543281361,0.988209689194911
ASAP2,O43150,"Arf-GAP with SH3 domain, ANK repeat and PH domain-containing protein 2 OS=Homo sapiens OX=9606 GN=ASAP2 PE=1 SV=3",28.156363254029813,28.331145577408385,-0.17478232337857236,0.03425294892549591,-2.168275409847455,-0.5598463034886837,0.23366849882172294
ANXA2P2,A6NMY6,Putative annexin A2-like protein OS=Homo sapiens OX=9606 GN=ANXA2P2 PE=5 SV=2,25.972626319010423,25.814718946982758,0.15790737202766536,0.0984423671236916,1.6794589485932883,0.43363443590272155,0.38166689609663146
ANXA2,P07355,Annexin A2 OS=Homo sapiens OX=9606 GN=ANXA2 PE=1 SV=2,27.59785800327784,27.69731701326904,-0.09945900999120028,0.18855276433463847,-1.3305258244945526,-0.34354029066441966,0.512584342556968
SHBG,P04278,Sex hormone-binding globulin OS=Homo sapiens OX=9606 GN=SHBG PE=1 SV=2,23.685134502183903,23.61036627882892,0.07476822335498312,0.312307693007156,1.0192700303104716,0.263174390178719,0.6338158117026391
BPI,P17213,Bactericidal permeability-increasing protein OS=Homo sapiens OX=9606 GN=BPI PE=1 SV=4,27.392512248362586,27.429056259637232,-0.03654401127464624,0.5996147951757038,-0.5278534299302444,-0.13629116955722004,0.8336951169391975
ROCK1,Q13464,Rho-associated protein kinase 1 OS=Homo sapiens OX=9606 GN=ROCK1 PE=1 SV=1,27.58523401551876,27.618940625382205,-0.03370660986344376,0.6401565923635448,-0.4699449049612259,-0.12133925270332367,0.858068919534158
IGHV3-49,A0A0A0MS15,Immunoglobulin heavy variable 3-49 OS=Homo sapiens OX=9606 GN=IGHV3-49 PE=1 SV=1,21.001964549647596,21.012386771255184,-0.010422221607587545,0.9692428820737746,-0.03872468080238185,-0.009998669588988202,0.990284578482698
EWSR1,Q01844,RNA-binding protein EWS OS=Homo sapiens OX=9606 GN=EWSR1 PE=1 SV=1,22.060967541073413,21.535760691728573,0.5252068493448405,0.009916437518090526,2.66646208572759,0.6884775500877633,0.10391139547157124
LDLRAP1,Q5SW96,Low density lipoprotein receptor adapter protein 1 OS=Homo sapiens OX=9606 GN=LDLRAP1 PE=1 SV=3,22.858895299797897,22.85544287653754,0.0034524232603558858,0.9706972364863298,0.03689271282125828,0.009525657490209744,0.9905863090608932
SAA2,P0DJI9,Serum amyloid A-2 protein OS=Homo sapiens OX=9606 GN=SAA2 PE=1 SV=1,29.380367638682433,29.477660957794065,-0.09729331911163186,0.33817720581012034,-0.965753579233977,-0.24935650192755984,0.6488976072209077
ALYREF,E9PB61,Aly/REF export factor OS=Homo sapiens OX=9606 GN=ALYREF PE=1 SV=1,28.425514097268582,28.445611454913326,-0.020097357644743852,0.7969116912732035,-0.2585319089823451,-0.06675265186345562,0.932137038282842
CNDP1,Q96KN2,Beta-Ala-His dipeptidase OS=Homo sapiens OX=9606 GN=CNDP1 PE=1 SV=5,22.6950832104374,22.951400396993343,-0.25631718655594327,0.10025965330647195,-1.6702446382778848,-0.43125531120949867,0.3832954336428661
ENO2,P09104,Gamma-enolase OS=Homo sapiens OX=9606 GN=ENO2 PE=1 SV=3,21.679107218009268,21.777954167933377,-0.09884694992410914,0.6559875037751749,-0.4477696220136882,-0.11561361926644027,0.8610436268439887
PPP1R14A,Q96A00,Protein phosphatase 1 regulatory subunit 14A OS=Homo sapiens OX=9606 GN=PPP1R14A PE=1 SV=1,23.403810526815075,23.250921944342778,0.15288858247229697,0.08017374295588488,1.7808512334756945,0.4598138112882867,0.34472786839304936
PIN4,Q9Y237,Peptidyl-prolyl cis-trans isomerase NIMA-interacting 4 OS=Homo sapiens OX=9606 GN=PIN4 PE=1 SV=1,27.356860569440283,27.46392725389301,-0.10706668445272882,0.4355152682868416,-0.785228893345693,-0.20274522845924992,0.7303779685570437
CNDP2,Q96KP4,Cytosolic non-specific dipeptidase OS=Homo sapiens OX=9606 GN=CNDP2 PE=1 SV=2,24.86245105869919,24.7211626657347,0.14128839296449058,0.25495090542914356,1.149786308720991,0.29687354835824653,0.5853098251401465
SLC2A1,P11166,"Solute carrier family 2, facilitated glucose transporter member 1 OS=Homo sapiens OX=9606 GN=SLC2A1 PE=1 SV=2",27.183365829128515,27.244230493581902,-0.06086466445338701,0.36965741619045167,-0.9041475114525073,-0.23344988362469604,0.6804884468475153
SYK,P43405,Tyrosine-protein kinase SYK OS=Homo sapiens OX=9606 GN=SYK PE=1 SV=1,25.190061035111544,25.191846302128802,-0.0017852670172580076,0.9872536160344059,-0.016044927409966134,-0.004142782443327049,0.9950228968800954
HNRNPCL3,B7ZW38,Heterogeneous nuclear ribonucleoprotein C-like 3 OS=Homo sapiens OX=9606 GN=HNRNPCL3 PE=2 SV=1,23.341350594907308,23.34185871604545,-0.0005081211381430251,0.9960981789776278,-0.004911350458737041,-0.0012681052356051145,0.9980277860036975
HSP90AA1,P07900,Heat shock protein HSP 90-alpha OS=Homo sapiens OX=9606 GN=HSP90AA1 PE=1 SV=5,21.548923795567703,21.68711164071972,-0.13818784515201799,0.38856374423258877,-0.8687516412731551,-0.22431070924275265,0.6918518305948677
CAPZA2,P47755,F-actin-capping protein subunit alpha-2 OS=Homo sapiens OX=9606 GN=CAPZA2 PE=1 SV=3,18.18554743937082,17.925574336787783,0.25997310258303585,0.33012160983112826,0.9821165022745633,0.2535813904896575,0.6485841714255235
EPRS1,P07814,Bifunctional glutamate/proline--tRNA ligase OS=Homo sapiens OX=9606 GN=EPRS1 PE=1 SV=5,25.17932140446247,24.929427093233276,0.2498943112291947,0.034689931717298665,2.1628236500356346,0.5584386651581034,0.23366849882172294
NAMPT,P43490,Nicotinamide phosphoribosyltransferase OS=Homo sapiens OX=9606 GN=NAMPT PE=1 SV=1,27.691506949059008,27.812421631456107,-0.12091468239709968,0.20225735696040423,-1.2897479978837587,-0.33301150110721034,0.5217067806073415
AIMP1,Q12904,Aminoacyl tRNA synthase complex-interacting multifunctional protein 1 OS=Homo sapiens OX=9606 GN=AIMP1 PE=1 SV=2,24.861659697869054,24.8126559012332,0.04900379663585497,0.7904605141476022,0.26694220331437685,0.06892418052243306,0.930594682775214
EIF2S1,P05198,Eukaryotic translation initiation factor 2 subunit 1 OS=Homo sapiens OX=9606 GN=EIF2S1 PE=1 SV=3,28.165721558795887,28.270077225981108,-0.10435566718522082,0.049733319420890765,-2.004131670594255,-0.5174645722545599,0.2785122811242013
BTK,A0A8Q3WL62,Tyrosine-protein kinase OS=Homo sapiens OX=9606 GN=BTK PE=1 SV=1,19.08251265669676,18.99022352390909,0.09228913278766981,0.6736277798324489,0.42331953312862236,0.10930063346209687,0.8720683099202751
YWHAZ,P63104,14-3-3 protein zeta/delta OS=Homo sapiens OX=9606 GN=YWHAZ PE=1 SV=1,25.968606535272386,25.67720886518604,0.2913976700863472,0.33101423086684323,0.9802904281967145,0.2531099001901609,0.6485841714255235
EIF4H,Q15056,Eukaryotic translation initiation factor 4H OS=Homo sapiens OX=9606 GN=EIF4H PE=1 SV=5,22.20272978524719,22.064028974743614,0.1387008105035754,0.37847584219709385,0.887499069455525,0.2291512743850552,0.686362037006699
SERPINB1,P30740,Leukocyte elastase inhibitor OS=Homo sapiens OX=9606 GN=SERPINB1 PE=1 SV=1,24.374171601188834,24.35165257751075,0.02251902367808256,0.8860810319569821,0.14389647327421606,0.03715390963793464,0.9670152072277904
SH3GLB1,A0A087WW40,Endophilin-B1 OS=Homo sapiens OX=9606 GN=SH3GLB1 PE=1 SV=1,25.86504426393707,25.921022734731785,-0.05597847079471663,0.6209696262046862,-0.49714007818044176,-0.12836101623500695,0.8480630135362184
PADI4,Q9UM07,Protein-arginine deiminase type-4 OS=Homo sapiens OX=9606 GN=PADI4 PE=1 SV=2,24.122616092889192,23.461029862435616,0.661586230453576,0.0041959716911685145,2.980824436306565,0.7696455599855625,0.05832075381600889
NMT1,P30419,Glycylpeptide N-tetradecanoyltransferase 1 OS=Homo sapiens OX=9606 GN=NMT1 PE=1 SV=2,21.526047006068605,20.8787679403058,0.647279065762806,0.00017506288079485618,4.01127451781703,1.0357066269714366,0.0048290422348488795
IGKV2-30,P06310,Immunoglobulin kappa variable 2-30 OS=Homo sapiens OX=9606 GN=IGKV2-30 PE=1 SV=2,20.501800492164595,19.485409165577426,1.0163913265871685,0.0002821211211882565,3.8659129128713996,0.9981744219626092,0.0072263310041506285
CD151,P48509,CD151 antigen OS=Homo sapiens OX=9606 GN=CD151 PE=1 SV=3,23.81120437764639,23.702427497373694,0.10877688027269627,0.33325922309871314,0.9757121427637545,0.251927791974425,0.6485841714255235
IGHV4-4,A0A075B6R2,Immunoglobulin heavy variable 4-4 OS=Homo sapiens OX=9606 GN=IGHV4-4 PE=1 SV=2,22.747676541371675,22.744809793634325,0.0028667477373502948,0.9858291284773439,0.01783823143545731,0.004605811551687985,0.994577087096213
H4C1; H4C11; H4C12; H4C13; H4C14; H4C15; H4C16; H4C2; H4C3; H4C4; H4C5; H4C6; H4C8; H4C9,P62805,Histone H4 OS=Homo sapiens OX=9606 GN=H4C1 PE=1 SV=2,27.209134817697905,27.331171996820913,-0.1220371791230086,0.3836831176643044,-0.877783156040223,-0.2266426363283447,0.6887646190708053
HSPA1L,P34931,Heat shock 70 kDa protein 1-like OS=Homo sapiens OX=9606 GN=HSPA1L PE=1 SV=2,27.64262678844398,27.769782342043104,-0.127155553599124,0.2276625073876134,-1.2193088962259793,-0.31482420326438443,0.5493928341130428
EEF1B2,P24534,Elongation factor 1-beta OS=Homo sapiens OX=9606 GN=EEF1B2 PE=1 SV=3,28.662629895471863,28.37087469278349,0.2917552026883712,0.07332252151124664,1.8238865357426737,0.47092547855355427,0.3321886358387582
ILF2,Q12905,Interleukin enhancer-binding factor 2 OS=Homo sapiens OX=9606 GN=ILF2 PE=1 SV=2,25.00267868383105,24.879649947248595,0.12302873658245517,0.3899293498959825,0.8662373310089609,0.22366151712405785,0.6933903430884727
FABP5,Q01469,Fatty acid-binding protein 5 OS=Homo sapiens OX=9606 GN=FABP5 PE=1 SV=3,27.210627155272334,27.18525793546824,0.025369219804094456,0.7554529638881924,0.31293444466624737,0.08079932617646948,0.9174977886462201
CTSG,P08311,Cathepsin G OS=Homo sapiens OX=9606 GN=CTSG PE=1 SV=2,28.124620170570402,28.27146081181306,-0.14684064124265817,0.47252452505879405,-0.723099976447912,-0.18670361109504927,0.7578143769502843
PDLIM7,Q9NR12,PDZ and LIM domain protein 7 OS=Homo sapiens OX=9606 GN=PDLIM7 PE=1 SV=1,24.483585040485174,24.192524608339376,0.29106043214579813,0.0588939868970091,1.9269141210973193,0.49752708670545465,0.3025699670668691
CCL5,P13501,C-C motif chemokine 5 OS=Homo sapiens OX=9606 GN=CCL5 PE=1 SV=3,28.435426894147966,28.55074742809912,-0.11532053395115227,0.4109724042978792,-0.8281641862876388,-0.21383107342782945,0.7151606818472145
ACTN4,O43707,Alpha-actinin-4 OS=Homo sapiens OX=9606 GN=ACTN4 PE=1 SV=2,22.611114338817302,22.710245842447954,-0.09913150363065171,0.5578424537860789,-0.5894592946960744,-0.15219773544167106,0.8121267221871533
SUB1,P53999,Activated RNA polymerase II transcriptional coactivator p15 OS=Homo sapiens OX=9606 GN=SUB1 PE=1 SV=3,26.483142249127464,26.59553225901491,-0.11239000988744507,0.3194862954765638,-1.0041312725375322,-0.2592655797295949,0.6436392447072796
PRDX6,P30041,Peroxiredoxin-6 OS=Homo sapiens OX=9606 GN=PRDX6 PE=1 SV=3,25.136115142192047,25.206862384865794,-0.07074724267374677,0.32286784395237556,-0.9970791663289457,-0.2574447337361588,0.6456414808632545
PPIA,P62937,Peptidyl-prolyl cis-trans isomerase A OS=Homo sapiens OX=9606 GN=PPIA PE=1 SV=2,21.299530734299818,21.080141818785478,0.21938891551434025,0.294552662292281,1.0577553702284122,0.27311126221707344,0.623673075269069
PKN1,Q16512,Serine/threonine-protein kinase N1 OS=Homo sapiens OX=9606 GN=PKN1 PE=1 SV=2,28.43659978814673,28.472337830000424,-0.035738041853694114,0.8531836906892472,-0.1858847933849355,-0.047995247272870786,0.9507509990092108
TAOK3,Q9H2K8,Serine/threonine-protein kinase TAO3 OS=Homo sapiens OX=9606 GN=TAOK3 PE=1 SV=2,27.636133444488348,27.415445232589473,0.22068821189887444,0.034432281547684296,2.1660307374169587,0.5592667315592833,0.23366849882172294
MCTS1,Q9ULC4,Malignant T-cell-amplified sequence 1 OS=Homo sapiens OX=9606 GN=MCTS1 PE=1 SV=1,26.1381097454754,26.41007455133677,-0.2719648058613693,0.12131877452162396,-1.5723085104739178,-0.4059683117443782,0.4151232112925034
YWHAQ,P27348,14-3-3 protein theta OS=Homo sapiens OX=9606 GN=YWHAQ PE=1 SV=1,20.701545857441648,20.28535881511893,0.4161870423227185,0.01719021322998574,2.4531055668865034,0.6333891338026755,0.14904999529171734
TGFBI,Q15582,Transforming growth factor-beta-induced protein ig-h3 OS=Homo sapiens OX=9606 GN=TGFBI PE=1 SV=1,24.751780853170132,24.812594887474315,-0.060814034304183195,0.7202932134244532,-0.3598138525867351,-0.09290353725354371,0.895000507047848
SPARC,P09486,SPARC OS=Homo sapiens OX=9606 GN=SPARC PE=1 SV=1,21.50583737887174,21.1769572668879,0.32888011198383893,0.033675929330092294,2.1755684562839486,0.5617293599814607,0.23313104744731847
DNAJB1,P25685,DnaJ homolog subfamily B member 1 OS=Homo sapiens OX=9606 GN=DNAJB1 PE=1 SV=4,25.026635501552065,24.92631134303931,0.10032415851275545,0.18721507081010927,1.3346245827570944,0.3445985854971499,0.510923321099735
IGLV3-1,P01715,Immunoglobulin lambda variable 3-1 OS=Homo sapiens OX=9606 GN=IGLV3-1 PE=1 SV=2,24.545228597276388,24.41940907739427,0.1258195198821177,0.21336947642278564,1.2581765427533957,0.32485978644484836,0.5320882770876977
SFN,P31947,14-3-3 protein sigma OS=Homo sapiens OX=9606 GN=SFN PE=1 SV=1,26.978954528601946,27.047704306344873,-0.06874977774292645,0.43513203116113464,-0.7858880546819459,-0.2029154231844347,0.7303779685570437
IGHV4-28,A0A0C4DH34,Immunoglobulin heavy variable 4-28 OS=Homo sapiens OX=9606 GN=IGHV4-28 PE=1 SV=1,24.55113376648188,24.621951918664568,-0.07081815218268872,0.559966287215838,-0.5862739018902575,-0.15137527055580058,0.8121267221871533
PFN1,P07737,Profilin-1 OS=Homo sapiens OX=9606 GN=PFN1 PE=1 SV=2,23.9060784638911,24.08744782575393,-0.18136936186283137,0.2883784700664263,-1.0715104788219074,-0.2766628159842655,0.6165786353474437
BNIP3,Q12983,BCL2/adenovirus E1B 19 kDa protein-interacting protein 3 OS=Homo sapiens OX=9606 GN=BNIP3 PE=1 SV=4,21.58548051252981,21.638052158374098,-0.05257164584428864,0.7750195949804046,-0.28715168388633566,-0.07414224596847965,0.9289871273750642
NCF2,P19878,Neutrophil cytosol factor 2 OS=Homo sapiens OX=9606 GN=NCF2 PE=1 SV=2,27.553210424352226,27.732400859092145,-0.1791904347399189,0.40375360287448514,-0.8410869015726495,-0.21716770416693792,0.7070483793276002
RBM3,P98179,RNA-binding protein 3 OS=Homo sapiens OX=9606 GN=RBM3 PE=1 SV=1,20.900320844010093,20.775278525091906,0.12504231891818662,0.5698205389632616,0.5715718821272078,0.14757922537594031,0.8160449092341279
RPL12,P30050,Large ribosomal subunit protein uL11 OS=Homo sapiens OX=9606 GN=RPL12 PE=1 SV=1,23.849071588681614,23.945105098960784,-0.09603351027917029,0.4944539865251174,-0.6875861471488528,-0.17753397979936195,0.7742847142703367
PABPC1,P11940,Polyadenylate-binding protein 1 OS=Homo sapiens OX=9606 GN=PABPC1 PE=1 SV=2,27.136579275663003,27.117734174034204,0.01884510162879849,0.8986937434519511,0.12787055738785655,0.03301603594889521,0.9703889371037256
PABPC1,H0YAR2,Polyadenylate-binding protein OS=Homo sapiens OX=9606 GN=PABPC1 PE=1 SV=2,15.746752089128169,14.416611335824605,1.3301407533035636,0.004065695251650202,2.9919747311224447,0.772524553727376,0.058051428132104836
PDLIM1,O00151,PDZ and LIM domain protein 1 OS=Homo sapiens OX=9606 GN=PDLIM1 PE=1 SV=4,24.176578488339725,24.010458629346047,0.1661198589936781,0.23125521844132435,1.209821868466486,0.31237466322988267,0.5551058223078059
KIF5C,O60282,Kinesin heavy chain isoform 5C OS=Homo sapiens OX=9606 GN=KIF5C PE=1 SV=1,18.83112967344187,18.93296603961749,-0.10183636617562186,0.6947076362269462,-0.3944335235890204,-0.10184229786974573,0.8827858198121293
DSTN,P60981,Destrin OS=Homo sapiens OX=9606 GN=DSTN PE=1 SV=3,24.127965815230553,23.915603462444434,0.21236235278611915,0.23470356234003106,1.2008165746965345,0.3100495063766342,0.5591383614951779
PRDX2,P32119,Peroxiredoxin-2 OS=Homo sapiens OX=9606 GN=PRDX2 PE=1 SV=5,17.2911059211015,17.432726897713774,-0.14162097661227335,0.633105898056961,-0.4798964468956838,-0.12390872978207301,0.8549348146510019
GPX1,P07203,Glutathione peroxidase 1 OS=Homo sapiens OX=9606 GN=GPX1 PE=1 SV=4,26.33628672028296,25.911269900893426,0.4250168193895334,0.000369066308627206,3.7829006441045663,0.9767407463316198,0.008823145218247739
NPEPPS,P55786,Puromycin-sensitive aminopeptidase OS=Homo sapiens OX=9606 GN=NPEPPS PE=1 SV=2,24.326424020494382,24.08290927476107,0.2435147457333109,0.07581439728542681,1.8078591915898878,0.46678723608770933,0.3353803839972434
CRP,P02741,C-reactive protein OS=Homo sapiens OX=9606 GN=CRP PE=1 SV=1,23.30381465357774,23.23858437077953,0.06523028279820764,0.4510678877409475,0.7587613058484672,0.19591132675318038,0.7430802163817382
SLK,Q9H2G2,STE20-like serine/threonine-protein kinase OS=Homo sapiens OX=9606 GN=SLK PE=1 SV=1,22.72217820408998,22.97266349529385,-0.25048529120387286,0.05089752772319571,-1.9936729415614403,-0.5147641400301207,0.2790803278522627
SERPINA11,Q86U17,Serpin A11 OS=Homo sapiens OX=9606 GN=SERPINA11 PE=1 SV=2,23.494392477053005,23.356103572121683,0.13828890493132207,0.30410250092692875,1.03686478444844,0.26771733616251675,0.6304202854667855
PLIN1,O60240,Perilipin-1 OS=Homo sapiens OX=9606 GN=PLIN1 PE=1 SV=2,23.40381382660305,23.13219109590402,0.2716227306990291,0.14956545891851752,1.460439201509276,0.3770837803729255,0.4554317843192184
SEPTIN5,G3XAH0,Septin OS=Homo sapiens OX=9606 GN=SEPTIN5 PE=1 SV=1,22.74618687643523,22.480783611401957,0.2654032650332745,0.15743342087717657,1.4322727433146292,0.36981123213895795,0.46734788680923445
ARPC3,O15145,Actin-related protein 2/3 complex subunit 3 OS=Homo sapiens OX=9606 GN=ARPC3 PE=1 SV=3,26.7513102508232,26.956514590402758,-0.2052043395795593,0.061993787467872756,-1.903105902512207,-0.49137983109992095,0.30705762687816535
CNP,P09543,"2',3'-cyclic-nucleotide 3'-phosphodiesterase OS=Homo sapiens OX=9606 GN=CNP PE=1 SV=2",25.82146297330798,25.730310830055263,0.09115214325271737,0.32682848142459375,0.9888819341322708,0.25532821748397766,0.6482339238874962
IGLV1-47,P01700,Immunoglobulin lambda variable 1-47 OS=Homo sapiens OX=9606 GN=IGLV1-47 PE=1 SV=2,26.31234427481355,26.45031843541023,-0.13797416059668066,0.14238539847226747,-1.4871740418177446,-0.3839866864581398,0.4439948164535228
IVL,P07476,Involucrin OS=Homo sapiens OX=9606 GN=IVL PE=1 SV=2,23.498058886411382,23.35594962252433,0.14210926388705047,0.3387440938978079,0.964611828435683,0.24906170313907244,0.6488976072209077
IGHV6-1,A0A0B4J1U7,Immunoglobulin heavy variable 6-1 OS=Homo sapiens OX=9606 GN=IGHV6-1 PE=1 SV=1,28.508486151157847,28.46470817180481,0.04377797935303818,0.8139466694248199,0.23641102327258365,0.06104106373297137,0.9422230840326674
NPEPPS,A0A7I2V3W8,Aminopeptidase OS=Homo sapiens OX=9606 GN=NPEPPS PE=1 SV=1,22.881891195502366,22.993224060276095,-0.11133286477372906,0.7364364133261492,-0.3381963135650402,-0.08732191267907614,0.9073996710488851
IGKV3D-11,A0A0A0MRZ8,Immunoglobulin kappa variable 3D-11 OS=Homo sapiens OX=9606 GN=IGKV3D-11 PE=3 SV=6,26.60852282328809,26.358586462430697,0.24993636085739368,0.014106879413059327,2.531033412005487,0.6535100168927859,0.13312439361902828
BID,P55957,BH3-interacting domain death agonist OS=Homo sapiens OX=9606 GN=BID PE=1 SV=1,20.58584871280507,20.64368942154731,-0.057840708742240565,0.8331085545025596,-0.2116674040848094,-0.054652288730361515,0.9468751537683636
CTTN,Q14247,Src substrate cortactin OS=Homo sapiens OX=9606 GN=CTTN PE=1 SV=2,25.719994703416678,25.844606784123886,-0.12461208070720886,0.29663235029492363,-1.0531668888101564,-0.27192652140925433,0.6242509437544579
PCBP1,Q15365,Poly(rC)-binding protein 1 OS=Homo sapiens OX=9606 GN=PCBP1 PE=1 SV=2,28.218762109085763,28.510381894514733,-0.2916197854289706,0.13582992066815153,-1.5125272863674515,-0.39053286605236237,0.44013002158316183
ACTN2,P35609,Alpha-actinin-2 OS=Homo sapiens OX=9606 GN=ACTN2 PE=1 SV=1,26.231167466037263,26.187635378741955,0.043532087295307775,0.8363203301571777,0.2075333334482235,0.05358487628185869,0.9477355702052273
KRT33A,O76009,"Keratin, type I cuticular Ha3-I OS=Homo sapiens OX=9606 GN=KRT33A PE=1 SV=2",28.55286358194725,28.453052534058326,0.09981104788892381,0.6995646981245272,0.38782576622277243,0.10013618225406191,0.883874172576821
VAT1,Q99536,Synaptic vesicle membrane protein VAT-1 homolog OS=Homo sapiens OX=9606 GN=VAT1 PE=1 SV=2,23.497850464432812,23.523303529128523,-0.025453064695710736,0.8732237291858036,-0.16027197435888116,-0.041382045837048596,0.9611475042493681
SMC1A,Q14683,Structural maintenance of chromosomes protein 1A OS=Homo sapiens OX=9606 GN=SMC1A PE=1 SV=2,23.130093174682113,23.27935530792079,-0.14926213323867898,0.44692275343877774,-0.765762618341615,-0.19771905786568408,0.7402425624960899
MOB3A,Q96BX8,MOB kinase activator 3A OS=Homo sapiens OX=9606 GN=MOB3A PE=1 SV=1,26.7862918778825,27.083154384095494,-0.29686250621299237,0.10575491151796115,-1.64318817629641,-0.42426936276539556,0.39177387675971975
WDR1,O75083,WD repeat-containing protein 1 OS=Homo sapiens OX=9606 GN=WDR1 PE=1 SV=4,27.548211269107167,27.626705961182157,-0.07849469207499027,0.4321376340795623,-0.7910502570861379,-0.20424829811384718,0.7302759452447268
COG4,A0A0A0MS45,Conserved oligomeric Golgi complex subunit 4 OS=Homo sapiens OX=9606 GN=COG4 PE=1 SV=1,24.847073999311817,24.79327509218617,0.05379890712564617,0.6513023015714374,0.4543087437901901,0.11730201324905455,0.8595977833941577
KPLCE,Q5T750,Protein KPLCE OS=Homo sapiens OX=9606 GN=KPLCE PE=1 SV=1,23.597808620346534,23.390101010935034,0.20770760941150002,0.051651016688757975,1.9870130034514248,0.5130445514043299,0.2805298008886663
ITIH3,Q06033,Inter-alpha-trypsin inhibitor heavy chain H3 OS=Homo sapiens OX=9606 GN=ITIH3 PE=1 SV=2,23.919374761150195,24.001645431621125,-0.08227067047092973,0.4253831376382118,-0.8027734038094392,-0.20727520158214666,0.7243228544969741
DOCK2,Q92608,Dedicator of cytokinesis protein 2 OS=Homo sapiens OX=9606 GN=DOCK2 PE=1 SV=2,26.749194740422713,26.855890150157908,-0.10669540973519531,0.4633644699379106,-0.7382083004531732,-0.19060456357914807,0.748135534278408
FCN2,Q15485,Ficolin-2 OS=Homo sapiens OX=9606 GN=FCN2 PE=1 SV=2,19.331830387276817,19.710291219196336,-0.3784608319195186,0.11239977800129693,-1.6119590158086359,-0.41620602819971636,0.4038064324060568
BDNF,P23560,Neurotrophic factor BDNF precursor form OS=Homo sapiens OX=9606 GN=BDNF PE=1 SV=1,25.89789024899021,25.87755988079965,0.02033036819055667,0.818531152246413,0.23047828912464452,0.059509238362808414,0.9422230840326674
UFL1,O94874,E3 UFM1-protein ligase 1 OS=Homo sapiens OX=9606 GN=UFL1 PE=1 SV=2,26.379837144426105,26.39008820591274,-0.010251061486634683,0.9150701558641157,-0.10711151873361402,-0.02765607521615139,0.9754582577077047
PLA2G2A,A0A3B3IRX2,Phospholipase A2 OS=Homo sapiens OX=9606 GN=PLA2G2A PE=1 SV=1,25.012962551054727,25.061221914465964,-0.04825936341123693,0.716338104173132,-0.3651359200073178,-0.0942776891526977,0.8925602646160011
KARS1,Q15046,Lysine--tRNA ligase OS=Homo sapiens OX=9606 GN=KARS1 PE=1 SV=3,27.18025252049295,27.260085023708033,-0.0798325032150835,0.45131865902939927,-0.7583389449625504,-0.19580227364136404,0.7430802163817382
HNRNPU,Q00839,Heterogeneous nuclear ribonucleoprotein U OS=Homo sapiens OX=9606 GN=HNRNPU PE=1 SV=6,24.74329004322469,24.875843094834952,-0.13255305161026243,0.41103565193058467,-0.8280515790042717,-0.21380199835228664,0.7151606818472145
PA2G4,Q9UQ80,Proliferation-associated protein 2G4 OS=Homo sapiens OX=9606 GN=PA2G4 PE=1 SV=3,28.250619019420103,28.488957696057916,-0.23833867663781305,0.14960921414613476,-1.4602793963060614,-0.3770425188468797,0.4554317843192184
MACROH2A1,O75367,Core histone macro-H2A.1 OS=Homo sapiens OX=9606 GN=MACROH2A1 PE=1 SV=5,20.549945733430345,21.62603238080424,-1.076086647373895,0.005356127781502674,-2.893677646917648,-0.7471443557203146,0.07113731194247626
EEF1D,P29692,Elongation factor 1-delta OS=Homo sapiens OX=9606 GN=EEF1D PE=1 SV=5,24.894514968532096,24.747252680861784,0.14726228767031202,0.3505911293754377,0.9410326178877376,0.24297357715447834,0.6625037150844352
MMP2,P08253,72 kDa type IV collagenase OS=Homo sapiens OX=9606 GN=MMP2 PE=1 SV=2,26.187051868474587,26.27701621482688,-0.08996434635229278,0.29289767937890865,-1.0614227542935297,-0.2740581767109633,0.623673075269069
FCN3,O75636,Ficolin-3 OS=Homo sapiens OX=9606 GN=FCN3 PE=1 SV=2,21.54902773279755,21.459423513233755,0.08960421956379605,0.45835465676800846,0.7465435211736646,0.19275670831497646,0.7454696196057076
ALDOA,P04075,Fructose-bisphosphate aldolase A OS=Homo sapiens OX=9606 GN=ALDOA PE=1 SV=2,27.36888343055743,27.243032356662695,0.12585107389473293,0.45089032665048434,0.7590604451094742,0.1959885641782522,0.7430802163817382
YWHAH,Q04917,14-3-3 protein eta OS=Homo sapiens OX=9606 GN=YWHAH PE=1 SV=4,23.223350351776222,22.41977610405478,0.8035742477214427,3.7561882455202515e-09,6.935843323758541,1.7908270456547153,3.5446555390620057e-07
H1-10,A0A994J4R3,H1.10 linker histone OS=Homo sapiens OX=9606 GN=H1-10 PE=1 SV=1,26.084633194204905,26.075903486830136,0.008729707374769191,0.9698492581236017,0.03796084748474681,0.00980144867442294,0.990284578482698
SEPTIN2,Q15019,Septin-2 OS=Homo sapiens OX=9606 GN=SEPTIN2 PE=1 SV=1,24.98518117353053,25.115314877730032,-0.1301337041995012,0.2645681014567111,-1.1265600597676917,-0.2908765566655135,0.5934991919022296
OLFM1,Q99784,Noelin OS=Homo sapiens OX=9606 GN=OLFM1 PE=1 SV=4,19.010193199833324,18.78793786157182,0.22225533826150468,0.476767377513715,0.7161581382372834,0.18491123617626054,0.761892966026819
SSB,P05455,Lupus La protein OS=Homo sapiens OX=9606 GN=SSB PE=1 SV=2,25.21188120035475,25.264084929934043,-0.05220372957929342,0.6602198915224962,-0.4418791401210418,-0.11409270338168323,0.8637595641196284
KPRP,Q5T749,Keratinocyte proline-rich protein OS=Homo sapiens OX=9606 GN=KPRP PE=1 SV=1,26.015890871333816,26.049949863833103,-0.034058992499286234,0.8380145731453578,-0.20535402708549175,-0.05302218179858244,0.9479874635013417
NCKAP1L,P55160,Nck-associated protein 1-like OS=Homo sapiens OX=9606 GN=NCKAP1L PE=1 SV=3,24.73790050084418,24.74832836810882,-0.010427867264638735,0.9266611007313865,-0.09244748154603255,-0.02386983709510677,0.9802150900651133
HSP90B1,A0A7P0T823,Endoplasmin OS=Homo sapiens OX=9606 GN=HSP90B1 PE=1 SV=1,22.96187708917635,23.124619503121625,-0.16274241394527422,0.34726012931920647,-0.9476089762034955,-0.24467158557018653,0.6595735295226031
RTCB,Q9Y3I0,RNA-splicing ligase RtcB homolog OS=Homo sapiens OX=9606 GN=RTCB PE=1 SV=1,20.891694902479067,21.371562302895203,-0.4798674004161363,0.04769513043596982,-2.0229602089914818,-0.5223260799642856,0.2732184308999805
ARHGAP17,Q68EM7,Rho GTPase-activating protein 17 OS=Homo sapiens OX=9606 GN=ARHGAP17 PE=1 SV=1,23.593417792785225,23.66186282612764,-0.06844503334241381,0.6524383608500277,-0.45272135080230885,-0.1168921501419912,0.8595977833941577
H2AZ1,P0C0S5,Histone H2A.Z OS=Homo sapiens OX=9606 GN=H2AZ1 PE=1 SV=2,23.234451512555175,23.197079101304574,0.03737241125060109,0.7984177918473964,0.2565711247864052,0.06624637956103016,0.932137038282842
ANXA1,P04083,Annexin A1 OS=Homo sapiens OX=9606 GN=ANXA1 PE=1 SV=2,26.42784399456443,26.419836235726446,0.008007758837983658,0.9587816954610298,0.051906323526860004,0.013402155105492202,0.988209689194911
UBASH3B,Q8TF42,Ubiquitin-associated and SH3 domain-containing protein B OS=Homo sapiens OX=9606 GN=UBASH3B PE=1 SV=2,21.726902183762665,21.50392629591385,0.22297588784881484,0.46782305666425117,0.7308334370649366,0.1887003820402684,0.7522930408959663
YWHAG,P61981,14-3-3 protein gamma OS=Homo sapiens OX=9606 GN=YWHAG PE=1 SV=2,15.56150745114062,14.985264925011133,0.5762425261294872,0.050020514552269,2.0015322306571033,0.516793399748823,0.2785122811242013
RPL29,P47914,Large ribosomal subunit protein eL29 OS=Homo sapiens OX=9606 GN=RPL29 PE=1 SV=2,19.87426975803343,19.918620380348322,-0.04435062231489084,0.885530344280707,-0.14459701249744672,-0.03733478808759712,0.9670152072277904
DDX5,P17844,Probable ATP-dependent RNA helicase DDX5 OS=Homo sapiens OX=9606 GN=DDX5 PE=1 SV=1,24.872456528353222,24.965746428019088,-0.09328989966586576,0.28450582043296346,-1.0802423148492877,-0.2789173663519893,0.61333199259696
IGLV3-9,A0A075B6K5,Immunoglobulin lambda variable 3-9 OS=Homo sapiens OX=9606 GN=IGLV3-9 PE=1 SV=1,23.788815885188573,23.370105485299508,0.4187103998890649,7.93070335037656e-05,4.247219814957054,1.0966274407340546,0.002644358787753725
DDX17,Q92841,Probable ATP-dependent RNA helicase DDX17 OS=Homo sapiens OX=9606 GN=DDX17 PE=1 SV=2,16.01664919187232,16.650174582876748,-0.6335253910044258,0.04296983861669329,-2.069437783118926,-0.534326538002133,0.25854000214674855
PACSIN2,Q9UNF0,Protein kinase C and casein kinase substrate in neurons protein 2 OS=Homo sapiens OX=9606 GN=PACSIN2 PE=1 SV=2,24.82542279187186,24.595924322983226,0.22949846888863235,0.00770642452053695,2.760827005146163,0.7128424675127192,0.09047049860094211
LMNA,P02545,Prelamin-A/C OS=Homo sapiens OX=9606 GN=LMNA PE=1 SV=1,24.454964518799667,24.108564561689754,0.346399957109913,0.03807268353140064,2.1225427262628895,0.5480381753619907,0.2423903412986112
DOK3,Q7L591,Docking protein 3 OS=Homo sapiens OX=9606 GN=DOK3 PE=1 SV=2,22.62048379665297,22.6311068149702,-0.010623018317229338,0.9307550846917014,-0.0872730580172968,-0.02253380668490561,0.9802150900651133
EIF4G2,P78344,Eukaryotic translation initiation factor 4 gamma 2 OS=Homo sapiens OX=9606 GN=EIF4G2 PE=1 SV=1,25.092338998097002,25.09116763651404,0.0011713615829620494,0.9903513162745774,0.012145369634924496,0.003135920955306389,0.9965232089455731
KLC1,Q07866,Kinesin light chain 1 OS=Homo sapiens OX=9606 GN=KLC1 PE=1 SV=2,25.99416386766087,25.921666061340357,0.07249780632051284,0.7937670399132352,0.26262918122757656,0.06781056300816624,0.932137038282842
LOC100653049,A0A140TA62,IF rod domain-containing protein OS=Homo sapiens OX=9606 GN=LOC100653049 PE=3 SV=2,22.730179828660972,22.93527093460943,-0.20509110594845836,0.6594282728788414,-0.4429796985668603,-0.11437686635049546,0.8636631798917185
ADD2,P35612,Beta-adducin OS=Homo sapiens OX=9606 GN=ADD2 PE=1 SV=3,23.741742141241122,23.770867342476333,-0.02912520123521034,0.7703323655715368,-0.29330971198767924,-0.07573224198727838,0.927606401255719
DDX3X,O00571,ATP-dependent RNA helicase DDX3X OS=Homo sapiens OX=9606 GN=DDX3X PE=1 SV=3,24.4013352502871,24.271658238025466,0.12967701226163442,0.3562966187591623,0.9298620646131638,0.2400893527011219,0.6664529313018803
GNAZ,P19086,Guanine nucleotide-binding protein G(z) subunit alpha OS=Homo sapiens OX=9606 GN=GNAZ PE=1 SV=3,19.194881702732925,18.78352753610182,0.41135416663110647,0.3044741886237693,1.0360608276999614,0.2675097554226548,0.6304202854667855
TPP2,P29144,Tripeptidyl-peptidase 2 OS=Homo sapiens OX=9606 GN=TPP2 PE=1 SV=4,21.857582636961265,22.19526584563936,-0.33768320867809365,0.023654732844289657,-2.3239201970772383,-0.6000336147463468,0.1819425165006725
EFEMP1,Q12805,EGF-containing fibulin-like extracellular matrix protein 1 OS=Homo sapiens OX=9606 GN=EFEMP1 PE=1 SV=2,22.15299147486301,22.258541759157595,-0.10555028429458346,0.703075581448079,-0.38306010059915735,-0.09890569268113829,0.883874172576821
PSME1,Q06323,Proteasome activator complex subunit 1 OS=Homo sapiens OX=9606 GN=PSME1 PE=1 SV=1,22.64697938721323,23.806360299725508,-1.1593809125122796,6.953430374880257e-11,-7.9671207558497725,-2.0571017336419746,7.333823918917824e-09
MYO1F,O00160,Unconventional myosin-If OS=Homo sapiens OX=9606 GN=MYO1F PE=1 SV=3,29.214772114866044,29.285373292993686,-0.07060117812764233,0.4641862047681262,-0.7368460513550343,-0.19025283237444954,0.748135534278408
NAP1L4,Q99733,Nucleosome assembly protein 1-like 4 OS=Homo sapiens OX=9606 GN=NAP1L4 PE=1 SV=1,22.70767802000587,22.665281562601237,0.042396457404631605,0.8485426633815754,0.19183350383523487,0.04953119770656543,0.9497109834226996
ATE1,A0A8I5KZ24,Arginyl-tRNA--protein transferase 1 OS=Homo sapiens OX=9606 GN=ATE1 PE=1 SV=1,27.951030134442988,28.117039450865807,-0.16600931642281935,0.02616475758707325,-2.2821767106921405,-0.5892554929075388,0.1930593018667586
GTPBP1,O00178,GTP-binding protein 1 OS=Homo sapiens OX=9606 GN=GTPBP1 PE=1 SV=3,24.25302641231677,23.76746051977639,0.4855658925403823,0.010792483772332395,2.634323517080058,0.6801794073449078,0.11185504857683227
SERPINB9,P50453,Serpin B9 OS=Homo sapiens OX=9606 GN=SERPINB9 PE=1 SV=1,21.297232523917703,21.542380569728312,-0.245148045810609,0.4705538878130008,-0.7263361519947192,-0.18753918802826178,0.755810755905471
PLEKHF2,Q9H8W4,Pleckstrin homology domain-containing family F member 2 OS=Homo sapiens OX=9606 GN=PLEKHF2 PE=1 SV=1,29.29656832402879,28.534456509230754,0.7621118147980361,0.03610093697845697,2.1456215474343043,0.5539971013651231,0.23537810909953943
TPI1,P60174,Triosephosphate isomerase OS=Homo sapiens OX=9606 GN=TPI1 PE=1 SV=4,22.934433771174202,22.693815500322803,0.24061827085139953,0.07460275311389866,1.815596232177047,0.4687849313772425,0.3344068408330508
PGM1,P36871,Phosphoglucomutase-1 OS=Homo sapiens OX=9606 GN=PGM1 PE=1 SV=3,23.328448213048976,23.28782414092109,0.04062407212788699,0.8062808252477489,0.24635035488445214,0.06360738811998468,0.9363092743971592
MYL2,P10916,"Myosin regulatory light chain 2, ventricular/cardiac muscle isoform OS=Homo sapiens OX=9606 GN=MYL2 PE=1 SV=3",22.828451345678467,22.577287240040548,0.251164105637919,0.03679087444411208,2.137423445764595,0.55188036061597,0.23650103338672956
IGLV2-11,P01706,Immunoglobulin lambda variable 2-11 OS=Homo sapiens OX=9606 GN=IGLV2-11 PE=1 SV=2,21.493005096708902,21.283346230627572,0.20965886608133033,0.3301331231614434,0.9820929280887349,0.2535753036610499,0.6485841714255235
NAA15,Q9BXJ9,"N-alpha-acetyltransferase 15, NatA auxiliary subunit OS=Homo sapiens OX=9606 GN=NAA15 PE=1 SV=1",22.5644838930156,22.383324750090917,0.18115914292468105,0.09425377683932575,1.701239983167515,0.4392582748473314,0.3730618584390973
APMAP,Q9HDC9,Adipocyte plasma membrane-associated protein OS=Homo sapiens OX=9606 GN=APMAP PE=1 SV=2,23.73186582803407,23.698068264920206,0.033797563113864726,0.8695606587723446,0.16494520092295678,0.04258866774742986,0.9594598530331162
EIF4G3,A0A804HJV5,Eukaryotic translation initiation factor 4 gamma 3 OS=Homo sapiens OX=9606 GN=EIF4G3 PE=1 SV=1,17.88900153730352,18.386345420050407,-0.4973438827468861,0.13427652551755767,-1.5186765170579168,-0.39212059058943977,0.43853881648994697
IGKV3-7,A0A075B6H7,Probable non-functional immunoglobulin kappa variable 3-7 OS=Homo sapiens OX=9606 GN=IGKV3-7 PE=1 SV=1,26.453537004493754,26.072880148035818,0.3806568564579358,0.0078173126034509,2.7555324818255365,0.7114754274695928,0.09101585388303547
IGHV1-69,P01742,Immunoglobulin heavy variable 1-69 OS=Homo sapiens OX=9606 GN=IGHV1-69 PE=1 SV=2,25.766435789871423,25.835672472655684,-0.0692366827842612,0.5104576659049244,-0.6622127653522124,-0.17098260079033853,0.7820238812822198
LRRFIP1,Q32MZ4,Leucine-rich repeat flightless-interacting protein 1 OS=Homo sapiens OX=9606 GN=LRRFIP1 PE=1 SV=2,20.67756970142318,20.47342481593365,0.20414488548953003,0.2750164236427886,1.101993615598956,0.2845335280561103,0.6042946661660784
FNBP1,Q96RU3,Formin-binding protein 1 OS=Homo sapiens OX=9606 GN=FNBP1 PE=1 SV=2,26.718657564370307,26.688092706383777,0.03056485798652986,0.7017572733002952,0.3848485285675695,0.09936746279697506,0.883874172576821
PRKDC,P78527,DNA-dependent protein kinase catalytic subunit OS=Homo sapiens OX=9606 GN=PRKDC PE=1 SV=3,26.72895265711795,26.700589834754144,0.028362822363806828,0.8111632657269595,0.2400171150761818,0.06197215263298674,0.9401523823196111
EIF3E,P60228,Eukaryotic translation initiation factor 3 subunit E OS=Homo sapiens OX=9606 GN=EIF3E PE=1 SV=1,21.048959521376915,21.030150002724273,0.0188095186526418,0.9192711850633759,0.10179413745634763,0.02628313327399887,0.9781555451785908
YWHAE,P62258,14-3-3 protein epsilon OS=Homo sapiens OX=9606 GN=YWHAE PE=1 SV=1,24.615290081950196,24.345205556178406,0.27008452577178943,0.0967508417227708,1.6881616969660322,0.435881475870313,0.3787647580980962
LDHA,P00338,L-lactate dehydrogenase A chain OS=Homo sapiens OX=9606 GN=LDHA PE=1 SV=2,27.312402339728234,27.35119049368653,-0.038788153958297045,0.5574156673002595,-0.5901001320112015,-0.1523631989249454,0.8121267221871533
EIF3C,Q99613,Eukaryotic translation initiation factor 3 subunit C OS=Homo sapiens OX=9606 GN=EIF3C PE=1 SV=1,20.495710469635593,20.462525649266908,0.03318482036868531,0.9099825284182086,0.11355523763947976,0.029319836283488717,0.9728197030701398
TSPAN2,O60636,Tetraspanin-2 OS=Homo sapiens OX=9606 GN=TSPAN2 PE=1 SV=2,23.462680517472517,22.958674615022982,0.5040059024495349,0.003682667399964405,3.0267992753899624,0.7815162123932,0.05502518873446815
RPS2,P15880,Small ribosomal subunit protein uS5 OS=Homo sapiens OX=9606 GN=RPS2 PE=1 SV=2,22.87189558765037,22.38073205989547,0.4911635277548996,0.0064166496505866045,2.8281747247684477,0.7302315739461962,0.08159611931561547
IGLV3-16,A0A075B6K0,Immunoglobulin lambda variable 3-16 OS=Homo sapiens OX=9606 GN=IGLV3-16 PE=1 SV=2,24.9711967885282,25.026504634434783,-0.055307845906583,0.4817297410061889,-0.7080829725666966,-0.18282623736559062,0.7666447281779561
TAOK1,Q7L7X3,Serine/threonine-protein kinase TAO1 OS=Homo sapiens OX=9606 GN=TAOK1 PE=1 SV=1,27.199822261722876,27.327367723659265,-0.12754546193638916,0.1492495870993723,-1.461593932743238,-0.377381930695491,0.4554317843192184
TARS1,P26639,"Threonine--tRNA ligase 1, cytoplasmic OS=Homo sapiens OX=9606 GN=TARS1 PE=1 SV=3",25.33829604741793,25.05227451478256,0.28602153263537033,0.07373735474836908,1.8211870237015966,0.47022846754168907,0.3321886358387582
FNBP1L,Q5T0N5,Formin-binding protein 1-like OS=Homo sapiens OX=9606 GN=FNBP1L PE=1 SV=3,23.910074937546295,23.8314940637562,0.07858087379009504,0.5055398609001482,0.6699633464957552,0.17298379223649657,0.7809906212920373
ELMO1,Q92556,Engulfment and cell motility protein 1 OS=Homo sapiens OX=9606 GN=ELMO1 PE=1 SV=2,25.147395784512938,24.96659637671617,0.18079940779676917,0.14635684997230558,1.4722589778013109,0.3801356334885888,0.45166580378716675
CRIP1,P50238,Cysteine-rich protein 1 OS=Homo sapiens OX=9606 GN=CRIP1 PE=1 SV=3,25.72504946031804,25.736478727101165,-0.011429266783125058,0.9267396627194986,-0.0923481630902912,-0.023844193180102956,0.9802150900651133
PDIA3,P30101,Protein disulfide-isomerase A3 OS=Homo sapiens OX=9606 GN=PDIA3 PE=1 SV=4,22.507447232565692,22.210623331655192,0.2968239009104998,0.06591855518072047,1.8743704206402152,0.483960361584223,0.32204896304913294
ENPP2,Q13822,Autotaxin OS=Homo sapiens OX=9606 GN=ENPP2 PE=1 SV=3,24.62292695702519,24.291965805324804,0.33096115170038587,0.003747583312141731,3.020666358600079,0.7799327000871404,0.055532370898100196
NID1,P14543,Nidogen-1 OS=Homo sapiens OX=9606 GN=NID1 PE=1 SV=3,25.41477777456509,25.45619046428085,-0.04141268971576295,0.6467238325089077,-0.46071797656683433,-0.11895687003611524,0.8590419629305994
CXCL12,P48061,Stromal cell-derived factor 1 OS=Homo sapiens OX=9606 GN=CXCL12 PE=1 SV=1,22.2401582596071,22.280464178320674,-0.040305918713574584,0.7419199214873222,-0.3308901515422564,-0.0854354697564805,0.909892215613385
SLC4A1,P02730,Band 3 anion transport protein OS=Homo sapiens OX=9606 GN=SLC4A1 PE=1 SV=3,29.640319614904108,29.485296824791156,0.15502279011295172,0.0680481559068213,1.8593793875826607,0.48008969349259945,0.3262308650827021
TADA2B,Q86TJ2,Transcriptional adapter 2-beta OS=Homo sapiens OX=9606 GN=TADA2B PE=1 SV=2,20.102649760363818,20.1205238620932,-0.017874101729383085,0.9537204611713784,-0.0582868941664882,-0.015049611360597535,0.988209689194911
HNRNPA0,Q13151,Heterogeneous nuclear ribonucleoprotein A0 OS=Homo sapiens OX=9606 GN=HNRNPA0 PE=1 SV=1,22.95757293924651,22.89520731204517,0.06236562720134131,0.6614405877585725,0.440183113100691,0.1136547910880475,0.8644044998914873
IGLV7-43,P04211,Immunoglobulin lambda variable 7-43 OS=Homo sapiens OX=9606 GN=IGLV7-43 PE=1 SV=2,21.6763456721128,21.41618534722375,0.26016032488904983,0.02357817366225008,2.3252542870064303,0.6003780752848872,0.1819425165006725
SLPI,P03973,Antileukoproteinase OS=Homo sapiens OX=9606 GN=SLPI PE=1 SV=2,22.512000306805263,22.371857748449656,0.14014255835560618,0.41397261161435794,0.8228341294347854,0.21245485866613348,0.7157756203736626
STIP1,P31948,Stress-induced-phosphoprotein 1 OS=Homo sapiens OX=9606 GN=STIP1 PE=1 SV=1,25.200684289309194,25.324957642364335,-0.1242733530551412,0.33858746905841297,-0.964927155507699,-0.24914312023897422,0.6488976072209077
NCF1B,A6NI72,Putative neutrophil cytosol factor 1B OS=Homo sapiens OX=9606 GN=NCF1B PE=5 SV=2,21.206619539694845,20.421035628996304,0.7855839106985414,0.018161702126269892,2.4311618492256426,0.627723290265716,0.15282107455923058
AARS1,A0A6Q8PFK3,Alanine--tRNA ligase OS=Homo sapiens OX=9606 GN=AARS1 PE=1 SV=1,21.850319670550746,21.552611406722136,0.2977082638286106,0.07618307811379285,1.805525503386067,0.46618468038446664,0.3353803839972434
PTPN12,Q05209,Tyrosine-protein phosphatase non-receptor type 12 OS=Homo sapiens OX=9606 GN=PTPN12 PE=1 SV=3,25.344671837291585,25.417747645137734,-0.07307580784614842,0.6224646743521084,-0.49500786305472544,-0.12781048065684486,0.8487294000861828
ARG1,P05089,Arginase-1 OS=Homo sapiens OX=9606 GN=ARG1 PE=1 SV=2,17.121968733618722,20.495529090990786,-3.373560357372064,9.561329469087516e-16,-10.952693681910123,-2.8279733484099405,1.9048293042304351e-13
VARS1,P26640,Valine--tRNA ligase OS=Homo sapiens OX=9606 GN=VARS1 PE=1 SV=4,26.8229172912534,26.70939917921079,0.11351811204260898,0.11509828232649956,1.5997026465436752,0.4130414472631724,0.40624255947128685
HMGB3,O15347,High mobility group protein B3 OS=Homo sapiens OX=9606 GN=HMGB3 PE=1 SV=4,25.636496805283922,25.610287149729015,0.02620965555490784,0.841057839190988,0.20144195212246546,0.05201208838652138,0.9494230532417136
CD14,P08571,Monocyte differentiation antigen CD14 OS=Homo sapiens OX=9606 GN=CD14 PE=1 SV=2,22.5976328541377,22.929584002992193,-0.3319511488544933,0.0006003803866062119,-3.6301537055732807,-0.937301656390564,0.013456025414811723
OLA1,J3KQ32,Obg-like ATPase 1 OS=Homo sapiens OX=9606 GN=OLA1 PE=1 SV=1,25.95005837150496,25.909642357843023,0.040416013661936034,0.5697835771558009,0.5716267923657021,0.1475934031385553,0.8160449092341279
IPO5,O00410,Importin-5 OS=Homo sapiens OX=9606 GN=IPO5 PE=1 SV=4,20.942492816497086,20.931709409213205,0.010783407283881274,0.9240541867944505,0.09574368730007554,0.024720913761178877,0.9802150900651133
EIF2A,Q9BY44,Eukaryotic translation initiation factor 2A OS=Homo sapiens OX=9606 GN=EIF2A PE=1 SV=3,22.138961321925187,20.9242518791897,1.2147094427354865,0.025041346448309826,2.3003991988354526,0.5939605191145728,0.18944782355198111
HCK,P08631,Tyrosine-protein kinase HCK OS=Homo sapiens OX=9606 GN=HCK PE=1 SV=5,24.77082073247608,25.086433328849253,-0.3156125963731746,0.3506503210346509,-0.9409161251885512,-0.24294349886888483,0.6625037150844352
ENSA,Q5T5H1,Endosulfine alpha OS=Homo sapiens OX=9606 GN=ENSA PE=1 SV=1,21.55215495914037,20.99033562857411,0.5618193305662622,0.0013809833972798188,3.3605084023459337,0.8676795384717263,0.027590463482851383
EEF2,P13639,Elongation factor 2 OS=Homo sapiens OX=9606 GN=EEF2 PE=1 SV=4,25.00368404966457,24.626981091182063,0.37670295848250746,0.5418462971917815,0.6136494777646853,0.15844361385276698,0.8051666744886208
PRKACB,P22694,cAMP-dependent protein kinase catalytic subunit beta OS=Homo sapiens OX=9606 GN=PRKACB PE=1 SV=2,21.722520342808895,21.337786917594183,0.3847334252147121,0.30643769914567287,1.031824825916825,0.266416024465282,0.6304202854667855
NT5C3A,Q9H0P0,Cytosolic 5'-nucleotidase 3A OS=Homo sapiens OX=9606 GN=NT5C3A PE=1 SV=3,19.541131369365935,20.098176718287164,-0.5570453489212284,0.19408919759306756,-1.31379204756663,-0.33921964804035337,0.5155951117839448
STX11,O75558,Syntaxin-11 OS=Homo sapiens OX=9606 GN=STX11 PE=1 SV=1,25.15950624167749,24.721845898891576,0.4376603427859145,0.01364305062777977,2.5440672057141427,0.6568753279575542,0.13068163774493843
KRT82,Q9NSB4,"Keratin, type II cuticular Hb2 OS=Homo sapiens OX=9606 GN=KRT82 PE=1 SV=3",27.528414027794366,27.621690000990252,-0.09327597319588676,0.3876232020385856,-0.8704865498815489,-0.2247586607192527,0.6918518305948677
RAP2B,P61225,Ras-related protein Rap-2b OS=Homo sapiens OX=9606 GN=RAP2B PE=1 SV=1,19.697505906696556,19.254884729752355,0.44262117694420056,0.28014534863971147,1.0901734144698616,0.28148156524799,0.6104821045156079
S100A14,Q9HCY8,Protein S100-A14 OS=Homo sapiens OX=9606 GN=S100A14 PE=1 SV=1,20.554142782725698,22.505910088159585,-1.9517673054338864,2.056413671183523e-21,-14.844460234772699,-3.832823151514195,9.217874281080141e-19
CAND2,O75155,Cullin-associated NEDD8-dissociated protein 2 OS=Homo sapiens OX=9606 GN=CAND2 PE=1 SV=3,21.78430136070417,21.734249878236472,0.05005148246769764,0.5957787027464954,0.5334236031184699,0.13772938209011926,0.8325300513348026
MAPK1,P28482,Mitogen-activated protein kinase 1 OS=Homo sapiens OX=9606 GN=MAPK1 PE=1 SV=3,31.247930710156982,31.48706435289773,-0.23913364274074667,0.07029812695051688,-1.8439650459022603,-0.47610972758453657,0.3290980199015059
RAB21,Q9UL25,Ras-related protein Rab-21 OS=Homo sapiens OX=9606 GN=RAB21 PE=1 SV=3,18.181581663643545,18.01706780522338,0.16451385842016464,0.7033946323185676,0.38262746049114804,0.09879398548559018,0.883874172576821
FDPS,P14324,Farnesyl pyrophosphate synthase OS=Homo sapiens OX=9606 GN=FDPS PE=1 SV=4,23.832993135053712,23.861642924452255,-0.02864978939854268,0.8587124668598278,-0.17880689651292148,-0.04616774215877186,0.9533569368914373
RPL4,P36578,Large ribosomal subunit protein uL4 OS=Homo sapiens OX=9606 GN=RPL4 PE=1 SV=5,27.931372632074318,27.342167150548953,0.5892054815253651,0.00011622024706441894,4.134108930810738,1.067422336029156,0.003361014564298438
YBX1,P67809,Y-box-binding protein 1 OS=Homo sapiens OX=9606 GN=YBX1 PE=1 SV=3,17.47662142827831,17.626644990652263,-0.15002356237395276,0.6942095307713525,-0.39511215171779207,-0.1020175188991458,0.8827785026049894
PKP1,Q13835,Plakophilin-1 OS=Homo sapiens OX=9606 GN=PKP1 PE=1 SV=2,26.79124424351882,26.53102377507627,0.2602204684425473,0.2251099020684616,1.226116097932595,0.31658181518731743,0.5460211646503605
HDGF,P51858,Hepatoma-derived growth factor OS=Homo sapiens OX=9606 GN=HDGF PE=1 SV=1,19.561234510107045,19.26342897259384,0.2978055375132058,0.33830168967486685,0.9655027523750548,0.24929173871106736,0.6488976072209077
CCT5,P48643,T-complex protein 1 subunit epsilon OS=Homo sapiens OX=9606 GN=CCT5 PE=1 SV=1,22.618116191215325,22.410941228235025,0.20717496298030014,0.17473141515624296,1.373990716923811,0.3547628776326339,0.49259972857726986
ABI1,Q8IZP0,Abl interactor 1 OS=Homo sapiens OX=9606 GN=ABI1 PE=1 SV=4,27.740852735162004,27.833146407438253,-0.09229367227624863,0.3123942596715089,-1.0190860814705835,-0.26312689479248963,0.6338158117026391
TOMM34,Q15785,Mitochondrial import receptor subunit TOM34 OS=Homo sapiens OX=9606 GN=TOMM34 PE=1 SV=2,25.32969623028505,25.42776121937243,-0.09806498908737993,0.350528771690227,-0.9411553553556687,-0.24300526783242857,0.6625037150844352
RPL22,P35268,Large ribosomal subunit protein eL22 OS=Homo sapiens OX=9606 GN=RPL22 PE=1 SV=2,22.901423532272737,22.796576007362074,0.10484752491066374,0.4868116908490192,0.6998611848655083,0.18070338090940696,0.7692482622050006
MAPKAPK3,Q16644,MAP kinase-activated protein kinase 3 OS=Homo sapiens OX=9606 GN=MAPKAPK3 PE=1 SV=1,24.790964797309375,25.032684593973123,-0.2417197966637481,0.15660730750327426,-1.4351778846731431,-0.3705613364122848,0.46644003713184506
IGHV1-18,A0A0C4DH31,Immunoglobulin heavy variable 1-18 OS=Homo sapiens OX=9606 GN=IGHV1-18 PE=1 SV=1,21.93407584747651,21.852716068531517,0.08135977894499291,0.45537210861642785,0.7515307157784735,0.19404439642489116,0.7454696196057076
UNC45A,A0A1W2PNX8,Unc-45 myosin chaperone A OS=Homo sapiens OX=9606 GN=UNC45A PE=1 SV=1,21.617103887014693,21.389759510337058,0.2273443766776353,0.24886929987769954,1.164797995552742,0.30074954923143676,0.577025987650572
A2ML1,A8K2U0,Alpha-2-macroglobulin-like protein 1 OS=Homo sapiens OX=9606 GN=A2ML1 PE=1 SV=3,25.361935523770917,25.107132909368957,0.25480261440196017,0.08927158959902175,1.7282101001133072,0.4462219290990861,0.3621356564503303
PCBP2,Q15366,Poly(rC)-binding protein 2 OS=Homo sapiens OX=9606 GN=PCBP2 PE=1 SV=1,24.831089446824876,24.529636371698732,0.30145307512614394,0.16811248670411338,1.3957425254543854,0.36037917044522105,0.48246683256943723
FBXO7,Q9Y3I1,F-box only protein 7 OS=Homo sapiens OX=9606 GN=FBXO7 PE=1 SV=1,23.028967890419207,23.102103789876242,-0.07313589945703569,0.788713702555959,-0.26922277215091095,-0.06951302086401814,0.9303708346597594
SRP9,P49458,Signal recognition particle 9 kDa protein OS=Homo sapiens OX=9606 GN=SRP9 PE=1 SV=2,20.072675512534104,19.69639056364554,0.37628494888856423,0.33313010882249183,0.975974894803014,0.2519956342592406,0.6485841714255235
OSTF1,Q92882,Osteoclast-stimulating factor 1 OS=Homo sapiens OX=9606 GN=OSTF1 PE=1 SV=2,24.073056326017262,24.11713307832698,-0.04407675230971719,0.7242449442241601,-0.3545066422484068,-0.09153322143653267,0.8973050774589255
GSTK1,Q9Y2Q3,Glutathione S-transferase kappa 1 OS=Homo sapiens OX=9606 GN=GSTK1 PE=1 SV=3,16.927742993463433,17.211478657294645,-0.2837356638312123,0.4788258948477263,-0.7128026624635826,-0.18404485605691748,0.7638210226530011
DDX1,Q92499,ATP-dependent RNA helicase DDX1 OS=Homo sapiens OX=9606 GN=DDX1 PE=1 SV=2,18.90725368628045,18.607684747756288,0.29956893852416044,0.6341509246573966,0.47841844878209155,0.1235271123100951,0.8549348146510019
CRISPLD2,Q9H0B8,Cysteine-rich secretory protein LCCL domain-containing 2 OS=Homo sapiens OX=9606 GN=CRISPLD2 PE=1 SV=1,26.833793921987787,27.08009364141228,-0.24629971942449203,0.19717229927512056,-1.3046288633732253,-0.3368537240550675,0.5197823524857312
PSMD6,Q15008,26S proteasome non-ATPase regulatory subunit 6 OS=Homo sapiens OX=9606 GN=PSMD6 PE=1 SV=1,20.27294429273996,19.727721800461254,0.5452224922787074,0.015882940042239533,2.4844663592652854,0.6414864555764682,0.14310608791826876
PDE5A,O76074,"cGMP-specific 3',5'-cyclic phosphodiesterase OS=Homo sapiens OX=9606 GN=PDE5A PE=1 SV=2",17.499563742158973,17.318527995834987,0.18103574632398534,0.6155874514193882,0.5048351370789042,0.13034787189912894,0.8454253855058794
WDR44,Q5JSH3,WD repeat-containing protein 44 OS=Homo sapiens OX=9606 GN=WDR44 PE=1 SV=1,21.136768947586933,22.037964876291447,-0.9011959287045137,0.08703371990832082,-1.740730751751767,-0.4494547474510474,0.359243697578252
IPO9,Q96P70,Importin-9 OS=Homo sapiens OX=9606 GN=IPO9 PE=1 SV=3,17.921614844124694,19.37942260548491,-1.4578077613602147,0.0015824365188891818,-3.315319912544003,-0.8560119205755169,0.029555298733003155
DDX1,A0A7I2V4J3,ATP-dependent RNA helicase DDX1 OS=Homo sapiens OX=9606 GN=DDX1 PE=1 SV=1,25.900645343820624,25.473115278896827,0.42753006492379697,0.003076528665842072,3.08950516767985,0.7977068041630542,0.04838785875311259
GP1BB,P13224,Platelet glycoprotein Ib beta chain OS=Homo sapiens OX=9606 GN=GP1BB PE=1 SV=1,26.73104001301046,26.49986048131301,0.23117953169744965,0.27226965170547046,1.108387416927942,0.2861844004605184,0.6022171405383543
FGD3,Q5JSP0,"FYVE, RhoGEF and PH domain-containing protein 3 OS=Homo sapiens OX=9606 GN=FGD3 PE=1 SV=1",21.595034293747286,21.899163115674842,-0.30412882192755575,0.13955384141738267,-1.4980094830597879,-0.3867843853567561,0.4420848721932281
SHOC2,Q9UQ13,Leucine-rich repeat protein SHOC-2 OS=Homo sapiens OX=9606 GN=SHOC2 PE=1 SV=2,19.512070166977523,19.565448016279618,-0.05337784930209466,0.8641762875573497,-0.1718210924018459,-0.044364015293300994,0.9558717357127254
SNRPA,P09012,U1 small nuclear ribonucleoprotein A OS=Homo sapiens OX=9606 GN=SNRPA PE=1 SV=3,23.217007108987794,23.237360230048747,-0.020353121060953328,0.833923003936527,-0.21061873176881418,-0.05438152270266295,0.9468751537683636
ICAM2,P13598,Intercellular adhesion molecule 2 OS=Homo sapiens OX=9606 GN=ICAM2 PE=1 SV=2,16.268698959602617,16.857432711324233,-0.588733751721616,0.3902012583247456,-0.865737358087314,-0.22353242467078493,0.6933903430884727
P2RX1,P51575,P2X purinoceptor 1 OS=Homo sapiens OX=9606 GN=P2RX1 PE=1 SV=1,23.84263640378089,23.969433808064345,-0.12679740428345454,0.4882360887974836,-0.6975652954047555,-0.18011058479965839,0.7706050239558874
PRDX5,P30044,"Peroxiredoxin-5, mitochondrial OS=Homo sapiens OX=9606 GN=PRDX5 PE=1 SV=4",19.285348124119775,19.71042319054986,-0.42507506643008597,0.3771598218584967,-0.8899678778758419,-0.22978871797817949,0.686362037006699
UBAP2L,A0AA34QVE6,Ubiquitin associated protein 2 like OS=Homo sapiens OX=9606 GN=UBAP2L PE=1 SV=1,23.095445000540003,22.996235895296,0.09920910524400384,0.5771703231231722,0.5606873650059494,0.1447688551397974,0.8188385014932914
CHMP5,Q9NZZ3,Charged multivesicular body protein 5 OS=Homo sapiens OX=9606 GN=CHMP5 PE=1 SV=1,25.677602459866186,25.80743854138883,-0.1298360815226438,0.13799354252437684,-1.504054597858686,-0.38834522728622556,0.44013002158316183
IDH2,P48735,"Isocitrate dehydrogenase [NADP], mitochondrial OS=Homo sapiens OX=9606 GN=IDH2 PE=1 SV=2",26.222336956422964,26.189827364313462,0.032509592109501995,0.8215871628298728,0.22652812364238825,0.05848931002097228,0.9442985788166423
PAK2,Q13177,Serine/threonine-protein kinase PAK 2 OS=Homo sapiens OX=9606 GN=PAK2 PE=1 SV=3,27.2010612467696,27.332515003409256,-0.13145375663965453,0.37239388756506575,-0.8989545453900329,-0.23210906555287045,0.6831889649873641
TRRAP,Q9Y4A5,Transformation/transcription domain-associated protein OS=Homo sapiens OX=9606 GN=TRRAP PE=1 SV=3,22.440999896499267,22.29078883398133,0.15021106251793626,0.19988545268334137,1.296653801220545,0.3347945718615809,0.5201663521933688
MYO16,F8W883,Myosin XVI OS=Homo sapiens OX=9606 GN=MYO16 PE=1 SV=2,23.238106018128214,23.058095138334284,0.1800108797939295,0.24375959779420228,1.1776154144788977,0.3040589925675944,0.5735708121325521
PPP1CA,P62136,Serine/threonine-protein phosphatase PP1-alpha catalytic subunit OS=Homo sapiens OX=9606 GN=PPP1CA PE=1 SV=1,22.892798796387115,22.704127023645846,0.18867177274126945,0.3219271383445445,0.9990359881250486,0.2579499829513456,0.6456414808632545
SFPQ,P23246,"Splicing factor, proline- and glutamine-rich OS=Homo sapiens OX=9606 GN=SFPQ PE=1 SV=2",23.948869087175414,24.046434728921394,-0.09756564174598026,0.6335790250144026,-0.47922716435183904,-0.12373592177232515,0.8549348146510019
EIF3F,H0YDT6,Eukaryotic translation initiation factor 3 subunit F OS=Homo sapiens OX=9606 GN=EIF3F PE=1 SV=2,15.195717858869866,15.627906569904036,-0.4321887110341702,0.5079202102280537,-0.6662068130168375,-0.17201385946294198,0.7817175424368242
IGHV1OR15-1,A0A075B7D0,Immunoglobulin heavy variable 1/OR15-1 (non-functional) (Fragment) OS=Homo sapiens OX=9606 GN=IGHV1OR15-1 PE=4 SV=1,26.906820129093038,27.142087427567088,-0.23526729847404937,0.3101457150956705,-1.0238753312475886,-0.26436347376763425,0.6333385183511014
LANCL1,O43813,Glutathione S-transferase LANCL1 OS=Homo sapiens OX=9606 GN=LANCL1 PE=1 SV=1,17.80474453961851,19.453859677895384,-1.6491151382768727,3.168910657637459e-06,-5.157372483346953,-1.3316278492127425,0.00015782935580955457
FARP1,C9JME2,"FERM, ARHGEF and pleckstrin domain-containing protein 1 OS=Homo sapiens OX=9606 GN=FARP1 PE=1 SV=2",26.128346481407984,26.67189824078648,-0.5435517593784951,0.043765808449863886,-2.0613084594343523,-0.5322275556523809,0.2589838103980394
S100A11,P31949,Protein S100-A11 OS=Homo sapiens OX=9606 GN=S100A11 PE=1 SV=2,25.95609910885684,25.92924430787402,0.02685480098282156,0.8598625193547993,0.17733576357381647,0.04578789726722447,0.9534529976519203
LSM8,O95777,U6 snRNA-associated Sm-like protein LSm8 OS=Homo sapiens OX=9606 GN=LSM8 PE=1 SV=3,20.084351507594928,19.713270592005276,0.3710809155896513,0.19805257238571125,1.302032408089687,0.3361833221835798,0.5197823524857312
SNRPD2,P62316,Small nuclear ribonucleoprotein Sm D2 OS=Homo sapiens OX=9606 GN=SNRPD2 PE=1 SV=1,22.010125621367784,22.047782947138895,-0.037657325771110806,0.8304051054381621,-0.21515002632248242,-0.05555149792553746,0.9468751537683636
INHBE,P58166,Inhibin beta E chain OS=Homo sapiens OX=9606 GN=INHBE PE=1 SV=1,21.042850648713046,20.914402069924037,0.1284485787890084,0.2241475187318895,1.2286972278876764,0.3172482600760127,0.545487330610646
STXBP2,Q15833,Syntaxin-binding protein 2 OS=Homo sapiens OX=9606 GN=STXBP2 PE=1 SV=2,20.381515369233956,20.72868110838261,-0.3471657391486538,0.19819065368164543,-1.3016259096570209,-0.33607836473958147,0.5197823524857312
SASH3,O75995,SAM and SH3 domain-containing protein 3 OS=Homo sapiens OX=9606 GN=SASH3 PE=1 SV=2,22.555242072751124,22.61777754841633,-0.06253547566520723,0.7572886991002319,-0.3105067843589076,-0.08017250698043112,0.9174977886462201
ARHGAP1,Q07960,Rho GTPase-activating protein 1 OS=Homo sapiens OX=9606 GN=ARHGAP1 PE=1 SV=1,19.6656959791971,18.69812369447703,0.9675722847200703,0.019412644944624836,2.4044090262423734,0.6208157410738336,0.15726965943276536
MAP2K4,P45985,Dual specificity mitogen-activated protein kinase kinase 4 OS=Homo sapiens OX=9606 GN=MAP2K4 PE=1 SV=1,24.313682584918414,24.155808836988232,0.15787374793018216,0.45618114105901186,0.7501760549061214,0.19369462449166594,0.7454696196057076
HNRNPUL2,Q1KMD3,Heterogeneous nuclear ribonucleoprotein U-like protein 2 OS=Homo sapiens OX=9606 GN=HNRNPUL2 PE=1 SV=1,25.141270324839887,24.97661431164881,0.16465601319107748,0.08538909375598469,1.75010332147573,0.4518747345478525,0.35720773498683284
ARPC5,O15511,Actin-related protein 2/3 complex subunit 5 OS=Homo sapiens OX=9606 GN=ARPC5 PE=1 SV=3,19.8647691952704,19.926881728015246,-0.06211253274484463,0.8873848571946957,-0.14223814045243408,-0.036725729944519246,0.9670152072277904
FGL1,Q08830,Fibrinogen-like protein 1 OS=Homo sapiens OX=9606 GN=FGL1 PE=1 SV=3,24.40645912139383,24.504576891086096,-0.09811776969226571,0.4459230181892525,-0.7674568749614367,-0.1981565130438688,0.7402425624960899
ECM1,Q16610,Extracellular matrix protein 1 OS=Homo sapiens OX=9606 GN=ECM1 PE=1 SV=2,25.3633529429229,24.78327151872065,0.5800814242022518,0.0023575990601513645,3.180993069113577,0.8213288787385402,0.04027220510215665
PARP1,P09874,Poly [ADP-ribose] polymerase 1 OS=Homo sapiens OX=9606 GN=PARP1 PE=1 SV=4,21.192984147282797,23.14195363896034,-1.9489694916775449,1.325517905116773e-08,-6.6090132509710315,-1.7064398837249963,1.0333276538584234e-06
EIF3A,Q14152,Eukaryotic translation initiation factor 3 subunit A OS=Homo sapiens OX=9606 GN=EIF3A PE=1 SV=1,24.60637678032019,24.332674987088055,0.27370179323213506,0.007720014660314635,2.760174371256896,0.7126739581670993,0.09047049860094211
P4HB,A0A7P0TA97,Protein disulfide-isomerase OS=Homo sapiens OX=9606 GN=P4HB PE=1 SV=1,25.713485817319167,25.789098663967266,-0.07561284664809875,0.4196115636003219,-0.8128792259866107,-0.20988451364827457,0.7179041350528409
RPS14,P62263,Small ribosomal subunit protein uS11 OS=Homo sapiens OX=9606 GN=RPS14 PE=1 SV=3,21.289878130799007,21.304665299766064,-0.01478716896705734,0.9042695734859313,-0.12079669664449379,-0.031189572958732925,0.972618683419481
TRMT1L,Q7Z2T5,TRMT1-like protein OS=Homo sapiens OX=9606 GN=TRMT1L PE=1 SV=2,20.3212100491098,20.36890597183425,-0.047695922724447115,0.7771349505137348,-0.2843761865339604,-0.07342561563360017,0.9289871273750642
LACRT,Q9GZZ8,Extracellular glycoprotein lacritin OS=Homo sapiens OX=9606 GN=LACRT PE=1 SV=1,22.24317049765649,22.227887294972977,0.015283202683512798,0.9550089824038072,0.056662269332481106,0.014630135032201237,0.988209689194911
AP3D1,O14617,AP-3 complex subunit delta-1 OS=Homo sapiens OX=9606 GN=AP3D1 PE=1 SV=1,16.795439985683053,16.698230175743248,0.09720980993980533,0.7960245895496226,0.25968729422790454,0.06705097105108931,0.932137038282842
PDHA2,P29803,"Pyruvate dehydrogenase E1 component subunit alpha, testis-specific form, mitochondrial OS=Homo sapiens OX=9606 GN=PDHA2 PE=1 SV=1",19.33495744893099,19.232118507464122,0.10283894146686734,0.7728382898415678,0.290016067168977,0.07488182655186797,0.9284129524860075
NOTUM,Q6P988,Palmitoleoyl-protein carboxylesterase NOTUM OS=Homo sapiens OX=9606 GN=NOTUM PE=1 SV=2,21.65615750917457,21.469638677415094,0.18651883175947503,0.09539500829038321,1.695227941770027,0.4377059724333861,0.37509484619442346
PLCB2,Q00722,"1-phosphatidylinositol 4,5-bisphosphate phosphodiesterase beta-2 OS=Homo sapiens OX=9606 GN=PLCB2 PE=1 SV=2",26.589337443322652,26.509773702642892,0.07956374067975958,0.5948543391892664,0.5347683213011406,0.13807658683190763,0.8325300513348026
CSTB,P04080,Cystatin-B OS=Homo sapiens OX=9606 GN=CSTB PE=1 SV=2,19.770865783788867,19.010290968703067,0.7605748150857998,0.047257801769399976,2.027090354220456,0.5233924788769014,0.27187255352820006
H3-3A; H3-3B,P84243,Histone H3.3 OS=Homo sapiens OX=9606 GN=H3-3A PE=1 SV=2,25.304255148844234,25.552547129796917,-0.24829198095268268,0.07014798438590852,-1.8449806179534989,-0.4763719471606247,0.3290980199015059
AP3B1,O00203,AP-3 complex subunit beta-1 OS=Homo sapiens OX=9606 GN=AP3B1 PE=1 SV=3,21.674633872406314,21.657645818770632,0.01698805363568212,0.9324372336187512,0.08514767141684615,0.021985034224385764,0.9802150900651133
CLINT1,Q14677,Clathrin interactor 1 OS=Homo sapiens OX=9606 GN=CLINT1 PE=1 SV=1,22.622039187569168,23.095150785378404,-0.4731115978092362,0.019155113845769036,-2.4097875503225876,-0.6222044700198234,0.15682702797015471
LAP3,P28838,Cytosol aminopeptidase OS=Homo sapiens OX=9606 GN=LAP3 PE=1 SV=3,25.68866099547465,25.732115799325978,-0.04345480385132916,0.5591658460677936,-0.587473720937694,-0.15168506250174613,0.8121267221871533
CTSD,C9JH19,Cathepsin D OS=Homo sapiens OX=9606 GN=CTSD PE=1 SV=2,21.375349430336144,21.558828936866345,-0.18347950653020106,0.3557533334418004,-0.930920724734289,-0.24036269756901607,0.6664529313018803
GSTM1,E7EWW9,Glutathione S-transferase OS=Homo sapiens OX=9606 GN=GSTM1 PE=1 SV=1,16.977604655110273,17.28909486446638,-0.3114902093561085,0.40009331447540475,-0.847693553055416,-0.21887353424473463,0.7039914748325816
BTF3,P20290,Transcription factor BTF3 OS=Homo sapiens OX=9606 GN=BTF3 PE=1 SV=1,19.200029942773465,19.13450418558138,0.0655257571920842,0.8187303764210239,0.2302206634371933,0.05944271969633816,0.9422230840326674
PPP2R5E,Q16537,Serine/threonine-protein phosphatase 2A 56 kDa regulatory subunit epsilon isoform OS=Homo sapiens OX=9606 GN=PPP2R5E PE=1 SV=1,18.256517503710594,17.30927017951848,0.9472473241921122,0.008239452972663881,2.7359886743192274,0.7064292380700318,0.09409770178335249
HK1,P19367,Hexokinase-1 OS=Homo sapiens OX=9606 GN=HK1 PE=1 SV=3,17.27771682409862,17.688175800641783,-0.41045897654316477,0.3855424146973503,-0.8743341174718462,-0.22575209839929464,0.6905869625897593
STK39,Q9UEW8,STE20/SPS1-related proline-alanine-rich protein kinase OS=Homo sapiens OX=9606 GN=STK39 PE=1 SV=3,19.41884451909583,17.243926138731855,2.1749183803639767,0.00017266525338439535,4.015437808891488,1.0367815841045556,0.0048290422348488795
LSM2,Q9Y333,U6 snRNA-associated Sm-like protein LSm2 OS=Homo sapiens OX=9606 GN=LSM2 PE=1 SV=1,19.70599557938742,18.275898735924482,1.4300968434629375,0.0187760447959431,2.417823573858061,0.6242793623746645,0.1565834805540743
PACS1,Q6VY07,Phosphofurin acidic cluster sorting protein 1 OS=Homo sapiens OX=9606 GN=PACS1 PE=1 SV=2,23.360555462367117,23.141708086731803,0.2188473756353133,0.19444197486627673,1.3127380456314393,0.3389475059108958,0.5157314510876245
TRIP10,Q15642,Cdc42-interacting protein 4 OS=Homo sapiens OX=9606 GN=TRIP10 PE=1 SV=3,27.333529434266357,27.209772779978167,0.12375665428819005,0.2044267044460283,1.283484763208597,0.3313943408678578,0.5217067806073415
RPL5,P46777,Large ribosomal subunit protein uL18 OS=Homo sapiens OX=9606 GN=RPL5 PE=1 SV=3,23.747289950075526,23.90296152288774,-0.15567157281221355,0.5176617328513796,-0.6509308742957964,-0.16806962904532355,0.785872611952955
ABCE1,P61221,ATP-binding cassette sub-family E member 1 OS=Homo sapiens OX=9606 GN=ABCE1 PE=1 SV=1,24.488604774289765,24.234858798831677,0.25374597545808797,0.16694150447426961,1.39965903714655,0.36139040941581974,0.48123170019672895
MANF,P55145,Mesencephalic astrocyte-derived neurotrophic factor OS=Homo sapiens OX=9606 GN=MANF PE=1 SV=3,27.06658113037273,27.299707936553308,-0.23312680618057868,0.17913338588114353,-1.3598717710013757,-0.35111738147106086,0.5002899702256859
PGAM1,P18669,Phosphoglycerate mutase 1 OS=Homo sapiens OX=9606 GN=PGAM1 PE=1 SV=2,25.03880235359616,24.97212607700743,0.06667627658872988,0.5765506372017813,0.5616024687335182,0.14500513390625913,0.8188385014932914
PFKP,Q01813,"ATP-dependent 6-phosphofructokinase, platelet type OS=Homo sapiens OX=9606 GN=PFKP PE=1 SV=2",23.87217877029322,22.967094484996824,0.9050842852963967,0.003935749840399093,3.0034331588341363,0.775483107040783,0.057372353364516855
CDA,P32320,Cytidine deaminase OS=Homo sapiens OX=9606 GN=CDA PE=1 SV=2,17.74770269387915,17.095551772090083,0.6521509217890653,0.12073165994898107,1.5748451538949186,0.4066232702593651,0.41408948664532713
POLR1B,Q9H9Y6,DNA-directed RNA polymerase I subunit RPA2 OS=Homo sapiens OX=9606 GN=POLR1B PE=1 SV=2,21.811069183645923,21.654039071614577,0.15703011203134665,0.5304729810205099,0.6310714023725067,0.1629419354437652,0.7965980359880855
CRYAB,P02511,Alpha-crystallin B chain OS=Homo sapiens OX=9606 GN=CRYAB PE=1 SV=2,23.32441061195645,23.04093686286348,0.28347374909296974,0.042488538106986606,2.0744169268673294,0.5356121473898624,0.2581729256798976
MTPN,P58546,Myotrophin OS=Homo sapiens OX=9606 GN=MTPN PE=1 SV=2,20.18587964757858,19.91025411773907,0.2756255298395125,0.1330149889021435,1.523712067496617,0.39342076412197785,0.43810302184245603
POF1B,Q8WVV4,Protein POF1B OS=Homo sapiens OX=9606 GN=POF1B PE=1 SV=3,19.13056000823602,19.527339710092786,-0.39677970185676514,0.13809746598311928,-1.5036502891557524,-0.38824083522801306,0.44013002158316183
IGHD,P01880,Immunoglobulin heavy constant delta OS=Homo sapiens OX=9606 GN=IGHD PE=1 SV=4,22.74400470386638,22.440487696189578,0.30351700767680256,0.055070132906015125,1.9578008928824164,0.5055020168882407,0.2895623117316279
CPNE3,O75131,Copine-3 OS=Homo sapiens OX=9606 GN=CPNE3 PE=1 SV=1,21.985227925601134,21.875841716572236,0.10938620902889795,0.6529372972063521,0.45202456249141604,0.11671224017372987,0.8595977833941577
KIAA0825,A0A994J718,KIAA0825 OS=Homo sapiens OX=9606 GN=KIAA0825 PE=1 SV=1,30.24355717319094,30.2277463242592,0.01581084893173923,0.8592498606628513,0.1781194202291018,0.04599023654556212,0.9533632426785225
ARHGEF1,Q92888,Rho guanine nucleotide exchange factor 1 OS=Homo sapiens OX=9606 GN=ARHGEF1 PE=1 SV=2,21.256668641236036,20.946721579306338,0.309947061929698,0.2243532791370987,1.2281446927136876,0.3171055961075426,0.545487330610646
NONO,A0A7I2V535,Non-POU domain containing octamer binding OS=Homo sapiens OX=9606 GN=NONO PE=1 SV=1,16.519554246132873,16.501545193563597,0.018009052569276207,0.95719084643884,0.053911622737035376,0.013919921135170344,0.988209689194911
PIP5K1C,O60331,Phosphatidylinositol 4-phosphate 5-kinase type-1 gamma OS=Homo sapiens OX=9606 GN=PIP5K1C PE=1 SV=2,19.499449018949104,19.429567429316403,0.06988158963270052,0.8343908215025179,0.2100164837216445,0.05422602292553135,0.9468751537683636
GSTP1,P09211,Glutathione S-transferase P OS=Homo sapiens OX=9606 GN=GSTP1 PE=1 SV=2,24.60581343293962,24.69447043404772,-0.08865700110809982,0.6952201204082333,-0.39373549790579715,-0.10166206841332251,0.8828113851926079
CALR,P27797,Calreticulin OS=Homo sapiens OX=9606 GN=CALR PE=1 SV=1,24.021063368533962,23.90749580313511,0.11356756539885282,0.568203746340546,0.5739754129508701,0.14819981436608298,0.8156840009516406
SERPINB5,P36952,Serpin B5 OS=Homo sapiens OX=9606 GN=SERPINB5 PE=1 SV=2,25.05264967107339,25.205057905229935,-0.15240823415654603,0.11736915720604031,-1.5895669657399927,-0.4104244257328298,0.40767307581004353
COL1A1,P02452,Collagen alpha-1(I) chain OS=Homo sapiens OX=9606 GN=COL1A1 PE=1 SV=6,20.066313843766263,19.901716861226912,0.16459698253935073,0.7783952183537676,0.2827236838226767,0.07299894126824255,0.9289871273750642
ANK1,P16157,Ankyrin-1 OS=Homo sapiens OX=9606 GN=ANK1 PE=1 SV=3,20.6440496123758,20.55469167988309,0.08935793249271029,0.6529579798739618,0.4519956829679956,0.1167047835128463,0.8595977833941577
EPHB2,P29323,Ephrin type-B receptor 2 OS=Homo sapiens OX=9606 GN=EPHB2 PE=1 SV=5,18.76943578146661,17.9120709104872,0.8573648709794099,2.44887332564366e-05,4.587283163080037,1.1844314196631112,0.0010361423247670005
CAPG,P40121,Macrophage-capping protein OS=Homo sapiens OX=9606 GN=CAPG PE=1 SV=2,17.960534833849103,17.646048107707493,0.31448672614160955,0.35227955603438965,0.9377147007698348,0.24211689463836272,0.6641821703151005
GRN,P28799,Progranulin OS=Homo sapiens OX=9606 GN=GRN PE=1 SV=2,22.72395629642994,23.2074120010675,-0.48345570463756005,0.0025812069957379816,-3.1500165446900685,-0.8133307745241646,0.0428594532815094
CST3,P01034,Cystatin-C OS=Homo sapiens OX=9606 GN=CST3 PE=1 SV=1,21.597698396059254,20.99621149962932,0.6014868964299325,0.0021198908456635138,3.2171086492539662,0.8306538814333634,0.03726435574779098
EIF3B,P55884,Eukaryotic translation initiation factor 3 subunit B OS=Homo sapiens OX=9606 GN=EIF3B PE=1 SV=3,25.30305190490406,25.340088017076834,-0.03703611217277469,0.8212331537862391,-0.2269855266969574,-0.05860741098182901,0.9442985788166423
MAPKAPK2,P49137,MAP kinase-activated protein kinase 2 OS=Homo sapiens OX=9606 GN=MAPKAPK2 PE=1 SV=1,24.202955661848545,23.413976501192582,0.7889791606559626,0.07739686319203355,1.7979086230200572,0.46421801033062604,0.3376461695944432
SDF2L1,Q9HCN8,Stromal cell-derived factor 2-like protein 1 OS=Homo sapiens OX=9606 GN=SDF2L1 PE=1 SV=2,21.026172576075847,20.185477688003417,0.8406948880724308,0.08835919464228897,1.7332831550007606,0.44753178623865303,0.3600637181673276
STK26,Q9P289,Serine/threonine-protein kinase 26 OS=Homo sapiens OX=9606 GN=STK26 PE=1 SV=2,23.49859324175537,23.498901501227635,-0.00030825947226631456,0.9972567430505817,-0.0034530206118431575,-0.0008915660882519663,0.9980277860036975
ACTR1A,P61163,Alpha-centractin OS=Homo sapiens OX=9606 GN=ACTR1A PE=1 SV=1,23.90649330781707,23.993470425191237,-0.08697711737416824,0.5067417286789535,-0.6680654368491626,-0.17249375407290599,0.7814368467953865
CORO1B,Q9BR76,Coronin-1B OS=Homo sapiens OX=9606 GN=CORO1B PE=1 SV=1,23.958514299721188,24.447388160657226,-0.4888738609360388,0.1505809174467706,-1.45673987884174,-0.3761286193673513,0.4567790040319908
PTGES3,A0A087WYT3,Prostaglandin E synthase 3 OS=Homo sapiens OX=9606 GN=PTGES3 PE=1 SV=1,17.95402066910636,18.3229165809065,-0.36889591180014136,0.3997942100556874,-0.8482350655854893,-0.21901335217878373,0.7039914748325816
EDF1,O60869,Endothelial differentiation-related factor 1 OS=Homo sapiens OX=9606 GN=EDF1 PE=1 SV=1,22.364960251376342,22.306414679213464,0.05854557216287759,0.702688874369626,0.3835845815924095,0.09904111309128948,0.883874172576821
TSPAN9,B5MD23,Tetraspanin OS=Homo sapiens OX=9606 GN=TSPAN9 PE=1 SV=1,20.747120671522286,20.430360193780135,0.3167604777421502,0.286996840278668,1.0746163259002712,0.27746474225162354,0.6162698618199423
EIF4E,P06730,Eukaryotic translation initiation factor 4E OS=Homo sapiens OX=9606 GN=EIF4E PE=1 SV=2,19.835525361644418,19.509508843716343,0.32601651792807473,0.041851566358406395,2.081082316114565,0.5373331434932312,0.25786892948667584
SERPINB12,Q96P63,Serpin B12 OS=Homo sapiens OX=9606 GN=SERPINB12 PE=1 SV=1,23.410236050997387,23.363630046391577,0.04660600460580966,0.5730192003245946,0.5668265433018224,0.14635398415975168,0.8173615164534592
AP2A1,O95782,AP-2 complex subunit alpha-1 OS=Homo sapiens OX=9606 GN=AP2A1 PE=1 SV=3,24.83875640662535,24.790379439790772,0.04837696683457793,0.6287805616067959,0.4860251984083963,0.12549116661819162,0.8518393231700581
MAP4,P27816,Microtubule-associated protein 4 OS=Homo sapiens OX=9606 GN=MAP4 PE=1 SV=3,19.63031842373029,19.623943370802102,0.006375052928188296,0.9723789221767674,0.034774545088319786,0.008978748933266764,0.9906110269675817
RPS12,P25398,Small ribosomal subunit protein eS12 OS=Homo sapiens OX=9606 GN=RPS12 PE=1 SV=3,20.87554252624602,20.909914428553613,-0.03437190230759413,0.7895699188060623,-0.2681047527211969,-0.06922434948855022,0.9303940026817501
CRABP2,P29373,Cellular retinoic acid-binding protein 2 OS=Homo sapiens OX=9606 GN=CRABP2 PE=1 SV=2,23.02757226261593,20.898596889591285,2.1289753730246446,3.593668214004567e-12,8.738276558642116,2.2562133057450384,4.956497775161684e-10
ALDH1A3,P47895,Retinaldehyde dehydrogenase 3 OS=Homo sapiens OX=9606 GN=ALDH1A3 PE=1 SV=2,19.20442322601235,18.787875025921252,0.4165482000910963,0.46482040445406936,0.7357956343119135,0.18998161586014425,0.748135534278408
RAB11A,P62491,Ras-related protein Rab-11A OS=Homo sapiens OX=9606 GN=RAB11A PE=1 SV=3,20.33431307015494,20.34245218724646,-0.008139117091520376,0.9668290017704081,-0.04176560414151992,-0.01078383261895988,0.990284578482698
EVPL,Q92817,Envoplakin OS=Homo sapiens OX=9606 GN=EVPL PE=1 SV=3,21.75733570286104,21.237254205357786,0.5200814975032557,0.20849253808470095,1.2718783886889886,0.3283975878529051,0.5288667405116882
TRIM25,Q14258,E3 ubiquitin/ISG15 ligase TRIM25 OS=Homo sapiens OX=9606 GN=TRIM25 PE=1 SV=2,20.940371444179405,20.173457435047318,0.766914009132087,0.0014627230354045527,3.3414665856761037,0.8627629625488071,0.028200670994412508
NCKAP1,A0A994J6K9,Nck-associated protein 1 OS=Homo sapiens OX=9606 GN=NCKAP1 PE=1 SV=1,25.06542861249139,24.498146788878206,0.567281823613186,0.003297479720848008,3.0654094574850905,0.7914853185430979,0.051412009908525895
EIF3I,A0A7I2V607,Eukaryotic translation initiation factor 3 subunit I OS=Homo sapiens OX=9606 GN=EIF3I PE=1 SV=1,21.20496964825728,20.741679800263814,0.4632898479934653,0.009968075862303544,2.664497106028658,0.6879701945111235,0.10391139547157124
KPNB1,Q14974,Importin subunit beta-1 OS=Homo sapiens OX=9606 GN=KPNB1 PE=1 SV=2,20.52663170154242,20.997058449964864,-0.4704267484224438,0.2111963413339158,-1.2642529888279745,-0.32642871807491314,0.5313668847978812
DNAJC8,O75937,DnaJ homolog subfamily C member 8 OS=Homo sapiens OX=9606 GN=DNAJC8 PE=1 SV=2,20.03099558249949,20.510994446921245,-0.47999886442175566,0.008345327800609204,-2.7312313911053203,-0.7052009128259882,0.09410800469492013
NCF4,Q15080,Neutrophil cytosol factor 4 OS=Homo sapiens OX=9606 GN=NCF4 PE=1 SV=2,22.430880998713842,22.04881599301285,0.3820650057009942,0.10998262892431943,1.6231412720186487,0.4190932743380099,0.39918796287713504
KTN1,Q86UP2,Kinectin OS=Homo sapiens OX=9606 GN=KTN1 PE=1 SV=1,19.098002520761483,19.46587787917972,-0.36787535841823527,0.34192742561721456,-0.9582236227105317,-0.24741227551336192,0.6535990129335456
KHDRBS1,Q07666,"KH domain-containing, RNA-binding, signal transduction-associated protein 1 OS=Homo sapiens OX=9606 GN=KHDRBS1 PE=1 SV=1",16.754657980855825,17.04314836496143,-0.2884903841056037,0.5118122188673389,-0.6600850120105393,-0.17043321723986277,0.7830028228917565
DAZAP1,Q96EP5,DAZ-associated protein 1 OS=Homo sapiens OX=9606 GN=DAZAP1 PE=1 SV=1,21.232669305899666,20.986260561813967,0.24640874408569857,0.3468630684731079,0.948395629381209,0.2448746985472883,0.6595180082420811
TRIM4,Q9C037,E3 ubiquitin-protein ligase TRIM4 OS=Homo sapiens OX=9606 GN=TRIM4 PE=1 SV=2,22.205268929631377,22.134630689193646,0.07063824043773081,0.7773359208178401,0.2841126152141793,0.0733575618114635,0.9289871273750642
STXBP3,O00186,Syntaxin-binding protein 3 OS=Homo sapiens OX=9606 GN=STXBP3 PE=1 SV=2,26.704811494034686,26.602065188418816,0.10274630561587017,0.07161298297584158,1.835148418489745,0.4738332841753108,0.3305798534527737
PPP1CB,A0A8V8TRH9,Serine/threonine-protein phosphatase OS=Homo sapiens OX=9606 GN=PPP1CB PE=1 SV=1,22.564426161960352,22.775774348111977,-0.21134818615162487,0.6832866075225625,-0.41004090416297606,-0.10587210620580254,0.8763468435536156
IDH1,O75874,Isocitrate dehydrogenase [NADP] cytoplasmic OS=Homo sapiens OX=9606 GN=IDH1 PE=1 SV=2,18.13426749287049,18.288326530737525,-0.1540590378670359,0.6346448624096395,-0.4777202331553214,-0.12334683381045893,0.8549348146510019
SPN,P16150,Leukosialin OS=Homo sapiens OX=9606 GN=SPN PE=1 SV=1,19.964508436839605,20.409686927979006,-0.44517849113940144,0.1683374980041453,-1.39499235327098,-0.36018547682034663,0.48246683256943723
ZWINT,O95229,Outer kinetochore KNL1 complex subunit ZWINT OS=Homo sapiens OX=9606 GN=ZWINT PE=1 SV=2,24.069859470145005,24.166481077227505,-0.09662160708250056,0.6212213272991522,-0.49678094583106175,-0.12826828866112475,0.8480630135362184
IGFBP7,Q16270,Insulin-like growth factor-binding protein 7 OS=Homo sapiens OX=9606 GN=IGFBP7 PE=1 SV=1,21.529784873343086,21.69856567302568,-0.16878079968259385,0.44291382941208657,-0.7725700121650277,-0.1994767193929609,0.7373107478626915
RAB27B,O00194,Ras-related protein Rab-27B OS=Homo sapiens OX=9606 GN=RAB27B PE=1 SV=4,25.956398600496843,25.82381659034826,0.13258201014858173,0.28460246393790894,1.0800234088831964,0.27886084507458553,0.61333199259696
GCA,P28676,Grancalcin OS=Homo sapiens OX=9606 GN=GCA PE=1 SV=2,20.87803003183603,21.06305813630906,-0.1850281044730302,0.07023968554722297,-1.8443601293209726,-0.47621173768460573,0.3290980199015059
DAAM1,Q9Y4D1,Disheveled-associated activator of morphogenesis 1 OS=Homo sapiens OX=9606 GN=DAAM1 PE=1 SV=2,21.169543580945703,20.627124932147304,0.5424186487983995,0.0027834650296008844,3.1240943388197486,0.8066376897486505,0.04537047998249442
PDCD4,Q53EL6,Programmed cell death protein 4 OS=Homo sapiens OX=9606 GN=PDCD4 PE=1 SV=2,21.860635958448302,21.90919235517541,-0.048556396727107654,0.8051224313690157,-0.24785442654015422,-0.06399573775158714,0.9363092743971592
STAT3,A0A7I2YQR5,Signal transducer and activator of transcription OS=Homo sapiens OX=9606 GN=STAT3 PE=1 SV=1,17.054447933325495,16.59959590929588,0.45485202402961633,0.17664939371628277,1.3678059190478278,0.3531659696877445,0.49538588034940373
PPP2R1A,C9J9C1,Protein phosphatase 2 scaffold subunit Aalpha OS=Homo sapiens OX=9606 GN=PPP2R1A PE=1 SV=3,18.591067806067336,18.094577038565863,0.4964907675014736,0.03588964491592615,2.148159607532812,0.5546524256646694,0.23485450121991092
RNASE1,P07998,Ribonuclease pancreatic OS=Homo sapiens OX=9606 GN=RNASE1 PE=1 SV=4,26.79125733845918,26.83674246354025,-0.04548512508107194,0.7978053884846443,-0.2573682880680965,-0.06645220623531005,0.932137038282842
ALOX12,P18054,Polyunsaturated fatty acid lipoxygenase ALOX12 OS=Homo sapiens OX=9606 GN=ALOX12 PE=1 SV=4,20.697355001250028,21.42753678131239,-0.7301817800623631,0.008577257031251423,-2.7210006975628875,-0.7025593591119885,0.09499259867368912
IGLV8-61,A0A075B6I0,Immunoglobulin lambda variable 8-61 OS=Homo sapiens OX=9606 GN=IGLV8-61 PE=1 SV=7,23.679810832779594,23.68692037073081,-0.0071095379512158274,0.9353261766086756,-0.0814984138646473,-0.02104279997600658,0.9802150900651133
MYH7B,A7E2Y1,Myosin-7B OS=Homo sapiens OX=9606 GN=MYH7B PE=1 SV=4,21.82595595338862,21.363475383501928,0.46248056988669006,0.30098421393179037,1.0436361503440814,0.2694656953188431,0.6289798316779721
TRIM29,Q14134,Tripartite motif-containing protein 29 OS=Homo sapiens OX=9606 GN=TRIM29 PE=1 SV=2,22.205390396765527,22.145163883191678,0.06022651357384845,0.40670791718048926,0.8357812906055606,0.2157978013058052,0.7100557891963166
RPS6KA1,Q15418,Ribosomal protein S6 kinase alpha-1 OS=Homo sapiens OX=9606 GN=RPS6KA1 PE=1 SV=2,16.352670555772985,16.76682164996545,-0.41415109419246576,0.32623439960024636,-0.9901072479281012,-0.25564459214565294,0.6477721799371448
Unknown,A0A087WV05,c-Myc-binding protein OS=Homo sapiens OX=9606 PE=3 SV=1,20.60636368326274,20.64734393968961,-0.0409802564268702,0.9261214822469773,-0.09312969503385705,-0.0240459838602336,0.9802150900651133
PPL,O60437,Periplakin OS=Homo sapiens OX=9606 GN=PPL PE=1 SV=4,25.350990542944555,25.42888644674948,-0.07789590380492584,0.5689844763342655,-0.5728143585027093,-0.14790003139663188,0.8160449092341279
GGCT,O75223,Gamma-glutamylcyclotransferase OS=Homo sapiens OX=9606 GN=GGCT PE=1 SV=1,20.867002891549532,20.840487100111755,0.02651579143777738,0.878679817483196,0.1533178341753252,0.03958649456250833,0.963591995564141
SLIT1,O75093,Slit homolog 1 protein OS=Homo sapiens OX=9606 GN=SLIT1 PE=1 SV=4,28.66783521633091,28.947467469748666,-0.27963225341775555,0.05647925608970481,-1.946211794965674,-0.5025097246729666,0.2952399596759205
ITGAM,P11215,Integrin alpha-M OS=Homo sapiens OX=9606 GN=ITGAM PE=1 SV=2,22.049473400014527,22.036066276077253,0.013407123937273724,0.9359332036762265,0.08073177085819157,0.02084485360290728,0.9802150900651133
SH3BP1,Q9Y3L3,SH3 domain-binding protein 1 OS=Homo sapiens OX=9606 GN=SH3BP1 PE=1 SV=3,21.861081502801476,21.91906193814801,-0.057980435346532744,0.805842158076594,-0.24691985847199133,-0.06375443331399433,0.9363092743971592
VPS13A,Q96RL7,Intermembrane lipid transfer protein VPS13A OS=Homo sapiens OX=9606 GN=VPS13A PE=1 SV=2,26.01958193493731,26.204248996718704,-0.18466706178139347,0.13854404401025588,-1.5019156340576603,-0.38779294920759144,0.4404423243092
RSF1,Q96T23,Remodeling and spacing factor 1 OS=Homo sapiens OX=9606 GN=RSF1 PE=1 SV=2,21.460502574233782,21.47501436199175,-0.014511787757967909,0.9318155047825905,-0.0859331765395288,-0.022187850774953128,0.9802150900651133
CCDC150,Q8NCX0,Coiled-coil domain-containing protein 150 OS=Homo sapiens OX=9606 GN=CCDC150 PE=1 SV=2,28.947632035811615,29.075373931934028,-0.12774189612241216,0.3237838008356325,-0.9951774879624388,-0.25695372249327053,0.6456414808632545
EPB42,P16452,Protein 4.2 OS=Homo sapiens OX=9606 GN=EPB42 PE=1 SV=3,20.775357658361184,20.632281299774437,0.14307635858674672,0.2769472862733221,1.0975257797715703,0.28337993780590676,0.6063082836240128
GUCY1A2,P33402,Guanylate cyclase soluble subunit alpha-2 OS=Homo sapiens OX=9606 GN=GUCY1A2 PE=1 SV=1,19.56395601463025,21.203561030993303,-1.6396050163630527,6.0793738121994175e-05,-4.325125005273214,-1.1167424743792282,0.0021373171069163834
EIF3D,O15371,Eukaryotic translation initiation factor 3 subunit D OS=Homo sapiens OX=9606 GN=EIF3D PE=1 SV=1,24.74761608100065,24.93513208411171,-0.18751600311106031,0.16434464326479853,-1.4084208006174523,-0.36365268701623404,0.4760419149818801
MTHFD1,P11586,"C-1-tetrahydrofolate synthase, cytoplasmic OS=Homo sapiens OX=9606 GN=MTHFD1 PE=1 SV=4",25.774713779412018,25.564675181148132,0.2100385982638855,0.18623552942690755,1.3376400389135517,0.34537717292882847,0.5105815049884483
NACA4P,Q9BZK3,Putative nascent polypeptide-associated complex subunit alpha-like protein OS=Homo sapiens OX=9606 GN=NACA4P PE=5 SV=1,18.74261877590123,19.421399351935182,-0.6787805760339509,0.007039821475498194,-2.794215077903479,-0.7214632308294556,0.08586666602427388
NARS1,O43776,"Asparagine--tRNA ligase, cytoplasmic OS=Homo sapiens OX=9606 GN=NARS1 PE=1 SV=1",19.77683360888442,19.355566203384022,0.421267405500398,0.30962575636731604,1.0249861531992837,0.2646502867622687,0.6333385183511014
CBL,P22681,E3 ubiquitin-protein ligase CBL OS=Homo sapiens OX=9606 GN=CBL PE=1 SV=2,16.817321511973333,16.67835851188331,0.1389630000900226,0.7049303216870351,0.3805460460502299,0.0982565665878414,0.883874172576821
PTPN1,P18031,Tyrosine-protein phosphatase non-receptor type 1 OS=Homo sapiens OX=9606 GN=PTPN1 PE=1 SV=1,17.450614057464314,17.926885414518274,-0.4762713570539603,0.365363204109446,-0.9123462623403238,-0.23556679200124384,0.6753771363463685
TESK1,Q15569,Dual specificity testis-specific protein kinase 1 OS=Homo sapiens OX=9606 GN=TESK1 PE=1 SV=2,21.219943947401273,21.014587916020268,0.20535603138100456,0.5266626735597406,0.6369514066390548,0.1644601460170965,0.7935345997416932
RPS3A,P61247,Small ribosomal subunit protein eS1 OS=Homo sapiens OX=9606 GN=RPS3A PE=1 SV=2,19.26242168510144,19.02049153489933,0.2419301502021085,0.5076826358716648,0.6665813125842666,0.172110554835463,0.7817175424368242
USP8,H0YNL5,Ubiquitin specific peptidase 8 (Fragment) OS=Homo sapiens OX=9606 GN=USP8 PE=1 SV=1,22.053281965702702,21.61468129689874,0.43860066880396076,0.0007619217041029355,3.55413699568537,0.9176742262952732,0.016459344764536907
EIF3H,O15372,Eukaryotic translation initiation factor 3 subunit H OS=Homo sapiens OX=9606 GN=EIF3H PE=1 SV=1,22.868193726678115,22.666685541485204,0.20150818519291036,0.2420287972389585,1.1820008833027413,0.3051913157489316,0.5718371228066635
DSC3,Q14574,Desmocollin-3 OS=Homo sapiens OX=9606 GN=DSC3 PE=1 SV=3,21.72996777296051,21.862745508289873,-0.13277773532936266,0.4405247392424383,-0.7766440196866097,-0.20052862361185494,0.7347542860108762
TGM1,P22735,Protein-glutamine gamma-glutamyltransferase K OS=Homo sapiens OX=9606 GN=TGM1 PE=1 SV=4,25.238080062522275,25.173280915954834,0.06479914656744157,0.43202021252331657,0.7912531184493317,0.2043006766925964,0.7302759452447268
ADAMTSL4,Q6UY14,ADAMTS-like protein 4 OS=Homo sapiens OX=9606 GN=ADAMTSL4 PE=1 SV=2,19.85697782540388,20.302861199724724,-0.445883374320843,0.057597538505675575,-1.937189136358231,-0.5001800842379571,0.2989599776081958
RARS1,P54136,"Arginine--tRNA ligase, cytoplasmic OS=Homo sapiens OX=9606 GN=RARS1 PE=1 SV=2",17.633114739798366,16.9478507224992,0.6852640172991649,0.11713262732093362,1.5906152668364564,0.41069509591205744,0.40767307581004353
PIP,P12273,Prolactin-inducible protein OS=Homo sapiens OX=9606 GN=PIP PE=1 SV=1,18.01056430214167,18.216493614765866,-0.20592931262419611,0.5712795063926133,-0.5694058384929583,-0.1470199553144332,0.8161837461244915
LIPC,E7EUK6,Hepatic triacylglycerol lipase OS=Homo sapiens OX=9606 GN=LIPC PE=1 SV=1,22.412673389511344,22.347643022364625,0.0650303671467185,0.7261392051456039,0.35196623107696157,0.09087729009256422,0.8973111736174242
LCP1,P13796,Plastin-2 OS=Homo sapiens OX=9606 GN=LCP1 PE=1 SV=6,20.95724622199055,21.436221858199453,-0.4789756362089008,0.32786046552838133,-0.9867569556570457,-0.2547795504009379,0.6485841714255235
MBP,P02686,Myelin basic protein OS=Homo sapiens OX=9606 GN=MBP PE=1 SV=3,17.92715956398765,17.155572099665335,0.771587464322316,0.07186605095763765,1.8334671421169335,0.47339918048249274,0.3305798534527737
MGLL,Q99685,Monoglyceride lipase OS=Homo sapiens OX=9606 GN=MGLL PE=1 SV=2,18.054375760473636,17.467409211849564,0.5869665486240727,0.07570015622539879,1.8085842463076327,0.46697444441083696,0.3353803839972434
EIF4B,P23588,Eukaryotic translation initiation factor 4B OS=Homo sapiens OX=9606 GN=EIF4B PE=1 SV=2,23.316533910830163,23.460969619775508,-0.14443570894534474,0.4585069118811196,-0.746289433772113,-0.1926911032299971,0.7454696196057076
CLC,Q05315,Galectin-10 OS=Homo sapiens OX=9606 GN=CLC PE=1 SV=3,17.90562232693255,18.521093047947016,-0.6154707210144643,0.034843071981202164,-2.160927321055597,-0.5579490351208622,0.23366849882172294
NEK7,Q8TDX7,Serine/threonine-protein kinase Nek7 OS=Homo sapiens OX=9606 GN=NEK7 PE=1 SV=1,18.745684418471374,18.29412816536369,0.45155625310768244,0.19933309916431974,1.298270781722693,0.3352120744319783,0.5201663521933688
TNNT3,P45378,"Troponin T, fast skeletal muscle OS=Homo sapiens OX=9606 GN=TNNT3 PE=1 SV=3",24.371297237798526,24.308303499227613,0.0629937385709134,0.7433206776661039,0.3290266882133773,0.08495432559387939,0.9103647370596478
MOB2,Q70IA6,MOB kinase activator 2 OS=Homo sapiens OX=9606 GN=MOB2 PE=1 SV=1,20.713147564692576,20.635613845673312,0.07753371901926442,0.8178961176408029,0.23129958462259828,0.059721295948534425,0.9422230840326674
PTP4A1,Q93096,Protein tyrosine phosphatase type IVA 1 OS=Homo sapiens OX=9606 GN=PTP4A1 PE=1 SV=2,18.14363090278424,18.227758589310803,-0.0841276865265641,0.7664691607982403,-0.2983936424299034,-0.07704490718301246,0.9248177693884555
SNRPC,A0A0A0MRR7,U1 small nuclear ribonucleoprotein C OS=Homo sapiens OX=9606 GN=SNRPC PE=1 SV=1,20.06585177088994,20.207203471283446,-0.14135170039350697,0.5748317185962404,-0.5641433290199788,-0.14566118121122595,0.8181622218087687
GPX3,P22352,Glutathione peroxidase 3 OS=Homo sapiens OX=9606 GN=GPX3 PE=1 SV=2,17.87731327580029,17.211248404559377,0.6660648712409127,0.061143453603839375,1.9095343452753846,0.4930396478841765,0.3057060837657895
VAPA,Q9P0L0,Vesicle-associated membrane protein-associated protein A OS=Homo sapiens OX=9606 GN=VAPA PE=1 SV=3,20.75747695697677,21.13286181865886,-0.3753848616820896,0.1087309675686418,-1.6290102019211838,-0.4206086255228484,0.3978665813277036
IDE,P14735,Insulin-degrading enzyme OS=Homo sapiens OX=9606 GN=IDE PE=1 SV=4,22.208337567021488,22.257182796487573,-0.04884522946608527,0.6021418829646553,-0.5241930374233118,-0.1353460602758912,0.8347214266585163
NUCKS1,Q9H1E3,Nuclear ubiquitous casein and cyclin-dependent kinase substrate 1 OS=Homo sapiens OX=9606 GN=NUCKS1 PE=1 SV=1,17.094782138213354,21.600436147609926,-4.505654009396572,5.090859496470918e-25,-17.670828939464748,-4.562588413081802,3.0426370257241185e-22
GNL3,Q9BVP2,Guanine nucleotide-binding protein-like 3 OS=Homo sapiens OX=9606 GN=GNL3 PE=1 SV=2,18.711018480987455,18.73572790648418,-0.024709425496723725,0.9283039974291529,-0.09037071494625286,-0.023333618264779664,0.9802150900651133
FEN1,P39748,Flap endonuclease 1 OS=Homo sapiens OX=9606 GN=FEN1 PE=1 SV=1,21.133858749948338,21.13300966282037,0.0008490871279676071,0.9958848120693766,0.005179924784326174,0.001337450828286821,0.9980277860036975
CKM,P06732,Creatine kinase M-type OS=Homo sapiens OX=9606 GN=CKM PE=1 SV=2,26.68587362001143,26.8588711892182,-0.17299756920676757,0.10257190576646345,-1.6587161092506415,-0.4282786578142464,0.3863685442001449
GSPT1,P15170,Eukaryotic peptide chain release factor GTP-binding subunit ERF3A OS=Homo sapiens OX=9606 GN=GSPT1 PE=1 SV=1,16.698343161153435,16.846541441651993,-0.14819828049855843,0.615228623007462,-0.5053492380127734,-0.13048061218947196,0.8454253855058794
GSTO1,P78417,Glutathione S-transferase omega-1 OS=Homo sapiens OX=9606 GN=GSTO1 PE=1 SV=2,24.513788104519566,24.46553296700263,0.048255137516935775,0.7832356434414134,0.27638400745187014,0.07136204386794398,0.9289871273750642
EIF4A1,P60842,Eukaryotic initiation factor 4A-I OS=Homo sapiens OX=9606 GN=EIF4A1 PE=1 SV=1,18.661535786438645,18.22656601646312,0.43496976997552395,0.2569419300200808,1.1449273343441435,0.29561896656883463,0.5876235720994961
RGS6,P49758,Regulator of G-protein signaling 6 OS=Homo sapiens OX=9606 GN=RGS6 PE=1 SV=5,16.390726373664844,15.944533750710734,0.44619262295410955,0.500721725965483,0.6775964460428291,0.17495465006488067,0.7786591974467573
UGT1A4,P22310,UDP-glucuronosyltransferase 1A4 OS=Homo sapiens OX=9606 GN=UGT1A4 PE=1 SV=1,23.716483151343713,23.556261132676916,0.16022201866679708,0.16346900318919308,1.4113993029289977,0.3644217330061844,0.47447133088204624
NEBL,O76041,Nebulette OS=Homo sapiens OX=9606 GN=NEBL PE=1 SV=1,21.460502574233782,21.47501436199175,-0.014511787757967909,0.9318155047825905,-0.0859331765395288,-0.022187850774953128,0.9802150900651133
RANBP1,F6WQW2,RAN binding protein 1 OS=Homo sapiens OX=9606 GN=RANBP1 PE=1 SV=1,17.34527944189953,17.657656376132156,-0.31237693423262414,0.16054738526114637,-1.421427410159241,-0.36701097915929864,0.4719040356938286
HMGA1,P17096,High mobility group protein HMG-I/HMG-Y OS=Homo sapiens OX=9606 GN=HMGA1 PE=1 SV=3,23.55186222486592,23.789906225422772,-0.23804400055685093,0.08737917325776119,-1.7387807167258285,-0.44895125057238194,0.359243697578252
DEK,P35659,Protein DEK OS=Homo sapiens OX=9606 GN=DEK PE=1 SV=1,27.85838160649858,27.913128904396896,-0.05474729789831656,0.6676564165887944,-0.4315666350448534,-0.11143002602049942,0.868606289067533
DAB2,P98082,Disabled homolog 2 OS=Homo sapiens OX=9606 GN=DAB2 PE=1 SV=3,24.284089320059703,24.360713012156104,-0.07662369209640119,0.5968723239947795,-0.5318339170014811,-0.13731892689966627,0.8325300513348026
RPL6,Q02878,Large ribosomal subunit protein eL6 OS=Homo sapiens OX=9606 GN=RPL6 PE=1 SV=3,18.540558432572205,19.520675604293203,-0.9801171717209982,0.008825607360151439,-2.7103231951960187,-0.6998024398555903,0.09590493331364565
AMPD3,Q01432,AMP deaminase 3 OS=Homo sapiens OX=9606 GN=AMPD3 PE=1 SV=1,20.512145163337443,20.209524428492774,0.30262073484466967,0.03624817843065807,2.143860540114218,0.5535424112302402,0.23548182581945623
IFI6,P09912,Interferon alpha-inducible protein 6 OS=Homo sapiens OX=9606 GN=IFI6 PE=1 SV=2,26.815817225424368,26.759048532016156,0.056768693408212556,0.6117331989618034,0.5103643152875477,0.13177549957381493,0.8434450737424352
FAM98A,Q8NCA5,Protein FAM98A OS=Homo sapiens OX=9606 GN=FAM98A PE=1 SV=2,25.40325982819128,25.30011671476949,0.10314311342179039,0.6184183628166824,0.5007839520414656,0.12930186042030203,0.8471424960446206
IGHV2-70D,A0A0C4DH43,Immunoglobulin heavy variable 2-70D OS=Homo sapiens OX=9606 GN=IGHV2-70D PE=1 SV=1,27.706015986950586,27.694903285738704,0.011112701211882126,0.909227565515283,0.11451183571354029,0.02956682884414542,0.9728197030701398
S100A4,P26447,Protein S100-A4 OS=Homo sapiens OX=9606 GN=S100A4 PE=1 SV=1,19.15228194813236,19.839921338199407,-0.6876393900670479,0.04262085108825972,-2.073043267544744,-0.5352574700778799,0.2581729256798976
RTRAF,Q9Y224,"RNA transcription, translation and transport factor protein OS=Homo sapiens OX=9606 GN=RTRAF PE=1 SV=1",22.200579897322434,22.249171502032393,-0.0485916047099586,0.7950284348636804,-0.2609851330515868,-0.06738607159443484,0.932137038282842
SIGLEC16,A6NMB1,Sialic acid-binding Ig-like lectin 16 OS=Homo sapiens OX=9606 GN=SIGLEC16 PE=2 SV=3,26.347246554153326,25.787889626040656,0.5593569281126705,0.0014332088517139336,3.348223309484546,0.8645075411344753,0.027966231259718623
PSMD2,Q13200,26S proteasome non-ATPase regulatory subunit 2 OS=Homo sapiens OX=9606 GN=PSMD2 PE=1 SV=3,23.354828844466752,23.48938353322285,-0.1345546887560971,0.30677870645081645,-1.0310910331874759,-0.2662265599972595,0.6304202854667855
SPP2,Q13103,Secreted phosphoprotein 24 OS=Homo sapiens OX=9606 GN=SPP2 PE=1 SV=1,18.97574962193406,19.249043957238488,-0.2732943353044277,0.2701667890702082,-1.113313032718998,-0.28745618898909014,0.6018253060841674
LUM,P51884,Lumican OS=Homo sapiens OX=9606 GN=LUM PE=1 SV=2,17.870432948894123,17.86263884048692,0.007794108407203737,0.9757650287633348,0.03051004502339289,0.007877659751175943,0.9914992734895832
VCP,P55072,Transitional endoplasmic reticulum ATPase OS=Homo sapiens OX=9606 GN=VCP PE=1 SV=4,23.900811033565144,23.758522481194017,0.14228855237112725,0.44442820303597086,0.7699942931837908,0.19881167161170488,0.7385169305315068
CYB5R1,Q9UHQ9,NADH-cytochrome b5 reductase 1 OS=Homo sapiens OX=9606 GN=CYB5R1 PE=1 SV=1,23.64984918110624,23.774710906814434,-0.1248617257081932,0.2351312462729304,-1.19970640639373,-0.3097628621534176,0.5591383614951779
SLC16A3,O15427,Monocarboxylate transporter 4 OS=Homo sapiens OX=9606 GN=SLC16A3 PE=1 SV=1,22.297511726520217,22.067239226965224,0.2302724995549923,0.19226435934734012,1.3192673273423274,0.3406333591994935,0.5141994431945371
CAST,P20810,Calpastatin OS=Homo sapiens OX=9606 GN=CAST PE=1 SV=4,21.702478196554015,21.451887556190094,0.25059064036392087,0.3343384026855851,0.9735186057980595,0.2513614231652632,0.6488976072209077
PROSER2,Q86WR7,Proline and serine-rich protein 2 OS=Homo sapiens OX=9606 GN=PROSER2 PE=1 SV=2,22.52534925129329,22.299792571825897,0.22555667946739177,0.04785241748568738,2.0214827690695305,0.5219446066167698,0.2732464476173168
MTHFD1,A0A8V8TKS0,"C-1-tetrahydrofolate synthase, cytoplasmic OS=Homo sapiens OX=9606 GN=MTHFD1 PE=1 SV=1",28.034544770586205,28.1463789522514,-0.11183418166519488,0.4023955433390346,-0.8435338183583679,-0.21779949536431406,0.706389542299498
FAM83H,A0A494C1T9,Family with sequence similarity 83 member H OS=Homo sapiens OX=9606 GN=FAM83H PE=1 SV=1,30.8275764979654,30.64286400316225,0.18471249480315066,0.04285363307565649,2.0706355042670226,0.5346357882727983,0.25854000214674855
CLTC,Q00610,Clathrin heavy chain 1 OS=Homo sapiens OX=9606 GN=CLTC PE=1 SV=5,22.579155180712814,22.4914685244476,0.08768665626521255,0.6959172760004317,0.392786254045971,0.10141697470261608,0.883071249730201
ADH1B,P00325,All-trans-retinol dehydrogenase [NAD(+)] ADH1B OS=Homo sapiens OX=9606 GN=ADH1B PE=1 SV=3,17.326862481983596,16.894517333826663,0.4323451481569336,0.21257221426391687,1.2604004699303626,0.3254340019728198,0.5313668847978812
GIMAP4,G5E9W9,"GTPase, IMAP family member 4 OS=Homo sapiens OX=9606 GN=GIMAP4 PE=1 SV=1",20.20700817309105,20.253416224060484,-0.04640805096943268,0.8102226918228386,-0.24123640854518263,-0.06228697285295874,0.9401523823196111
CCDC138,Q96M89,Coiled-coil domain-containing protein 138 OS=Homo sapiens OX=9606 GN=CCDC138 PE=1 SV=1,20.996750479714652,20.820264830801477,0.1764856489131752,0.4823376942269535,0.7070968658825415,0.18257162571456953,0.7666945795646521
LSM14A,Q8ND56,Protein LSM14 homolog A OS=Homo sapiens OX=9606 GN=LSM14A PE=1 SV=3,15.866887757190268,16.20436593971554,-0.3374781825252722,0.5516777322372411,-0.5987398611552455,-0.15459396739765377,0.8093454881076879
RAB11FIP5,A0A1B0GTL5,RAB11 family interacting protein 5 OS=Homo sapiens OX=9606 GN=RAB11FIP5 PE=1 SV=1,18.84213914912628,19.019242908124586,-0.17710375899830666,0.6290213407011471,-0.4856835439375176,-0.1254029518131336,0.8518393231700581
CCT2,F5GWF6,T-complex protein 1 subunit beta OS=Homo sapiens OX=9606 GN=CCT2 PE=1 SV=2,23.98364231221456,23.562765525561424,0.4208767866531353,0.011964440067173551,2.594861869615766,0.6699904537820335,0.11984492201364344
BCL2L2-PABPN1,A0A7I2V383,BCL2L2-PABPN1 readthrough OS=Homo sapiens OX=9606 GN=BCL2L2-PABPN1 PE=1 SV=1,17.952715840951143,17.812116323742547,0.14059951720859587,0.8394327117979811,0.2035306363380599,0.05255138433202027,0.9486967633882386
KHSRP,M0R0C6,KH-type splicing regulatory protein OS=Homo sapiens OX=9606 GN=KHSRP PE=1 SV=2,19.160329675992006,19.82576355932569,-0.6654338833336837,0.08896777713387165,-1.729894564206893,-0.4466568558578689,0.3617215972812514
PYGB,P11216,"Glycogen phosphorylase, brain form OS=Homo sapiens OX=9606 GN=PYGB PE=1 SV=5",25.1099006048722,25.06590994416836,0.043990660703840945,0.6777298162423777,0.41767107989479035,0.10784220910833271,0.8743140266822481
RIPOR2,A0A2R8YF77,Rho family-interacting cell polarization regulator 2 OS=Homo sapiens OX=9606 GN=RIPOR2 PE=1 SV=1,18.28833292987865,17.876761983166844,0.41157094671180516,0.48187875552512915,0.7078412051941305,0.18276381329841695,0.7666447281779561
LCN2,X6R8F3,Lipocalin 2 OS=Homo sapiens OX=9606 GN=LCN2 PE=1 SV=1,15.921041186000766,17.08209752602834,-1.1610563400275726,0.0017715647425857262,-3.277594615404939,-0.8462712907388287,0.031449659242140666
CD248,Q9HCU0,Endosialin OS=Homo sapiens OX=9606 GN=CD248 PE=1 SV=1,16.733312287645063,17.16412409344853,-0.4308118058034687,0.1890929951133691,-1.3288767691074734,-0.34311450639434427,0.512584342556968
RPS4X,P62701,"Small ribosomal subunit protein eS4, X isoform OS=Homo sapiens OX=9606 GN=RPS4X PE=1 SV=2",23.641628895791015,23.66437494546945,-0.0227460496784353,0.8695287569039598,-0.1649859162348006,-0.042599180395743654,0.9594598530331162
FANCE,Q9HB96,Fanconi anemia group E protein OS=Homo sapiens OX=9606 GN=FANCE PE=1 SV=1,25.555242432537522,25.238274259734474,0.31696817280304757,0.5495298544120546,0.6019855891916441,0.15543201077307314,0.8093454881076879
RPL23A,P62750,Large ribosomal subunit protein uL23 OS=Homo sapiens OX=9606 GN=RPL23A PE=1 SV=1,22.336875396943253,22.274108523064022,0.06276687387923019,0.8016664064971352,0.2523451704284305,0.06515524283767891,0.9333687447073787
CCT8,P50990,T-complex protein 1 subunit theta OS=Homo sapiens OX=9606 GN=CCT8 PE=1 SV=4,18.40901589333225,18.418142927969033,-0.009127034636783549,0.9851012903836194,-0.018754537470709477,-0.004842400752658718,0.9945307509334625
ZC3H15,Q8WU90,Zinc finger CCCH domain-containing protein 15 OS=Homo sapiens OX=9606 GN=ZC3H15 PE=1 SV=1,16.496789858919175,16.60945471451437,-0.11266485559519523,0.6967724011663503,-0.39162240957103545,-0.10111647135134937,0.883393581687669
F9,P00740,Coagulation factor IX OS=Homo sapiens OX=9606 GN=F9 PE=1 SV=2,22.68379216743385,22.303224542574217,0.38056762485963347,0.01904084113276861,2.412194926932556,0.6228260519877205,0.15682702797015471
LGALSL,Q3ZCW2,Galectin-related protein OS=Homo sapiens OX=9606 GN=LGALSL PE=1 SV=2,18.468827352639934,19.091739698489604,-0.6229123458496701,0.10142961645163813,-1.6643845448414412,-0.42974224159039426,0.38492526854330916
RNH1,P13489,Ribonuclease inhibitor OS=Homo sapiens OX=9606 GN=RNH1 PE=1 SV=2,18.733118244130328,18.591107708333638,0.14201053579668965,0.5966352300264702,0.5321784407920259,0.13740788255987643,0.8325300513348026
GSDMA,Q96QA5,Gasdermin-A OS=Homo sapiens OX=9606 GN=GSDMA PE=1 SV=4,21.707372697134875,21.568184544472874,0.13918815266200113,0.5475085174738591,0.6050459633354419,0.15622219597921266,0.8086349026611445
ACTR3,P61158,Actin-related protein 3 OS=Homo sapiens OX=9606 GN=ACTR3 PE=1 SV=3,23.488370359338703,22.146324323971246,1.3420460353674564,0.03244338604204733,2.1915215621326767,0.5658484341996214,0.22634626915716288
PYGL,E9PK47,"Alpha-1,4 glucan phosphorylase OS=Homo sapiens OX=9606 GN=PYGL PE=1 SV=1",23.61910691537777,23.365327594323507,0.2537793210542638,0.5460072150107216,0.6073226987418003,0.15681004653338246,0.8071599930577682
PLEC,Q15149,Plectin OS=Homo sapiens OX=9606 GN=PLEC PE=1 SV=3,23.45595958897598,23.436175543964545,0.01978404501143416,0.8741148259730588,0.15913568388560564,0.04108865689841858,0.9611475042493681
UMOD,X6RBG4,Uromodulin OS=Homo sapiens OX=9606 GN=UMOD PE=1 SV=1,21.15946821574668,21.304561149333225,-0.14509293358654318,0.45420270827595843,-0.7534912436624737,-0.1945506025478584,0.7454696196057076
IGLV2-14,P01704,Immunoglobulin lambda variable 2-14 OS=Homo sapiens OX=9606 GN=IGLV2-14 PE=1 SV=2,24.707994511070616,24.322488812099543,0.38550569897107323,0.04730855365354067,2.026609364785875,0.5232682879389123,0.27187255352820006
ERN1,A0A7P0TAB0,non-specific serine/threonine protein kinase OS=Homo sapiens OX=9606 GN=ERN1 PE=1 SV=1,22.506080447174345,22.633903730390482,-0.1278232832161379,0.3559307927541341,-0.9305748078738758,-0.24027338221971253,0.6664529313018803
SCP2D1-AS1,Q9BR46,Putative uncharacterized protein SCP2D1-AS1 OS=Homo sapiens OX=9606 GN=SCP2D1-AS1 PE=5 SV=1,19.20187055903306,18.438997220433617,0.7628733385994444,9.609282493568191e-05,4.190566148026091,1.0819995268323745,0.002920244662875893
EIF3L,B0QY89,Eukaryotic translation initiation factor 3 subunit L OS=Homo sapiens OX=9606 GN=EIF3L PE=1 SV=1,19.61522544320148,19.132650328967724,0.4825751142337573,0.01896598199078759,2.41377901503091,0.6232350617759772,0.15682702797015471
SNRPD1,P62314,Small nuclear ribonucleoprotein Sm D1 OS=Homo sapiens OX=9606 GN=SNRPD1 PE=1 SV=1,16.876832017018238,17.593045850234596,-0.7162138332163579,0.01668430072951781,-2.464978613698904,-0.6364547413075535,0.14736429166514992
MYO1G,B0I1T2,Unconventional myosin-Ig OS=Homo sapiens OX=9606 GN=MYO1G PE=1 SV=2,17.620719927637804,16.912263962432675,0.708455965205129,0.07715708548343436,1.7994053460695543,0.46460446256026516,0.33742110797999464
DOCK5,Q9H7D0,Dedicator of cytokinesis protein 5 OS=Homo sapiens OX=9606 GN=DOCK5 PE=1 SV=3,20.830024020267786,20.150600723804367,0.679423296463419,0.04667354856637121,2.032659828336108,0.5248305109100382,0.2705331909879804
PDGFB,P01127,Platelet-derived growth factor subunit B OS=Homo sapiens OX=9606 GN=PDGFB PE=1 SV=1,23.76294904576054,23.711606360609938,0.05134268515060114,0.57894374443678,0.5580711344246649,0.1440933473083872,0.820589829071262
CEMIP2,Q9UHN6,Cell surface hyaluronidase CEMIP2 OS=Homo sapiens OX=9606 GN=CEMIP2 PE=1 SV=1,15.771973430901912,15.303313077768268,0.46866035313364485,0.47304019837216504,0.7222543991817079,0.18648528398371989,0.7579634277759535
TRIR,Q9BQ61,Telomerase RNA component interacting RNase OS=Homo sapiens OX=9606 GN=TRIR PE=1 SV=1,17.313479871637984,17.800655045792737,-0.4871751741547534,0.2855147790715516,-1.0779594733229476,-0.27832793920441967,0.6145594224193182
SIPA1L2,A0A6Q8PFQ0,Signal induced proliferation associated 1 like 2 OS=Homo sapiens OX=9606 GN=SIPA1L2 PE=1 SV=1,23.61176783792852,22.065619850091352,1.5461479878371698,4.627152209019101e-12,8.672126546906664,2.2391334461581827,5.926059936265177e-10
RPLP0,P05388,Large ribosomal subunit protein uL10 OS=Homo sapiens OX=9606 GN=RPLP0 PE=1 SV=1,17.936725077089946,17.128363469358714,0.8083616077312321,0.020282759221681688,2.386697811748138,0.6162427251553483,0.16163105459766786
ATP5F1A,P25705,"ATP synthase subunit alpha, mitochondrial OS=Homo sapiens OX=9606 GN=ATP5F1A PE=1 SV=1",24.197483841650783,24.205250586498092,-0.007766744847309326,0.9631244370135978,-0.04643326150877571,-0.011989016568905478,0.9884843248800119
ACSL4,O60488,Long-chain-fatty-acid--CoA ligase 4 OS=Homo sapiens OX=9606 GN=ACSL4 PE=1 SV=2,19.08002721697573,18.389122446163775,0.6909047708119544,0.00872857531039466,2.714461772626708,0.7008710159533269,0.09585128928785157
MGAM,O43451,Maltase-glucoamylase OS=Homo sapiens OX=9606 GN=MGAM PE=1 SV=6,17.501334414160134,20.27572413792058,-2.7743897237604465,9.202093446235627e-14,-9.7079395724494,-2.506579219338965,1.3749461290917064e-11
IL1RN,P18510,Interleukin-1 receptor antagonist protein OS=Homo sapiens OX=9606 GN=IL1RN PE=1 SV=1,18.614052075470664,17.739431537838705,0.8746205376319587,0.006693536476480472,2.812726440894822,0.7262428442015272,0.08334382571062145
ROGDI,Q9GZN7,Protein rogdi homolog OS=Homo sapiens OX=9606 GN=ROGDI PE=1 SV=1,26.749940102647418,26.647215080812053,0.10272502183536503,0.4533578211217908,0.7549095345746798,0.19491680368672848,0.7450692697262794
EIF3K,Q9UBQ5,Eukaryotic translation initiation factor 3 subunit K OS=Homo sapiens OX=9606 GN=EIF3K PE=1 SV=1,17.671403627530484,17.089881900691946,0.5815217268385382,0.14892506951558593,1.462782264930232,0.3776887567468235,0.4554317843192184
EIF2B4,E7ERK9,Translation initiation factor eIF2B subunit delta OS=Homo sapiens OX=9606 GN=EIF2B4 PE=1 SV=1,20.380471360355973,19.853259597048794,0.5272117633071787,0.011728638834447754,2.6025098550201675,0.6719651551222525,0.11828774775764647
RCSD1,Q6JBY9,CapZ-interacting protein OS=Homo sapiens OX=9606 GN=RCSD1 PE=1 SV=1,17.561028633091063,17.486219500796953,0.07480913229411001,0.8284530627272448,0.21766632356607732,0.05620120308010751,0.9467280697705226
RPS8,P62241,Small ribosomal subunit protein eS8 OS=Homo sapiens OX=9606 GN=RPS8 PE=1 SV=2,21.443470825418665,21.184717299387657,0.25875352603100765,0.18458164594967016,1.3427588283605048,0.3466988386808812,0.5091613710580901
RNASE3,P12724,Eosinophil cationic protein OS=Homo sapiens OX=9606 GN=RNASE3 PE=1 SV=2,24.80133152525607,24.51538177099082,0.2859497542652498,0.19867484189534795,1.3002021816866836,0.3357107597583384,0.5200350241143925
FBL,M0R1H0,Fibrillarin (Fragment) OS=Homo sapiens OX=9606 GN=FBL PE=1 SV=1,23.426279923179543,23.172952555677792,0.25332736750175044,0.5520521650617414,0.5981746966509287,0.1544480425501147,0.8093454881076879
H1-0,P07305,Histone H1.0 OS=Homo sapiens OX=9606 GN=H1-0 PE=1 SV=3,17.021574617138874,17.382250557542168,-0.36067594040329354,0.544442361199451,-0.6096992022733357,-0.1574236571067051,0.8067645897773683
PDLIM5,Q96HC4,PDZ and LIM domain protein 5 OS=Homo sapiens OX=9606 GN=PDLIM5 PE=1 SV=5,17.762686384535762,17.464931335481495,0.29775504905426686,0.4336372061690148,0.7884624206455046,0.20358012161802844,0.7303779685570437
PI3,P19957,Elafin OS=Homo sapiens OX=9606 GN=PI3 PE=1 SV=3,23.15875304712763,21.525579247235775,1.6331737998918534,0.0037936908720304645,3.016370234011098,0.7788234454880502,0.05575481748811986
RPS3,P23396,Small ribosomal subunit protein uS3 OS=Homo sapiens OX=9606 GN=RPS3 PE=1 SV=2,19.31445636017347,18.88343886942874,0.43101749074472906,0.22151499110169187,1.2357995112952143,0.3190820617665086,0.5424444957742709
SNAPC2,M0QXY9,Small nuclear RNA activating complex polypeptide 2 (Fragment) OS=Homo sapiens OX=9606 GN=SNAPC2 PE=1 SV=1,24.08111910367781,24.17902786398206,-0.09790876030425011,0.5634915852261402,-0.5809997762720808,-0.1500134971768003,0.8128241450607155
RABGAP1,Q9Y3P9,Rab GTPase-activating protein 1 OS=Homo sapiens OX=9606 GN=RABGAP1 PE=1 SV=3,18.189540937493444,17.96446588311602,0.2250750543774238,0.5134492449854107,0.6575175646787098,0.16977030518930009,0.7835016989436948
CCL21,O00585,C-C motif chemokine 21 OS=Homo sapiens OX=9606 GN=CCL21 PE=1 SV=1,25.083757823603573,24.780838272190536,0.30291955141303717,0.1771180077558182,1.366302619334296,0.35277781937075336,0.49543305445582225
IFI16,Q16666,Gamma-interferon-inducible protein 16 OS=Homo sapiens OX=9606 GN=IFI16 PE=1 SV=3,19.171088200993314,19.13008023338,0.04100796761331438,0.8959420915495087,0.13136385903939,0.03391800255687307,0.9703889371037256
BAX,Q07812,Apoptosis regulator BAX OS=Homo sapiens OX=9606 GN=BAX PE=1 SV=1,20.855872635333,20.882125439034322,-0.02625280370132188,0.8944093351464687,-0.133310442020469,-0.034420608121388384,0.9703889371037256
PYGM,P11217,"Glycogen phosphorylase, muscle form OS=Homo sapiens OX=9606 GN=PYGM PE=1 SV=6",24.691255471230985,25.257780782005717,-0.5665253107747326,0.061152279166405456,-1.9094672359046605,-0.49302232031916393,0.3057060837657895
EIF3G,O75821,Eukaryotic translation initiation factor 3 subunit G OS=Homo sapiens OX=9606 GN=EIF3G PE=1 SV=2,19.437550940727142,19.443654002750232,-0.006103062023090189,0.9745065289287185,-0.03209494351217357,-0.008286878781341067,0.9914992734895832
MBNL1,A0A0A0MQX8,Muscleblind like splicing regulator 1 OS=Homo sapiens OX=9606 GN=MBNL1 PE=1 SV=1,24.342584116078676,24.04741106952412,0.2951730465545559,0.09121111915585069,1.7175667494502118,0.4434738277746852,0.36833679424873933
OLFML3,Q9NRN5,Olfactomedin-like protein 3 OS=Homo sapiens OX=9606 GN=OLFML3 PE=1 SV=1,25.395232889955025,25.33518175615251,0.06005113380251359,0.7809633124417228,0.2793587388922071,0.07213011622313495,0.9289871273750642
EPB41L3,Q9Y2J2,Band 4.1-like protein 3 OS=Homo sapiens OX=9606 GN=EPB41L3 PE=1 SV=2,22.302496052861837,22.40789836950929,-0.10540231664745292,0.3373538404900118,-0.9674141408202672,-0.2497852570854968,0.6488976072209077
C2CD2,H7BZB0,C2 calcium dependent domain containing 2 (Fragment) OS=Homo sapiens OX=9606 GN=C2CD2 PE=1 SV=1,20.9691284831198,20.899427003034116,0.06970148008568344,0.8889641926317637,0.14022991888294561,0.03620720936491102,0.9670152072277904
DNAJA1,P31689,DnaJ homolog subfamily A member 1 OS=Homo sapiens OX=9606 GN=DNAJA1 PE=1 SV=2,16.573079866929785,16.57163395535345,0.0014459115763330033,0.9974711614716263,0.00318312468424451,0.0008218792593987154,0.9980277860036975
ARPC1B,O15143,Actin-related protein 2/3 complex subunit 1B OS=Homo sapiens OX=9606 GN=ARPC1B PE=1 SV=3,22.166580234220397,21.638818921156656,0.527761313063742,0.012259718300284824,2.585475817216198,0.6675669854733565,0.12212041618005938
MUCL1,Q96DR8,Mucin-like protein 1 OS=Homo sapiens OX=9606 GN=MUCL1 PE=1 SV=1,23.657005987592456,23.6972671081352,-0.04026112054274478,0.8558438287190386,-0.18247814553838462,-0.047115654581131795,0.9524078391993065
MYO5B,Q9ULV0,Unconventional myosin-Vb OS=Homo sapiens OX=9606 GN=MYO5B PE=1 SV=3,21.24541033666952,21.249277526185207,-0.0038671895156880964,0.9765687211280557,-0.02949795179403145,-0.0076163384030342,0.9914992734895832
BPIFB4,A0A669KBJ0,BPI fold containing family B member 4 OS=Homo sapiens OX=9606 GN=BPIFB4 PE=1 SV=1,21.91198613962022,21.87453346865799,0.03745267096222804,0.8989492607525311,0.1275462519571259,0.03293230064674159,0.9703889371037256
SND1,Q7KZF4,Staphylococcal nuclease domain-containing protein 1 OS=Homo sapiens OX=9606 GN=SND1 PE=1 SV=1,28.528215821791267,28.666834699275807,-0.13861887748453938,0.14596449213063087,-1.4737182414954195,-0.38051241375425604,0.45123161101762266
VDAC2,P45880,Voltage-dependent anion-selective channel protein 2 OS=Homo sapiens OX=9606 GN=VDAC2 PE=1 SV=2,19.321482544712776,18.797186908894577,0.5242956358181985,0.45649631393574086,0.7496486981393989,0.19355846155999756,0.7454696196057076
TNFAIP8,D6RCM8,Tumor necrosis factor alpha-induced protein 8 OS=Homo sapiens OX=9606 GN=TNFAIP8 PE=1 SV=1,21.221490879661467,21.35154410504073,-0.1300532253792639,0.8517872713755024,-0.18767396302078002,-0.048457208886415165,0.9503762150443532
Unknown,E5RI56,S-phase kinase-associated protein 1 OS=Homo sapiens OX=9606 PE=3 SV=2,24.763234233959988,24.796711511194296,-0.033477277234307934,0.7941144194449388,-0.2621763498418451,-0.06769364244712772,0.932137038282842
DYNC1H1,Q14204,Cytoplasmic dynein 1 heavy chain 1 OS=Homo sapiens OX=9606 GN=DYNC1H1 PE=1 SV=5,19.39426566206965,19.265410539592107,0.1288551224775425,0.5602904380064186,0.5857882597483898,0.1512498782939559,0.8121267221871533
SPON1,Q9HCB6,Spondin-1 OS=Homo sapiens OX=9606 GN=SPON1 PE=1 SV=2,20.392461597147534,20.512232635780403,-0.11977103863286942,0.6872724512365969,-0.4045827386806008,-0.10446281393819694,0.8768491706936095
RPL15,E7EX53,Ribosomal protein L15 (Fragment) OS=Homo sapiens OX=9606 GN=RPL15 PE=1 SV=1,19.167471740707917,18.839413002333224,0.32805873837469335,0.14221411204440826,1.4878246480498392,0.3841546722649292,0.4439948164535228
WASF3,Q9UPY6,Actin-binding protein WASF3 OS=Homo sapiens OX=9606 GN=WASF3 PE=1 SV=2,18.577732457807784,18.133578204220793,0.4441542535869907,0.2127838389765079,1.2598095506821252,0.3252814272789947,0.5313668847978812
FBLN7,Q53RD9,Fibulin-7 OS=Homo sapiens OX=9606 GN=FBLN7 PE=1 SV=1,18.862438369911942,18.923605200383275,-0.061166830471332645,0.784438735861625,-0.27481003413285743,-0.07095564570448325,0.9289871273750642
IGLV4-69,A0A075B6H9,Immunoglobulin lambda variable 4-69 OS=Homo sapiens OX=9606 GN=IGLV4-69 PE=1 SV=1,19.404142526334162,19.28017640389002,0.12396612244414129,0.5971185978898808,0.5314761214102783,0.13722654447526125,0.8325300513348026
NCCRP1,Q6ZVX7,F-box only protein 50 OS=Homo sapiens OX=9606 GN=NCCRP1 PE=1 SV=1,22.29360729318801,21.61891755430023,0.6746897388877819,0.03855440714598666,2.117063194324997,0.5466233662992926,0.24426873502739957
SULT1A1,P50225,Sulfotransferase 1A1 OS=Homo sapiens OX=9606 GN=SULT1A1 PE=1 SV=3,17.804841062837564,17.17008960560629,0.6347514572312747,0.13383118953966455,1.5204498153732018,0.39257845424563687,0.43810302184245603
NPC1L1,Q9UHC9,NPC1-like intracellular cholesterol transporter 1 OS=Homo sapiens OX=9606 GN=NPC1L1 PE=1 SV=2,25.260250740503416,25.482758287117825,-0.22250754661440908,0.035768473171690345,-2.149621037735108,-0.5550297653203453,0.23485450121991092
DRGX,A6NNA5,Dorsal root ganglia homeobox protein OS=Homo sapiens OX=9606 GN=DRGX PE=1 SV=1,22.927169643990222,23.091759382244746,-0.1645897382545236,0.39981198529223116,-0.8482028774876095,-0.21900504124764808,0.7039914748325816
STK38,Q15208,Serine/threonine-protein kinase 38 OS=Homo sapiens OX=9606 GN=STK38 PE=1 SV=1,17.48757128154603,17.946165926141116,-0.45859464459508814,0.1814955337820229,-1.352404300867257,-0.34918928897321144,0.5022817692000977
RANBP3,Q9H6Z4,Ran-binding protein 3 OS=Homo sapiens OX=9606 GN=RANBP3 PE=1 SV=1,23.912058422655313,24.032754458924224,-0.12069603626891023,0.3357694398822182,-0.9706170941561757,-0.25061225608074034,0.6488976072209077
LUC7L2,A0A0A6YYJ8,Putative RNA-binding protein Luc7-like 2 OS=Homo sapiens OX=9606 GN=LUC7L2 PE=3 SV=1,14.690842746396218,15.352426867611014,-0.6615841212147959,0.25876110811624853,-1.1405111302839162,-0.294478707583587,0.5880337982920578
TRAK1,A0A5F9ZI06,Trafficking kinesin protein 1 OS=Homo sapiens OX=9606 GN=TRAK1 PE=1 SV=2,17.483973549137023,17.445619903458752,0.03835364567827071,0.9062749886125072,0.11825401762458503,0.03053305605880908,0.9728197030701398
ARFGEF1,Q9Y6D6,Brefeldin A-inhibited guanine nucleotide-exchange protein 1 OS=Homo sapiens OX=9606 GN=ARFGEF1 PE=1 SV=2,20.217490764444857,19.860961437433787,0.35652932701107076,0.10319299570617242,1.6556556413656567,0.4274884484042365,0.38708167636227436
EIF2AK2,P19525,"Interferon-induced, double-stranded RNA-activated protein kinase OS=Homo sapiens OX=9606 GN=EIF2AK2 PE=1 SV=2",20.799248835094296,18.112880154736857,2.6863686803574396,1.4909749667781202e-15,10.829461637950756,2.7961549714783582,2.6733181154331697e-13
HARS2,A0A2R8Y5P7,histidine--tRNA ligase OS=Homo sapiens OX=9606 GN=HARS2 PE=1 SV=1,19.32225133799535,18.816736036012955,0.5055153019823955,0.0571522550854118,1.9407637579322803,0.501103047559643,0.2978895156050679
RPL7A,P62424,Large ribosomal subunit protein eL8 OS=Homo sapiens OX=9606 GN=RPL7A PE=1 SV=2,25.441542024752394,25.012327484359687,0.42921454039270657,0.37911236429543616,0.8863069221236792,0.22884346326755758,0.6866146153350676
DMTN,Q08495,Dematin OS=Homo sapiens OX=9606 GN=DMTN PE=1 SV=3,17.446961279874184,17.77042608861277,-0.32346480873858496,0.26269820366594643,-1.131028509379578,-0.2920303053941936,0.5919606795788321
CLIP2,Q9UDT6,CAP-Gly domain-containing linker protein 2 OS=Homo sapiens OX=9606 GN=CLIP2 PE=1 SV=1,21.92287424603292,22.145373009068884,-0.22249876303596494,0.1903874171586435,-1.3249399897070586,-0.3420980343239776,0.5126387200756014
CDK5RAP3,Q96JB5,CDK5 regulatory subunit-associated protein 3 OS=Homo sapiens OX=9606 GN=CDK5RAP3 PE=1 SV=2,17.336955407197834,17.31462959244896,0.02232581474887496,0.9523137950181646,0.060060660204054074,0.015507595782168267,0.988209689194911
ITGB2,P05107,Integrin beta-2 OS=Homo sapiens OX=9606 GN=ITGB2 PE=1 SV=3,18.4606529215774,17.900512657229118,0.5601402643482807,0.051787710035777215,1.9858137493053123,0.512734905315279,0.2805298008886663
RABL6,Q3YEC7,Rab-like protein 6 OS=Homo sapiens OX=9606 GN=RABL6 PE=1 SV=2,18.57557896916147,18.5525033516334,0.023075617528068193,0.9344440986030319,0.08261251859066873,0.021330460579327377,0.9802150900651133
SRSF3,P84103,Serine/arginine-rich splicing factor 3 OS=Homo sapiens OX=9606 GN=SRSF3 PE=1 SV=1,20.104386263647907,20.62980271702606,-0.5254164533781527,0.2808931213756155,-1.088462734821608,-0.2810398696620979,0.6104821045156079
F13A1,P00488,Coagulation factor XIII A chain OS=Homo sapiens OX=9606 GN=F13A1 PE=1 SV=5,16.304939430292347,16.592686653567792,-0.28774722327544566,0.40745187014547823,-0.834448960753831,-0.2154537952173116,0.710662648998874
RPS7,P62081,Small ribosomal subunit protein eS7 OS=Homo sapiens OX=9606 GN=RPS7 PE=1 SV=1,19.216264826019888,18.198918162737794,1.017346663282094,9.812912366300375e-08,6.086414250737391,1.571505402081694,6.767135335683297e-06
KALRN,O60229,Kalirin OS=Homo sapiens OX=9606 GN=KALRN PE=1 SV=3,18.267052292261223,17.957524519818666,0.30952777244255714,0.5960236843171799,0.53306737981839,0.13763740562953658,0.8325300513348026
ARPC4,F8WDD7,Actin related protein 2/3 complex subunit 4 OS=Homo sapiens OX=9606 GN=ARPC4 PE=3 SV=1,14.355837797005455,12.280848543659044,2.074989253346411,2.6526906843077e-05,4.564480092315754,1.1785436921089474,0.0010569498659919346
ARPC4,P59998,Actin-related protein 2/3 complex subunit 4 OS=Homo sapiens OX=9606 GN=ARPC4 PE=1 SV=3,18.38031507668489,18.886155780066925,-0.5058407033820345,0.029764407252838132,-2.2281218761399493,-0.5752985946406965,0.21128728399941918
SLC3A1,Q07837,Amino acid transporter heavy chain SLC3A1 OS=Homo sapiens OX=9606 GN=SLC3A1 PE=1 SV=2,24.090326275100324,24.100198481439772,-0.009872206339448297,0.9115098165966731,-0.11162036414089936,-0.028820254094354052,0.9728197030701398
S100A7L2,Q5SY68,Protein S100-A7-like 2 OS=Homo sapiens OX=9606 GN=S100A7L2 PE=1 SV=1,19.775255619728615,19.488631117606985,0.2866245021216294,0.4569561998401529,0.7488795797756516,0.19335987605239383,0.7454696196057076
CHMP3,Q9Y3E7,Charged multivesicular body protein 3 OS=Homo sapiens OX=9606 GN=CHMP3 PE=1 SV=3,18.042599869857654,18.20186796618116,-0.15926809632350825,0.7245049304165982,-0.35415783516407356,-0.0914431598346219,0.8973050774589255
RAB26,Q9ULW5,Ras-related protein Rab-26 OS=Homo sapiens OX=9606 GN=RAB26 PE=1 SV=3,18.81372691899664,18.934006151991458,-0.12027923299481813,0.67780061187302,-0.4175737142508957,-0.10781706940717957,0.8743140266822481
PLEKHG1,Q9ULL1,Pleckstrin homology domain-containing family G member 1 OS=Homo sapiens OX=9606 GN=PLEKHG1 PE=1 SV=2,19.43426002724647,19.06585078683579,0.36840924041068135,0.3111942190001787,1.0216391742386188,0.2637861005106179,0.6333385183511014
PCSK5,Q92824,Proprotein convertase subtilisin/kexin type 5 OS=Homo sapiens OX=9606 GN=PCSK5 PE=1 SV=4,24.937024012598695,24.830173513167534,0.10685049943116098,0.37495247956392974,0.8941210444464665,0.2308610609756498,0.6853106991418206
P3H1,Q32P28,Prolyl 3-hydroxylase 1 OS=Homo sapiens OX=9606 GN=P3H1 PE=1 SV=2,19.957842030432577,20.517776552429474,-0.5599345219968974,0.05134565679154664,-1.989701897059477,-0.5137388207485772,0.2805298008886663
CPNE4,Q96A23,Copine-4 OS=Homo sapiens OX=9606 GN=CPNE4 PE=1 SV=1,26.05146194826195,26.252665358321757,-0.2012034100598079,0.35933525219169293,-0.9239600533245221,-0.23856545993911943,0.6697381571514609
CPNE7,Q9UBL6,Copine-7 OS=Homo sapiens OX=9606 GN=CPNE7 PE=1 SV=1,22.96470683235581,23.329726028697866,-0.3650191963420575,0.06021322367830016,-1.916654399876821,-0.4948780380772066,0.3057060837657895
RHCE,P18577,Blood group Rh(CE) polypeptide OS=Homo sapiens OX=9606 GN=RHCE PE=1 SV=3,26.421628625679546,26.557143190438627,-0.13551456475908097,0.383756750949099,-0.8776463653370248,-0.22660731712065116,0.6887646190708053
XRCC5,P13010,X-ray repair cross-complementing protein 5 OS=Homo sapiens OX=9606 GN=XRCC5 PE=1 SV=3,23.917745872671098,24.123367712922843,-0.20562184025174446,0.13490989615054463,-1.5161624966765264,-0.391471473318163,0.439498741964985
LIAT1,Q6ZQX7,Protein LIAT1 OS=Homo sapiens OX=9606 GN=LIAT1 PE=1 SV=2,19.015015116928126,19.31629335575212,-0.3012782388239934,0.12214300216395484,-1.5687639844211414,-0.40505311905287145,0.4156860538927771
AMPD2,Q01433,AMP deaminase 2 OS=Homo sapiens OX=9606 GN=AMPD2 PE=1 SV=3,18.089413519968772,18.068858009963417,0.02055551000535516,0.9566048064387078,0.05465039383699778,0.014110671012957923,0.988209689194911
BICC1,Q9H694,Protein bicaudal C homolog 1 OS=Homo sapiens OX=9606 GN=BICC1 PE=1 SV=2,18.18857644530153,18.362921295853546,-0.17434485055201776,0.48664514662600633,-0.7001298690024809,-0.1807727548552659,0.7692482622050006
NAT8L,Q8N9F0,N-acetylaspartate synthetase OS=Homo sapiens OX=9606 GN=NAT8L PE=1 SV=3,22.436420956486277,22.439335240602496,-0.002914284116219079,0.9924172538156599,-0.009544760420991059,-0.002464446543602538,0.9968650622361223
CNBP,P62633,CCHC-type zinc finger nucleic acid binding protein OS=Homo sapiens OX=9606 GN=CNBP PE=1 SV=1,18.915931225008183,19.09635172271854,-0.18042049771035806,0.8350250465226062,-0.20920013351222275,-0.05401524220781379,0.946995514494012
DARS1,P14868,"Aspartate--tRNA ligase, cytoplasmic OS=Homo sapiens OX=9606 GN=DARS1 PE=1 SV=2",18.72600687420445,18.4746613348534,0.25134553935104975,0.4380489487914534,0.7808796116769072,0.20162224876117177,0.7319867336282162
TRAJ56,A0A075B6Z2,T cell receptor alpha joining 56 (Fragment) OS=Homo sapiens OX=9606 GN=TRAJ56 PE=4 SV=1,30.242574738860203,30.22659422009112,0.015980518769083574,0.8578163294696315,0.1799534970120985,0.04646379313464292,0.9529520933947021
DDX43,Q9NXZ2,Probable ATP-dependent RNA helicase DDX43 OS=Homo sapiens OX=9606 GN=DDX43 PE=1 SV=2,22.5542957617022,22.683112224247566,-0.12881646254536605,0.3373983490779775,-0.967324307715335,-0.24976206227754075,0.6488976072209077
STEAP3,Q658P3,Metalloreductase STEAP3 OS=Homo sapiens OX=9606 GN=STEAP3 PE=1 SV=2,16.711166903001775,17.28484647199306,-0.5736795689912846,0.16000376292583982,-1.4233089062113138,-0.3674967793510075,0.4710784021773905
G6PD,E7EUI8,Glucose-6-phosphate 1-dehydrogenase OS=Homo sapiens OX=9606 GN=G6PD PE=1 SV=9,17.864259943243304,16.23075418908801,1.6335057541552942,0.0008421546890353439,3.5219408882502816,0.9093612271013533,0.017975992350480613
ANGPTL6,Q8NI99,Angiopoietin-related protein 6 OS=Homo sapiens OX=9606 GN=ANGPTL6 PE=1 SV=1,19.204023135425135,18.83798013427088,0.3660430011542566,0.03366105375044735,2.175757916391688,0.5617782783709305,0.23313104744731847
SVIL,O95425,Supervillin OS=Homo sapiens OX=9606 GN=SVIL PE=1 SV=2,24.244547441163157,24.203673151815916,0.04087428934724002,0.7185894047408321,0.3621052517165196,0.09349517396482165,0.8935026371014646
APPL2,Q8NEU8,DCC-interacting protein 13-beta OS=Homo sapiens OX=9606 GN=APPL2 PE=1 SV=3,18.48565411267798,17.90824853289353,0.5774055797844504,0.002834890350288934,3.11778532465141,0.8050087092949865,0.04538355712560767
RPL3,P39023,Large ribosomal subunit protein uL3 OS=Homo sapiens OX=9606 GN=RPL3 PE=1 SV=2,25.338730624346,25.476853390932217,-0.1381227665862177,0.34318740477563614,-0.9557059292968771,-0.24676220986923256,0.6553088570422957
SCN9A,Q15858,Sodium channel protein type 9 subunit alpha OS=Homo sapiens OX=9606 GN=SCN9A PE=1 SV=3,20.979583731673088,20.594019353858357,0.3855643778147311,0.07650338932229367,1.8035056469690278,0.46566315570013855,0.3353803839972434
SNRPF,P62306,Small nuclear ribonucleoprotein F OS=Homo sapiens OX=9606 GN=SNRPF PE=1 SV=1,17.435513470411227,18.464557926122257,-1.0290444557110305,0.0013130724235101486,-3.3771578713882078,-0.8719784128933213,0.026753850629019277
PSMA5,P28066,Proteasome subunit alpha type-5 OS=Homo sapiens OX=9606 GN=PSMA5 PE=1 SV=3,17.929585613499505,18.51754003138016,-0.5879544178806562,0.029017297983954957,-2.238846452417731,-0.5780676683286285,0.20811206114092495
TXK,E7EQN8,Tyrosine-protein kinase OS=Homo sapiens OX=9606 GN=TXK PE=1 SV=2,19.374024445414168,19.00407636862224,0.3699480767919283,0.11777727455081012,1.5877621820453258,0.40995843258663306,0.40767307581004353
ENTPD4,Q9Y227,Ectonucleoside triphosphate diphosphohydrolase 4 OS=Homo sapiens OX=9606 GN=ENTPD4 PE=1 SV=1,26.337450772710884,26.42925702359447,-0.09180625088358596,0.6440376482613202,-0.4644871990632302,-0.11993007909989468,0.8590419629305994
PLCB4,Q15147,"1-phosphatidylinositol 4,5-bisphosphate phosphodiesterase beta-4 OS=Homo sapiens OX=9606 GN=PLCB4 PE=1 SV=3",18.398227020550767,17.911811349920193,0.4864156706305742,0.0715577122284,1.8355162782639458,0.47392826516059205,0.3305798534527737
TYMP,P19971,Thymidine phosphorylase OS=Homo sapiens OX=9606 GN=TYMP PE=1 SV=2,17.53261407734701,17.864888510108003,-0.3322744327609932,0.47085366109671556,-0.7258433710995291,-0.18741195254823506,0.755810755905471
DPYSL2,A0A1C7CYX9,Dihydropyrimidinase-related protein 2 OS=Homo sapiens OX=9606 GN=DPYSL2 PE=1 SV=1,22.124588138838693,21.81180876546675,0.31277937337194217,0.08363177909187987,1.7602850453997716,0.45450364436075213,0.3528277174393897
SENP2,Q9HC62,Sentrin-specific protease 2 OS=Homo sapiens OX=9606 GN=SENP2 PE=1 SV=3,23.42806533907337,23.533351410667628,-0.10528607159425718,0.41349971532058594,-0.8236726967340257,-0.2126713758117756,0.7157756203736626
DOCK10,A0A2R8YD85,Dedicator of cytokinesis 10 OS=Homo sapiens OX=9606 GN=DOCK10 PE=1 SV=1,20.868831900274756,18.315417369936725,2.5534145303380313,8.171533584182757e-12,8.523570260736683,2.2007763780041327,9.767706477626455e-10
HNRNPA2B1,P22626,Heterogeneous nuclear ribonucleoproteins A2/B1 OS=Homo sapiens OX=9606 GN=HNRNPA2B1 PE=1 SV=2,18.253278090866274,19.05361952527469,-0.8003414344084163,0.0242554498264867,-2.313583681708768,-0.5973647379543534,0.184279752283435
SULT2B1,O00204,Sulfotransferase 2B1 OS=Homo sapiens OX=9606 GN=SULT2B1 PE=1 SV=2,18.968844569376042,18.94605692714371,0.02278764223233054,0.9680753892068157,0.04019540089004913,0.010378407882752738,0.990284578482698
MKI67,P46013,Proliferation marker protein Ki-67 OS=Homo sapiens OX=9606 GN=MKI67 PE=1 SV=2,21.05581211858097,19.535370761789167,1.5204413567918031,0.0002905390486756734,3.8568706378622295,0.9958397165944529,0.007337134003880034
CXCL2,P19875,C-X-C motif chemokine 2 OS=Homo sapiens OX=9606 GN=CXCL2 PE=1 SV=1,17.828994497377476,17.672054472024758,0.15694002535271778,0.5711838139920948,0.5695478245109731,0.14705661594664426,0.8161837461244915
BLVRB,P30043,Flavin reductase (NADPH) OS=Homo sapiens OX=9606 GN=BLVRB PE=1 SV=3,17.894079094679544,18.863090257128082,-0.9690111624485382,0.03480151347384837,-2.16144121509372,-0.5580817219909534,0.23366849882172294
UBXN6,Q9BZV1,UBX domain-containing protein 6 OS=Homo sapiens OX=9606 GN=UBXN6 PE=1 SV=1,27.646045372311992,27.406540628741343,0.23950474357064877,0.053404483493128915,1.971831506965856,0.5091247058670556,0.28668933803347346
LOC122394732,A0A1B0GW15,Uncharacterized protein OS=Homo sapiens OX=9606 GN=LOC122394732 PE=1 SV=1,19.41398173640319,19.148768803169144,0.2652129332340465,0.5877661455740029,0.5451127165207188,0.14074749819270857,0.8278591508359678
HLA-DRB5,Q30154,"HLA class II histocompatibility antigen, DR beta 5 chain OS=Homo sapiens OX=9606 GN=HLA-DRB5 PE=1 SV=1",20.735099940243785,19.57431910849572,1.1607808317480632,1.9050217075161207e-05,4.6586296692347435,1.2028530083395952,0.0008539259803941011
CRNKL1,Q9BZJ0,Crooked neck-like protein 1 OS=Homo sapiens OX=9606 GN=CRNKL1 PE=1 SV=4,18.307247374460456,18.182183643863148,0.1250637305973079,0.6107649534137998,0.5117558072697934,0.13213478125872283,0.8434450737424352
CDH5,P33151,Cadherin-5 OS=Homo sapiens OX=9606 GN=CDH5 PE=1 SV=5,16.775289774176816,16.800440875853425,-0.0251511016766095,0.9347301552528612,-0.08225120464421014,-0.021237169719501597,0.9802150900651133
NOMO1,A0A0G2JN29,NODAL modulator 1 OS=Homo sapiens OX=9606 GN=NOMO1 PE=1 SV=1,20.851944100990597,20.14977480769585,0.7021692932947481,0.003035692358716098,3.094135064620557,0.7989022384127884,0.04816810972723862
PIK3CD,O00329,"Phosphatidylinositol 4,5-bisphosphate 3-kinase catalytic subunit delta isoform OS=Homo sapiens OX=9606 GN=PIK3CD PE=1 SV=2",17.957315053721338,18.013835241499585,-0.05652018777824708,0.8424462006427353,-0.1996582774395825,-0.05155154556373087,0.9494230532417136
CTSL,P07711,Procathepsin L OS=Homo sapiens OX=9606 GN=CTSL PE=1 SV=2,19.655898467588404,19.34077746078399,0.31512100680441435,0.11323084904509036,1.608159256107076,0.41522493446346764,0.4052353539677585
PREX1,Q8TCU6,"Phosphatidylinositol 3,4,5-trisphosphate-dependent Rac exchanger 1 protein OS=Homo sapiens OX=9606 GN=PREX1 PE=1 SV=3",18.353354972342746,16.476941199771677,1.8764137725710697,1.1416760341630699e-08,6.647781139107573,1.7164497093996935,9.304659678429019e-07
PKP3,Q9Y446,Plakophilin-3 OS=Homo sapiens OX=9606 GN=PKP3 PE=1 SV=1,15.894484508359389,15.169051444586012,0.7254330637733766,0.12222578466702233,1.568409046003371,0.40496147434747454,0.4156860538927771
GRK2,P25098,Beta-adrenergic receptor kinase 1 OS=Homo sapiens OX=9606 GN=GRK2 PE=1 SV=2,24.530998893872766,24.664543766406528,-0.13354487253376135,0.8739192463215981,-0.15938506117660545,-0.04115304583808288,0.9611475042493681
RPS20,P60866,Small ribosomal subunit protein uS10 OS=Homo sapiens OX=9606 GN=RPS20 PE=1 SV=1,18.538267729209227,18.841420312874963,-0.30315258366573516,0.37746434318506916,-0.8893961227232168,-0.22964109143256445,0.686362037006699
LGALS3,P17931,Galectin-3 OS=Homo sapiens OX=9606 GN=LGALS3 PE=1 SV=5,19.390700039754144,18.991638924612516,0.39906111514162745,0.22175784461937567,1.235141730070157,0.31891222338450237,0.5424444957742709
SEC16B,Q96JE7,Protein transport protein Sec16B OS=Homo sapiens OX=9606 GN=SEC16B PE=1 SV=2,20.295948479070407,20.735318945589576,-0.43937046651916845,0.3237851820171844,-0.9951746231184452,-0.2569529827937321,0.6456414808632545
BCAP31,P51572,B-cell receptor-associated protein 31 OS=Homo sapiens OX=9606 GN=BCAP31 PE=1 SV=3,20.431073396442237,20.48109954065821,-0.05002614421597329,0.8235776896282241,-0.22395712530864703,-0.05782548110565851,0.9443761469179691
SLCO4A1,Q96BD0,Solute carrier organic anion transporter family member 4A1 OS=Homo sapiens OX=9606 GN=SLCO4A1 PE=1 SV=2,22.617564398026783,22.612949539756713,0.004614858270070243,0.9805964549244435,0.024426251121307467,0.006306830920206938,0.9932769646054417
CARS1,P49589,"Cysteine--tRNA ligase, cytoplasmic OS=Homo sapiens OX=9606 GN=CARS1 PE=1 SV=3",18.216677799162085,18.00439330407427,0.21228449508781466,0.3844274512873542,0.8764011438440086,0.2262858023136651,0.6892784201582262
PREX1,H0YDZ4,"Phosphatidylinositol-3,4,5-trisphosphate dependent Rac exchange factor 1 (Fragment) OS=Homo sapiens OX=9606 GN=PREX1 PE=1 SV=1",22.626233526905807,22.587453083159154,0.03878044374665279,0.7426571688983449,0.3299092266282448,0.08518219603275737,0.9101738235370693
ERC1,X6RLX0,ELKS/RAB6-interacting/CAST family member 1 OS=Homo sapiens OX=9606 GN=ERC1 PE=1 SV=1,22.181617558922195,22.184115125261602,-0.002497566339407342,0.991040608039685,-0.011277678408712346,-0.0029118840440550586,0.9965232089455731
CBR1,P16152,Carbonyl reductase [NADPH] 1 OS=Homo sapiens OX=9606 GN=CBR1 PE=1 SV=3,18.644473638968453,17.90539884850744,0.7390747904610144,2.337585122901992e-05,4.600528666506971,1.1878513939420876,0.0010222658842349444
FAT1,Q14517,Protocadherin Fat 1 OS=Homo sapiens OX=9606 GN=FAT1 PE=1 SV=2,17.48176581873556,17.779275847506863,-0.2975100287713026,0.24619974050936638,-1.171470585216857,-0.3024724044744496,0.5755360296392359
CHRNB1,P11230,Acetylcholine receptor subunit beta OS=Homo sapiens OX=9606 GN=CHRNB1 PE=1 SV=3,24.693602450457956,24.724679017599822,-0.031076567141866462,0.8010973850361296,-0.2530850480589005,-0.06534627842041502,0.9333122880895258
ARHGAP4,P98171,Rho GTPase-activating protein 4 OS=Homo sapiens OX=9606 GN=ARHGAP4 PE=1 SV=2,19.528074211941625,19.172877535012883,0.3551966769287418,0.3770053442732839,0.8902580294884074,0.22986363480240224,0.686362037006699
TSNAXIP1,B4DXD0,Translin associated factor X interacting protein 1 OS=Homo sapiens OX=9606 GN=TSNAXIP1 PE=1 SV=1,21.18832773650382,21.3091216053822,-0.12079386887837984,0.6671562483635507,-0.4322587667059126,-0.11160873364694378,0.868606289067533
D2HGDH,Q8N465,"D-2-hydroxyglutarate dehydrogenase, mitochondrial OS=Homo sapiens OX=9606 GN=D2HGDH PE=1 SV=3",29.6899992038401,29.943275402771473,-0.2532761989313741,0.028739472334570533,-2.242896835768935,-0.5791134728129598,0.20694728472242957
HARBI1,Q96MB7,Putative nuclease HARBI1 OS=Homo sapiens OX=9606 GN=HARBI1 PE=1 SV=1,18.058692158485936,19.822358206441194,-1.7636660479552582,0.0004078166724522637,-3.7518172317914273,-0.9687150437828141,0.00962125386456459
MARS1,P56192,"Methionine--tRNA ligase, cytoplasmic OS=Homo sapiens OX=9606 GN=MARS1 PE=1 SV=2",21.509669193785946,21.140672708251998,0.36899648553394826,0.054094595243751195,1.9659735113424668,0.5076121779009528,0.28780892959064064
DHX9,Q08211,ATP-dependent RNA helicase A OS=Homo sapiens OX=9606 GN=DHX9 PE=1 SV=4,21.796522807208614,22.286093318186502,-0.48957051097788806,0.07246265142509785,-1.8295231850436038,-0.4723808551449485,0.33144268878877664
TGFB1I1,O43294,Transforming growth factor beta-1-induced transcript 1 protein OS=Homo sapiens OX=9606 GN=TGFB1I1 PE=1 SV=2,26.312642975195804,26.983783149569316,-0.6711401743735124,0.09473637156749928,-1.6986903970574534,-0.4385999745443988,0.3737661370169285
NME1-NME2,Q32Q12,Nucleoside diphosphate kinase OS=Homo sapiens OX=9606 GN=NME1-NME2 PE=1 SV=1,18.94701386420983,18.138837068853093,0.8081767953567365,0.00952931154239625,2.6814985658380217,0.6923599525579821,0.10231171015279326
SERPINA6,P08185,Corticosteroid-binding globulin OS=Homo sapiens OX=9606 GN=SERPINA6 PE=1 SV=1,30.521883375248944,30.2831844417545,0.23869893349444382,0.33733195971538577,0.9674583063523078,0.24979666057683475,0.6488976072209077
CREM,Q03060,cAMP-responsive element modulator OS=Homo sapiens OX=9606 GN=CREM PE=1 SV=6,23.1697588134078,23.059810937139005,0.10994787626879443,0.6009888398988402,0.525862292382231,0.1357770600529891,0.8340348219339169
LSM4,V9GZ56,U6 snRNA-associated Sm-like protein LSm4 (Fragment) OS=Homo sapiens OX=9606 GN=LSM4 PE=1 SV=1,19.064831280685503,19.311608490884648,-0.246777210199145,0.43662371969435665,-0.783324305549922,-0.20225346600495586,0.7309676278356503
FN3K,Q9H479,Fructosamine-3-kinase OS=Homo sapiens OX=9606 GN=FN3K PE=1 SV=1,18.41833647698095,18.690906096257383,-0.27256961927643175,0.40213385298490045,-0.8440059086570457,-0.21792138855529308,0.706389542299498
RENBP,P51606,N-acylglucosamine 2-epimerase OS=Homo sapiens OX=9606 GN=RENBP PE=1 SV=4,19.003276469299937,18.206900394625016,0.7963760746749209,0.01328764763925964,2.5543287786333826,0.6595248546923617,0.1291821347188587
LY6G6F-LY6G6D,A0A0G2JK05,LY6G6F-LY6G6D readthrough OS=Homo sapiens OX=9606 GN=LY6G6F-LY6G6D PE=4 SV=1,18.425194349613196,18.28723731955343,0.13795703005976634,0.6124101455237674,0.50939205122657,0.13152446207272941,0.8434450737424352
REEP6,Q96HR9,Receptor expression-enhancing protein 6 OS=Homo sapiens OX=9606 GN=REEP6 PE=1 SV=2,19.19067983291639,18.107761182553183,1.082918650363208,7.964047659715625e-05,4.245985298526319,1.0963086899622643,0.002644358787753725
UBE2M,P61081,NEDD8-conjugating enzyme Ubc12 OS=Homo sapiens OX=9606 GN=UBE2M PE=1 SV=1,19.791196273548728,19.98438947489134,-0.19319320134261275,0.4125547252326437,-0.8253501555539322,-0.21310449381667204,0.7157756203736626
SCCPDH,Q8NBX0,Saccharopine dehydrogenase-like oxidoreductase OS=Homo sapiens OX=9606 GN=SCCPDH PE=1 SV=1,18.90164200886041,19.36922574991928,-0.4675837410588706,0.21157305793280587,-1.2631963160958561,-0.326155886348654,0.5313668847978812
PIBF1,Q8WXW3,Progesterone-induced-blocking factor 1 OS=Homo sapiens OX=9606 GN=PIBF1 PE=1 SV=2,20.896305881422226,20.86597051285631,0.030335368565914678,0.8725411134117578,0.1611425605732472,0.041606830231027084,0.9611475042493681
MOB3C,Q70IA8,MOB kinase activator 3C OS=Homo sapiens OX=9606 GN=MOB3C PE=1 SV=1,17.474451413776976,17.458476088322087,0.01597532545488889,0.9551749448187312,0.05645302769444648,0.014576109073571819,0.988209689194911
ITGA11,Q9UKX5,Integrin alpha-11 OS=Homo sapiens OX=9606 GN=ITGA11 PE=1 SV=2,18.973978174347753,19.65301813653871,-0.6790399621909557,2.5381648311005588e-05,-4.577073687483177,-1.181795344399101,0.0010361423247670005
TBK1,A0A494C045,TANK binding kinase 1 OS=Homo sapiens OX=9606 GN=TBK1 PE=1 SV=1,17.689882218198616,17.848796594986787,-0.15891437678817155,0.5598740984815868,-0.5864120444262606,-0.15141093880522344,0.8121267221871533
PCLO,Q9Y6V0,Protein piccolo OS=Homo sapiens OX=9606 GN=PCLO PE=1 SV=5,24.532840345868344,24.329324641940435,0.2035157039279092,0.2710713962920875,1.111190845235211,0.2869082425369411,0.6022171405383543
KPNA4,O00629,Importin subunit alpha-3 OS=Homo sapiens OX=9606 GN=KPNA4 PE=1 SV=1,21.031332322011,19.244731749588336,1.786600572422664,8.834073883510319e-09,6.714324094613953,1.7336310266319355,7.542616415778096e-07
METAP1,P53582,Methionine aminopeptidase 1 OS=Homo sapiens OX=9606 GN=METAP1 PE=1 SV=2,18.64844923337737,18.56125748928499,0.08719174409237951,0.8170540601206765,0.23238886924097338,0.06000254802761753,0.9422230840326674
ALG13,A0A096LP10,UDP-N-acetylglucosamine transferase subunit ALG13 (Fragment) OS=Homo sapiens OX=9606 GN=ALG13 PE=1 SV=1,26.110917826793276,26.101879021862143,0.009038804931133626,0.9603041323787385,0.04998745814377464,0.012906706194005298,0.988209689194911
PCID2,Q5JVF3,PCI domain-containing protein 2 OS=Homo sapiens OX=9606 GN=PCID2 PE=1 SV=2,21.2129949214753,21.800159189186783,-0.5871642677114828,0.006404344989164791,-2.828875420169585,-0.7304124927208208,0.08159611931561547
CAPNS1,A0A0C4DGQ5,Calpain small subunit 1 OS=Homo sapiens OX=9606 GN=CAPNS1 PE=1 SV=1,17.121388628786235,15.614020860574755,1.5073677682114806,0.016928926895206302,2.4591977009866435,0.6349621160635224,0.14879198981914166
TNFAIP8L2,Q6P589,Tumor necrosis factor alpha-induced protein 8-like protein 2 OS=Homo sapiens OX=9606 GN=TNFAIP8L2 PE=1 SV=1,19.911972495273,20.380259195582582,-0.4682867003095801,0.11429118411769505,-1.603343864869121,-0.41398160579212934,0.4057902834119351
LSM6,P62312,U6 snRNA-associated Sm-like protein LSm6 OS=Homo sapiens OX=9606 GN=LSM6 PE=1 SV=1,24.38858069292078,24.580843936199976,-0.19226324327919642,0.16496751609140217,-1.4063095467424853,-0.3631075636097431,0.4764469777897422
RPA1,P27694,Replication protein A 70 kDa DNA-binding subunit OS=Homo sapiens OX=9606 GN=RPA1 PE=1 SV=2,29.017652311123058,29.117714390292303,-0.10006207916924481,0.30937674574031065,-1.025518578694064,-0.264787758433894,0.6333385183511014
GNL1,P36915,Guanine nucleotide-binding protein-like 1 OS=Homo sapiens OX=9606 GN=GNL1 PE=1 SV=2,18.046782168084846,17.561915483356056,0.48486668472878947,0.07628586202006829,1.8048765834439058,0.46601712997586586,0.3353803839972434
HACE1,H0YC01,HECT domain and ankyrin repeat containing E3 ubiquitin protein ligase 1 (Fragment) OS=Homo sapiens OX=9606 GN=HACE1 PE=4 SV=1,21.66472003401454,21.221710010129883,0.44301002388465704,0.18143364475229534,1.3525990035543336,0.34923956099084535,0.5022817692000977
FSIP2,Q5CZC0,Fibrous sheath-interacting protein 2 OS=Homo sapiens OX=9606 GN=FSIP2 PE=1 SV=4,27.362184991757694,27.328152423281804,0.0340325684758902,0.688250134479121,0.4032457827754334,0.10411761340784181,0.8770664471365059
CCL27,Q9Y4X3,C-C motif chemokine 27 OS=Homo sapiens OX=9606 GN=CCL27 PE=1 SV=1,20.61086895124466,19.97499773884865,0.6358712123960117,0.024037133285058892,2.3173136273104586,0.5983278057675272,0.18339821268132167
CHMP1B,Q7LBR1,Charged multivesicular body protein 1b OS=Homo sapiens OX=9606 GN=CHMP1B PE=1 SV=1,23.81175911848322,23.933944092676107,-0.1221849741928871,0.29476513880844174,-1.057285557468725,-0.27298995708413315,0.623673075269069
FAM98B,Q52LJ0,Protein FAM98B OS=Homo sapiens OX=9606 GN=FAM98B PE=1 SV=2,21.388330971861595,19.019913928391254,2.368417043470341,0.0007182594229312234,3.5730421888961987,0.9225555261927649,0.01570535543067907
RPSA,A0A8V8TLA4,Small ribosomal subunit protein uS2 OS=Homo sapiens OX=9606 GN=RPSA PE=1 SV=1,15.394507112376784,13.643311901390256,1.7511952109865287,0.0006220495567993648,3.6188952362013556,0.9343947320984806,0.01376956611532421
ACAD8,Q9UKU7,"Isobutyryl-CoA dehydrogenase, mitochondrial OS=Homo sapiens OX=9606 GN=ACAD8 PE=1 SV=1",18.568936230951756,18.835430055074085,-0.26649382412232825,0.4471180675868741,-0.7654318768947779,-0.19763366079131736,0.7402425624960899
Unknown,C9JWU6,Melanopsin OS=Homo sapiens OX=9606 PE=3 SV=2,16.780108787983753,17.47880993285558,-0.6987011448718263,0.01782853286735631,-2.4385658636061818,-0.6296349985584432,0.1525750154898867
LRRC31,Q6UY01,Leucine-rich repeat-containing protein 31 OS=Homo sapiens OX=9606 GN=LRRC31 PE=1 SV=1,20.17188617687724,19.8067580013118,0.36512817556544164,0.3333957905130638,0.9754342966759116,0.2518560524230234,0.6485841714255235
TSPAN33,Q86UF1,Tetraspanin-33 OS=Homo sapiens OX=9606 GN=TSPAN33 PE=1 SV=1,24.643425518581946,24.947431396466808,-0.3040058778848618,0.041844677890274865,-2.081154878351322,-0.5373518789821996,0.25786892948667584
ATP5F1B,P06576,"ATP synthase subunit beta, mitochondrial OS=Homo sapiens OX=9606 GN=ATP5F1B PE=1 SV=3",23.334237859781087,23.244220387661063,0.09001747212002442,0.3737930604564563,0.8963087291515769,0.23142591873762605,0.6845872904989032
SCFD1,A0A7I2V4B8,Sec1 family domain containing 1 OS=Homo sapiens OX=9606 GN=SCFD1 PE=1 SV=1,18.459506726850744,18.59665592231207,-0.1371491954613262,0.6449182576099713,-0.46325080388350354,-0.1196108432372005,0.8590419629305994
RPS25,P62851,Small ribosomal subunit protein eS25 OS=Homo sapiens OX=9606 GN=RPS25 PE=1 SV=1,18.241775605129575,18.075131684577915,0.16664392055166033,0.7818347918363322,0.2782175809828827,0.07183547051792119,0.9289871273750642
BAIAP2L1,Q9UHR4,BAR/IMD domain-containing adapter protein 2-like 1 OS=Homo sapiens OX=9606 GN=BAIAP2L1 PE=1 SV=2,21.396636020369833,21.22913213461946,0.16750388575037434,0.5485366581575288,0.6034886087030188,0.1558200887421784,0.8093454881076879
SH3GL1,Q99961,Endophilin-A2 OS=Homo sapiens OX=9606 GN=SH3GL1 PE=1 SV=1,18.40382191732101,18.17114341754235,0.23267849977866106,0.32286248109946847,0.9970903111198453,0.2574476113087955,0.6456414808632545
BNIP2,H7C096,BCL2 interacting protein 2 OS=Homo sapiens OX=9606 GN=BNIP2 PE=1 SV=2,19.156181622825738,19.066084309067005,0.09009731375873287,0.7721143337950842,0.2909672641504788,0.07512742455642257,0.9284129524860075
TBC1D1,A0A8V8TNS9,TBC1 domain family member 1 OS=Homo sapiens OX=9606 GN=TBC1D1 PE=1 SV=1,18.038096045228468,17.758551150856263,0.2795448943722043,0.5225358188789722,0.6433451039851082,0.1661109915732269,0.7893064222830641
HP1BP3,Q5SSJ5,Heterochromatin protein 1-binding protein 3 OS=Homo sapiens OX=9606 GN=HP1BP3 PE=1 SV=1,19.90456258714217,17.112113529661464,2.792449057480706,1.0927776075248625e-07,6.058135105480698,1.5642037581734172,7.25685277885955e-06
RIC8A,Q9NPQ8,Chaperone Ric-8A OS=Homo sapiens OX=9606 GN=RIC8A PE=1 SV=3,20.862088853101817,20.73441944107147,0.12766941203034676,0.5681274775144157,0.5740888772865206,0.14822911073157383,0.8156840009516406
CENPF,P49454,Centromere protein F OS=Homo sapiens OX=9606 GN=CENPF PE=1 SV=3,24.168010403134833,23.852288634840768,0.31572176829406473,0.20990267060317602,1.2678923589980902,0.32736839941221596,0.5308257946283422
ERICH6B,Q5W0A0,Glutamate-rich protein 6B OS=Homo sapiens OX=9606 GN=ERICH6B PE=1 SV=1,22.699220071274848,22.203411965170762,0.49580810610408577,0.027572050792053097,2.260303964323576,0.5836079740794542,0.20096214256159023
KDM5C,P41229,Lysine-specific demethylase 5C OS=Homo sapiens OX=9606 GN=KDM5C PE=1 SV=2,18.52499971162199,17.940573063913043,0.5844266477089484,0.045007541953593466,2.048878683046137,0.5290182011891382,0.26545566685129307
ARHGAP29,Q52LW3,Rho GTPase-activating protein 29 OS=Homo sapiens OX=9606 GN=ARHGAP29 PE=1 SV=2,19.245856001912774,18.021522064570384,1.22433393734239,3.5359660591001425e-06,5.127373196140833,1.323882066562916,0.000171351003890988
TXLNA,P40222,Alpha-taxilin OS=Homo sapiens OX=9606 GN=TXLNA PE=1 SV=3,18.13742002415548,20.880577001052526,-2.743156976897044,1.92353250203071e-11,-8.300602853526604,-2.1432064410126865,2.155558610088164e-09
RP1,P56715,Oxygen-regulated protein 1 OS=Homo sapiens OX=9606 GN=RP1 PE=1 SV=1,21.480186063989745,21.543499180267418,-0.06331311627767278,0.7077053174897845,-0.3767891544535762,-0.09728654134868499,0.8867334970364664
PSMB8,P28062,Proteasome subunit beta type-8 OS=Homo sapiens OX=9606 GN=PSMB8 PE=1 SV=3,23.495279545067053,23.569928516516697,-0.07464897144964411,0.573987877512558,-0.5653920214186126,-0.1459835922021889,0.8180924200159114
ATN1,P54259,Atrophin-1 OS=Homo sapiens OX=9606 GN=ATN1 PE=1 SV=3,22.668792900921535,22.73561199431678,-0.06681909339524594,0.7592302997059728,-0.3079411431990286,-0.07951006128146074,0.9184457747215589
ALOX5,P09917,Polyunsaturated fatty acid 5-lipoxygenase OS=Homo sapiens OX=9606 GN=ALOX5 PE=1 SV=2,17.520239453615307,17.6852145020383,-0.16497504842299193,0.6674615190415331,-0.4318363088850371,-0.1114996555066287,0.868606289067533
CTPS1,P17812,CTP synthase 1 OS=Homo sapiens OX=9606 GN=CTPS1 PE=1 SV=2,18.828292005884645,19.00318491406715,-0.17489290818250325,0.5301096565845657,-0.6316311257318591,-0.16308645539371555,0.7965980359880855
ZBTB24,A0A8V8TNA6,Zinc finger and BTB domain containing 24 OS=Homo sapiens OX=9606 GN=ZBTB24 PE=1 SV=1,17.84803048920761,18.140387063277295,-0.29235657406968585,0.16749628822795742,-1.3978008559573922,-0.36091062909583016,0.4820559306464329
MYBPC3,Q14896,"Myosin-binding protein C, cardiac-type OS=Homo sapiens OX=9606 GN=MYBPC3 PE=1 SV=4",20.957730098726262,20.588849547751746,0.36888055097451655,0.43384931879800503,0.7880968033953827,0.20348571964997453,0.7303779685570437
NUGGC,Q68CJ6,Nuclear GTPase SLIP-GC OS=Homo sapiens OX=9606 GN=NUGGC PE=1 SV=3,19.10295615894079,19.467198229458933,-0.36424207051814506,0.31094192374219803,-1.022176780789614,-0.2639249099252057,0.6333385183511014
PUM3,Q15397,Pumilio homolog 3 OS=Homo sapiens OX=9606 GN=PUM3 PE=1 SV=3,18.437079301115674,17.77311924400977,0.6639600571059034,0.011282220827974575,2.617380373436126,0.6758047064672177,0.11539423119949632
SRL,Q86TD4,Sarcalumenin OS=Homo sapiens OX=9606 GN=SRL PE=1 SV=3,19.54181935883258,19.67703809260934,-0.1352187337767603,0.49509053996625907,-0.6865684422964942,-0.17727120953639267,0.7746050071199848
NINL,Q9Y2I6,Ninein-like protein OS=Homo sapiens OX=9606 GN=NINL PE=1 SV=2,17.686857422389416,18.182285514625338,-0.49542809223592243,0.07197951507076814,-1.8327149498517419,-0.4732049652747439,0.3305798534527737
RXFP1,B4DGP2,Relaxin family peptide receptor 1 OS=Homo sapiens OX=9606 GN=RXFP1 PE=1 SV=1,22.422907041425976,22.56590212580857,-0.14299508438259423,0.26084427652170167,-1.1354810955484513,-0.2931799581995003,0.5918789331680574
COPB2,P35606,Coatomer subunit beta' OS=Homo sapiens OX=9606 GN=COPB2 PE=1 SV=2,22.00015195915429,21.75632691813767,0.2438250410166205,0.09247071395459482,1.710754197282392,0.4417148343686095,0.3709172038491913
BRINP3,Q76B58,BMP/retinoic acid-inducible neural-specific protein 3 OS=Homo sapiens OX=9606 GN=BRINP3 PE=1 SV=1,22.259177382771163,22.31786241132295,-0.05868502855178548,0.8145008929004931,-0.23569336281267206,-0.060855764599006754,0.9422230840326674
TOMM20L,Q6UXN7,TOMM20-like protein 1 OS=Homo sapiens OX=9606 GN=TOMM20L PE=1 SV=1,21.16804990037311,22.833598058111455,-1.6655481577383462,7.899787148394454e-08,-6.143336399285472,-1.5862026376388316,5.665727342828503e-06
IL1RAP,Q9NPH3,Interleukin-1 receptor accessory protein OS=Homo sapiens OX=9606 GN=IL1RAP PE=1 SV=2,22.907398873699112,22.808429402792633,0.09896947090647856,0.6002487686669645,0.5269344718549444,0.13605389560245337,0.8336951169391975
HCLS1,P14317,Hematopoietic lineage cell-specific protein OS=Homo sapiens OX=9606 GN=HCLS1 PE=1 SV=3,18.14053371688947,18.654670549190826,-0.5141368323013573,0.09301239253937545,-1.7078480077328315,-0.44096445945351814,0.3714281065102454
DROSHA,Q9NRR4,Ribonuclease 3 OS=Homo sapiens OX=9606 GN=DROSHA PE=1 SV=2,20.677376582600967,20.7204410606431,-0.0430644780421332,0.7441326150530067,-0.3279470775191915,-0.08467557131128142,0.9106143825876638
SNX33,Q8WV41,Sorting nexin-33 OS=Homo sapiens OX=9606 GN=SNX33 PE=1 SV=1,19.577444234143822,20.608686291208464,-1.0312420570646417,0.026062037736580692,-2.283813753341382,-0.5896781755020417,0.1930593018667586
OLFML1,Q6UWY5,Olfactomedin-like protein 1 OS=Homo sapiens OX=9606 GN=OLFML1 PE=1 SV=2,25.47010607285422,25.609751030881366,-0.13964495802714438,0.30401394899163564,-1.0370564201410621,-0.2677668162855877,0.6304202854667855
ZNF398,Q8TD17,Zinc finger protein 398 OS=Homo sapiens OX=9606 GN=ZNF398 PE=1 SV=1,17.756697362924303,17.984864760573178,-0.22816739764887473,0.5173021847506816,-0.6514919516167427,-0.16821449858665416,0.785872611952955
TRA,P0DTU3,T cell receptor alpha chain MC.7.G5 OS=Homo sapiens OX=9606 GN=TRA PE=1 SV=1,21.062081870610843,20.78497638370103,0.2771054869098144,0.17139653189257006,1.384869508195249,0.35757176946071034,0.48548812272255626
CRCP,O75575,DNA-directed RNA polymerase III subunit RPC9 OS=Homo sapiens OX=9606 GN=CRCP PE=1 SV=1,19.469053774945674,20.714719595576163,-1.2456658206304887,0.0010943306527355248,-3.43695586825224,-0.8874181892927187,0.02281552163203251
SLF2,Q8IX21,SMC5-SMC6 complex localization factor protein 2 OS=Homo sapiens OX=9606 GN=SLF2 PE=1 SV=2,21.12688193215869,21.208061070092125,-0.0811791379334359,0.6526527668768054,-0.4524218953250219,-0.11681483107022703,0.8595977833941577
CDKN2AIP,Q9NXV6,CDKN2A-interacting protein OS=Homo sapiens OX=9606 GN=CDKN2AIP PE=1 SV=3,20.52088371392438,20.282210584062668,0.23867312986171285,0.12766007542014043,1.5455191420046972,0.39905132654859776,0.42704200602296977
CHD1L,A0A494C1F7,Chromodomain helicase DNA binding protein 1 like (Fragment) OS=Homo sapiens OX=9606 GN=CHD1L PE=1 SV=1,22.710477111145448,22.901297062634303,-0.1908199514888551,0.3653741339966411,-0.9123253163500356,-0.23556138376980673,0.6753771363463685
TRIM33,Q9UPN9,E3 ubiquitin-protein ligase TRIM33 OS=Homo sapiens OX=9606 GN=TRIM33 PE=1 SV=3,23.200044242989573,23.138805827546125,0.06123841544344799,0.6861946981535718,0.4060573880715438,0.10484356677370477,0.8768491706936095
BLM,P54132,RecQ-like DNA helicase BLM OS=Homo sapiens OX=9606 GN=BLM PE=1 SV=1,19.3602072977404,19.394536106934066,-0.0343288091936671,0.911130967966173,-0.11210027567102074,-0.028944166718608257,0.9728197030701398
SRSF5,Q13243,Serine/arginine-rich splicing factor 5 OS=Homo sapiens OX=9606 GN=SRSF5 PE=1 SV=1,20.45696267714494,20.68853856685809,-0.2315758897131488,0.2264600129524142,-1.2225086694673541,-0.31565038116274996,0.5479659962532776
TG,P01266,Thyroglobulin OS=Homo sapiens OX=9606 GN=TG PE=1 SV=5,25.908174272936858,25.71758737582327,0.19058689711358667,0.682245932049127,0.41146802793370535,0.1062405879789366,0.8762657279112355
RNF17,Q9BXT8,RING finger protein 17 OS=Homo sapiens OX=9606 GN=RNF17 PE=1 SV=3,21.29647142880225,21.890177440298203,-0.5937060114959536,0.008550316125965147,-2.7221759773533947,-0.7028628150490398,0.09499259867368912
SLC22A1,O15245,Solute carrier family 22 member 1 OS=Homo sapiens OX=9606 GN=SLC22A1 PE=1 SV=2,22.401026039914704,22.559685661656854,-0.15865962174214943,0.18092646320516975,-1.3541965036687889,-0.3496520337467687,0.5022817692000977
MELK,Q14680,Maternal embryonic leucine zipper kinase OS=Homo sapiens OX=9606 GN=MELK PE=1 SV=3,18.268700371410194,18.032544572867568,0.23615579854262592,0.25002509739800977,1.1619249989626685,0.3000077447016324,0.577025987650572
MACF1,H3BQK9,Microtubule actin crosslinking factor 1 OS=Homo sapiens OX=9606 GN=MACF1 PE=1 SV=1,17.267662726299324,17.75292748960558,-0.48526476330625457,0.0758145573019695,-1.8078581766531894,-0.4667869740321806,0.3353803839972434
POC1A,Q8NBT0,POC1 centriolar protein homolog A OS=Homo sapiens OX=9606 GN=POC1A PE=1 SV=2,27.284044588993645,27.336145142132462,-0.052100553138817673,0.7730733619975512,-0.28970726609997655,-0.0748020944586993,0.9284129524860075
CUBN,O60494,Cubilin OS=Homo sapiens OX=9606 GN=CUBN PE=1 SV=5,20.924460605475257,20.72077610197251,0.20368450350274614,0.6371315961253967,0.47420863395009255,0.12244014279443184,0.8563545366213166
CER1,O95813,Cerberus OS=Homo sapiens OX=9606 GN=CER1 PE=1 SV=1,20.575563141404633,20.226089445943003,0.3494736954616293,0.13984748106633912,1.4968778016234736,0.3864921864663522,0.4422337452415274
TTC24,A2A3L6,Tetratricopeptide repeat protein 24 OS=Homo sapiens OX=9606 GN=TTC24 PE=1 SV=1,25.377226052245753,25.57432997225254,-0.19710392000678567,0.2557143930824753,-1.1479198766261076,-0.2963916376635592,0.5863119012747803
MLPH,H7C052,Melanophilin (Fragment) OS=Homo sapiens OX=9606 GN=MLPH PE=1 SV=1,25.214835474742344,25.288072470271054,-0.07323699552870977,0.6365448730807628,-0.47503662947468916,-0.12265393031959829,0.8562077700178602
TOP1,P11387,DNA topoisomerase 1 OS=Homo sapiens OX=9606 GN=TOP1 PE=1 SV=2,14.489058845889646,14.065849244905435,0.4232096009842117,0.30687374916559285,1.030886615396847,0.2661737795506746,0.6304202854667855
TMEM14C,Q9P0S9,Transmembrane protein 14C OS=Homo sapiens OX=9606 GN=TMEM14C PE=1 SV=1,19.522956371661405,19.499655288020687,0.02330108364071748,0.9529113239468237,0.0593071700550312,0.01531304546225514,0.988209689194911
NIBAN1,Q9BZQ8,Protein Niban 1 OS=Homo sapiens OX=9606 GN=NIBAN1 PE=1 SV=1,16.328946155436192,15.73912235636951,0.5898237990666821,0.12370941101147462,1.5620802870171722,0.4033273958037606,0.4177231147713258
OSBPL8,Q9BZF1,Oxysterol-binding protein-related protein 8 OS=Homo sapiens OX=9606 GN=OSBPL8 PE=1 SV=3,16.640212321934584,16.049891750328005,0.5903205716065791,0.09919507729003361,1.6756256748213234,0.4326446888707033,0.38166689609663146
ZNF25,P17030,Zinc finger protein 25 OS=Homo sapiens OX=9606 GN=ZNF25 PE=1 SV=2,18.61389308503757,18.578954345178044,0.03493873985952689,0.9391596316993186,0.07665776203028453,0.019792949046721554,0.9830199764371735
PHF13,Q86YI8,PHD finger protein 13 OS=Homo sapiens OX=9606 GN=PHF13 PE=1 SV=2,19.955678522164987,20.23184407271787,-0.27616555055288217,0.15474190310112923,-1.441781973147609,-0.3722665047241839,0.4639669435791383
DICER1,A0A8Q3SJI0,Endoribonuclease Dicer OS=Homo sapiens OX=9606 GN=DICER1 PE=1 SV=1,22.6304589157974,22.70228160139465,-0.07182268559724747,0.5556563984780827,-0.5927443387993455,-0.15304593018190615,0.8113126404488618
RB1,P06400,Retinoblastoma-associated protein OS=Homo sapiens OX=9606 GN=RB1 PE=1 SV=2,21.787474505405786,21.515874004476018,0.2716005009297682,0.19271724809075794,1.3179048288172066,0.34028156359302514,0.5141994431945371
RGS2,P41220,Regulator of G-protein signaling 2 OS=Homo sapiens OX=9606 GN=RGS2 PE=1 SV=1,17.34956786058233,17.53300894504071,-0.18344108445838003,0.5627796618226735,-0.5820635491684292,-0.15028816215758053,0.8128241450607155
PAPPA,Q13219,Pappalysin-1 OS=Homo sapiens OX=9606 GN=PAPPA PE=1 SV=3,22.3600632355573,22.07963765950424,0.28042557605305873,0.45793974198914733,0.7472361886783082,0.19293555429563938,0.7454696196057076
CHODL,Q9H9P2,Chondrolectin OS=Homo sapiens OX=9606 GN=CHODL PE=1 SV=2,23.518534591196058,23.72072103785133,-0.20218644665527208,0.06954283522979217,-1.8490925244541012,-0.4774336368538243,0.3290980199015059
SOD2,P04179,"Superoxide dismutase [Mn], mitochondrial OS=Homo sapiens OX=9606 GN=SOD2 PE=1 SV=3",17.708697907025677,19.47499608708231,-1.7662981800566335,3.605861307349705e-08,-6.3485014401662285,-1.6391760234091737,2.6938788850325084e-06
TFDP1,Q14186,Transcription factor Dp-1 OS=Homo sapiens OX=9606 GN=TFDP1 PE=1 SV=1,19.112063046949014,18.55330281601623,0.5587602309327835,0.1137805190455119,1.6056584659109667,0.41457923321134155,0.4057902834119351
LIPJ,Q5W064,Lipase member J OS=Homo sapiens OX=9606 GN=LIPJ PE=2 SV=3,23.160577480394092,23.154508136838604,0.00606934355548816,0.9675309698548681,0.04088124966192751,0.01055549327418619,0.990284578482698
HDAC6,Q9UBN7,Histone deacetylase 6 OS=Homo sapiens OX=9606 GN=HDAC6 PE=1 SV=2,16.68662486824995,16.31613319188306,0.37049167636688907,0.316174523167181,1.0110865975140286,0.26106143691635697,0.6391216685893524
LGALS3BP,Q08380,Galectin-3-binding protein OS=Homo sapiens OX=9606 GN=LGALS3BP PE=1 SV=1,18.725552779544728,18.45892243184898,0.2666303476957488,0.2485478836880066,1.1655986486042804,0.3009562769604166,0.577025987650572
CENPE,Q02224,Centromere-associated protein E OS=Homo sapiens OX=9606 GN=CENPE PE=1 SV=2,19.419670677583692,19.14581369036255,0.2738569872211407,0.2580683891152135,1.142190150041891,0.2949122286209596,0.5880337236454811
HK3,P52790,Hexokinase-3 OS=Homo sapiens OX=9606 GN=HK3 PE=1 SV=2,24.186727692333687,23.995553348530645,0.19117434380304132,0.20101815923103872,1.2933483160496029,0.3339410992603679,0.5215999413911033
BIRC6,Q9NR09,Dual E2 ubiquitin-conjugating enzyme/E3 ubiquitin-protein ligase BIRC6 OS=Homo sapiens OX=9606 GN=BIRC6 PE=1 SV=3,28.755255607208607,28.82037364535554,-0.06511803814693451,0.41688483798931153,-0.8176827621779078,-0.2111247813597278,0.7157756203736626
SLC15A2,Q16348,Solute carrier family 15 member 2 OS=Homo sapiens OX=9606 GN=SLC15A2 PE=1 SV=2,23.128215261558886,23.25448606519167,-0.1262708036327851,0.29349483887791966,-1.0600978289918046,-0.2737160824690599,0.623673075269069
MDN1,Q9NU22,Midasin OS=Homo sapiens OX=9606 GN=MDN1 PE=1 SV=2,30.708080149059388,30.592068669830308,0.11601147922907984,0.15612592066266032,1.436876249576497,0.37099985234471633,0.46644003713184506
HSF2BP,O75031,Heat shock factor 2-binding protein OS=Homo sapiens OX=9606 GN=HSF2BP PE=1 SV=1,17.303104375750628,17.08993609299211,0.21316828275851663,0.5128235038070332,0.6584984349707108,0.17002356480968073,0.7832134091362952
ECM2,O94769,Extracellular matrix protein 2 OS=Homo sapiens OX=9606 GN=ECM2 PE=1 SV=1,16.879972661151704,16.670191429078034,0.20978123207367005,0.44776502479570635,0.764336932913762,0.19735094747108375,0.7406297873235254
CSMD3,Q7Z407,CUB and sushi domain-containing protein 3 OS=Homo sapiens OX=9606 GN=CSMD3 PE=1 SV=3,22.78904232770289,22.386027494580127,0.4030148331227643,0.38614858275436537,0.8732119172585392,0.22546234755014474,0.6909824439905959
GRAP,A8MW78,GRB2 related adaptor protein OS=Homo sapiens OX=9606 GN=GRAP PE=1 SV=1,24.340571046028572,24.22687826032551,0.11369278570306207,0.3879847424070063,0.8698193474467035,0.22458638979133902,0.6918518305948677
FSTL4,Q6MZW2,Follistatin-related protein 4 OS=Homo sapiens OX=9606 GN=FSTL4 PE=1 SV=3,23.297970590623656,23.396873934937357,-0.09890334431370107,0.3810170527079775,-0.8827471423413785,-0.22792433208002316,0.6879794315260862
THAP9,Q9H5L6,DNA transposase THAP9 OS=Homo sapiens OX=9606 GN=THAP9 PE=1 SV=2,17.92107819906652,17.51411939720759,0.40695880185893074,0.0795706161694889,1.7845136323686712,0.46075943861626456,0.34378340913709304
PRPF40A,O75400,Pre-mRNA-processing factor 40 homolog A OS=Homo sapiens OX=9606 GN=PRPF40A PE=1 SV=2,17.834008526203316,17.08160899951282,0.7523995266904961,3.0143780646170816e-05,4.527928456956629,1.1691061004407781,0.0011499531637996652
PKHD1,P08F94,Fibrocystin OS=Homo sapiens OX=9606 GN=PKHD1 PE=1 SV=1,17.270337039605987,17.244676119569366,0.02566092003662135,0.9065385621586421,0.11791988915669183,0.03044678445936614,0.9728197030701398
VPS13B,Q7Z7G8,Intermembrane lipid transfer protein VPS13B OS=Homo sapiens OX=9606 GN=VPS13B PE=1 SV=2,20.484001432312493,22.197508113150242,-1.7135066808377495,8.399975984679258e-06,-4.888497026108418,-1.2622045046734924,0.00039634623527710287
FSBP,O95073,Fibrinogen silencer-binding protein OS=Homo sapiens OX=9606 GN=FSBP PE=1 SV=1,25.787964727923388,25.821488208837774,-0.03352348091438628,0.7742509975129287,-0.2881606942418675,-0.07440277132202136,0.9289871273750642
SNX3,O60493,Sorting nexin-3 OS=Homo sapiens OX=9606 GN=SNX3 PE=1 SV=3,16.560151192521303,16.802185685723668,-0.2420344932023646,0.5039176353585839,-0.6725289275523348,-0.17364622241686178,0.7809526961467362
CD82,P27701,CD82 antigen OS=Homo sapiens OX=9606 GN=CD82 PE=1 SV=1,17.4418533411879,17.154562150337494,0.2872911908504072,0.37842802260360353,0.8875886822779638,0.22917441231631602,0.686362037006699
GBP2,P32456,Guanylate-binding protein 2 OS=Homo sapiens OX=9606 GN=GBP2 PE=1 SV=3,19.236635428288682,18.584446863064844,0.6521885652238382,0.019560030146964124,2.4013596041503846,0.6200283836753117,0.15726965943276536
RPL10,P27635,Large ribosomal subunit protein uL16 OS=Homo sapiens OX=9606 GN=RPL10 PE=1 SV=5,22.649752836037994,22.774415616823262,-0.12466278078526827,0.3978277181756672,-0.8518015376511303,-0.21993421130644655,0.7034567048214707
AP3M1,Q9Y2T2,AP-3 complex subunit mu-1 OS=Homo sapiens OX=9606 GN=AP3M1 PE=1 SV=1,18.866323055302008,17.738910205163556,1.1274128501384517,1.6052684381155193e-07,5.9568751168162395,1.5380585415244437,1.0279451105504021e-05
KIF4A,O95239,Chromosome-associated kinesin KIF4A OS=Homo sapiens OX=9606 GN=KIF4A PE=1 SV=3,21.113264080014225,21.354519640037836,-0.24125556002361037,0.19920756144999632,-1.2986387538674802,-0.3353070844312202,0.5201663521933688
GNAQ,P50148,Guanine nucleotide-binding protein G(q) subunit alpha OS=Homo sapiens OX=9606 GN=GNAQ PE=1 SV=4,16.463083493988634,16.48168372803477,-0.01860023404613642,0.9496568049287517,-0.06341157828308894,-0.016372799109808756,0.9876651109264801
LOXL1,Q08397,Lysyl oxidase homolog 1 OS=Homo sapiens OX=9606 GN=LOXL1 PE=1 SV=2,21.17325520165074,21.61010533768598,-0.4368501360352397,0.22148179499163875,-1.2358894658443749,-0.31910528793122955,0.5424444957742709
GAS8,O95995,Dynein regulatory complex subunit 4 OS=Homo sapiens OX=9606 GN=GAS8 PE=1 SV=1,19.495624727885268,19.061117460401835,0.4345072674834327,0.21891593235861323,1.242872637547414,0.3209083351118681,0.539912333863815
GTF3C4,Q9UKN8,General transcription factor 3C polypeptide 4 OS=Homo sapiens OX=9606 GN=GTF3C4 PE=1 SV=2,20.826188092955352,21.02053292236559,-0.19434482941023745,0.41796825127229487,-0.8157719009099491,-0.21063139910187997,0.7157756203736626
SAMD9,Q5K651,Sterile alpha motif domain-containing protein 9 OS=Homo sapiens OX=9606 GN=SAMD9 PE=1 SV=1,22.216734936374518,19.74053436731307,2.4762005690614473,1.747461287138011e-18,12.761369548498815,3.2949714490756246,3.9164976097980667e-16
FLOT2,E7EMK3,Flotillin OS=Homo sapiens OX=9606 GN=FLOT2 PE=1 SV=1,24.62098482142405,24.677294074789653,-0.05630925336560466,0.7162303804579693,-0.3652810212576494,-0.09431515413443423,0.8925602646160011
STX12,B1AJQ6,Syntaxin 12 (Fragment) OS=Homo sapiens OX=9606 GN=STX12 PE=1 SV=2,22.34187737138944,19.646187435176216,2.695689936213224,8.10884822563986e-19,12.990127889542439,3.3540365987534915,2.4231941447620446e-16
LIMD2,Q9BT23,LIM domain-containing protein 2 OS=Homo sapiens OX=9606 GN=LIMD2 PE=1 SV=1,16.93216726735364,17.40737194626439,-0.4752046789107496,0.14076908662308552,-1.4933380910701495,-0.3855782371314576,0.4439948164535228
COG1,Q8WTW3,Conserved oligomeric Golgi complex subunit 1 OS=Homo sapiens OX=9606 GN=COG1 PE=1 SV=1,19.431761459857476,19.154940456337407,0.27682100352006955,0.38333766285049176,0.8784251378141239,0.22680839530960378,0.6887646190708053
ATP6V0A4,Q9HBG4,V-type proton ATPase 116 kDa subunit a 4 OS=Homo sapiens OX=9606 GN=ATP6V0A4 PE=1 SV=2,18.538297383206494,18.3659668418291,0.172330541377395,0.5439742729078125,0.610410752195962,0.15760737850672688,0.8067376934025706
PATJ,A0A2R8Y549,PATJ crumbs cell polarity complex component OS=Homo sapiens OX=9606 GN=PATJ PE=1 SV=1,18.15370176557247,18.458616261801907,-0.30491449622943634,0.1867972052118898,-1.3359094894929078,-0.34493034698976566,0.510923321099735
OR51G2,Q8NGK0,Olfactory receptor 51G2 OS=Homo sapiens OX=9606 GN=OR51G2 PE=2 SV=1,19.504151233482798,19.62912757975642,-0.1249763462736233,0.6431907839382538,-0.4656768946156802,-0.12023725717067439,0.8590419629305994
TMEM201,Q5SNT2,Transmembrane protein 201 OS=Homo sapiens OX=9606 GN=TMEM201 PE=1 SV=1,23.560440401999475,23.45081697243808,0.10962342956139537,0.6244822321782946,0.49213405991089787,0.1270684678757567,0.8494415656585527
RPS15A,P62244,Small ribosomal subunit protein uS8 OS=Homo sapiens OX=9606 GN=RPS15A PE=1 SV=2,19.789716577968058,19.1003930257887,0.6893235521793564,0.11592646521562411,1.595987661608194,0.4120822422774036,0.40676350710687675
DPP9,Q86TI2,Dipeptidyl peptidase 9 OS=Homo sapiens OX=9606 GN=DPP9 PE=1 SV=3,26.335898412122578,26.442336905213534,-0.10643849309095543,0.2962192991843612,-1.054076453932711,-0.2721613701140506,0.6242509437544579
UCHL3,P15374,Ubiquitin carboxyl-terminal hydrolase isozyme L3 OS=Homo sapiens OX=9606 GN=UCHL3 PE=1 SV=1,21.90363474487556,22.446535738726038,-0.542900993850477,0.07333757610226607,-1.8237883447136642,-0.47090012573888096,0.3321886358387582
PTPN23,Q9H3S7,Tyrosine-protein phosphatase non-receptor type 23 OS=Homo sapiens OX=9606 GN=PTPN23 PE=1 SV=1,19.800738848226196,19.903509265445184,-0.10277041721898783,0.6450116990901764,-0.463119652101904,-0.1195769799928031,0.8590419629305994
DDX53,Q86TM3,Probable ATP-dependent RNA helicase DDX53 OS=Homo sapiens OX=9606 GN=DDX53 PE=1 SV=3,19.156181622825738,19.066084309067005,0.09009731375873287,0.7721143337950842,0.2909672641504788,0.07512742455642257,0.9284129524860075
ABCC9,A0A804HK56,ATP binding cassette subfamily C member 9 OS=Homo sapiens OX=9606 GN=ABCC9 PE=3 SV=1,19.135383928292484,19.09213821298441,0.04324571530807475,0.8919280790391823,0.13646270125918103,0.03523451795701907,0.9692285125559114
ALDH3A2,J3KTD9,aldehyde dehydrogenase (NAD(+)) (Fragment) OS=Homo sapiens OX=9606 GN=ALDH3A2 PE=1 SV=2,17.85595399078558,19.166599823607488,-1.3106458328219084,2.8532280120484087e-05,-4.543654351036342,-1.1731665088324417,0.0011121386577397385
SF3B4,Q15427,Splicing factor 3B subunit 4 OS=Homo sapiens OX=9606 GN=SF3B4 PE=1 SV=1,20.900720829178354,20.664081731977753,0.2366390972006016,0.03576914603086088,2.1496129105512884,0.5550276668905062,0.23485450121991092
DNAH8,Q96JB1,Dynein axonemal heavy chain 8 OS=Homo sapiens OX=9606 GN=DNAH8 PE=1 SV=2,24.533958647065635,24.798345504463388,-0.2643868573977528,0.039367323064927524,-2.1079503081144946,-0.5442704291973487,0.24766880791373702
SPIN4,Q56A73,Spindlin-4 OS=Homo sapiens OX=9606 GN=SPIN4 PE=1 SV=1,26.69705370937197,26.996927339330906,-0.29987362995893463,0.23477461185754261,-1.2006320448844587,-0.31000186098403093,0.5591383614951779
HUWE1,Q7Z6Z7,E3 ubiquitin-protein ligase HUWE1 OS=Homo sapiens OX=9606 GN=HUWE1 PE=1 SV=3,25.327116183279838,25.594581955370654,-0.2674657720908158,0.3128177338685798,-1.0181867210070292,-0.2628946809193174,0.6338158117026391
ALKBH7,Q9BT30,"Alpha-ketoglutarate-dependent dioxygenase alkB homolog 7, mitochondrial OS=Homo sapiens OX=9606 GN=ALKBH7 PE=1 SV=1",21.462756421742004,21.0841814209806,0.3785750007614048,0.10247841494959585,1.6591781010794484,0.42839794359151673,0.3863685442001449
ZFHX4,E7EVZ1,Zinc finger homeobox 4 OS=Homo sapiens OX=9606 GN=ZFHX4 PE=1 SV=1,22.74922382541247,22.532809215567408,0.21641460984506367,0.34065982518606386,0.9607626976376598,0.24806786184053126,0.6518709354947839
Unknown,H0YIV9,"Glutamyl-tRNA(Gln) amidotransferase subunit C, mitochondrial (Fragment) OS=Homo sapiens OX=9606 PE=3 SV=1",17.58448003502047,17.311700461088336,0.2727795739321337,0.21507040376644218,1.2534523658369978,0.3236400092100653,0.5348422107534408
TRMT11,Q7Z4G4,tRNA (guanine(10)-N(2))-methyltransferase homolog OS=Homo sapiens OX=9606 GN=TRMT11 PE=1 SV=1,21.362518779067532,23.632318871758184,-2.2698000926906516,1.3013671778696743e-25,-18.166867396772073,-4.690664992030448,1.1666756749601629e-22
SMARCA2,P51531,Probable global transcription activator SNF2L2 OS=Homo sapiens OX=9606 GN=SMARCA2 PE=1 SV=2,18.88740171259792,18.83909592492949,0.04830578766842919,0.8444590975795524,0.197073385683921,0.05088412938230248,0.9496840742560161
DUS4L-BCAP29,A0A669KAY5,DUS4L-BCAP29 readthrough OS=Homo sapiens OX=9606 GN=DUS4L-BCAP29 PE=1 SV=1,19.74154997453557,19.86833432889478,-0.12678435435920932,0.8007445199036725,-0.2535439362852321,-0.06546476285097189,0.9333122880895258
RAB24,Q969Q5,Ras-related protein Rab-24 OS=Homo sapiens OX=9606 GN=RAB24 PE=1 SV=1,17.689948915914716,17.076744472160772,0.6132044437539435,0.04515910390844148,2.0473819336849624,0.5286317421658531,0.2654763059273298
TENT4B,A0A7N4YH79,Terminal nucleotidyltransferase 4B OS=Homo sapiens OX=9606 GN=TENT4B PE=1 SV=1,22.025217515174397,21.726846670560473,0.29837084461392394,0.13387483223608496,1.5202758262654748,0.39253353045119366,0.43810302184245603
DLK2,Q6UY11,Protein delta homolog 2 OS=Homo sapiens OX=9606 GN=DLK2 PE=1 SV=1,27.701763955857714,27.693146556134227,0.008617399723487296,0.9297651521964927,0.08852401950344033,0.02285680355174433,0.9802150900651133
MAP9,Q49MG5,Microtubule-associated protein 9 OS=Homo sapiens OX=9606 GN=MAP9 PE=1 SV=3,21.665066460717764,21.821409548232193,-0.15634308751442916,0.6508504100592778,-0.4549404852924502,-0.11746512820354532,0.8595977833941577
DCLK3,A0A1B0GTZ4,non-specific serine/threonine protein kinase OS=Homo sapiens OX=9606 GN=DCLK3 PE=1 SV=1,25.18336067144759,24.992158047526473,0.19120262392111798,0.20187436525479494,1.2908589613204062,0.3332983506331025,0.5217067806073415
PER1,J3QL46,Period circadian regulator 1 (Fragment) OS=Homo sapiens OX=9606 GN=PER1 PE=1 SV=1,22.36329014645505,22.107387762538142,0.2559023839169079,0.08325839408372088,1.76247125975557,0.45506812248016865,0.3528277174393897
CDK14,O94921,Cyclin-dependent kinase 14 OS=Homo sapiens OX=9606 GN=CDK14 PE=1 SV=3,23.595569079198835,22.87366772485389,0.7219013543449435,0.00032642500628633824,3.8209502984688877,0.9865651248437508,0.008017534743443896
BICD1,A0A087WYJ7,BICD cargo adaptor 1 (Fragment) OS=Homo sapiens OX=9606 GN=BICD1 PE=1 SV=1,27.018990457599543,27.06196054911876,-0.042970091519215714,0.7178175753181466,-0.3631438956939383,-0.09376335068663375,0.8931623265409
SRGAP2,O75044,SLIT-ROBO Rho GTPase-activating protein 2 OS=Homo sapiens OX=9606 GN=SRGAP2 PE=1 SV=3,22.709880168756186,22.78471797953787,-0.07483781078168406,0.6258066319978879,-0.49024982636955683,-0.1265819608673581,0.8500540084637978
CEP164,Q9UPV0,Centrosomal protein of 164 kDa OS=Homo sapiens OX=9606 GN=CEP164 PE=1 SV=3,20.173980862318253,20.715470104706515,-0.5414892423882627,0.0875568855781908,-1.7377800410455648,-0.448692877222741,0.359243697578252
DNAH5,Q8TE73,Dynein axonemal heavy chain 5 OS=Homo sapiens OX=9606 GN=DNAH5 PE=1 SV=3,17.97010985460929,17.613004946701366,0.3571049079079245,0.1483889096512154,1.464750049292516,0.3781968364844272,0.45480566667457983
DNMT1,A0A7I2V490,DNA (cytosine-5)-methyltransferase OS=Homo sapiens OX=9606 GN=DNMT1 PE=1 SV=1,17.70667070888744,18.72922327937698,-1.022552570489541,0.0065558458730554416,-2.8203333297758273,-0.7282069344650326,0.08220022133138746
HLF,Q16534,Hepatic leukemia factor OS=Homo sapiens OX=9606 GN=HLF PE=1 SV=1,19.60526155944405,18.96780561992286,0.637455939521189,0.013775141959728593,2.5403149994301946,0.6559065124609367,0.13068163774493843
PTPRZ1,A0A494C087,protein-tyrosine-phosphatase OS=Homo sapiens OX=9606 GN=PTPRZ1 PE=1 SV=1,20.22978504204632,20.28976183142295,-0.059976789376630535,0.8784216328114036,-0.15364673479878183,-0.039671416338321976,0.963591995564141
MFN1,Q8IWA4,Mitofusin-1 OS=Homo sapiens OX=9606 GN=MFN1 PE=1 SV=3,22.02127686776154,22.34106125058566,-0.31978438282412114,0.09903974271970169,-1.6764147806280614,-0.4328484351138962,0.38166689609663146
SPATS2L,Q9NUQ6,SPATS2-like protein OS=Homo sapiens OX=9606 GN=SPATS2L PE=1 SV=2,25.56653104739467,25.263137966978114,0.303393080416555,0.1536312310872879,1.4457435982890994,0.37328939193731114,0.461987878288748
STAR,P49675,"Steroidogenic acute regulatory protein, mitochondrial OS=Homo sapiens OX=9606 GN=STAR PE=1 SV=2",23.118679273458447,22.877420579903,0.24125869355544793,0.11670158804094012,1.592530027455013,0.41118948497790037,0.40767307581004353
ZBTB24,A0A8V8TLS8,Zinc finger and BTB domain containing 24 OS=Homo sapiens OX=9606 GN=ZBTB24 PE=1 SV=1,24.162413039170342,24.084655460839176,0.07775757833116614,0.7445402592713415,0.3274051906614009,0.08453565672623131,0.9106143825876638
RABGGTA,H0YLH3,Geranylgeranyl transferase type-2 subunit alpha OS=Homo sapiens OX=9606 GN=RABGGTA PE=1 SV=1,17.67838687323161,15.94737184640831,1.7310150268233002,9.462207760491565e-05,4.195130080193859,1.0831779290509733,0.002920244662875893
ACTL7B,Q9Y614,Actin-like protein 7B OS=Homo sapiens OX=9606 GN=ACTL7B PE=1 SV=1,21.319174089067157,21.290976997316616,0.02819709175054186,0.9358704383677037,0.08081103787064195,0.020865320257515547,0.9802150900651133
DDX11,Q96FC9,ATP-dependent DNA helicase DDX11 OS=Homo sapiens OX=9606 GN=DDX11 PE=1 SV=1,21.8630490455714,21.93930123766113,-0.07625219208972922,0.7808685905294938,-0.27948279465823855,-0.07216214728419101,0.9289871273750642
APOLD1,Q96LR9,Apolipoprotein L domain-containing protein 1 OS=Homo sapiens OX=9606 GN=APOLD1 PE=1 SV=2,27.53199500162592,27.59945838576282,-0.06746338413690012,0.735377482533289,-0.3396093221746035,-0.08768674993326855,0.9068306920097574
CNTRL,Q7Z7A1,Centriolin OS=Homo sapiens OX=9606 GN=CNTRL PE=1 SV=2,22.09883445960468,22.315543238707804,-0.21670877910312214,0.10495928807125063,-1.6470334571149363,-0.42526221000350517,0.3904398413106896
TENM2,Q9NT68,Teneurin-2 OS=Homo sapiens OX=9606 GN=TENM2 PE=1 SV=3,21.9476372643524,21.939736148241817,0.007901116110584638,0.9698068291375366,0.03801429323925784,0.009815248308899389,0.990284578482698
ING5,A0A1B0GW41,Inhibitor of growth family member 5 OS=Homo sapiens OX=9606 GN=ING5 PE=1 SV=1,21.631788880947923,21.89649314311505,-0.2647042621671254,0.15155160233979464,-1.4532218627022004,-0.3752202715060096,0.457276316168988
MYO3A,Q8NEV4,Myosin-IIIa OS=Homo sapiens OX=9606 GN=MYO3A PE=1 SV=2,22.476218518644558,22.200191977232727,0.2760265414118308,0.16501593597737307,1.4061456836091368,0.3630652543306421,0.4764469777897422
KIF1C,O43896,Kinesin-like protein KIF1C OS=Homo sapiens OX=9606 GN=KIF1C PE=1 SV=3,19.94686630840981,19.41243347864891,0.5344328297608989,0.10542830503327343,1.6447638196298542,0.4246761921247284,0.39137256920219304
CMAS,Q8NFW8,N-acylneuraminate cytidylyltransferase OS=Homo sapiens OX=9606 GN=CMAS PE=1 SV=2,19.049250298952355,18.74148071565443,0.3077695832979259,0.35480727803708767,0.932766733597948,0.2408393350080762,0.6664529313018803
PLXDC1,Q8IUK5,Plexin domain-containing protein 1 OS=Homo sapiens OX=9606 GN=PLXDC1 PE=1 SV=2,16.090341179778946,16.658180023205013,-0.5678388434260668,0.04215952851462213,-2.0778488294507462,-0.5364982608266211,0.2579932922413566
SIMC1,Q8NDZ2,SUMO-interacting motif-containing protein 1 OS=Homo sapiens OX=9606 GN=SIMC1 PE=1 SV=3,17.735816757390346,18.251727868326284,-0.5159111109359387,0.10312077682654347,-1.656010731954615,-0.42758013240006526,0.38708167636227436
USO1,O60763,General vesicular transport factor p115 OS=Homo sapiens OX=9606 GN=USO1 PE=1 SV=2,21.167547009894978,21.435767518145568,-0.2682205082505895,0.26356371335867795,-1.128957432454111,-0.2914955556314571,0.5929356813702755
DCANP1,Q8TF63,Dendritic cell nuclear protein 1 OS=Homo sapiens OX=9606 GN=DCANP1 PE=1 SV=1,22.533231986180724,21.891736169319074,0.6414958168616494,0.00533713452358633,2.8949568486365047,0.7474746441838859,0.07113731194247626
PPIE,Q9UNP9,Peptidyl-prolyl cis-trans isomerase E OS=Homo sapiens OX=9606 GN=PPIE PE=1 SV=1,20.0895315813956,18.78137282925106,1.3081587521445392,0.0059242774594484,2.8572326330095916,0.7377342935924345,0.07810462856463955
CFAP52,Q8N1V2,Cilia- and flagella-associated protein 52 OS=Homo sapiens OX=9606 GN=CFAP52 PE=1 SV=3,27.68871750695705,27.5647540410897,0.12396346586735163,0.12256358032197281,1.5669627076573143,0.4045880313923239,0.4156860538927771
CFAP100,Q494V2,Cilia- and flagella-associated protein 100 OS=Homo sapiens OX=9606 GN=CFAP100 PE=1 SV=1,23.433340492018424,23.421203837939746,0.012136654078677367,0.9593015114436874,0.051251130783330934,0.013232985066542599,0.988209689194911
BNIP5,P0C671,Protein BNIP5 OS=Homo sapiens OX=9606 GN=BNIP5 PE=1 SV=1,19.772547637521576,20.064659593538135,-0.2921119560165586,0.4248345255876129,-0.8037304485526824,-0.2075223094722904,0.7240763349606368
ZNF41,P51814,Zinc finger protein 41 OS=Homo sapiens OX=9606 GN=ZNF41 PE=1 SV=2,20.49594805056051,22.142310261163654,-1.6463622106031437,2.877871711544279e-06,-5.18369730125376,-1.338424887969076,0.00014742925653711122
GOLGA4,C9J0Y3,Golgin A4 OS=Homo sapiens OX=9606 GN=GOLGA4 PE=1 SV=2,21.665066460717764,21.821409548232193,-0.15634308751442916,0.6508504100592778,-0.4549404852924502,-0.11746512820354532,0.8595977833941577
SH3KBP1,Q5JPT2,SH3 domain containing kinase binding protein 1 OS=Homo sapiens OX=9606 GN=SH3KBP1 PE=1 SV=2,14.754416974789955,15.240152070748815,-0.48573509595886044,0.281539064237166,-1.0869875634252817,-0.28065898204537965,0.6104821045156079
CFAP47,Q6ZTR5,Cilia- and flagella-associated protein 47 OS=Homo sapiens OX=9606 GN=CFAP47 PE=1 SV=5,27.993258736442396,28.102970715315553,-0.10971197887315753,0.31064043652920154,-1.022819596050365,-0.2640908841118441,0.6333385183511014
HMGXB3,A0A8C8PVR7,HMG-box containing 3 OS=Homo sapiens OX=9606 GN=HMGXB3 PE=1 SV=1,25.071083822706758,25.276163885260797,-0.205080062554039,0.16304681993755113,-1.412839775639072,-0.3647936614606367,0.47447133088204624
PRRC2B,Q5JSZ5,Protein PRRC2B OS=Homo sapiens OX=9606 GN=PRRC2B PE=1 SV=2,22.816465402137037,22.619387307332396,0.19707809480464178,0.1564734339627361,1.435649791202138,0.37068318215413576,0.46644003713184506
FLII,Q13045,Protein flightless-1 homolog OS=Homo sapiens OX=9606 GN=FLII PE=1 SV=2,16.588234444309098,16.24153088807459,0.3467035562345089,0.22535173555006516,1.2254687680616903,0.31641467533334977,0.5460211646503605
WDR54,Q9H977,WD repeat-containing protein 54 OS=Homo sapiens OX=9606 GN=WDR54 PE=1 SV=1,19.752054874464488,19.604648108017994,0.14740676644649398,0.4936613736960541,0.6888543609955272,0.17786143120653525,0.773719268389008
MUC5B,Q9HC84,Mucin-5B OS=Homo sapiens OX=9606 GN=MUC5B PE=1 SV=3,19.11125742197144,18.250775024693432,0.8604823972780089,0.12601108466754823,1.5523811767247908,0.4008230962947325,0.4223137846895588
HIP1R,O75146,Huntingtin-interacting protein 1-related protein OS=Homo sapiens OX=9606 GN=HIP1R PE=1 SV=2,23.002239682543046,22.468932725946118,0.5333069565969275,0.035165624052167825,2.156956939675416,0.5569238870566267,0.23366849882172294
CFAP36,Q96G28,Cilia- and flagella-associated protein 36 OS=Homo sapiens OX=9606 GN=CFAP36 PE=1 SV=2,18.036391555384572,18.64876341417704,-0.6123718587924678,0.009928353970675754,-2.666007803675151,-0.6883602549661915,0.10391139547157124
PLA2G4D,Q86XP0,Cytosolic phospholipase A2 delta OS=Homo sapiens OX=9606 GN=PLA2G4D PE=1 SV=2,17.015212273449077,17.278537538720066,-0.2633252652709892,0.3372807997671565,-0.9675615781834933,-0.24982332524898898,0.6488976072209077
RABEP1,Q15276,Rab GTPase-binding effector protein 1 OS=Homo sapiens OX=9606 GN=RABEP1 PE=1 SV=2,21.680233056269557,21.78551499058126,-0.10528193431170152,0.44229975774088537,-0.773615926028134,-0.19974677319118614,0.737029243150007
TNPO1,Q92973,Transportin-1 OS=Homo sapiens OX=9606 GN=TNPO1 PE=1 SV=2,17.066974025149886,17.327608103197676,-0.26063407804779004,0.49713412268391566,-0.683306051895805,-0.1764288639570129,0.7766407223038624
CACNA1A,O00555,Voltage-dependent P/Q-type calcium channel subunit alpha-1A OS=Homo sapiens OX=9606 GN=CACNA1A PE=1 SV=3,29.867792560198893,29.684729814116956,0.18306274608193718,0.04180844877742365,2.081536681994154,0.5374504602588802,0.25786892948667584
ZNF729,A6NN14,Zinc finger protein 729 OS=Homo sapiens OX=9606 GN=ZNF729 PE=1 SV=4,20.060837379698405,18.490556921299056,1.570280458399349,3.657005662608378e-05,4.472439831347853,1.1547789989149961,0.0013660439902201712
SMARCD2,Q92925,SWI/SNF-related matrix-associated actin-dependent regulator of chromatin subfamily D member 2 OS=Homo sapiens OX=9606 GN=SMARCD2 PE=1 SV=3,23.975912694087487,24.200295397413072,-0.22438270332558474,0.3308561062582316,-0.980613672181954,-0.25319336142826715,0.6485841714255235
Unknown,A0A1W2PRG0,glutathione transferase OS=Homo sapiens OX=9606 PE=3 SV=1,23.69818883918923,23.889240076028557,-0.19105123683932845,0.37149771819218835,-0.9006525108792937,-0.2325474783570266,0.6824748040149526
ARHGAP15,Q53QZ3,Rho GTPase-activating protein 15 OS=Homo sapiens OX=9606 GN=ARHGAP15 PE=1 SV=2,17.458981153718454,16.890663440968844,0.5683177127496108,0.2584331144632678,1.1413057258220027,0.294683871269319,0.5880337236454811
NUTM2F,A1L443,NUT family member 2F OS=Homo sapiens OX=9606 GN=NUTM2F PE=2 SV=2,25.563627886843097,25.4383747837232,0.12525310311989557,0.1378974144194861,1.5044287935758724,0.38844184420495126,0.44013002158316183
OCEL1,Q9H607,Occludin/ELL domain-containing protein 1 OS=Homo sapiens OX=9606 GN=OCEL1 PE=1 SV=1,18.187269024606273,17.946803076246297,0.2404659483599758,0.25207484858095797,1.1568531938234765,0.29869821024567905,0.5809385649172978
COL6A3,P12111,Collagen alpha-3(VI) chain OS=Homo sapiens OX=9606 GN=COL6A3 PE=1 SV=5,18.34293891753989,18.08099222356993,0.2619466939699606,0.5909309764798985,0.5404867833872636,0.1395530873936058,0.8301868993701399
GLUL,P15104,Glutamine synthetase OS=Homo sapiens OX=9606 GN=GLUL PE=1 SV=4,22.204489137975063,22.405744131813535,-0.20125499383847156,0.22836021304675855,-1.217458001289822,-0.3143463042468299,0.5503358360118792
CCDC80,Q76M96,Coiled-coil domain-containing protein 80 OS=Homo sapiens OX=9606 GN=CCDC80 PE=1 SV=1,19.686071950832527,19.883690245368225,-0.19761829453569746,0.30495406762077276,-1.035023842383109,-0.26724200696515943,0.6304202854667855
SSR4,P51571,Translocon-associated protein subunit delta OS=Homo sapiens OX=9606 GN=SSR4 PE=1 SV=1,17.276515728998778,16.907424465455815,0.3690912635429626,0.13752588349324368,1.5058769861488681,0.3888157659194389,0.44013002158316183
ADAM23,E7EWD3,ADAM metallopeptidase domain 23 OS=Homo sapiens OX=9606 GN=ADAM23 PE=1 SV=2,20.940141901840118,20.680391207985572,0.25975069385454574,0.4762941803258235,0.7169306202220428,0.1851106901670751,0.7618157585407684
GPR182,Q7Z4H2,G protein-coupled receptor 182 OS=Homo sapiens OX=9606 GN=GPR182 PE=2 SV=1,18.645249632779667,18.9899014013454,-0.34465176856573265,0.21671337948356403,-1.2489153021097597,-0.3224685443929802,0.5374371914440254
ERCC6,Q03468,DNA excision repair protein ERCC-6 OS=Homo sapiens OX=9606 GN=ERCC6 PE=1 SV=1,19.023048740445912,18.441624750420836,0.5814239900250762,0.0028142202441031176,3.120308206842796,0.805660114675765,0.04538355712560767
NASP,P49321,Nuclear autoantigenic sperm protein OS=Homo sapiens OX=9606 GN=NASP PE=1 SV=2,22.303815046758913,23.18095132927328,-0.8771362825143676,1.8157326678411463e-06,-5.30900158017663,-1.37077831366753,9.575319627762279e-05
LARS1,Q9P2J5,"Leucine--tRNA ligase, cytoplasmic OS=Homo sapiens OX=9606 GN=LARS1 PE=1 SV=2",24.49814794522271,24.512947997322684,-0.014800052099975147,0.9197826264200246,-0.10114699214318341,-0.026116041072634783,0.9781555451785908
BBX,C9IYG9,BBX high mobility group box domain containing (Fragment) OS=Homo sapiens OX=9606 GN=BBX PE=1 SV=1,26.088039441928423,26.18425891074059,-0.09621946881216559,0.43130443266619833,-0.7924904329318534,-0.2046201499182516,0.7302444266010326
COPG1,Q9Y678,Coatomer subunit gamma-1 OS=Homo sapiens OX=9606 GN=COPG1 PE=1 SV=1,25.517542885697587,25.316432865672642,0.20111002002494516,0.0799129486043732,1.7824320399904359,0.46022197377529805,0.3444324924222143
ELMOD2,Q8IZ81,ELMO domain-containing protein 2 OS=Homo sapiens OX=9606 GN=ELMOD2 PE=1 SV=1,18.645603513933416,17.94466238204177,0.7009411318916463,0.07195175108671421,1.832898914629501,0.4732524647761138,0.3305798534527737
PLXNB1,O43157,Plexin-B1 OS=Homo sapiens OX=9606 GN=PLXNB1 PE=1 SV=3,20.42857862661013,20.179852675376882,0.24872595123324714,0.5047251485111808,0.671251272421624,0.1733163332806325,0.7809906212920373
FRAS1,Q86XX4,Extracellular matrix organizing protein FRAS1 OS=Homo sapiens OX=9606 GN=FRAS1 PE=1 SV=2,24.87534253148335,24.96515530869426,-0.08981277721090919,0.4597283331631328,-0.744252846825851,-0.1921652587415987,0.7454696196057076
USP28,A0A8V8TLZ9,ubiquitinyl hydrolase 1 OS=Homo sapiens OX=9606 GN=USP28 PE=1 SV=1,18.170119032923534,18.209790493455223,-0.03967146053168946,0.8981413468057579,-0.1285717122153413,-0.03319707334689265,0.9703889371037256
FLVCR1,Q9Y5Y0,Choline/ethanolamine transporter FLVCR1 OS=Homo sapiens OX=9606 GN=FLVCR1 PE=1 SV=1,19.7597610172329,19.877210640906902,-0.11744962367400191,0.4156656729311603,-0.8198366514375363,-0.2116809131752022,0.7157756203736626
DENND11,A4D1U4,DENN domain-containing protein 11 OS=Homo sapiens OX=9606 GN=DENND11 PE=1 SV=1,18.599752323141637,20.046970098303383,-1.4472177751617465,0.00010667215254542181,-4.15960174294834,-1.0740045518196175,0.0031877194918990214
RTL5,Q5HYW3,Retrotransposon Gag-like protein 5 OS=Homo sapiens OX=9606 GN=RTL5 PE=1 SV=1,17.32526873629089,16.677895652227612,0.647373084063279,0.00014408493123067818,4.069881037778075,1.050838765357323,0.004100702884073111
EYA4,F2Z2Y1,Eyes absent homolog OS=Homo sapiens OX=9606 GN=EYA4 PE=1 SV=1,19.493731825242733,19.158449802374648,0.3352820228680855,0.33551341127512224,0.9711356060297097,0.2507461352708075,0.6488976072209077
TREML1,Q86YW5,Trem-like transcript 1 protein OS=Homo sapiens OX=9606 GN=TREML1 PE=1 SV=2,16.722057189100624,16.695281063712347,0.02677612538827745,0.9462583975154331,0.06769861123837058,0.01747970625917197,0.9858461979925459
ADAP1,O75689,Arf-GAP with dual PH domain-containing protein 1 OS=Homo sapiens OX=9606 GN=ADAP1 PE=1 SV=2,18.76227393189896,19.46774847440645,-0.7054745425074884,0.016057073358734793,-2.480157535133827,-0.6403739219696101,0.14395166266105744
MUC2,Q02817,Mucin-2 OS=Homo sapiens OX=9606 GN=MUC2 PE=1 SV=3,21.205342750303153,20.78039600846702,0.4249467418361341,0.1472325574193414,1.469013073714049,0.379297544657032,0.45280956338401224
LDHC,P07864,L-lactate dehydrogenase C chain OS=Homo sapiens OX=9606 GN=LDHC PE=1 SV=4,20.538640228145645,20.230594325193376,0.3080459029522693,0.3526937365985987,0.9369023758939238,0.24190715325728857,0.6642645690349658
MYT1,Q01538,Myelin transcription factor 1 OS=Homo sapiens OX=9606 GN=MYT1 PE=1 SV=2,23.5359562592054,23.62199043190306,-0.08603417269766211,0.7600391641804223,-0.306872913593216,-0.07923424558324488,0.9184457747215589
ZC3H7A,Q8IWR0,Zinc finger CCCH domain-containing protein 7A OS=Homo sapiens OX=9606 GN=ZC3H7A PE=1 SV=1,22.437320383914926,22.33397825704495,0.10334212686997546,0.5986498284511528,0.5292530367830232,0.13665254649269004,0.8333688993889107
GOLGB1,A0A8J9C4H3,Golgin B1 OS=Homo sapiens OX=9606 GN=GOLGB1 PE=1 SV=1,19.67231242623833,19.04658432821542,0.6257280980229112,0.002248644737764447,3.197100389493009,0.8254877709773112,0.039143883638948086
Unknown,V9GYY9,SUZ domain-containing protein (Fragment) OS=Homo sapiens OX=9606 PE=4 SV=1,19.433534521924987,19.38477990859435,0.04875461333063669,0.8380048476777455,0.20536653412495373,0.053025411102285536,0.9479874635013417
CDC5L,Q99459,Cell division cycle 5-like protein OS=Homo sapiens OX=9606 GN=CDC5L PE=1 SV=2,17.12087748268296,16.488267279625124,0.6326102030578369,0.28851616009844133,1.0712015219457078,0.27658304366185105,0.6165786353474437
SIK2,Q9H0K1,Serine/threonine-protein kinase SIK2 OS=Homo sapiens OX=9606 GN=SIK2 PE=1 SV=1,20.902068232603646,20.7245308486928,0.1775373839108454,0.1838854016922188,1.3449241308269495,0.3472579173736841,0.5080223809462994
ASAP1,Q9ULH1,"Arf-GAP with SH3 domain, ANK repeat and PH domain-containing protein 1 OS=Homo sapiens OX=9606 GN=ASAP1 PE=1 SV=4",20.367430670052123,20.2836151597375,0.08381551031462209,0.7996204109715187,0.25500616120262815,0.0658423077012042,0.9328037715497287
NSD3,Q9BZ95,Histone-lysine N-methyltransferase NSD3 OS=Homo sapiens OX=9606 GN=NSD3 PE=1 SV=1,24.361461488082007,24.36659518236246,-0.0051336942804525165,0.971946868125627,-0.035318723366550446,-0.009119255160530443,0.9906110269675817
BECN2,A8MW95,Beclin-2 OS=Homo sapiens OX=9606 GN=BECN2 PE=1 SV=2,20.664717007052317,20.561647409098967,0.10306959795335047,0.549986904898986,0.60129438932827,0.15525354373575653,0.8093454881076879
RNF214,Q8ND24,RING finger protein 214 OS=Homo sapiens OX=9606 GN=RNF214 PE=1 SV=2,21.76861932139228,22.104433605267154,-0.3358142838748748,0.050327930331422875,-1.9987639570301983,-0.5160786345718397,0.2785122811242013
AXDND1,Q5T1B0,Axonemal dynein light chain domain-containing protein 1 OS=Homo sapiens OX=9606 GN=AXDND1 PE=1 SV=1,18.40586570190496,18.164008775865238,0.24185692603972342,0.36846941215092865,0.9064095994142339,0.2340339522249243,0.6789986186912796
GRIP2,A0A087WX15,Glutamate receptor interacting protein 2 OS=Homo sapiens OX=9606 GN=GRIP2 PE=1 SV=1,22.327465050962903,22.501998219622944,-0.17453316866004087,0.49330317693735215,-0.6894278577017476,-0.17800950741935503,0.773719268389008
ZNF471,Q9BX82,Zinc finger protein 471 OS=Homo sapiens OX=9606 GN=ZNF471 PE=1 SV=1,16.47621584525144,17.403381002511576,-0.9271651572601378,9.129217238015398e-05,-4.205722453062524,-1.0859128679654506,0.002920244662875893
FBXO24,O75426,F-box only protein 24 OS=Homo sapiens OX=9606 GN=FBXO24 PE=1 SV=2,19.9461763050024,20.12224598143871,-0.17606967643630966,0.36062365303903443,-0.9214672806223521,-0.23792182879502707,0.6702188102743609
DYNC2LI1,Q8TCX1,Cytoplasmic dynein 2 light intermediate chain 1 OS=Homo sapiens OX=9606 GN=DYNC2LI1 PE=1 SV=1,19.81193978289622,19.66956343655035,0.14237634634586982,0.6392000296421714,0.4712922396426558,0.12168713302218674,0.8578485427757584
TNFSF13,O75888,Tumor necrosis factor ligand superfamily member 13 OS=Homo sapiens OX=9606 GN=TNFSF13 PE=1 SV=1,17.756123995951462,17.624985319305463,0.13113867664599965,0.6481375901540026,0.4587368730590786,0.1184453513099385,0.8595977833941577
DNAH17,Q9UFH2,Dynein axonemal heavy chain 17 OS=Homo sapiens OX=9606 GN=DNAH17 PE=1 SV=3,20.20080473411499,19.352037348182453,0.8487673859325362,0.20455095748296773,1.2831275315482586,0.33130210404977584,0.5217067806073415
ERVK-19,O71037,Endogenous retrovirus group K member 19 Env polyprotein OS=Homo sapiens OX=9606 GN=ERVK-19 PE=1 SV=2,17.589013361412807,18.31838704738784,-0.7293736859750339,0.049526923195314494,-2.0060077769913285,-0.5179489808433317,0.27837546485642284
FRMPD3,Q5JV73,FERM and PDZ domain-containing protein 3 OS=Homo sapiens OX=9606 GN=FRMPD3 PE=1 SV=3,21.106403846742165,20.810630013892528,0.2957738328496369,0.20853808451855194,1.2717493296107387,0.3283642649421892,0.5288667405116882
TRAPPC10,P48553,Trafficking protein particle complex subunit 10 OS=Homo sapiens OX=9606 GN=TRAPPC10 PE=1 SV=2,18.97513066718802,19.6617594747366,-0.6866288075485798,0.0027608194865705606,-3.126907264599122,-0.8073639840618259,0.04537047998249442
GCC2,Q8IWJ2,GRIP and coiled-coil domain-containing protein 2 OS=Homo sapiens OX=9606 GN=GCC2 PE=1 SV=4,21.85979388299465,21.856854309841477,0.0029395731531742797,0.9831649947122707,0.02119230175644971,0.005471828784702128,0.9944428150274249
HARBI1,E9PQI1,Harbinger transposase derived 1 (Fragment) OS=Homo sapiens OX=9606 GN=HARBI1 PE=1 SV=8,19.61321403735979,21.583479124060016,-1.970265086700227,0.0004659721120245604,-3.710111132690007,-0.9579465752991422,0.010850493465714763
FGF2,A0A0A0MQV6,Fibroblast growth factor OS=Homo sapiens OX=9606 GN=FGF2 PE=1 SV=1,17.5041214585849,16.55316965151264,0.9509518070722613,1.6077544362927956e-06,5.3419547801466605,1.3792867933134079,8.928473878588876e-05
IREB2,H0YLE0,Iron responsive element binding protein 2 (Fragment) OS=Homo sapiens OX=9606 GN=IREB2 PE=1 SV=1,20.734032994621973,20.403951506956286,0.33008148766568723,0.159216973529537,1.4260408145587182,0.36820215505319837,0.47030648029400307
RPL10A,P62906,Large ribosomal subunit protein uL1 OS=Homo sapiens OX=9606 GN=RPL10A PE=1 SV=2,20.051988111370623,19.813788159891477,0.23819995147914597,0.24778541437096085,1.1675009490971815,0.3014474488356491,0.577025987650572
SYNE1,Q8NF91,Nesprin-1 OS=Homo sapiens OX=9606 GN=SYNE1 PE=1 SV=4,21.29166150733032,21.81357878884202,-0.5219172815116977,0.022254961531121293,-2.348943879727134,-0.6064947018239351,0.17349193924043685
TAF9B,Q9HBM6,Transcription initiation factor TFIID subunit 9B OS=Homo sapiens OX=9606 GN=TAF9B PE=1 SV=1,18.222985572245722,18.265141878741254,-0.04215630649553148,0.8729884323826769,-0.16057205035418426,-0.041459525125875626,0.9611475042493681
G3BP2,Q9UN86,Ras GTPase-activating protein-binding protein 2 OS=Homo sapiens OX=9606 GN=G3BP2 PE=1 SV=2,25.645606428623555,25.26928098598644,0.3763254426371141,0.1350606842290612,1.5155653575902277,0.3913172926690561,0.439498741964985
ZNF491,Q8N8L2,Zinc finger protein 491 OS=Homo sapiens OX=9606 GN=ZNF491 PE=1 SV=1,18.680661119039843,19.024477412228286,-0.34381629318844276,0.47820038615061,-0.7138214123376312,-0.18430789614332688,0.7635024865254173
PARP6,Q2NL67,Protein mono-ADP-ribosyltransferase PARP6 OS=Homo sapiens OX=9606 GN=PARP6 PE=1 SV=1,20.14874437607433,19.645329850605098,0.5034145254692319,0.12264245538721644,1.5666254488896123,0.40450095155294574,0.4156860538927771
CLMN,Q96JQ2,Calmin OS=Homo sapiens OX=9606 GN=CLMN PE=1 SV=1,20.197367315033663,20.086107745086906,0.1112595699467569,0.666732510798637,0.43284529811311206,0.1117601754050845,0.868606289067533
ALDH3B1,P43353,Aldehyde dehydrogenase family 3 member B1 OS=Homo sapiens OX=9606 GN=ALDH3B1 PE=1 SV=1,25.700983482300835,25.71101749316086,-0.010034010860024978,0.9341897583540457,-0.0829337812291434,-0.021413410235898777,0.9802150900651133
XPA,P23025,DNA repair protein complementing XP-A cells OS=Homo sapiens OX=9606 GN=XPA PE=1 SV=1,22.482874451268184,22.629663549854786,-0.14678909858660205,0.5126461742654651,-0.6587765213032591,-0.17009536639199857,0.7832134091362952
PARP14,Q460N5,Protein mono-ADP-ribosyltransferase PARP14 OS=Homo sapiens OX=9606 GN=PARP14 PE=1 SV=3,23.97847046524486,24.130079317104038,-0.1516088518591765,0.3068139717843078,-1.031015179516231,-0.2662069746635609,0.6304202854667855
OR5K2,Q8NHB8,Olfactory receptor 5K2 OS=Homo sapiens OX=9606 GN=OR5K2 PE=1 SV=3,23.991770875469975,24.16853248237575,-0.17676160690577447,0.249965263160296,-1.1620734965467272,-0.30004608661296645,0.577025987650572
CTSV,A0A7P0T8X8,Cathepsin V OS=Homo sapiens OX=9606 GN=CTSV PE=1 SV=1,21.84889060911404,21.695146582590443,0.1537440265235972,0.21223393076958152,1.2613459642763403,0.32567812756321346,0.5313668847978812
RASGRP4,Q8TDF6,RAS guanyl-releasing protein 4 OS=Homo sapiens OX=9606 GN=RASGRP4 PE=1 SV=2,16.29686047509834,16.39943402162238,-0.10257354652403805,0.6769002118980697,-0.41881233918513905,-0.10813688099001437,0.8743140266822481
TCF7,P36402,Transcription factor 7 OS=Homo sapiens OX=9606 GN=TCF7 PE=1 SV=3,23.13874188437561,22.699718245562433,0.4390236388131754,0.09957412723712583,1.6737043238380243,0.43214859818000084,0.3823049467583868
CCDC144A,A0A8V8TL21,Coiled-coil domain containing 144A OS=Homo sapiens OX=9606 GN=CCDC144A PE=1 SV=1,23.970310178849903,24.145200028659172,-0.17488984980926858,0.31348922483140595,-1.0167623155916377,-0.26252690102251347,0.6344087811768746
TRIM6,E9PFM0,Tripartite motif containing 6 OS=Homo sapiens OX=9606 GN=TRIM6 PE=1 SV=1,23.575669902534337,23.69801845076513,-0.12234854823079289,0.5039388005810228,-0.6724954255960361,-0.17363757224894114,0.7809526961467362
RIPK2,O43353,Receptor-interacting serine/threonine-protein kinase 2 OS=Homo sapiens OX=9606 GN=RIPK2 PE=1 SV=2,17.9762763258445,17.84333926575254,0.13293706009195816,0.6587968260247865,0.44385796613606415,0.11460363406176483,0.8634668925895045
SERF2,F8WBV6,Small EDRK-rich factor 2 OS=Homo sapiens OX=9606 GN=SERF2 PE=1 SV=1,18.260292614473453,18.853769922523572,-0.5934773080501188,0.027725771339479,-2.257975030439402,-0.583006645936266,0.2012644049056107
MYBL1,P10243,Myb-related protein A OS=Homo sapiens OX=9606 GN=MYBL1 PE=1 SV=2,26.334397515450284,25.765922379632247,0.5684751358180371,0.0013849089310968346,3.3595698450106655,0.867437204009796,0.027590463482851383
PARVG,Q9HBI0,Gamma-parvin OS=Homo sapiens OX=9606 GN=PARVG PE=1 SV=1,18.318913937741975,17.54332475512439,0.7755891826175834,0.0016310833924896224,3.3052255923140876,0.8534055782994004,0.02984216859932544
ZNF766,G3XAE0,Zinc finger protein 766 OS=Homo sapiens OX=9606 GN=ZNF766 PE=1 SV=1,15.594335184106715,15.2265114751134,0.3678237089933152,0.5103146957666678,0.6624375216540046,0.17104063261792501,0.7820238812822198
PALMD,Q9NP74,Palmdelphin OS=Homo sapiens OX=9606 GN=PALMD PE=1 SV=1,21.54283767131317,21.57077393064537,-0.027936259332200564,0.8454781760422905,-0.19576523212696811,-0.05054636558627845,0.9497109834226996
ZNF410,J3KNQ6,Zinc finger protein 410 OS=Homo sapiens OX=9606 GN=ZNF410 PE=1 SV=1,21.44777343117657,20.928235694337115,0.5195377368394567,0.1334670370184463,1.5219033303522995,0.3929537501994707,0.43810302184245603
BEND5,Q7L4P6,BEN domain-containing protein 5 OS=Homo sapiens OX=9606 GN=BEND5 PE=1 SV=1,19.894565707032562,20.255298654665225,-0.3607329476326626,0.26422824839264675,-1.1273705326916827,-0.29108581987465826,0.5934991919022296
ZNF528,Q3MIS6,Zinc finger protein 528 OS=Homo sapiens OX=9606 GN=ZNF528 PE=1 SV=1,21.893567447140658,22.070056779417737,-0.17648933227707886,0.3193734001156109,-1.0043675736265907,-0.2593265924084358,0.6436392447072796
MID1,A0A6Q8PF94,E3 ubiquitin-protein ligase Midline-1 OS=Homo sapiens OX=9606 GN=MID1 PE=1 SV=1,19.45761655108653,19.02700676199797,0.4306097890885603,0.11260636709594445,1.611012348376829,0.4159615997198641,0.4038064324060568
DCUN1D4,H0Y9C5,Defective in cullin neddylation 1 domain containing 4 (Fragment) OS=Homo sapiens OX=9606 GN=DCUN1D4 PE=4 SV=1,21.299882183729785,21.187874484643956,0.11200769908582942,0.7035215999392752,0.38245530977764974,0.09874953636249574,0.883874172576821
KCND3,Q9UK17,A-type voltage-gated potassium channel KCND3 OS=Homo sapiens OX=9606 GN=KCND3 PE=1 SV=3,18.649915403110455,18.77489684181667,-0.12498143870621448,0.642747520782351,-0.4662998677641413,-0.12039810814594934,0.8590419629305994
DCAF13,A0A087WT20,DDB1- and CUL4-associated factor 13 OS=Homo sapiens OX=9606 GN=DCAF13 PE=1 SV=1,23.455784333712224,23.003420672724022,0.45236366098820113,0.025766492332849503,2.28855597621027,0.5909026121817222,0.1916984263601625
RASAL3,Q86YV0,RAS protein activator like-3 OS=Homo sapiens OX=9606 GN=RASAL3 PE=1 SV=2,18.668922102730832,18.692788425628336,-0.023866322897504233,0.9103248352292603,-0.11312154254284726,-0.029207856691049416,0.9728197030701398
CIDEB,Q9UHD4,Lipid transferase CIDEB OS=Homo sapiens OX=9606 GN=CIDEB PE=1 SV=2,17.68534347163027,17.78391854122016,-0.09857506958989148,0.5860004964499255,-0.5476986432434107,-0.14141518160147512,0.826021140043016
SAFB2,Q14151,Scaffold attachment factor B2 OS=Homo sapiens OX=9606 GN=SAFB2 PE=1 SV=1,24.188186426171537,24.141594194131187,0.04659223204035001,0.6863809425333395,0.4058024928901632,0.10477775312087037,0.8768491706936095
ALDH2,P05091,"Aldehyde dehydrogenase, mitochondrial OS=Homo sapiens OX=9606 GN=ALDH2 PE=1 SV=2",18.761456713032917,19.25050093756526,-0.48904422453234275,0.2114147901463938,-1.2636400798178782,-0.32627046564899026,0.5313668847978812
AIMP2,Q13155,Aminoacyl tRNA synthase complex-interacting multifunctional protein 2 OS=Homo sapiens OX=9606 GN=AIMP2 PE=1 SV=2,16.278906137859355,16.059731437217444,0.21917470064191136,0.56558192441805,0.577880174166236,0.14920801937661826,0.8146736174097002
IGHE,P01854,Immunoglobulin heavy constant epsilon OS=Homo sapiens OX=9606 GN=IGHE PE=1 SV=2,22.77406885358507,22.945548864378754,-0.17148001079368314,0.4045470351026038,-0.8396596553686217,-0.21679919078166207,0.7076613014038718
IZUMO3,Q5VZ72,Izumo sperm-egg fusion protein 3 OS=Homo sapiens OX=9606 GN=IZUMO3 PE=1 SV=4,25.94508786909314,25.912880204291785,0.03220766480135495,0.7850312095889063,0.274035171101872,0.07075557693017667,0.9289871273750642
OVCH2,A0A087X1V8,Ovochymase 2 OS=Homo sapiens OX=9606 GN=OVCH2 PE=1 SV=2,18.693755809319338,18.501753722477225,0.19200208684211262,0.5602099334746422,0.585908858451462,0.15128101674519406,0.8121267221871533
RYR3,Q15413,Ryanodine receptor 3 OS=Homo sapiens OX=9606 GN=RYR3 PE=1 SV=3,23.177645291780518,23.204111593464724,-0.026466301684205717,0.8524087860354871,-0.18687756899524988,-0.04825158083322202,0.9504782048268833
ATP2A2,P16615,Sarcoplasmic/endoplasmic reticulum calcium ATPase 2 OS=Homo sapiens OX=9606 GN=ATP2A2 PE=1 SV=1,25.364559124146137,25.28427902766405,0.08028009648208823,0.48936559449873607,0.695747356309362,0.17964119494359979,0.7710303259545113
RAPGEF4,Q8WZA2,Rap guanine nucleotide exchange factor 4 OS=Homo sapiens OX=9606 GN=RAPGEF4 PE=1 SV=1,24.450347274435867,24.622417895934188,-0.17207062149832097,0.5720571992323119,-0.5682523473010122,-0.14672212516933952,0.816638979477337
STX17,P56962,Syntaxin-17 OS=Homo sapiens OX=9606 GN=STX17 PE=1 SV=2,15.54761060942883,14.218523563065194,1.329087046363636,5.155444642428163e-05,4.373132555863427,1.129137970641102,0.0018487424487747394
ZNF407,Q9C0G0,Zinc finger protein 407 OS=Homo sapiens OX=9606 GN=ZNF407 PE=1 SV=2,20.667192954017857,19.347108001166834,1.3200849528510226,0.03182073904728866,2.199784117979301,0.5679818169456937,0.22286947309292407
CUL4B,Q13620,Cullin-4B OS=Homo sapiens OX=9606 GN=CUL4B PE=1 SV=4,28.20194836771138,27.95863597130993,0.24331239640144986,0.04850885711306834,2.0153614967633025,0.5203641009034616,0.2743734410212351
FSTL1,Q12841,Follistatin-related protein 1 OS=Homo sapiens OX=9606 GN=FSTL1 PE=1 SV=1,22.802221190916665,22.264611015389065,0.5376101755276004,0.2272029605518288,1.2205302627338965,0.315139558740703,0.5490227874251065
COG2,Q14746,Conserved oligomeric Golgi complex subunit 2 OS=Homo sapiens OX=9606 GN=COG2 PE=1 SV=1,21.135222704615163,20.88767313759132,0.24754956702384234,0.3744321989461128,0.8951022198673041,0.23111439937995726,0.6850580946024288
PCMT1,F6S8N6,Protein-L-isoaspartate(D-aspartate) O-methyltransferase OS=Homo sapiens OX=9606 GN=PCMT1 PE=1 SV=1,18.375455029213306,17.68498324735795,0.6904717818553578,0.013732949301243837,2.5415099737416607,0.6562150535014335,0.13068163774493843
DYSF,O75923,Dysferlin OS=Homo sapiens OX=9606 GN=DYSF PE=1 SV=1,20.384096409964464,20.30664867876983,0.07744773119463488,0.7286990381111662,0.34853687106051084,0.08999183314377336,0.8998329031221219
BUD13,Q9BRD0,BUD13 homolog OS=Homo sapiens OX=9606 GN=BUD13 PE=1 SV=1,22.836837120272392,23.189799417243435,-0.3529622969710431,0.6527358407003522,-0.4523058792704289,-0.11678487585373826,0.8595977833941577
AMER3,Q8N944,APC membrane recruitment protein 3 OS=Homo sapiens OX=9606 GN=AMER3 PE=1 SV=2,18.62098645179803,18.741370205322024,-0.12038375352399555,0.5512725405611953,-0.5993516706159352,-0.1547519359211407,0.8093454881076879
PRDM16,Q9HAZ2,Histone-lysine N-methyltransferase PRDM16 OS=Homo sapiens OX=9606 GN=PRDM16 PE=1 SV=3,19.856189574442496,19.34642092889487,0.5097686455476271,0.05646308490735935,1.9463433838183504,0.5025437007686308,0.2952399596759205
ZSWIM8,A7E2V4,Zinc finger SWIM domain-containing protein 8 OS=Homo sapiens OX=9606 GN=ZSWIM8 PE=1 SV=1,19.6357493655637,19.542383275163264,0.09336609040043697,0.7102495753036129,0.37334938148895314,0.09639839578823702,0.8880596154249497
CCDC40,Q4G0X9,Coiled-coil domain-containing protein 40 OS=Homo sapiens OX=9606 GN=CCDC40 PE=1 SV=2,27.623954667769713,27.687067983150214,-0.06311331538050169,0.3961180563111566,-0.8549110860897083,-0.22073709326090238,0.701125049324683
ZNF648,Q5T619,Zinc finger protein 648 OS=Homo sapiens OX=9606 GN=ZNF648 PE=1 SV=1,17.436461522822853,18.02626576621854,-0.5898042433956867,0.18572755218310744,-1.3392085520310464,-0.3457821612743195,0.5099686080617329
CEP192,Q8TEP8,Centrosomal protein of 192 kDa OS=Homo sapiens OX=9606 GN=CEP192 PE=1 SV=3,23.7741886116927,23.169601517634273,0.6045870940584273,0.00407770542750974,2.990932972716014,0.772255572863451,0.058051428132104836
GJC1,P36383,Gap junction gamma-1 protein OS=Homo sapiens OX=9606 GN=GJC1 PE=1 SV=2,19.469555203849605,19.39282210403251,0.07673309981709409,0.7832894103944028,0.276313650778082,0.07134387785288558,0.9289871273750642
DYNC2H1,Q8NCM8,Cytoplasmic dynein 2 heavy chain 1 OS=Homo sapiens OX=9606 GN=DYNC2H1 PE=1 SV=4,25.687451590885207,25.78341649483169,-0.09596490394648427,0.4216974794593571,-0.8092172716479945,-0.20893900110373906,0.7207851102675189
SNX30,Q5VWJ9,Sorting nexin-30 OS=Homo sapiens OX=9606 GN=SNX30 PE=1 SV=1,20.690746073831495,21.009752360505566,-0.31900628667407105,0.02807135307279371,-2.2527807383826968,-0.5816654854942022,0.20295135507870612
PRPS1,P60891,Ribose-phosphate pyrophosphokinase 1 OS=Homo sapiens OX=9606 GN=PRPS1 PE=1 SV=2,20.56168129044563,20.642342142085788,-0.08066085164015746,0.7090260293858796,-0.37500302291969684,-0.09682536416969494,0.887148409413037
CSRP3,P50461,Cysteine and glycine-rich protein 3 OS=Homo sapiens OX=9606 GN=CSRP3 PE=1 SV=1,18.04563448497949,17.809828225413916,0.23580625956557455,0.26269500000187274,1.1310361843940633,0.29203228707441253,0.5919606795788321
CD6,P30203,T-cell differentiation antigen CD6 OS=Homo sapiens OX=9606 GN=CD6 PE=1 SV=3,20.43737449308394,20.689107250567197,-0.2517327574832571,0.33245335957638444,-0.977353207570074,-0.2523515130854198,0.6485841714255235
TRIM36,E9PBG3,RING-type E3 ubiquitin transferase OS=Homo sapiens OX=9606 GN=TRIM36 PE=1 SV=1,22.332318634805745,22.13811149576524,0.19420713904050402,0.142103943196133,1.4882434344808817,0.3842628024564656,0.4439948164535228
ASXL2,Q76L83,Putative Polycomb group protein ASXL2 OS=Homo sapiens OX=9606 GN=ASXL2 PE=1 SV=1,19.36031725911536,19.175860508231953,0.18445675088340607,0.510736176788332,0.6617750290751147,0.1708695777695899,0.7820238812822198
CCDC7,Q96M83,Coiled-coil domain-containing protein 7 OS=Homo sapiens OX=9606 GN=CCDC7 PE=1 SV=3,24.00499074560348,23.960125089076865,0.04486565652661412,0.8247993868655699,0.22237990622311465,0.057418244888886014,0.9443761469179691
LYST,Q99698,Lysosomal-trafficking regulator OS=Homo sapiens OX=9606 GN=LYST PE=1 SV=3,22.03564410816547,21.3041683732437,0.7314757349217693,0.007007415330968377,2.7959113943626606,0.721901217855876,0.08586666602427388
QSOX2,Q6ZRP7,Sulfhydryl oxidase 2 OS=Homo sapiens OX=9606 GN=QSOX2 PE=1 SV=3,20.636658254346266,20.128458061821792,0.5082001925244732,0.15107080278358645,1.4549621972754443,0.3756696239606097,0.4567790040319908
CFAP46,Q8IYW2,Cilia- and flagella-associated protein 46 OS=Homo sapiens OX=9606 GN=CFAP46 PE=1 SV=3,26.897952014635393,26.299371961454415,0.598580053180978,0.002574683495675747,3.150883955204654,0.8135547389559855,0.0428594532815094
RAG1,P15918,V(D)J recombination-activating protein 1 OS=Homo sapiens OX=9606 GN=RAG1 PE=1 SV=2,23.160550095716744,23.494606637870692,-0.33405654215394875,0.09347064612121658,-1.7054002690445298,-0.4403324560418075,0.3716028126282513
SCN8A,Q9UQD0,Sodium channel protein type 8 subunit alpha OS=Homo sapiens OX=9606 GN=SCN8A PE=1 SV=1,20.921856750143608,20.78328209158936,0.13857465855424778,0.49951857360631935,0.6795087486268215,0.17544840446892812,0.7781379691365167
SYBU,A0A0C4DG86,Syntabulin OS=Homo sapiens OX=9606 GN=SYBU PE=1 SV=1,18.79558923279215,18.244326186278453,0.5512630465136965,0.06693154211529034,1.8671894108033205,0.4821062328170734,0.32260283605568707
GP2,P55259,Pancreatic secretory granule membrane major glycoprotein GP2 OS=Homo sapiens OX=9606 GN=GP2 PE=1 SV=3,23.583519395732107,23.600438268942302,-0.016918873210194363,0.8750138825905157,-0.15798945504418274,-0.04079270188416701,0.9613357178215653
GCOM1,H8Y6P7,"GCOM1, MYZAP-POLR2M combined locus OS=Homo sapiens OX=9606 GN=GCOM1 PE=2 SV=1",21.76861932139228,22.104433605267154,-0.3358142838748748,0.050327930331422875,-1.9987639570301983,-0.5160786345718397,0.2785122811242013
APRT,P07741,Adenine phosphoribosyltransferase OS=Homo sapiens OX=9606 GN=APRT PE=1 SV=2,20.420817285967996,20.50694279775764,-0.08612551178964623,0.7985289965434721,-0.25642638781470467,-0.06620900863563171,0.932137038282842
ZMYM2,Q9UBW7,Zinc finger MYM-type protein 2 OS=Homo sapiens OX=9606 GN=ZMYM2 PE=1 SV=1,18.848710333813457,18.467790412462133,0.3809199213513246,0.27343452928298173,1.105670372375584,0.2854828625737061,0.6022949766638652
MYOZ2,Q9NPC6,Myozenin-2 OS=Homo sapiens OX=9606 GN=MYOZ2 PE=1 SV=1,23.47669352203324,23.614670350357073,-0.13797682832383273,0.5023290507960091,-0.6750456422694687,-0.1742960353626362,0.7798060502833285
UVRAG,Q9P2Y5,UV radiation resistance-associated gene protein OS=Homo sapiens OX=9606 GN=UVRAG PE=1 SV=1,22.040795299220743,21.610050905595454,0.4307443936252895,0.01574662303220703,2.487869283887666,0.6423650869358603,0.14259441968054143
SPART-AS1,P0CW21,Putative uncharacterized protein SPART-AS1 OS=Homo sapiens OX=9606 GN=SPART-AS1 PE=5 SV=1,22.15795475067081,21.908778083890823,0.24917666677998795,0.005231675415233454,2.902137217105058,0.7493286073504418,0.07052927834220739
MTMR3,Q13615,"Phosphatidylinositol-3,5-bisphosphate 3-phosphatase MTMR3 OS=Homo sapiens OX=9606 GN=MTMR3 PE=1 SV=3",22.850928273329938,23.08819126878102,-0.23726299545108276,0.5396116538060023,-0.6170575668892612,-0.15932357868089184,0.8049281990633628
SHISA7,A6NL88,Protein shisa-7 OS=Homo sapiens OX=9606 GN=SHISA7 PE=1 SV=3,26.723828905444357,26.283307743267677,0.4405211621766796,0.009687023697326583,2.6753065752983036,0.6907611874753018,0.10338591362682478
TTLL11,Q8NHH1,Tubulin polyglutamylase TTLL11 OS=Homo sapiens OX=9606 GN=TTLL11 PE=1 SV=3,20.74919686690543,20.83848595818771,-0.08928909128228213,0.5382088852402811,-0.6192006548129254,-0.15987692160341252,0.804807448138036
FAM184A,Q8NB25,Protein FAM184A OS=Homo sapiens OX=9606 GN=FAM184A PE=1 SV=3,18.265030598372466,18.15516478395389,0.10986581441857624,0.702698493378208,0.3835715342773413,0.09903774428902469,0.883874172576821
DDX46,A0A0C4DG89,RNA helicase OS=Homo sapiens OX=9606 GN=DDX46 PE=1 SV=1,26.33294323202892,26.212351979864465,0.12059125216445565,0.19769154386943397,1.3030962483816335,0.3364580045658287,0.5197823524857312
MAST2,Q6P0Q8,Microtubule-associated serine/threonine-protein kinase 2 OS=Homo sapiens OX=9606 GN=MAST2 PE=1 SV=2,24.740729857531807,24.15381299809018,0.5869168594416259,0.18912903231396586,1.3287668923556968,0.3430861363390265,0.512584342556968
ALDH9A1,P49189,4-trimethylaminobutyraldehyde dehydrogenase OS=Homo sapiens OX=9606 GN=ALDH9A1 PE=1 SV=3,18.508101796231927,18.19343473476727,0.3146670614646574,0.23126829295255494,1.2097875405284149,0.31236579979438545,0.5551058223078059
EXOC5,O00471,Exocyst complex component 5 OS=Homo sapiens OX=9606 GN=EXOC5 PE=1 SV=1,18.21587300335772,18.26997001869975,-0.05409701534202682,0.8892241492624768,-0.13989942346630255,-0.03612187581526726,0.9670152072277904
KMT2A,Q03164,Histone-lysine N-methyltransferase 2A OS=Homo sapiens OX=9606 GN=KMT2A PE=1 SV=5,25.25400746625261,25.21487494732543,0.03913251892717895,0.6323815308493068,0.4809215546773229,0.12417341147316341,0.8549348146510019
ZNF385A,Q96PM9,Zinc finger protein 385A OS=Homo sapiens OX=9606 GN=ZNF385A PE=1 SV=2,20.636250289264847,20.62422959389026,0.012020695374587831,0.9437537954858268,0.07085892971127107,0.01829569698012232,0.9850412425585209
SPDL1,Q96EA4,Protein Spindly OS=Homo sapiens OX=9606 GN=SPDL1 PE=1 SV=2,17.72402793514597,18.23983828035202,-0.5158103452060523,0.20263666789816234,-1.2886492607971503,-0.33272780841132404,0.5217067806073415
WDR17,Q8IZU2,WD repeat-containing protein 17 OS=Homo sapiens OX=9606 GN=WDR17 PE=1 SV=2,20.63250208509083,20.103214155845578,0.5292879292452533,0.060729947411914516,1.9126879039354836,0.4938538932289667,0.3057060837657895
TRIM22,Q8IYM9,E3 ubiquitin-protein ligase TRIM22 OS=Homo sapiens OX=9606 GN=TRIM22 PE=1 SV=1,23.670861308629462,23.58377669356182,0.08708461506764209,0.7261564489229685,0.35194311589672067,0.09087132177868974,0.8973111736174242
HLA-DPB1,A0A140T9Q1,"Major histocompatibility complex, class II, DP beta 1 (Fragment) OS=Homo sapiens OX=9606 GN=HLA-DPB1 PE=1 SV=1",23.25066016620295,23.090624467821353,0.16003569838159848,0.43295852313339334,0.7896329759251222,0.20388235769161336,0.7303779685570437
DKK2,Q9UBU2,Dickkopf-related protein 2 OS=Homo sapiens OX=9606 GN=DKK2 PE=1 SV=1,24.772112101102547,24.785146597319745,-0.01303449621719821,0.9573444358454357,-0.053718010518963896,-0.013869930675422804,0.988209689194911
CEP126,Q9P2H0,Centrosomal protein of 126 kDa OS=Homo sapiens OX=9606 GN=CEP126 PE=1 SV=4,20.6628902754715,20.80193252253523,-0.1390422470637276,0.3884783785490352,-0.8689089970269085,-0.22435133832366713,0.6918518305948677
OSBPL8,F8VZ43,Oxysterol binding protein like 8 (Fragment) OS=Homo sapiens OX=9606 GN=OSBPL8 PE=1 SV=1,24.19676259372128,23.96253669908085,0.23422589464043142,0.3301291839661866,0.9821009937492201,0.25357738620563225,0.6485841714255235
PLEKHO2,Q8TD55,Pleckstrin homology domain-containing family O member 2 OS=Homo sapiens OX=9606 GN=PLEKHO2 PE=1 SV=1,19.887076214824752,19.058444327611134,0.8286318872136178,0.0035387984289459475,3.0407588212526426,0.7851205516363188,0.05377174222966173
RS1,O15537,Retinoschisin OS=Homo sapiens OX=9606 GN=RS1 PE=1 SV=2,21.173753152594166,20.979181312333544,0.1945718402606218,0.2724975736820649,1.1078551540796013,0.28604697078402325,0.6022171405383543
SLC25A51,Q9H1U9,Mitochondrial nicotinamide adenine dinucleotide transporter SLC25A51 OS=Homo sapiens OX=9606 GN=SLC25A51 PE=1 SV=1,19.770515365223126,19.814629099505158,-0.04411373428203191,0.7292712465013207,-0.3477708643731529,-0.08979405106755864,0.8999197143681129
LMBR1,F8WDW0,Limb development membrane protein 1 OS=Homo sapiens OX=9606 GN=LMBR1 PE=1 SV=1,23.735328319354608,23.793378892994134,-0.058050573639526704,0.7573322516432827,-0.3104492111014508,-0.08015764162927666,0.9174977886462201
FAXDC2,Q96IV6,Fatty acid hydroxylase domain-containing protein 2 OS=Homo sapiens OX=9606 GN=FAXDC2 PE=1 SV=1,17.642589861640985,17.635974800168633,0.006615061472352579,0.9842384615521328,0.019840809844862667,0.005122875073628084,0.9945307509334625
GALNT15,Q8N3T1,Polypeptide N-acetylgalactosaminyltransferase 15 OS=Homo sapiens OX=9606 GN=GALNT15 PE=1 SV=2,26.157160175760218,26.57840292158761,-0.4212427458273922,0.21159880568656325,-1.2631241457974907,-0.32613725205774335,0.5313668847978812
TPT1,A0A0B4J2C3,Translationally-controlled tumor protein OS=Homo sapiens OX=9606 GN=TPT1 PE=1 SV=1,16.809731463129257,17.318976743641397,-0.5092452805121397,0.1908280762161323,-1.3236044104469473,-0.34175318924184755,0.5129365017172881
PHLDA1,Q8WV24,Pleckstrin homology-like domain family A member 1 OS=Homo sapiens OX=9606 GN=PHLDA1 PE=1 SV=4,21.749410922903035,21.891223945938084,-0.1418130230350485,0.2834259402655835,-1.0826918572141306,-0.2795498354709804,0.61333199259696
SAT2,I3L0W4,Spermidine/spermine N1-acetyltransferase family member 2 OS=Homo sapiens OX=9606 GN=SAT2 PE=1 SV=1,20.750977202600854,20.745406906038777,0.005570296562076749,0.9800968363109117,0.02505533076214688,0.0064692585850342176,0.9932769646054417
ANXA8L1,A0A075B752,Annexin OS=Homo sapiens OX=9606 GN=ANXA8L1 PE=1 SV=1,16.543553558547956,16.124773080267733,0.41878047828022247,0.08822014865564125,1.734060071403418,0.4477323851912455,0.3600637181673276
SPIRE1,Q08AE8,Protein spire homolog 1 OS=Homo sapiens OX=9606 GN=SPIRE1 PE=1 SV=3,23.712798422462196,23.42836898947075,0.28442943299144474,0.26280016784425564,1.1307842685421927,0.2919672426811499,0.5919606795788321
ERI2,A8K979,ERI1 exoribonuclease 2 OS=Homo sapiens OX=9606 GN=ERI2 PE=1 SV=2,24.070845147971735,24.311663756911006,-0.24081860893927143,0.08359398142770075,-1.7605059859198373,-0.45456069095773327,0.3528277174393897
DNAH11,Q96DT5,Dynein axonemal heavy chain 11 OS=Homo sapiens OX=9606 GN=DNAH11 PE=1 SV=4,19.134829131940077,22.55863849101951,-3.423809359079435,1.6097692482317142e-18,-12.785727346052024,-3.3012606053605493,3.9164976097980667e-16
LRRC9,H3BUS4,Leucine rich repeat containing 9 OS=Homo sapiens OX=9606 GN=LRRC9 PE=4 SV=2,21.031715143016346,20.961565619270026,0.07014952374631989,0.7559811927871812,0.31223569927035566,0.0806189108910343,0.9174977886462201
HTR7,P34969,5-hydroxytryptamine receptor 7 OS=Homo sapiens OX=9606 GN=HTR7 PE=1 SV=2,17.754178327764247,18.3500165580818,-0.595838230317554,0.04366177283166645,-2.0623636705493493,-0.5325000099907221,0.2589838103980394
DDX55,Q8NHQ9,ATP-dependent RNA helicase DDX55 OS=Homo sapiens OX=9606 GN=DDX55 PE=1 SV=3,25.94680045725455,26.135292266317943,-0.18849180906339313,0.22124250951364952,-1.2365381731265548,-0.31927278343125937,0.5424444957742709
STXBP5,Q5T5C0,Syntaxin-binding protein 5 OS=Homo sapiens OX=9606 GN=STXBP5 PE=1 SV=1,23.565787313985826,23.309037133628955,0.256750180356871,0.13686915110342684,1.508444456214509,0.38947868383984646,0.44013002158316183
CDADC1,Q9BWV3,Cytidine and dCMP deaminase domain-containing protein 1 OS=Homo sapiens OX=9606 GN=CDADC1 PE=1 SV=1,26.360638898680655,26.24948920854422,0.11114969013643616,0.5414685376930854,0.6142250978120332,0.15859223830990843,0.8051666744886208
FARP2,O94887,"FERM, ARHGEF and pleckstrin domain-containing protein 2 OS=Homo sapiens OX=9606 GN=FARP2 PE=1 SV=3",24.461009253681016,24.636611599750992,-0.17560234606997582,0.03675751087604542,-2.137816779535253,-0.551981918958854,0.23650103338672956
SKP2,D6RHY6,S-phase kinase associated protein 2 OS=Homo sapiens OX=9606 GN=SKP2 PE=1 SV=1,22.393835370085412,22.447689056063947,-0.05385368597853457,0.7850412093487836,-0.274022094414569,-0.07075220054403347,0.9289871273750642
FAHD1,Q6P587,"Oxaloacetate tautomerase FAHD1, mitochondrial OS=Homo sapiens OX=9606 GN=FAHD1 PE=1 SV=3",29.66074437817425,29.369236788542615,0.29150758963163526,0.0737222731317105,1.8212849432960458,0.47025375027226035,0.3321886358387582
RIOK2,Q9BVS4,Serine/threonine-protein kinase RIO2 OS=Homo sapiens OX=9606 GN=RIOK2 PE=1 SV=2,22.206322643175206,22.098447423772953,0.10787521940225275,0.6543632948297813,0.45003431358889057,0.1161983601167773,0.8599488920215642
SETD1A,O15047,Histone-lysine N-methyltransferase SETD1A OS=Homo sapiens OX=9606 GN=SETD1A PE=1 SV=3,22.59469267611563,22.78476111202073,-0.19006843590509703,0.4160901333834863,-0.8190863269461965,-0.21148718022458818,0.7157756203736626
TEX14,Q8IWB6,Inactive serine/threonine-protein kinase TEX14 OS=Homo sapiens OX=9606 GN=TEX14 PE=1 SV=2,20.18785767831294,19.4525206555766,0.735337022736342,0.08739423780926944,1.7386958248145974,0.44892933157515363,0.359243697578252
GTPBP4,Q9BZE4,GTP-binding protein 4 OS=Homo sapiens OX=9606 GN=GTPBP4 PE=1 SV=3,20.78127447326433,20.52272279126287,0.2585516820014604,0.15382418479552848,1.4450537577166616,0.3731112758674052,0.461987878288748
NFIB,O00712,Nuclear factor 1 B-type OS=Homo sapiens OX=9606 GN=NFIB PE=1 SV=2,26.410174838177443,26.473173014972662,-0.0629981767952188,0.6977901789248235,-0.39023789226069727,-0.1007589905189843,0.883571886166814
HEXIM2,Q96MH2,Protein HEXIM2 OS=Homo sapiens OX=9606 GN=HEXIM2 PE=1 SV=1,16.970536732137422,15.941216683243036,1.0293200488943857,0.019924393782077807,2.3939083250735003,0.6181044716904639,0.1594840984431496
ZKSCAN4,Q969J2,Zinc finger protein with KRAB and SCAN domains 4 OS=Homo sapiens OX=9606 GN=ZKSCAN4 PE=1 SV=1,24.188769715703888,25.093287655624138,-0.9045179399202503,0.04161794143648843,-2.0835491007925184,-0.5379700645583242,0.25786892948667584
TRPM6,Q9BX84,Transient receptor potential cation channel subfamily M member 6 OS=Homo sapiens OX=9606 GN=TRPM6 PE=1 SV=2,19.387409251154054,18.14146815740343,1.2459410937506235,0.008767212182491721,2.712808817523346,0.7004442247808369,0.09585128928785157
PDE6C,P51160,"Cone cGMP-specific 3',5'-cyclic phosphodiesterase subunit alpha' OS=Homo sapiens OX=9606 GN=PDE6C PE=1 SV=2",28.363785926811705,28.371239456213257,-0.007453529401551862,0.945093394609744,-0.0691685298145872,-0.017859237603569826,0.9854465368762406
PHLDB2,Q86SQ0,Pleckstrin homology-like domain family B member 2 OS=Homo sapiens OX=9606 GN=PHLDB2 PE=1 SV=2,26.06553984490945,26.143134568027293,-0.07759472311784421,0.4563944281643151,-0.7498191535054286,-0.19360247294625788,0.7454696196057076
MED23,Q9ULK4,Mediator of RNA polymerase II transcription subunit 23 OS=Homo sapiens OX=9606 GN=MED23 PE=1 SV=2,19.502683981100738,20.047251279479074,-0.5445672983783361,0.0735560416160459,-1.8223653405701865,-0.4705327076489293,0.3321886358387582
HIP1,O00291,Huntingtin-interacting protein 1 OS=Homo sapiens OX=9606 GN=HIP1 PE=1 SV=5,23.154887203519635,23.181605869390122,-0.026718665870486547,0.8464465169577136,-0.19452252399586042,-0.05022549972654667,0.9497109834226996
RALGAPA1,Q6GYQ0,Ral GTPase-activating protein subunit alpha-1 OS=Homo sapiens OX=9606 GN=RALGAPA1 PE=1 SV=1,19.7670494697655,19.847041293558853,-0.07999182379335323,0.8231342972710446,-0.22452968759215666,-0.05797331605157179,0.9443761469179691
Unknown,A0A087WZY1,Uncharacterized protein OS=Homo sapiens OX=9606 PE=1 SV=1,20.189625196801966,20.088009374568077,0.10161582223388876,0.6828799091314448,0.41059852645550154,0.10601608366263086,0.8763468435536156
ASCC3,Q8N3C0,Activating signal cointegrator 1 complex subunit 3 OS=Homo sapiens OX=9606 GN=ASCC3 PE=1 SV=3,24.77732793443808,24.90057165918287,-0.12324372474478906,0.11573646357443595,-1.5968380561977684,-0.41230181321627873,0.40676350710687675
STRIP2,Q9ULQ0,Striatin-interacting protein 2 OS=Homo sapiens OX=9606 GN=STRIP2 PE=1 SV=2,25.284814161624045,25.53058508699068,-0.24577092536663514,0.19145892829159136,-1.3216964294441176,-0.34126055066525823,0.5131328227605729
CHD1,O14646,Chromodomain-helicase-DNA-binding protein 1 OS=Homo sapiens OX=9606 GN=CHD1 PE=1 SV=2,20.0283653749501,19.99734039115643,0.03102498379366736,0.9110112920690203,0.11225188215417319,0.028983311344236685,0.9728197030701398
ZFYVE27,Q5T4F4,Protrudin OS=Homo sapiens OX=9606 GN=ZFYVE27 PE=1 SV=1,25.833424229698608,25.754823755812193,0.07860047388641433,0.517314350278181,0.651472963841385,0.16820959596413804,0.785872611952955
EMSY,Q7Z589,BRCA2-interacting transcriptional repressor EMSY OS=Homo sapiens OX=9606 GN=EMSY PE=1 SV=2,25.639852255808908,25.695480847414398,-0.055628591605490385,0.5857068158814405,-0.5481291199334897,-0.14152633020491556,0.826021140043016
KDM2A,Q9Y2K7,Lysine-specific demethylase 2A OS=Homo sapiens OX=9606 GN=KDM2A PE=1 SV=3,22.36919249512338,21.62856657776745,0.7406259173559278,0.0003068318644922132,3.8400627647192658,0.9914999424099286,0.00764096573659081
SBNO1,A3KN83,Protein strawberry notch homolog 1 OS=Homo sapiens OX=9606 GN=SBNO1 PE=1 SV=1,22.288943307406495,21.99565746902136,0.29328583838513467,0.073992780222472,1.8195311828737508,0.46980093127834127,0.3325038970899556
ZNF43,P17038,Zinc finger protein 43 OS=Homo sapiens OX=9606 GN=ZNF43 PE=1 SV=4,20.33443633738357,20.038081206215903,0.2963551311676653,0.5273590986659018,0.6358750379904285,0.16418222882706257,0.7939167623072728
GTF2I,P78347,General transcription factor II-I OS=Homo sapiens OX=9606 GN=GTF2I PE=1 SV=2,25.718530284501888,25.788445915699054,-0.0699156311971656,0.7544347706918019,-0.31428175698794325,-0.08114720072207404,0.9174977886462201
BRWD3,Q6RI45,Bromodomain and WD repeat-containing protein 3 OS=Homo sapiens OX=9606 GN=BRWD3 PE=1 SV=2,24.226211656293735,24.2166434461529,0.00956821014083431,0.9335481378000434,0.08374426471212608,0.02162267617136332,0.9802150900651133
RBSN,Q9H1K0,Rabenosyn-5 OS=Homo sapiens OX=9606 GN=RBSN PE=1 SV=2,23.412102136366578,23.653203853901697,-0.24110171753511977,0.18720822498002537,-1.3346456156759996,-0.34460401617345937,0.510923321099735
ZNF596,Q8TC21,Zinc finger protein 596 OS=Homo sapiens OX=9606 GN=ZNF596 PE=1 SV=2,21.31595333339073,22.22090958909257,-0.9049562557018405,0.004165449121057882,-2.983407643760563,-0.7703125412821715,0.05832075381600889
DAB2IP,A0A3B3ITG3,DAB2 interacting protein OS=Homo sapiens OX=9606 GN=DAB2IP PE=1 SV=1,21.780618478512295,21.837561059040898,-0.05694258052860235,0.8951903221575125,-0.13231853379361275,-0.034164498518483036,0.9703889371037256
TET1,Q8NFU7,Methylcytosine dioxygenase TET1 OS=Homo sapiens OX=9606 GN=TET1 PE=1 SV=2,25.79347150812027,25.84614810780945,-0.05267659968918181,0.7040038382176592,-0.381801565414827,-0.09858074029383644,0.883874172576821
CFAP58,Q5T655,Cilia- and flagella-associated protein 58 OS=Homo sapiens OX=9606 GN=CFAP58 PE=1 SV=1,21.94829331515565,21.594887176932804,0.3534061382228444,0.03445244811895576,2.165778957683306,0.5592017223115935,0.23366849882172294
CCNB3,Q8WWL7,G2/mitotic-specific cyclin-B3 OS=Homo sapiens OX=9606 GN=CCNB3 PE=1 SV=2,23.659927369123512,23.804905551831826,-0.1449781827083143,0.3291198750803044,-0.9841697051662001,-0.2541115251967037,0.6485841714255235
CHD2,O14647,Chromodomain-helicase-DNA-binding protein 2 OS=Homo sapiens OX=9606 GN=CHD2 PE=1 SV=2,22.525886669141006,22.508078962104904,0.017807707036102016,0.9436986546049488,0.07092851471225696,0.01831366375011993,0.9850412425585209
PROB1,E7EW31,Proline-rich basic protein 1 OS=Homo sapiens OX=9606 GN=PROB1 PE=1 SV=2,23.60555512634983,24.096326068797033,-0.49077094244720243,0.13788047361343683,-1.5044947600508882,-0.3884588766755609,0.44013002158316183
INTS6,Q9UL03,Integrator complex subunit 6 OS=Homo sapiens OX=9606 GN=INTS6 PE=1 SV=1,21.25593460147496,22.05402297032219,-0.7980883688472318,0.003570133054687085,-3.03767390181293,-0.7843240288620255,0.05379200476515918
SLC28A1,O00337,Sodium/nucleoside cotransporter 1 OS=Homo sapiens OX=9606 GN=SLC28A1 PE=1 SV=2,23.958776095979974,23.92251426493385,0.03626183104612579,0.7871540978404843,0.27126013342262334,0.07003906528238812,0.9303528655038967
BNC2,Q6ZN30,Zinc finger protein basonuclin-2 OS=Homo sapiens OX=9606 GN=BNC2 PE=1 SV=1,28.57762296995529,28.280882955883893,0.2967400140713963,0.08734469463226291,1.738975056629606,0.44900142891977096,0.359243697578252
DST,Q03001,Dystonin OS=Homo sapiens OX=9606 GN=DST PE=1 SV=4,27.012819558869197,26.958770525449616,0.054049033419580894,0.7046748164946703,0.3808922317473941,0.09834595135049558,0.883874172576821
BROX,Q5VW32,BRO1 domain-containing protein BROX OS=Homo sapiens OX=9606 GN=BROX PE=1 SV=1,20.16682885354286,20.236482285664756,-0.06965343212189623,0.9075679701199846,-0.11661505108929351,-0.03010987671906406,0.9728197030701398
ZFC3H1,O60293,Zinc finger C3H1 domain-containing protein OS=Homo sapiens OX=9606 GN=ZFC3H1 PE=1 SV=3,25.75369481838062,25.607378719266602,0.1463160991140171,0.16958266296634394,1.3908549592001715,0.35911720626481736,0.4834049518261601
NWD1,Q149M9,NACHT domain- and WD repeat-containing protein 1 OS=Homo sapiens OX=9606 GN=NWD1 PE=1 SV=3,17.434751995760617,17.391376732606112,0.04337526315450546,0.8470164695019816,0.19379122543928093,0.050036679251164146,0.9497109834226996
ATF6B,H0Y7D7,Activating transcription factor 6 beta OS=Homo sapiens OX=9606 GN=ATF6B PE=1 SV=2,21.196795227249783,21.04540606365323,0.15138916359655497,0.46141869487098,0.7414394722077761,0.1914388485387689,0.7466820576747898
PLEKHA7,Q6IQ23,Pleckstrin homology domain-containing family A member 7 OS=Homo sapiens OX=9606 GN=PLEKHA7 PE=1 SV=2,26.766898828053638,26.492770690395144,0.27412813765849364,0.6240148697793596,0.49279940228141217,0.12724025853712526,0.8494415656585527
SPART,Q8N0X7,Spartin OS=Homo sapiens OX=9606 GN=SPART PE=1 SV=1,20.36459917643975,20.44504375528266,-0.08044457884291134,0.6680468893609192,-0.43102644539311713,-0.11129054965216822,0.868606289067533
MTCL2,O94964,Microtubule cross-linking factor 2 OS=Homo sapiens OX=9606 GN=MTCL2 PE=1 SV=3,20.567776448146486,19.85188102025858,0.7158954278879044,0.4845261535178278,0.7035528845696168,0.18165657367428772,0.7674517608281495
HOOK1,Q9UJC3,Protein Hook homolog 1 OS=Homo sapiens OX=9606 GN=HOOK1 PE=1 SV=2,20.734783036777348,18.895157973357662,1.8396250634196853,5.529670672792389e-27,19.35343841024864,4.997036310316262,9.914699516316753e-24
POLR2B,P30876,DNA-directed RNA polymerase II subunit RPB2 OS=Homo sapiens OX=9606 GN=POLR2B PE=1 SV=1,25.709911327162853,25.98158774379471,-0.2716764166318555,0.23093387603217652,-1.2106660178656938,-0.3125926216675389,0.5551058223078059
NPIPB11,E5RHQ5,Nuclear pore complex-interacting protein family member B11 OS=Homo sapiens OX=9606 GN=NPIPB11 PE=3 SV=1,20.281323552619746,20.251678040714825,0.029645511904920596,0.8313556291669928,0.21392524773086619,0.05523526145299606,0.9468751537683636
ZC3H6,P61129,Zinc finger CCCH domain-containing protein 6 OS=Homo sapiens OX=9606 GN=ZC3H6 PE=1 SV=2,18.607916625816348,18.621322810305937,-0.013406184489589634,0.9583516590324669,-0.052448372359248874,-0.013542111512203752,0.988209689194911
RSPH3,Q86UC2,Radial spoke head protein 3 homolog OS=Homo sapiens OX=9606 GN=RSPH3 PE=1 SV=1,25.741763419772646,25.481575201353845,0.2601882184188007,0.19601248496630216,1.3080631810720358,0.33774046107193934,0.519129077613855
FNDC1,Q4ZHG4,Fibronectin type III domain-containing protein 1 OS=Homo sapiens OX=9606 GN=FNDC1 PE=1 SV=4,28.264960282969767,28.07595453719809,0.18900574577167717,0.1451902229835706,1.4766069777409376,0.3812582822456212,0.4501197226555463
NUP214,P35658,Nuclear pore complex protein Nup214 OS=Homo sapiens OX=9606 GN=NUP214 PE=1 SV=2,24.99804729204631,24.931487674201193,0.06655961784511533,0.6875905934161823,0.4041476072838981,0.10435046349467418,0.8768491706936095
MED13L,Q71F56,Mediator of RNA polymerase II transcription subunit 13-like OS=Homo sapiens OX=9606 GN=MED13L PE=1 SV=1,22.142374743843256,22.148596918114695,-0.006222174271439229,0.9716220032865593,-0.03572790229224321,-0.00922490470485225,0.9906110269675817
RASA1,P20936,Ras GTPase-activating protein 1 OS=Homo sapiens OX=9606 GN=RASA1 PE=1 SV=1,21.370016217999435,21.42396885241243,-0.053952634412993916,0.737357122542234,-0.33696830109132225,-0.08700484122176651,0.9073996710488851
MUC7,Q8TAX7,Mucin-7 OS=Homo sapiens OX=9606 GN=MUC7 PE=1 SV=2,23.670074639193043,23.72100753398202,-0.050932894788978444,0.7515783458300265,-0.31806459136477505,-0.0821239243582694,0.9167210707981207
EXT1,Q16394,Exostosin-1 OS=Homo sapiens OX=9606 GN=EXT1 PE=1 SV=2,21.69565159485611,21.677174777704796,0.01847681715131344,0.9107577035759474,0.11257313897165204,0.02906625949783343,0.9728197030701398
RBCK1,A0A8V8TMZ2,RanBP-type and C3HC4-type zinc finger-containing protein 1 OS=Homo sapiens OX=9606 GN=RBCK1 PE=1 SV=1,23.175032566064797,23.293398062071017,-0.11836549600621993,0.45956868409652807,-0.7445188674334289,-0.1922339449671252,0.7454696196057076
ATAD3B,Q5T9A4,ATPase family AAA domain-containing protein 3B OS=Homo sapiens OX=9606 GN=ATAD3B PE=1 SV=1,27.095254873750687,27.087021079778424,0.00823379397226276,0.9602054333915693,0.050111851680123415,0.012938824466982277,0.988209689194911
TNRC18,O15417,Trinucleotide repeat-containing gene 18 protein OS=Homo sapiens OX=9606 GN=TNRC18 PE=1 SV=3,24.998982833591338,25.0070955429147,-0.008112709323363276,0.9736993972477996,-0.03311145201607883,-0.008549340148467954,0.9913929694862605
UTP20,O75691,Small subunit processome component 20 homolog OS=Homo sapiens OX=9606 GN=UTP20 PE=1 SV=3,21.255577025555684,19.82324192089562,1.4323351046600656,0.02567111363312522,2.2900966928597777,0.59130042351004,0.1916984263601625
PEG10,Q86TG7,Retrotransposon-derived protein PEG10 OS=Homo sapiens OX=9606 GN=PEG10 PE=1 SV=2,18.77697029797981,17.97134524036356,0.8056250576162469,0.0015699131221932937,3.317965960515654,0.8566951272240149,0.029555298733003155
NET1,Q5SQI6,Neuroepithelial cell transforming 1 (Fragment) OS=Homo sapiens OX=9606 GN=NET1 PE=1 SV=1,23.06894175256741,21.79167117191622,1.2772705806511908,0.0014349655749548876,3.3478174742165008,0.8644027549188459,0.027966231259718623
CAAP1,Q9H8G2,Caspase activity and apoptosis inhibitor 1 OS=Homo sapiens OX=9606 GN=CAAP1 PE=1 SV=2,26.264898110947026,26.36739547567614,-0.10249736472911408,0.5623329784474107,-0.5827313342810395,-0.15046058353224623,0.8128241450607155
TTK,P33981,Dual specificity protein kinase TTK OS=Homo sapiens OX=9606 GN=TTK PE=1 SV=2,24.972807730360223,24.76544683105728,0.20736089930294455,0.06680294309935013,1.868095932097032,0.4823402956086417,0.32260283605568707
CDK12,H0YLT2,Cyclin-dependent kinase 12 OS=Homo sapiens OX=9606 GN=CDK12 PE=1 SV=2,21.627024216556222,21.644728089724218,-0.01770387316799571,0.911035401658042,-0.11222133970298406,-0.028975425317249497,0.9728197030701398
AFAP1L1,Q8TED9,Actin filament-associated protein 1-like 1 OS=Homo sapiens OX=9606 GN=AFAP1L1 PE=1 SV=2,25.93768130389839,26.01136846326383,-0.0736871593654378,0.5460597164412007,-0.607243026315998,-0.15678947520149683,0.8071599930577682
CDK12,Q9NYV4,Cyclin-dependent kinase 12 OS=Homo sapiens OX=9606 GN=CDK12 PE=1 SV=2,20.118511586740226,19.78074780830913,0.3377637784310963,0.12463863251510147,1.5581473691342966,0.4023119207729354,0.41928155365774283
HEXA-AS1,Q9H8Q6,Putative uncharacterized protein encoded by HEXA-AS1 OS=Homo sapiens OX=9606 GN=HEXA-AS1 PE=5 SV=1,23.744386564857255,23.801976312113673,-0.05758974725641863,0.7554406579449937,-0.3129507249142216,-0.08080352971842124,0.9174977886462201
JAM2,P57087,Junctional adhesion molecule B OS=Homo sapiens OX=9606 GN=JAM2 PE=1 SV=1,20.87904039792712,20.26913930674437,0.6099010911827492,0.012761856946797776,2.5699760824079783,0.6635649711544988,0.12572532695389238
WDHD1,O75717,WD repeat and HMG-box DNA-binding protein 1 OS=Homo sapiens OX=9606 GN=WDHD1 PE=1 SV=1,24.16048191014692,23.93556269785724,0.22491921228968081,0.2178130100654073,1.2458928514089893,0.3216881509777258,0.537932130919112
ECT2,Q9H8V3,Protein ECT2 OS=Homo sapiens OX=9606 GN=ECT2 PE=1 SV=4,23.020159701942347,22.92141909404509,0.09874060789725903,0.29760951486134657,1.0510185643230638,0.27137182641187035,0.6248405856515157
TTC21B,Q7Z4L5,Tetratricopeptide repeat protein 21B OS=Homo sapiens OX=9606 GN=TTC21B PE=1 SV=2,24.94090868857445,25.12099676498763,-0.18008807641318114,0.43388649752960595,-0.7880327295626848,-0.20346917585751007,0.7303779685570437
CD96,P40200,T-cell surface protein tactile OS=Homo sapiens OX=9606 GN=CD96 PE=1 SV=2,26.90438461393727,26.99607843439228,-0.09169382045500996,0.2730633213930184,-1.1065353210848805,-0.28570619137013464,0.6022171405383543
CADPS2,Q86UW7,Calcium-dependent secretion activator 2 OS=Homo sapiens OX=9606 GN=CADPS2 PE=1 SV=2,27.14335982935146,26.45097782395861,0.6923820053928509,0.06940316778821777,1.8500458244729165,0.4776797778602783,0.3290980199015059
EPG5,Q9HCE0,Ectopic P granules protein 5 homolog OS=Homo sapiens OX=9606 GN=EPG5 PE=1 SV=2,24.33384774069547,24.450200335194737,-0.11635259449926494,0.2951334322897304,-1.0564717647244932,-0.2727798367010882,0.623673075269069
THAP4,Q8WY91,Peroxynitrite isomerase THAP4 OS=Homo sapiens OX=9606 GN=THAP4 PE=1 SV=2,24.540897250097228,24.49115087411674,0.04974637598048659,0.6971566748957343,0.39109957974090115,0.10098147726968199,0.883393581687669
RBM22,Q9NW64,Pre-mRNA-splicing factor RBM22 OS=Homo sapiens OX=9606 GN=RBM22 PE=1 SV=1,20.973021989745614,21.731732391400246,-0.758710401654632,0.035187113598363184,-2.156693553787956,-0.5568558811129096,0.23366849882172294
CYB5R3,A0A8I5KW26,cytochrome-b5 reductase OS=Homo sapiens OX=9606 GN=CYB5R3 PE=1 SV=1,23.64939962992442,23.252106204518395,0.3972934254060263,0.043160620521207144,2.067477486893799,0.5338203916932298,0.25881937322583415
CNKSR2,Q8WXI2,Connector enhancer of kinase suppressor of ras 2 OS=Homo sapiens OX=9606 GN=CNKSR2 PE=1 SV=1,20.401462140079115,18.919113636242027,1.4823485038370876,0.007507069779269422,2.7705241771822773,0.7153462665661312,0.08914023916708659
LAMB1,P07942,Laminin subunit beta-1 OS=Homo sapiens OX=9606 GN=LAMB1 PE=1 SV=2,24.001954997428832,24.11475603298927,-0.11280103556043741,0.2449872831595813,-1.1745183181597723,-0.3032593257365562,0.5740077636337862
TEX15,Q9BXT5,Testis-expressed protein 15 OS=Homo sapiens OX=9606 GN=TEX15 PE=1 SV=2,23.456014998472945,23.510412242647288,-0.054397244174342774,0.5319644277468645,-0.6287758268694265,-0.1623492203975391,0.7981692208787682
HMGN4,O00479,High mobility group nucleosome-binding domain-containing protein 4 OS=Homo sapiens OX=9606 GN=HMGN4 PE=1 SV=3,16.54330462881335,15.87944868605393,0.6638559427594188,0.2562141385636522,1.1467003428019122,0.2960767553841428,0.5867074718322203
BLTP2,Q14667,Bridge-like lipid transfer protein family member 2 OS=Homo sapiens OX=9606 GN=BLTP2 PE=1 SV=3,23.71222149889259,24.02503200175852,-0.3128105028659327,0.04919421373677771,-2.0090462629955,-0.5187335145561213,0.27737492210705167
AGPAT5,Q9NUQ2,1-acyl-sn-glycerol-3-phosphate acyltransferase epsilon OS=Homo sapiens OX=9606 GN=AGPAT5 PE=1 SV=3,23.514342968732258,23.14429327969676,0.37004968903549695,0.05178570343093864,1.9858313342243696,0.5127394457218559,0.2805298008886663
PIK3C2B,O00750,Phosphatidylinositol 4-phosphate 3-kinase C2 domain-containing subunit beta OS=Homo sapiens OX=9606 GN=PIK3C2B PE=1 SV=2,20.901058470472506,20.99454138641673,-0.0934829159442252,0.672857096648482,-0.4243822788867547,-0.10957503323693017,0.8716999814239367
MAP3K13,O43283,Mitogen-activated protein kinase kinase kinase 13 OS=Homo sapiens OX=9606 GN=MAP3K13 PE=1 SV=1,26.790897329343196,26.850851166252582,-0.05995383690938638,0.6852591458505091,-0.40733819593560167,-0.10517426994218396,0.8768491706936095
OR10T2,Q8NGX3,Olfactory receptor 10T2 OS=Homo sapiens OX=9606 GN=OR10T2 PE=3 SV=1,20.14220084579669,21.650886471030876,-1.508685625234186,1.643277400967278e-06,-5.336039080673376,-1.377759366277328,8.928473878588876e-05
DLC1,Q96QB1,Rho GTPase-activating protein 7 OS=Homo sapiens OX=9606 GN=DLC1 PE=1 SV=4,23.585869742709857,23.335963406659037,0.24990633605082024,0.3035035863463698,1.038161640697345,0.26805218300614575,0.6304202854667855
RYR2,Q92736,Ryanodine receptor 2 OS=Homo sapiens OX=9606 GN=RYR2 PE=1 SV=3,24.159778515818267,24.377090442919854,-0.2173119271015871,0.24223632061658668,-1.1814738732201255,-0.3050552423307146,0.5718371228066635
CNOT1,A5YKK6,CCR4-NOT transcription complex subunit 1 OS=Homo sapiens OX=9606 GN=CNOT1 PE=1 SV=2,22.62740369756533,22.085753312218515,0.5416503853468164,0.07780131490973538,1.7953927430910253,0.4635684129262128,0.3385867903717367
SETD2,Q9BYW2,Histone-lysine N-methyltransferase SETD2 OS=Homo sapiens OX=9606 GN=SETD2 PE=1 SV=3,27.417155893315087,27.245808862214535,0.17134703110055227,0.10722623386068307,1.636138803642061,0.4224492225726287,0.3939685190823868
PEG3,Q9GZU2,Paternally-expressed gene 3 protein OS=Homo sapiens OX=9606 GN=PEG3 PE=1 SV=1,24.550944776695633,24.621272318001036,-0.07032754130540297,0.5977451926125155,-0.530566092338959,-0.13699157597940897,0.8327561230413677
TIAM2,Q8IVF5,Rho guanine nucleotide exchange factor TIAM2 OS=Homo sapiens OX=9606 GN=TIAM2 PE=1 SV=4,22.581842113269456,21.87767507418993,0.7041670390795254,0.19721532415002802,1.3045017550155416,0.336820904818236,0.5197823524857312
TMPRSS13,Q9BYE2,Transmembrane protease serine 13 OS=Homo sapiens OX=9606 GN=TMPRSS13 PE=1 SV=5,16.10485432474013,15.248931569527212,0.8559227552129194,0.04677372515687335,2.031700622293104,0.5245828449746958,0.2705331909879804
OPTN,Q96CV9,Optineurin OS=Homo sapiens OX=9606 GN=OPTN PE=1 SV=3,22.929409211771098,23.074430409148167,-0.1450211973770692,0.1419735873230649,-1.4887392887037179,-0.3843908314662783,0.4439948164535228
DNAH10,Q8IVF4,Dynein axonemal heavy chain 10 OS=Homo sapiens OX=9606 GN=DNAH10 PE=1 SV=4,26.248268999070042,25.918957114797866,0.32931188427217606,0.06106746071421606,1.9101125342610954,0.4931889356383511,0.3057060837657895
GRK3,P35626,G protein-coupled receptor kinase 3 OS=Homo sapiens OX=9606 GN=GRK3 PE=1 SV=2,26.798368234152502,26.757390686433588,0.0409775477189136,0.7235391172430192,0.355453826765232,0.09177778342716265,0.8973050774589255
FLT3,P36888,Receptor-type tyrosine-protein kinase FLT3 OS=Homo sapiens OX=9606 GN=FLT3 PE=1 SV=2,23.346887298899794,23.526382681353077,-0.17949538245328256,0.10708270475090964,-1.6368230032144486,-0.4226258821425846,0.3939685190823868
Unknown,H0Y858,Toll-like receptor 9 (Fragment) OS=Homo sapiens OX=9606 PE=3 SV=1,24.21089638785973,24.04757442187721,0.1633219659825187,0.41431758380604355,0.8222227714511904,0.21229700671353116,0.7157756203736626
CEP63,Q96MT8,Centrosomal protein of 63 kDa OS=Homo sapiens OX=9606 GN=CEP63 PE=1 SV=1,24.324541509570476,24.06484114146804,0.25970036810243613,0.00858271109042813,2.720763179863666,0.7024980323057542,0.09499259867368912
CCPG1,Q9ULG6,Cell cycle progression protein 1 OS=Homo sapiens OX=9606 GN=CCPG1 PE=1 SV=3,29.00371371432639,28.942493249797046,0.061220464529345264,0.7257769267850629,0.35245190720760333,0.09100269113027264,0.8973111736174242
POLA1,P09884,DNA polymerase alpha catalytic subunit OS=Homo sapiens OX=9606 GN=POLA1 PE=1 SV=2,20.680758929732573,21.00427086664543,-0.3235119369128583,0.21737411335816628,-1.2470978520886384,-0.32199928081535584,0.5375886693119891
PRDM2,Q13029,PR domain zinc finger protein 2 OS=Homo sapiens OX=9606 GN=PRDM2 PE=1 SV=3,24.763321323095276,24.788485592160008,-0.02516426906473157,0.7587110749541077,-0.30862704716212896,-0.07968716092320643,0.9184457747215589
PIM1,P11309,Serine/threonine-protein kinase pim-1 OS=Homo sapiens OX=9606 GN=PIM1 PE=1 SV=4,26.043971350551843,26.13587655500715,-0.09190520445530836,0.24522584882514237,-1.1739177834153387,-0.3031042683322889,0.5740077636337862
HSD3B2,P26439,3 beta-hydroxysteroid dehydrogenase/Delta 5-->4-isomerase type 2 OS=Homo sapiens OX=9606 GN=HSD3B2 PE=1 SV=2,26.8632274381723,26.90962374156506,-0.04639630339276124,0.5535387546667058,-0.5959327579597943,-0.1538691764691826,0.8105141166363998
MCM5,P33992,DNA replication licensing factor MCM5 OS=Homo sapiens OX=9606 GN=MCM5 PE=1 SV=5,26.266305172002184,26.236673008372783,0.02963216362940102,0.616269369133399,0.5038585115338553,0.13009570826769862,0.8454253855058794
NUAK2,Q9H093,NUAK family SNF1-like kinase 2 OS=Homo sapiens OX=9606 GN=NUAK2 PE=1 SV=1,19.493782947985203,19.410176585082457,0.0836063629027457,0.6358290479894974,0.47604726361639904,0.12291487493292838,0.8558869992831597
GRM8,O00222,Metabotropic glutamate receptor 8 OS=Homo sapiens OX=9606 GN=GRM8 PE=1 SV=2,18.877376381183225,18.882129019631076,-0.004752638447850899,0.98108951718697,-0.02380543635247192,-0.006146537236154959,0.9932769646054417
TSHZ3,Q63HK5,Teashirt homolog 3 OS=Homo sapiens OX=9606 GN=TSHZ3 PE=1 SV=2,24.316790693431106,24.38746377544415,-0.07067308201304456,0.47513815720696295,-0.7188196146983507,-0.18559842644359628,0.760645282028647
PPM1D,O15297,Protein phosphatase 1D OS=Homo sapiens OX=9606 GN=PPM1D PE=1 SV=1,27.286916891256954,27.333902181358287,-0.046985290101332566,0.5004610648582656,-0.6780105310583404,-0.1750615663561466,0.7786591974467573
TTC13,Q8NBP0,Tetratricopeptide repeat protein 13 OS=Homo sapiens OX=9606 GN=TTC13 PE=1 SV=3,24.16765842187737,24.16897760824467,-0.001319186367300773,0.9951387498722728,-0.006119029250565017,-0.001579926558826291,0.9980277860036975
TMC8,Q8IU68,Transmembrane channel-like protein 8 OS=Homo sapiens OX=9606 GN=TMC8 PE=1 SV=1,25.49343470443763,25.729690312959825,-0.23625560852219607,0.14526629881780495,-1.476322609482914,-0.38118485867712015,0.4501197226555463
UNC13C,Q8NB66,Protein unc-13 homolog C OS=Homo sapiens OX=9606 GN=UNC13C PE=1 SV=3,24.66163643292231,24.826166847361428,-0.16453041443911687,0.12950046220988315,-1.5379436616469684,-0.39709534593093093,0.4315879716400009
ABCA12,Q86UK0,Glucosylceramide transporter ABCA12 OS=Homo sapiens OX=9606 GN=ABCA12 PE=1 SV=3,25.92197020615814,25.58803938190483,0.3339308242533079,0.09331876230626247,1.7062104521500188,0.4405416444201367,0.3716028126282513
CILP,O75339,Cartilage intermediate layer protein 1 OS=Homo sapiens OX=9606 GN=CILP PE=1 SV=4,25.003107700114203,24.779808260262364,0.2232994398518393,0.020529386775322095,2.38180148173363,0.6149784981817668,0.1628725242838607
CHRNE,Q04844,Acetylcholine receptor subunit epsilon OS=Homo sapiens OX=9606 GN=CHRNE PE=1 SV=2,21.359071277235145,21.712229576903813,-0.3531582996686673,0.2355072580189146,-1.1987315780821077,-0.3095111625656626,0.5592907465270383
CCDC168,Q8NDH2,Leucine-rich repeat transmembrane protein CCDC168 OS=Homo sapiens OX=9606 GN=CCDC168 PE=1 SV=3,23.857792149604357,23.780529965665266,0.07726218393909079,0.7919796720452181,0.2649599968063862,0.06841237700282028,0.9317713595650106
RAD54B,Q9Y620,DNA repair and recombination protein RAD54B OS=Homo sapiens OX=9606 GN=RAD54B PE=1 SV=1,20.824680922735848,21.296564241103525,-0.47188331836767716,0.01793973740726628,-2.4360808435363324,-0.6289933691354088,0.1525750154898867
TSC2,A0A2R8Y670,TSC complex subunit 2 OS=Homo sapiens OX=9606 GN=TSC2 PE=1 SV=2,18.31553244306692,19.263813635127182,-0.9482811920602607,9.31345944174187e-05,-4.199816372490441,-1.0843879245189818,0.002920244662875893
ZNF32,P17041,Zinc finger protein 32 OS=Homo sapiens OX=9606 GN=ZNF32 PE=1 SV=2,26.87045285616832,26.907365750419906,-0.036912894251585726,0.7169877837751898,-0.3642609825028985,-0.09405178126045848,0.8927493724367467
CKMT1A; CKMT1B,P12532,"Creatine kinase U-type, mitochondrial OS=Homo sapiens OX=9606 GN=CKMT1A PE=1 SV=1",23.40144439608279,23.159222568046324,0.24222182803646675,0.14112133812382352,1.4919899895170896,0.3852301588071911,0.4439948164535228
ATP9B,O43861,Probable phospholipid-transporting ATPase IIB OS=Homo sapiens OX=9606 GN=ATP9B PE=1 SV=4,28.126512227652434,27.79086796749017,0.33564426016226534,0.06194542756730899,1.9034694841792863,0.49147370748269326,0.30705762687816535
TTC9,Q92623,Tetratricopeptide repeat protein 9A OS=Homo sapiens OX=9606 GN=TTC9 PE=1 SV=3,18.466179351750522,18.514186093408764,-0.04800674165824148,0.8664130667741299,-0.16896372080108754,-0.043626245118390125,0.9577550115450153
PPM1G,O15355,Protein phosphatase 1G OS=Homo sapiens OX=9606 GN=PPM1G PE=1 SV=1,24.18219640464582,24.263998581446558,-0.08180217680073909,0.5352501977096107,-0.6237302644031542,-0.16104646177059764,0.8020264444222079
TOP3B,F2Z2A5,DNA topoisomerase OS=Homo sapiens OX=9606 GN=TOP3B PE=1 SV=1,23.270114742830184,23.451679593335435,-0.18156485050525006,0.4144125329951429,-0.8220545572010656,-0.21225357398090933,0.7157756203736626
DNAH14,A0A804HLD3,Dynein axonemal heavy chain 14 OS=Homo sapiens OX=9606 GN=DNAH14 PE=1 SV=1,21.733974147452326,21.850633302530312,-0.1166591550779863,0.5933119957200217,-0.5370142286804713,-0.1386564776237258,0.8317501237888967
MRPS31,Q92665,Small ribosomal subunit protein mS31 OS=Homo sapiens OX=9606 GN=MRPS31 PE=1 SV=3,21.55377612076221,21.65320111089571,-0.09942499013350314,0.6762537698164683,-0.4197020117774437,-0.10836659346558591,0.8742054861434231
ADGRV1,Q8WXG9,Adhesion G-protein coupled receptor V1 OS=Homo sapiens OX=9606 GN=ADGRV1 PE=1 SV=2,19.417592186140812,18.397414351310942,1.0201778348298696,0.0005846985857848988,3.638545986765762,0.9394685340769084,0.013270437522940805
DDA1,Q9BW61,DET1- and DDB1-associated protein 1 OS=Homo sapiens OX=9606 GN=DDA1 PE=1 SV=1,26.864514125029242,26.790332557784346,0.07418156724489577,0.5174004723160612,0.651338552620855,0.16817489113622766,0.785872611952955
RIMS1,Q86UR5,Regulating synaptic membrane exocytosis protein 1 OS=Homo sapiens OX=9606 GN=RIMS1 PE=1 SV=1,23.637518770408203,23.579393534531896,0.05812523587630736,0.6456287575522255,0.46225376907238186,0.11935340995592962,0.8590419629305994
GLI1,P08151,Zinc finger protein GLI1 OS=Homo sapiens OX=9606 GN=GLI1 PE=1 SV=1,19.708819037348157,19.969968145282206,-0.2611491079340489,0.3645645434231378,-0.9138779002926388,-0.23596225922002614,0.6752729611133121
OPA1,O60313,"Dynamin-like GTPase OPA1, mitochondrial OS=Homo sapiens OX=9606 GN=OPA1 PE=1 SV=3",24.26012409580068,23.9760421043549,0.28408199144578106,0.10976545305460747,1.6241556927479683,0.41935519664405674,0.39918796287713504
BICRA,Q9NZM4,BRD4-interacting chromatin-remodeling complex-associated protein OS=Homo sapiens OX=9606 GN=BICRA PE=1 SV=2,25.811232265037688,25.962051782015397,-0.1508195169777089,0.21732042226777026,-1.2472453853666605,-0.3220373737439419,0.5375886693119891
TRHDE,Q9UKU6,Thyrotropin-releasing hormone-degrading ectoenzyme OS=Homo sapiens OX=9606 GN=TRHDE PE=1 SV=2,22.208971712565738,21.69240970875923,0.5165620038065093,0.05226966057082845,1.9816070073113625,0.5116487292029884,0.28228765482980545
MAP7D3,Q8IWC1,MAP7 domain-containing protein 3 OS=Homo sapiens OX=9606 GN=MAP7D3 PE=1 SV=2,19.492401148400578,20.081610207543303,-0.5892090591427248,0.49089765498289695,-0.6932852055135929,-0.1790054703417421,0.7720872766529248
UTP25,Q68CQ4,U3 small nucleolar RNA-associated protein 25 homolog OS=Homo sapiens OX=9606 GN=UTP25 PE=1 SV=2,19.663359544344512,19.684145997126652,-0.020786452782139975,0.9195394829279516,-0.10145464504025126,-0.026195476709085206,0.9781555451785908
NLRP2,A0A0G2JLQ8,NLR family pyrin domain containing 2 (Fragment) OS=Homo sapiens OX=9606 GN=NLRP2 PE=1 SV=1,20.388992320754706,20.866383461169864,-0.4773911404151576,0.00035647376667925345,-3.7936786587788003,-0.9795236177541854,0.008637263022377047
ABTB1,Q969K4,Ankyrin repeat and BTB/POZ domain-containing protein 1 OS=Homo sapiens OX=9606 GN=ABTB1 PE=1 SV=1,28.259958950764375,28.387422448888465,-0.12746349812409008,0.1635378039515363,-1.411164830182727,-0.36436119240342135,0.47447133088204624
SMC5,Q8IY18,Structural maintenance of chromosomes protein 5 OS=Homo sapiens OX=9606 GN=SMC5 PE=1 SV=2,26.571929544928093,26.61873873882583,-0.046809193897736634,0.6205373271901968,-0.4977570430268842,-0.1285203158733714,0.8480630135362184
MAP7D1,Q3KQU3,MAP7 domain-containing protein 1 OS=Homo sapiens OX=9606 GN=MAP7D1 PE=1 SV=1,22.40927939651487,22.333461484865357,0.07581791164951213,0.6535345497494471,0.4511907633616016,0.11649695416413962,0.8597119939110481
DNAAF5,Q86Y56,Dynein axonemal assembly factor 5 OS=Homo sapiens OX=9606 GN=DNAAF5 PE=1 SV=4,25.983183777370492,26.123512356179138,-0.1403285788086457,0.6124737791481598,-0.5093006825582461,-0.13150087078401052,0.8434450737424352
TRPC6,Q9Y210,Short transient receptor potential channel 6 OS=Homo sapiens OX=9606 GN=TRPC6 PE=1 SV=1,21.973887460023228,21.811689638980532,0.16219782104269598,0.45001103393463804,0.7605428095307497,0.19637130902602623,0.7430802163817382
TRAF5,O00463,TNF receptor-associated factor 5 OS=Homo sapiens OX=9606 GN=TRAF5 PE=1 SV=2,18.28651224108027,18.53094676642191,-0.24443452534163868,0.3607145297907185,-0.9212916707865082,-0.2378764865303835,0.6702188102743609
DDB1,Q16531,DNA damage-binding protein 1 OS=Homo sapiens OX=9606 GN=DDB1 PE=1 SV=1,21.845038920829936,21.121659211473837,0.7233797093560987,0.008052723253917808,2.74451748339583,0.708631367104476,0.09255469739919635
SLC44A5,Q8NCS7,Choline transporter-like protein 5 OS=Homo sapiens OX=9606 GN=SLC44A5 PE=1 SV=5,23.431456838253055,23.19846691957068,0.2329899186823745,0.16307476104454988,1.4127443525701437,0.36476902333018313,0.47447133088204624
LINC03122,Q2M2E5,Uncharacterized protein encoded by LINC03122 OS=Homo sapiens OX=9606 GN=LINC03122 PE=5 SV=2,21.937690422527137,21.472099287563275,0.4655911349638622,0.03764296483301455,2.1274819946581416,0.549313488977808,0.24104941409141104
GRK4,P32298,G protein-coupled receptor kinase 4 OS=Homo sapiens OX=9606 GN=GRK4 PE=1 SV=3,25.164626751053966,25.226321336983876,-0.06169458592991006,0.5712831017212698,-0.5694005040595411,-0.14701857796964746,0.8161837461244915
RALGAPB,Q86X10,Ral GTPase-activating protein subunit beta OS=Homo sapiens OX=9606 GN=RALGAPB PE=1 SV=1,26.446049919511566,26.442912531450418,0.003137388061148272,0.9761747065096049,0.029994132180790733,0.007744451628009763,0.9914992734895832
GCFC2,P16383,Intron Large complex component GCFC2 OS=Homo sapiens OX=9606 GN=GCFC2 PE=1 SV=2,18.927034909024812,19.521846790323966,-0.5948118812991545,0.004358301759042469,-2.9673730098570146,-0.7661724166107728,0.05965217598445151
AGAP2,F8VVT9,"ArfGAP with GTPase domain, ankyrin repeat and PH domain 2 OS=Homo sapiens OX=9606 GN=AGAP2 PE=1 SV=1",16.473307418938592,15.449359193398207,1.0239482255403853,0.01652211869712783,2.4688534726266136,0.637455225580615,0.14665425160371384
ABCA8,O94911,ABC-type organic anion transporter ABCA8 OS=Homo sapiens OX=9606 GN=ABCA8 PE=1 SV=4,21.150898069948116,21.058552416013256,0.09234565393485994,0.8367347504935163,0.20700017200940418,0.05344721459029954,0.9477355702052273
PLEKHM1,Q9Y4G2,Pleckstrin homology domain-containing family M member 1 OS=Homo sapiens OX=9606 GN=PLEKHM1 PE=1 SV=3,22.121648318698263,24.05678401986163,-1.935135701163368,0.0015114487559892693,-3.3305887823251212,-0.8599543258006955,0.02883008105839106
OSBPL5,Q9H0X9,Oxysterol-binding protein-related protein 5 OS=Homo sapiens OX=9606 GN=OSBPL5 PE=1 SV=1,25.047519146361637,24.992293699018276,0.055225447343360656,0.7794470169155879,0.28134513291821156,0.0726430009552497,0.9289871273750642
ZNF83,P51522,Zinc finger protein 83 OS=Homo sapiens OX=9606 GN=ZNF83 PE=1 SV=3,21.119014435679677,21.38446515320073,-0.26545071752105187,0.010956971548350387,-2.62855604044789,-0.6786902512818392,0.11290718382869107
NFXL1,Q6ZNB6,NF-X1-type zinc finger protein NFXL1 OS=Homo sapiens OX=9606 GN=NFXL1 PE=1 SV=2,19.833860875555327,19.101192228592875,0.7326686469624519,0.0016121337811866542,3.3091234359221677,0.8544119971914148,0.02979954504812032
GFPT1,Q06210,Glutamine--fructose-6-phosphate aminotransferase [isomerizing] 1 OS=Homo sapiens OX=9606 GN=GFPT1 PE=1 SV=3,24.478691798521666,24.315048651999913,0.16364314652175338,0.3300661304183008,0.9822301071232421,0.25361072313545624,0.6485841714255235
PRB1,P04280,Basic salivary proline-rich protein 1 OS=Homo sapiens OX=9606 GN=PRB1 PE=1 SV=3,22.82157165100319,23.144265848985025,-0.32269419798183563,0.27053608293577186,-1.1124460751458805,-0.2872323415062533,0.6018253060841674
WDPCP,O95876,WD repeat-containing and planar cell polarity effector protein fritz homolog OS=Homo sapiens OX=9606 GN=WDPCP PE=1 SV=2,25.2172008968415,24.970794190194955,0.24640670664654607,0.011327041099337062,2.615863411327554,0.6754130285349959,0.11539423119949632
LRRCC1,Q9C099,Leucine-rich repeat and coiled-coil domain-containing protein 1 OS=Homo sapiens OX=9606 GN=LRRCC1 PE=1 SV=2,18.5523674412531,19.14004547118799,-0.5876780299348887,0.01470050370501652,-2.5149069310497176,-0.6493461774144774,0.13800001645599277
NPHP1,O15259,Nephrocystin-1 OS=Homo sapiens OX=9606 GN=NPHP1 PE=1 SV=1,25.86530197003195,25.83791429176222,0.02738767826972932,0.8184632345828013,0.23056612004470173,0.059531916208852655,0.9422230840326674
TESPA1,A2RU30,Protein TESPA1 OS=Homo sapiens OX=9606 GN=TESPA1 PE=1 SV=2,26.121024071878118,26.3526071450623,-0.2315830731841828,0.48393413096130644,-0.7045107223606633,-0.18190388632849377,0.7674517608281495
ACSL1,P33121,Long-chain-fatty-acid--CoA ligase 1 OS=Homo sapiens OX=9606 GN=ACSL1 PE=1 SV=1,24.655480741019723,24.71179266070443,-0.05631191968470617,0.4292690646989059,-0.7960155127538359,-0.2055303216145576,0.7281735411590712
IGHV2-5,P01817,Immunoglobulin heavy variable 2-5 OS=Homo sapiens OX=9606 GN=IGHV2-5 PE=1 SV=2,25.10009822454408,24.829597181506095,0.27050104303798506,0.11417122597828963,1.6038868260566213,0.41412179776791774,0.4057902834119351
ZNF292,O60281,Zinc finger protein 292 OS=Homo sapiens OX=9606 GN=ZNF292 PE=1 SV=3,21.020301749740806,20.11360848340001,0.9066932663407954,0.041013636428739134,2.0899860537141386,0.5396320786560415,0.2567020489833698
DNAH12,Q6ZR08,Dynein axonemal heavy chain 12 OS=Homo sapiens OX=9606 GN=DNAH12 PE=1 SV=2,29.205868924615874,29.21095755925594,-0.005088634640067369,0.9264800288704984,-0.09267639702643575,-0.023928942817992814,0.9802150900651133
XPO6,Q96QU8,Exportin-6 OS=Homo sapiens OX=9606 GN=XPO6 PE=1 SV=1,22.680136976870916,21.740222930877643,0.9399140459932731,0.002581606778808151,3.149963453611114,0.8133170664665229,0.0428594532815094
SPATA31H1,C9JG08,SPATA31 subfamily H member 1 OS=Homo sapiens OX=9606 GN=SPATA31H1 PE=1 SV=2,25.469584748482415,25.513931061509215,-0.04434631302680003,0.29399482963758594,-1.058989919860485,-0.2734300215614124,0.623673075269069
TTC6,G3V3A5,Tetratricopeptide repeat domain 6 OS=Homo sapiens OX=9606 GN=TTC6 PE=1 SV=1,22.675060800525582,22.7780250595203,-0.10296425899471728,0.39945845539610003,-0.8488432293007161,-0.21917037937483977,0.7039914748325816
SLC7A8,Q9UHI5,Large neutral amino acids transporter small subunit 2 OS=Homo sapiens OX=9606 GN=SLC7A8 PE=1 SV=1,20.752220789667813,19.308367462031047,1.4438533276367664,5.0800359924830996e-05,4.377412842906307,1.1302431360033727,0.0018487424487747394
MOV10,Q9HCE1,Helicase MOV-10 OS=Homo sapiens OX=9606 GN=MOV10 PE=1 SV=2,28.80312371619055,28.88315472428373,-0.08003100809317942,0.4246887080379309,-0.8039849494803076,-0.20758802132924284,0.7240763349606368
PRRG3,H7C0C2,Proline rich and Gla domain 3 (Fragment) OS=Homo sapiens OX=9606 GN=PRRG3 PE=4 SV=1,25.391505019872206,25.474311995153073,-0.08280697528086733,0.46003015478772213,-0.7437500713713444,-0.19203544267745296,0.7454696196057076
C3AR1,Q16581,C3a anaphylatoxin chemotactic receptor OS=Homo sapiens OX=9606 GN=C3AR1 PE=1 SV=2,25.13953050749636,25.237941679628424,-0.09841117213206374,0.45115323313015043,-0.7586175477993916,-0.19587420858451685,0.7430802163817382
SZT2,Q5T011,KICSTOR complex protein SZT2 OS=Homo sapiens OX=9606 GN=SZT2 PE=1 SV=3,24.250676992230378,24.32904093942544,-0.07836394719506146,0.7141424297219712,-0.3680949872745678,-0.09504171703578883,0.8910628924784233
BAHCC1,Q9P281,BAH and coiled-coil domain-containing protein 1 OS=Homo sapiens OX=9606 GN=BAHCC1 PE=1 SV=4,26.891762277406436,26.983448653979714,-0.0916863765732785,0.32371348823347057,-0.9953233410151582,-0.2569913815895489,0.6456414808632545
IMUP,Q9GZP8,Immortalization up-regulated protein OS=Homo sapiens OX=9606 GN=IMUP PE=1 SV=1,24.016871074406524,19.999630053703996,4.017241020702528,3.6246139928381376e-07,5.741282614360744,1.4823927967526227,2.241011341089235e-05
DENND1B,Q6P3S1,DENN domain-containing protein 1B OS=Homo sapiens OX=9606 GN=DENND1B PE=1 SV=2,26.243447397427435,26.315322990400983,-0.07187559297354795,0.5824695493275294,-0.552881144017319,-0.1427532975474121,0.8236339920696057
MAGEE1,Q9HCI5,Melanoma-associated antigen E1 OS=Homo sapiens OX=9606 GN=MAGEE1 PE=1 SV=2,22.11367023455076,22.064739630927377,0.04893060362338275,0.8847914521328463,0.14553708329412618,0.03757751332358349,0.9670152072277904
ARHGAP22,D6R9V6,Rho GTPase activating protein 22 OS=Homo sapiens OX=9606 GN=ARHGAP22 PE=1 SV=1,23.495751522159193,23.488335565670635,0.00741595648855764,0.9530681883088572,0.059109368168238634,0.015261973234695404,0.988209689194911
VEPH1,Q14D04,Ventricular zone-expressed PH domain-containing protein homolog 1 OS=Homo sapiens OX=9606 GN=VEPH1 PE=1 SV=1,26.321773836279124,26.43291861688727,-0.11114478060814648,0.2837347600886288,-1.0819906858914254,-0.2793687938139354,0.61333199259696
ZMYM5,Q9UJ78,Zinc finger MYM-type protein 5 OS=Homo sapiens OX=9606 GN=ZMYM5 PE=1 SV=4,23.47373630208388,23.53228526176042,-0.05854895967654272,0.4174613300123232,-0.8166656057915443,-0.2108621527100695,0.7157756203736626
NPHP3,Q7Z494,Nephrocystin-3 OS=Homo sapiens OX=9606 GN=NPHP3 PE=1 SV=1,21.73323236737597,21.973803607139054,-0.24057123976308503,0.09484862930435162,-1.6980988619370612,-0.43844724083306713,0.3737661370169285
MLIP,E9PFJ4,Muscular LMNA interacting protein (Fragment) OS=Homo sapiens OX=9606 GN=MLIP PE=1 SV=1,26.57538399239643,26.751357518340566,-0.17597352594413707,0.23909199767114345,-1.1894941885803816,-0.3071260788521548,0.5670528463285188
DIXDC1,Q155Q3,Dixin OS=Homo sapiens OX=9606 GN=DIXDC1 PE=1 SV=2,23.966334273273514,23.015389763483007,0.9509445097905065,8.382547996487647e-07,5.51743803782322,1.4245963756147109,4.848357599258822e-05
MBTD1,Q05BQ5,MBT domain-containing protein 1 OS=Homo sapiens OX=9606 GN=MBTD1 PE=1 SV=2,30.258898963007447,30.12117265693627,0.1377263060711762,0.08600331850118509,1.7465855488656323,0.4509664495655423,0.3577817867114266
TARBP1,Q13395,Probable methyltransferase TARBP1 OS=Homo sapiens OX=9606 GN=TARBP1 PE=1 SV=1,24.33746021839362,24.619590048888032,-0.2821298304944122,0.02646367185670585,-2.277445134878371,-0.5880338052856691,0.19446460507817045
