Gene,Accession,Description,Mean_Group1,Mean_Group2,Log2FC,P_value,T_statistic,Cohens_d,FDR
APOB,A0AAG2UUW0,Apolipoprotein B OS=Homo sapiens OX=9606 GN=APOB PE=1 SV=1,31.99770995640309,32.10978068078741,-0.11207072438432064,0.1060214352243836,-1.6419053213377404,-0.4239381310393604,0.4021241578867693
F5,P12259,Coagulation factor V OS=Homo sapiens OX=9606 GN=F5 PE=1 SV=4,31.49619551805683,31.505182089437866,-0.008986571381036867,0.8263911482117436,-0.2203257745201487,-0.05688787036378576,0.9484364048230087
TLN1,Q9Y490,Talin-1 OS=Homo sapiens OX=9606 GN=TLN1 PE=1 SV=3,30.36229830397597,30.32448943869889,0.037808865277078496,0.6430007980016883,0.46594388317051055,0.12030619331910679,0.8622153065643009
FGA,P02671,Fibrinogen alpha chain OS=Homo sapiens OX=9606 GN=FGA PE=1 SV=2,31.398112353328756,31.293284314570766,0.10482803875799007,0.07355833561414626,1.8223504171339737,0.470528854434268,0.34346083659108756
C3,P01024,Complement C3 OS=Homo sapiens OX=9606 GN=C3 PE=1 SV=2,31.450140719089013,31.41596666297001,0.03417405611900293,0.5656824616146552,0.5777302769344876,0.14916931607780465,0.8184669948702504
FGB,P02675,Fibrinogen beta chain OS=Homo sapiens OX=9606 GN=FGB PE=1 SV=2,28.09596386751226,28.111237244180394,-0.015273376668133665,0.929923430376475,-0.08832399654713836,-0.022805157846503218,0.9802377340277638
APOE,P02649,Apolipoprotein E OS=Homo sapiens OX=9606 GN=APOE PE=1 SV=1,32.505052796344216,32.485057128593155,0.01999566775106132,0.6467398009969989,0.4606955896473285,0.11895108975835395,0.8622153065643009
ALB,P02768,Albumin OS=Homo sapiens OX=9606 GN=ALB PE=1 SV=2,31.24580372750318,31.291625773420275,-0.04582204591709527,0.27182489482258554,-1.1094269528766376,-0.28645280748832386,0.6134732039134575
KRT1,P04264,"Keratin, type II cytoskeletal 1 OS=Homo sapiens OX=9606 GN=KRT1 PE=1 SV=6",30.785278963089635,30.67528445816031,0.10999450492932539,0.11683181433770298,1.591950936968354,0.41103996445718183,0.41629545478406715
FGG,P02679,Fibrinogen gamma chain OS=Homo sapiens OX=9606 GN=FGG PE=1 SV=3,31.053696793681006,30.92235235429977,0.13134443938123752,0.046701901127132336,2.03238816806287,0.5247603685290997,0.2843913899805315
KNG1,P01042,Kininogen-1 OS=Homo sapiens OX=9606 GN=KNG1 PE=1 SV=2,32.355784474131426,32.413847846334974,-0.058063372203548624,0.2648072244962541,-1.125990246440415,-0.29072943149704755,0.6060889491703058
KRT2,P35908,"Keratin, type II cytoskeletal 2 epidermal OS=Homo sapiens OX=9606 GN=KRT2 PE=1 SV=2",30.40711854144771,30.60808747905744,-0.2009689376097299,0.06421624712927017,-1.8866509632770252,-0.48713118405853995,0.332131434015998
FLNA,P21333,Filamin-A OS=Homo sapiens OX=9606 GN=FLNA PE=1 SV=4,30.77442558215038,30.81220829502069,-0.03778271287031032,0.6345922369327173,-0.47779461171827864,-0.12336603827283547,0.8574972568435587
FN1,P02751,Fibronectin OS=Homo sapiens OX=9606 GN=FN1 PE=1 SV=5,28.45445069989223,28.59551118307561,-0.14106048318338082,0.31284271799042696,-1.0181336862667456,-0.2628809874082582,0.6422144971117915
KRT9,P35527,"Keratin, type I cytoskeletal 9 OS=Homo sapiens OX=9606 GN=KRT9 PE=1 SV=3",30.033349684162726,30.12578779740032,-0.09243811323759488,0.17635725985793949,-1.3687446191980575,-0.3534083410243393,0.5007791710404592
THBS1,P07996,Thrombospondin-1 OS=Homo sapiens OX=9606 GN=THBS1 PE=1 SV=2,29.63636500602069,29.645405271932667,-0.009040265911977485,0.9059603415097122,-0.11865290890518791,-0.030636049344590566,0.974473210010109
ANPEP,P15144,Aminopeptidase N OS=Homo sapiens OX=9606 GN=ANPEP PE=1 SV=4,29.70205589814436,29.48907677224953,0.21297912589482948,0.015094133849041203,2.504535227115206,0.6466682149738001,0.1531525810288066
VTN,P04004,Vitronectin OS=Homo sapiens OX=9606 GN=VTN PE=1 SV=1,30.73670784495282,30.830626913500524,-0.09391906854770227,0.28918665278378286,-1.069698486991301,-0.27619496170537206,0.625066944212437
MMRN1,Q13201,Multimerin-1 OS=Homo sapiens OX=9606 GN=MMRN1 PE=1 SV=3,29.831109983067755,29.714991476243373,0.11611850682438174,0.13786416353038727,1.504558276585373,0.3884752765742454,0.44746572151303493
C4A,A0A140TA44,Complement C4A (Rodgers blood group) OS=Homo sapiens OX=9606 GN=C4A PE=1 SV=1,23.306175767108343,23.28999052148189,0.016185245626452627,0.8743065139044726,0.15889127856511548,0.041025551716019716,0.9598692464850619
VWF,P04275,von Willebrand factor OS=Homo sapiens OX=9606 GN=VWF PE=1 SV=4,28.525197469187432,28.612020676044608,-0.0868232068571757,0.41575846841083297,-0.8196725759778047,-0.21163854907366475,0.7205881215116513
LPA,P08519,Apolipoprotein(a) OS=Homo sapiens OX=9606 GN=LPA PE=1 SV=2,29.70740719688681,29.730944610292322,-0.02353741340551352,0.7881080212066098,-0.2700138576640906,-0.06971727826521618,0.9340055249197784
A2M,P01023,Alpha-2-macroglobulin OS=Homo sapiens OX=9606 GN=A2M PE=1 SV=3,31.128977505544928,31.022946901382443,0.10603060416248411,0.0813393564198346,1.7738378100999959,0.4580029531593545,0.3569520517267122
HRG,P04196,Histidine-rich glycoprotein OS=Homo sapiens OX=9606 GN=HRG PE=1 SV=1,32.24997928596791,32.31048707369529,-0.06050778772738141,0.268711953912572,-1.1167365544926215,-0.288340138510065,0.6115116322610389
TF,P02787,Serotransferrin OS=Homo sapiens OX=9606 GN=TF PE=1 SV=5,30.525489409075977,30.570896966893624,-0.04540755781764716,0.5834231192968209,-0.5514800784664048,-0.14239154397770304,0.823975487511714
APOA4,P06727,Apolipoprotein A-IV OS=Homo sapiens OX=9606 GN=APOA4 PE=1 SV=4,29.55741888036974,29.57402167167403,-0.016602791304286768,0.8396998123241132,-0.203187285414661,-0.05246273150480502,0.9510506039034264
CFH,P08603,Complement factor H OS=Homo sapiens OX=9606 GN=CFH PE=1 SV=4,29.670182150194403,29.39054861198804,0.2796335382063617,0.046394362131664306,2.0353424928933803,0.52552317192029,0.2843913899805315
APOA1,P02647,Apolipoprotein A-I OS=Homo sapiens OX=9606 GN=APOA1 PE=1 SV=1,30.60915379269756,30.700596217676484,-0.09144242497892563,0.0978408021612159,-1.6825397984800503,-0.43442990792296116,0.3908884395964697
LTBP1,Q14766,Latent-transforming growth factor beta-binding protein 1 OS=Homo sapiens OX=9606 GN=LTBP1 PE=1 SV=4,30.38698382645517,30.399867302829268,-0.012883476374096148,0.844118992690048,-0.19751004202560846,-0.050996873564927235,0.9510840291011115
Unknown,H0YAC1,Uncharacterized protein (Fragment) OS=Homo sapiens OX=9606 PE=3 SV=1,30.73961398889252,30.715585878777922,0.024028110114596046,0.7007953798635933,0.3861542295590858,0.09970459334332635,0.8884129766198156
GAPDH,P04406,Glyceraldehyde-3-phosphate dehydrogenase OS=Homo sapiens OX=9606 GN=GAPDH PE=1 SV=3,28.740379964799313,28.825615629468544,-0.08523566466923072,0.2876761937134962,-1.0730878770023686,-0.2770700984431498,0.6244650041261103
KRT14,P02533,"Keratin, type I cytoskeletal 14 OS=Homo sapiens OX=9606 GN=KRT14 PE=1 SV=4",30.946506487022827,31.05748627075537,-0.11097978373254236,0.08091693945567416,-1.7763697351470542,-0.45865669339542803,0.35607923909637823
MME,P08473,Neprilysin OS=Homo sapiens OX=9606 GN=MME PE=1 SV=2,28.64761908149361,28.67546659914817,-0.027847517654560505,0.844810986301364,-0.19662164043134706,-0.05076748925963934,0.9510840291011115
IGHG1,P01857,Immunoglobulin heavy constant gamma 1 OS=Homo sapiens OX=9606 GN=IGHG1 PE=1 SV=2,30.369342823901253,30.269472566882243,0.09987025701900976,0.04372392616420568,2.0617330009149626,0.5323371717913261,0.27340757984562025
ACTB,P60709,"Actin, cytoplasmic 1 OS=Homo sapiens OX=9606 GN=ACTB PE=1 SV=1",30.171154149172473,30.245075245132167,-0.07392109595969387,0.3490219477286626,-0.9441255403099902,-0.24377216628997808,0.6729951342267456
DPP4,P27487,Dipeptidyl peptidase 4 OS=Homo sapiens OX=9606 GN=DPP4 PE=1 SV=2,29.053879727606805,29.00342934679664,0.050450380810165285,0.6635158234750831,0.437302735156717,0.11291108070086117,0.8699429685562201
KRT5,P13647,"Keratin, type II cytoskeletal 5 OS=Homo sapiens OX=9606 GN=KRT5 PE=1 SV=3",29.029759202003714,29.03098126698721,-0.0012220649834979724,0.9889207944962368,-0.013946163208858945,-0.0036008838567600852,0.9971547832553546
C1R,P00736,Complement C1r subcomponent OS=Homo sapiens OX=9606 GN=C1R PE=1 SV=2,29.706720219047217,29.7419540171818,-0.03523379813458405,0.5220412861056853,-0.6441130592159207,-0.1663092767611982,0.7935226801205695
F12,P00748,Coagulation factor XII OS=Homo sapiens OX=9606 GN=F12 PE=1 SV=3,30.815451402905378,30.8095323234736,0.005919079431777163,0.901952925809332,0.12373497958192169,0.03194823435093983,0.9732036770540059
IGHA1,P01876,Immunoglobulin heavy constant alpha 1 OS=Homo sapiens OX=9606 GN=IGHA1 PE=1 SV=3,28.98639738183858,28.897663214740643,0.08873416709793602,0.3799614204023376,0.8847186832019697,0.22843338174131889,0.6933316640331316
HPR,P00739,Haptoglobin-related protein OS=Homo sapiens OX=9606 GN=HPR PE=1 SV=2,29.031640263668084,28.857818092038332,0.17382217162975167,0.10072398886762829,1.667912224426298,0.430653084542588,0.39326792712287223
ITIH4,Q14624,Inter-alpha-trypsin inhibitor heavy chain H4 OS=Homo sapiens OX=9606 GN=ITIH4 PE=1 SV=4,30.01208798518228,30.042531110868392,-0.030443125686112182,0.6810851844228478,-0.41306081543682693,-0.10665184394384573,0.8778063906032335
CAVIN2,O95810,Caveolae-associated protein 2 OS=Homo sapiens OX=9606 GN=CAVIN2 PE=1 SV=3,29.600801589784417,29.394208287771253,0.2065933020131645,0.03510280886998429,2.1577276407752977,0.5571228812249431,0.2478709695358555
CAMP,P49913,Cathelicidin antimicrobial peptide OS=Homo sapiens OX=9606 GN=CAMP PE=1 SV=1,29.85469760732112,29.845552472741335,0.009145134579785719,0.9103193054305319,0.11312854850234659,0.029209665622013756,0.9758300657516803
RAP1B,P61224,Ras-related protein Rap-1b OS=Homo sapiens OX=9606 GN=RAP1B PE=1 SV=1,29.597423988104335,29.510650585162804,0.08677340294153169,0.19974478097313858,1.297065290745359,0.33490081800003046,0.52641304567103
GC,P02774,Vitamin D-binding protein OS=Homo sapiens OX=9606 GN=GC PE=1 SV=2,30.26969800612295,30.228258361522695,0.04143964460025629,0.5947592298720505,0.5349067371250302,0.1381123256439594,0.831116257748757
HRNR,Q86YZ3,Hornerin OS=Homo sapiens OX=9606 GN=HRNR PE=1 SV=2,28.51285766539973,28.808696687045064,-0.29583902164533527,0.1364342116788264,-1.5101502075797886,-0.38991910694854637,0.44746572151303493
CP,P00450,Ceruloplasmin OS=Homo sapiens OX=9606 GN=CP PE=1 SV=2,28.125282886643184,27.81427752779964,0.31100535884354485,0.02756564494041099,2.260401264930715,0.5836330969881892,0.2153052789791205
IGHM,P01871,Immunoglobulin heavy constant mu OS=Homo sapiens OX=9606 GN=IGHM PE=1 SV=5,31.242062044232778,31.408084531848584,-0.1660224876158054,0.05080377954540843,-1.9945074776540457,-0.5149796163226854,0.29483549695654826
Unknown,B4E1Z4,Complement C2 OS=Homo sapiens OX=9606 PE=1 SV=1,29.882294712393993,29.979760702579583,-0.0974659901855901,0.08584287985530475,-1.7475023940335612,-0.4512031779699716,0.3692810953433632
APOH,P02749,Beta-2-glycoprotein 1 OS=Homo sapiens OX=9606 GN=APOH PE=1 SV=3,29.28999660702322,29.355754249964676,-0.06575764294145614,0.21368059604602765,-1.2573103577487534,-0.3246361384383341,0.5385968188312058
BASP1,P80723,Brain acid soluble protein 1 OS=Homo sapiens OX=9606 GN=BASP1 PE=1 SV=2,25.80219377206999,25.430055278894237,0.3721384931757541,0.014819067198627993,2.511756759791262,0.6485328066930308,0.1514142041479143
HABP2,Q14520,Hyaluronan-binding protein 2 OS=Homo sapiens OX=9606 GN=HABP2 PE=1 SV=1,30.242368364084218,30.04619665339099,0.19617171069322836,0.03133387047361393,2.2063445546697937,0.5696757144154354,0.23544743237956128
Unknown,A0A8I5KW61,C-X-C motif chemokine OS=Homo sapiens OX=9606 PE=1 SV=1,30.59433788595664,30.628354854655107,-0.0340169686984666,0.6806295674537771,-0.41368630718070115,-0.10681334521766007,0.8778063906032335
TFPI,P10646,Tissue factor pathway inhibitor OS=Homo sapiens OX=9606 GN=TFPI PE=1 SV=1,29.313692925623396,29.449795835236525,-0.136102909613129,0.13820033583453434,-1.5032503163207933,-0.3881375626860976,0.44746572151303493
SAA2-SAA4,A0A096LPE2,SAA2-SAA4 readthrough OS=Homo sapiens OX=9606 GN=SAA2-SAA4 PE=3 SV=1,31.253572385260195,31.18476478792613,0.0688075973340645,0.3380143988781352,0.9660817164014549,0.24944122657988743,0.6588758749440878
SERPINA1,P01009,Alpha-1-antitrypsin OS=Homo sapiens OX=9606 GN=SERPINA1 PE=1 SV=3,27.326833893008207,27.214955845670506,0.11187804733770079,0.5420168299541357,0.613389691719463,0.15837653738431876,0.8077014126444697
CLU,P10909,Clusterin OS=Homo sapiens OX=9606 GN=CLU PE=1 SV=1,28.40911491807383,28.277847793817372,0.13126712425645692,0.14752026416908545,1.4679499633739164,0.37902305074753107,0.4598821542492233
EHD1,A0A024R571,EH domain containing 1 OS=Homo sapiens OX=9606 GN=EHD1 PE=1 SV=1,22.443871760931934,22.488094690933494,-0.044222930001559746,0.85577680601156,-0.18256395010723414,-0.047137809225543975,0.9522657929234307
EHD1,Q9H4M9,EH domain-containing protein 1 OS=Homo sapiens OX=9606 GN=EHD1 PE=1 SV=2,29.661645889685932,29.59723673842273,0.06440915126320235,0.38656479847721703,0.8724420151268156,0.22526355967451975,0.6981833605149736
IGFBP3,P17936,Insulin-like growth factor-binding protein 3 OS=Homo sapiens OX=9606 GN=IGFBP3 PE=1 SV=2,30.267201714502953,29.964759002071954,0.30244271243099874,0.006379660149891976,2.8302848663704014,0.7307764101650298,0.09126538297664698
FYB1,O15117,FYN-binding protein 1 OS=Homo sapiens OX=9606 GN=FYB1 PE=1 SV=2,28.244022768098255,28.148848184341748,0.09517458375650634,0.1709729753980352,1.386262797831283,0.35793151529783057,0.49284237419650556
SERPING1,P05155,Plasma protease C1 inhibitor OS=Homo sapiens OX=9606 GN=SERPING1 PE=1 SV=2,30.290467252029735,30.24475968351397,0.045707568515766184,0.6388731595115684,0.47175284041246784,0.12180605962956888,0.861019410407723
SERPING1,E9PGN7,Serpin family G member 1 OS=Homo sapiens OX=9606 GN=SERPING1 PE=1 SV=1,18.01986600154612,17.773937663854106,0.24592833769201405,0.3219866328348662,0.9989121165260096,0.25791799944200255,0.6530448440456099
CSRP1,P21291,Cysteine and glycine-rich protein 1 OS=Homo sapiens OX=9606 GN=CSRP1 PE=1 SV=3,27.91191922792002,27.930427782610288,-0.018508554690267687,0.833193711516502,-0.2115577461928374,-0.05462397518440232,0.9494175561810791
MARCKS,P29966,Myristoylated alanine-rich C-kinase substrate OS=Homo sapiens OX=9606 GN=MARCKS PE=1 SV=4,30.14961106754694,30.343919768375066,-0.19430870082812746,0.07833926007556628,-1.7920633492494047,-0.4627087671327753,0.3502442685833193
FHL1,Q5JXI8,Four and a half LIM domains 1 (Fragment) OS=Homo sapiens OX=9606 GN=FHL1 PE=1 SV=1,29.52680374091111,29.511278821548952,0.015524919362157164,0.686619477769709,0.40547607118157203,0.10469347139812277,0.8804918129517512
IGHG3,A0A9H3ZR93,Immunoglobulin heavy constant gamma 3 (G3m marker) (Fragment) OS=Homo sapiens OX=9606 GN=IGHG3 PE=1 SV=1,29.899744037128126,29.82485861029601,0.07488542683211818,0.1097103069408325,1.6244135373380755,0.4194217718309497,0.4081279119103774
BIN2,Q9UBW5,Bridging integrator 2 OS=Homo sapiens OX=9606 GN=BIN2 PE=1 SV=3,28.269113984389378,28.244262962143225,0.02485102224615332,0.6329152154945954,0.48016624687467097,0.12397839183710131,0.8574972568435587
EEF1A1,P68104,Elongation factor 1-alpha 1 OS=Homo sapiens OX=9606 GN=EEF1A1 PE=1 SV=1,29.550212320959364,29.600107804813117,-0.049895483853752864,0.48933616935422475,-0.6957946866288455,-0.17965341557954181,0.7733724127346092
PON1,P27169,Serum paraoxonase/arylesterase 1 OS=Homo sapiens OX=9606 GN=PON1 PE=1 SV=3,28.892764255613358,29.01864115849295,-0.1258769028795932,0.05769110555071709,-1.936441002783962,-0.49998691697969844,0.3169032108354907
MAPRE2,Q15555,Microtubule-associated protein RP/EB family member 2 OS=Homo sapiens OX=9606 GN=MAPRE2 PE=1 SV=1,28.642815449899,28.488855071824464,0.15396037807453666,0.10415085996509348,1.650965016273636,0.42627733421325664,0.3978712708019038
C8B,A0A8Q3WL56,Complement component C8 beta chain OS=Homo sapiens OX=9606 GN=C8B PE=1 SV=1,30.191994529330543,30.169482190734115,0.022512338596428094,0.7534576604524106,0.3155752517180106,0.08148117962527125,0.9199985027578149
CLEC3B,P05452,Tetranectin OS=Homo sapiens OX=9606 GN=CLEC3B PE=1 SV=3,30.5814317123673,30.42144266801142,0.15998904435588202,0.0548507513776806,1.9596279129406289,0.5059737514388168,0.3056680199278122
APOA5,Q6Q788,Apolipoprotein A-V OS=Homo sapiens OX=9606 GN=APOA5 PE=1 SV=1,30.205935678501667,29.927018294563595,0.2789173839380723,0.3573886499821468,0.9277372572966134,0.23954072981106192,0.6745499045279145
C4BPA,P04003,C4b-binding protein alpha chain OS=Homo sapiens OX=9606 GN=C4BPA PE=1 SV=2,28.20502543354595,28.282027442947392,-0.07700200940144342,0.24813907311064246,-1.166618076815168,-0.3012194921926447,0.5875980969349066
ITIH2,P19823,Inter-alpha-trypsin inhibitor heavy chain H2 OS=Homo sapiens OX=9606 GN=ITIH2 PE=1 SV=2,28.45924969846361,28.451320981344043,0.00792871711956522,0.8570951866330563,0.18087636802334986,0.04670207740512785,0.9522657929234307
HP,P00738,Haptoglobin OS=Homo sapiens OX=9606 GN=HP PE=1 SV=1,28.466984543717455,28.331646055833577,0.13533848788387814,0.015355331741521186,2.497787038579362,0.6449258401860408,0.15384304065561794
PRG4,Q92954,Proteoglycan 4 OS=Homo sapiens OX=9606 GN=PRG4 PE=1 SV=3,29.82685473930117,29.776448168407157,0.05040657089401179,0.5491355776726623,0.6025820896511414,0.15558602652944897,0.8116406635162995
DSP,P15924,Desmoplakin OS=Homo sapiens OX=9606 GN=DSP PE=1 SV=3,28.360303412910337,28.45705209292852,-0.09674868001818382,0.22369752665280854,-1.2299069042268413,-0.31756059716373847,0.5533387576986397
IGKC,P01834,Immunoglobulin kappa constant OS=Homo sapiens OX=9606 GN=IGKC PE=1 SV=2,29.658551088519086,29.66493253730292,-0.006381448783834287,0.9509121195184093,-0.061828324373580365,-0.015964004708185788,0.9882496048121961
PDIA5,Q14554,Protein disulfide-isomerase A5 OS=Homo sapiens OX=9606 GN=PDIA5 PE=1 SV=1,29.031693954700525,29.20638812183333,-0.17469416713280594,0.015463882834266295,-2.495013017206644,-0.6442095909474701,0.1539622834686638
APOA2,V9GYM3,Apolipoprotein A-II OS=Homo sapiens OX=9606 GN=APOA2 PE=1 SV=1,30.483844150738395,30.387737490805446,0.09610665993294987,0.25435078512435133,1.1512561718567649,0.29725306538798363,0.5963829549906398
F11,P03951,Coagulation factor XI OS=Homo sapiens OX=9606 GN=F11 PE=1 SV=1,29.528065017040525,29.627109559866188,-0.09904454282566277,0.21146571639500578,-1.2634972618999074,-0.32623359022113413,0.535893318694269
WAS,P42768,Actin nucleation-promoting factor WAS OS=Homo sapiens OX=9606 GN=WAS PE=1 SV=4,27.88565314046267,27.84132721183729,0.04432592862537987,0.8328820894116569,0.21195903898017068,0.054727588536555315,0.9494175561810791
YARS1,P54577,"Tyrosine--tRNA ligase, cytoplasmic OS=Homo sapiens OX=9606 GN=YARS1 PE=1 SV=4",28.598125399975068,28.762805401007405,-0.1646800010323375,0.06161086919958761,-1.905991398810705,-0.49212486304056263,0.32379050306990553
IQGAP2,Q13576,Ras GTPase-activating-like protein IQGAP2 OS=Homo sapiens OX=9606 GN=IQGAP2 PE=1 SV=4,30.976020156459143,30.872610681784604,0.10340947467453887,0.10363600366654427,1.6534818547880672,0.42692717912335565,0.39781241889350605
RHOA,P61586,Transforming protein RhoA OS=Homo sapiens OX=9606 GN=RHOA PE=1 SV=1,28.044936913324893,28.11842710228075,-0.07349018895585857,0.5181436143757625,-0.650179219167074,-0.16787555252561465,0.7904166755911323
ILK,A0A0A0MTH3,Integrin-linked protein kinase OS=Homo sapiens OX=9606 GN=ILK PE=1 SV=1,30.123884684479677,30.200427196429683,-0.07654251195000583,0.07131523916717909,-1.8371329092896675,-0.47434567749656426,0.34346083659108756
C1QB,A0A8Q3SI33,Complement C1q B chain OS=Homo sapiens OX=9606 GN=C1QB PE=1 SV=1,13.084378019300646,13.742315593554897,-0.6579375742542517,0.5675464386646523,-0.5749535283255933,-0.14845236266988115,0.8196749562944615
RAB8A,P61006,Ras-related protein Rab-8A OS=Homo sapiens OX=9606 GN=RAB8A PE=1 SV=1,28.79679602887354,28.780070751152653,0.016725277720887277,0.8316899195256039,0.2134945821002159,0.05512406406530988,0.9494175561810791
APOL1,O14791,Apolipoprotein L1 OS=Homo sapiens OX=9606 GN=APOL1 PE=1 SV=5,28.974099318385807,29.11905714467018,-0.14495782628437226,0.11233452127281127,-1.6122583387184124,-0.4162833130426965,0.41423354719349154
ANTXR2,P58335,Anthrax toxin receptor 2 OS=Homo sapiens OX=9606 GN=ANTXR2 PE=1 SV=5,30.09287773962145,30.133497608251798,-0.04061986863034761,0.41212883871935335,-0.8261069135293292,-0.21329988788572685,0.7198697807893968
ANTXR2,J3KPY9,Anthrax toxin receptor OS=Homo sapiens OX=9606 GN=ANTXR2 PE=1 SV=1,21.513211094310588,21.2429822697161,0.2702288245944864,0.21149793883248674,1.2634069102541572,0.3262102615265146,0.535893318694269
GGT1,P19440,Glutathione hydrolase 1 proenzyme OS=Homo sapiens OX=9606 GN=GGT1 PE=1 SV=2,29.692428957161887,29.75530711302704,-0.06287815586515322,0.25005532203262376,-1.1618499966550209,-0.2999883791890693,0.5883871905435297
CFL1,P23528,Cofilin-1 OS=Homo sapiens OX=9606 GN=CFL1 PE=1 SV=3,29.670691347179517,29.749207970684317,-0.07851662350480026,0.4133424575885516,-0.823951684373884,-0.21274341011064016,0.7205881215116513
HBB,P68871,Hemoglobin subunit beta OS=Homo sapiens OX=9606 GN=HBB PE=1 SV=2,25.61611795557153,25.81661381986438,-0.2004958642928507,0.23491070994490626,-1.2002786841911688,-0.3099106236453432,0.5675213262314822
APOC1,P02654,Apolipoprotein C-I OS=Homo sapiens OX=9606 GN=APOC1 PE=1 SV=1,29.91788331651704,29.88656373103493,0.031319585482112444,0.4401328773050509,0.7773134829901441,0.20070147829355406,0.7380333405757328
ZYX,Q15942,Zyxin OS=Homo sapiens OX=9606 GN=ZYX PE=1 SV=1,29.887687342626393,29.727270780828075,0.16041656179831776,0.03812274191088018,2.1219705132976303,0.5478904306096617,0.2573285078984412
LIMS1,P48059,LIM and senescent cell antigen-like-containing domain protein 1 OS=Homo sapiens OX=9606 GN=LIMS1 PE=1 SV=4,29.731452532651435,29.80248917905027,-0.07103664639883434,0.30420536526741654,-1.036642222942488,-0.2676598710287795,0.6376304564092033
APOD,C9JF17,Apolipoprotein D (Fragment) OS=Homo sapiens OX=9606 GN=APOD PE=1 SV=1,28.902524944854555,29.084492751104612,-0.18196780625005715,0.13925065508822546,-1.4991799320893704,-0.3870865939966998,0.4481339263748346
SELL,P14151,L-selectin OS=Homo sapiens OX=9606 GN=SELL PE=1 SV=2,29.087438019809518,28.999045729314314,0.0883922904952037,0.12333784185678809,1.5636595708140495,0.4037351651267101,0.4274563382122904
SKAP2,O75563,Src kinase-associated phosphoprotein 2 OS=Homo sapiens OX=9606 GN=SKAP2 PE=1 SV=1,28.561684467727936,28.66349632939963,-0.10181186167169543,0.19314747766086815,-1.3166127338189733,-0.33994794609903345,0.5223835855921273
EHD3,Q9NZN3,EH domain-containing protein 3 OS=Homo sapiens OX=9606 GN=EHD3 PE=1 SV=2,30.269056080157146,30.236641074524314,0.032415005632831395,0.5174404207287875,0.6512762089096328,0.16815879405920733,0.7904166755911323
F2,P00734,Prothrombin OS=Homo sapiens OX=9606 GN=F2 PE=1 SV=2,29.386539920723973,29.58023931244349,-0.193699391719516,0.24075809526336042,-1.1852349945205898,-0.3060263596746989,0.5793468969101709
ITIH1,P19827,Inter-alpha-trypsin inhibitor heavy chain H1 OS=Homo sapiens OX=9606 GN=ITIH1 PE=1 SV=3,28.384390948070607,28.322848573903837,0.061542374166769775,0.5162666857211488,0.653109013855927,0.16863202226146365,0.7904166755911323
IGLC6,P0CF74,Immunoglobulin lambda constant 6 OS=Homo sapiens OX=9606 GN=IGLC6 PE=1 SV=1,25.891064102808894,25.75816454776209,0.13289955504680506,0.09393366270512814,1.7029371007142078,0.43969646871365786,0.3864293260404908
RAC1,P63000,Ras-related C3 botulinum toxin substrate 1 OS=Homo sapiens OX=9606 GN=RAC1 PE=1 SV=1,28.84555800824255,28.936364667674923,-0.0908066594323742,0.3218344539853809,-0.9992289938508052,-0.2579998168154508,0.6530448440456099
PIP4K2A,P48426,Phosphatidylinositol 5-phosphate 4-kinase type-2 alpha OS=Homo sapiens OX=9606 GN=PIP4K2A PE=1 SV=2,28.83152881789658,28.92228038147242,-0.09075156357583936,0.1815273767103532,-1.3523041428133757,-0.3491634282749,0.507321247543145
LTF,P02788,Lactotransferrin OS=Homo sapiens OX=9606 GN=LTF PE=1 SV=6,28.836824992572367,28.82483691511085,0.011988077461516866,0.8864686212019863,0.14340345743275013,0.03702661349504037,0.9653853377443401
RALB,P11234,Ras-related protein Ral-B OS=Homo sapiens OX=9606 GN=RALB PE=1 SV=1,27.86836760288328,27.731637892799196,0.13672971008408297,0.0989090664180977,1.6770794067342116,0.4330200408366011,0.3908884395964697
C1S,P09871,Complement C1s subcomponent OS=Homo sapiens OX=9606 GN=C1S PE=1 SV=1,29.670170314389736,29.776236111608103,-0.10606579721836695,0.0879521212026421,-1.7355605315303542,-0.44811980233013027,0.3726269390314066
TUBA1B,P68363,Tubulin alpha-1B chain OS=Homo sapiens OX=9606 GN=TUBA1B PE=1 SV=1,25.854039515064734,25.888588624222013,-0.034549109157278934,0.7824490881872265,-0.27741341237114087,-0.07162783507519994,0.9337692871803496
AHSG,P02765,Alpha-2-HS-glycoprotein OS=Homo sapiens OX=9606 GN=AHSG PE=1 SV=2,28.42502445064632,28.40984677702341,0.015177673622908117,0.8245074516148954,0.22275674526051506,0.05751554430995619,0.9473180056524989
EPHX1,P07099,Epoxide hydrolase 1 OS=Homo sapiens OX=9606 GN=EPHX1 PE=1 SV=1,22.922535061142423,22.672645492557315,0.24988956858510747,0.1889772163471292,1.329229883627312,0.34320568017132014,0.5177928564550094
SERPINA5,P05154,Plasma serine protease inhibitor OS=Homo sapiens OX=9606 GN=SERPINA5 PE=1 SV=3,27.615812818692074,27.462588820883905,0.1532239978081691,0.020949673599022348,2.373577434804234,0.612855058395368,0.178464331782046
SYNCRIP,O60506,Heterogeneous nuclear ribonucleoprotein Q OS=Homo sapiens OX=9606 GN=SYNCRIP PE=1 SV=2,26.93952464960196,26.75758219024002,0.18194245936194164,0.05978313699488246,1.9199779878049437,0.49573618479022497,0.32000958942842017
CFHR1,Q03591,Complement factor H-related protein 1 OS=Homo sapiens OX=9606 GN=CFHR1 PE=1 SV=2,28.87222384826899,28.78234508719801,0.08987876107098103,0.16929063839154246,1.3918231849734752,0.359367201084509,0.49117305837342895
RAN,P62826,GTP-binding nuclear protein Ran OS=Homo sapiens OX=9606 GN=RAN PE=1 SV=3,27.025036239279256,26.604384046318607,0.4206521929606488,9.562035750657805e-05,4.1920248604979635,1.0823761647730723,0.0033849606557328628
TTR,P02766,Transthyretin OS=Homo sapiens OX=9606 GN=TTR PE=1 SV=1,26.033376591273893,26.038360966966877,-0.0049843756929845995,0.9621973946577427,-0.04760146824696186,-0.012290646251700298,0.9896403987364834
WIPF1,O43516,WAS/WASL-interacting protein family member 1 OS=Homo sapiens OX=9606 GN=WIPF1 PE=1 SV=3,28.77037289153755,28.898657223015455,-0.12828433147790363,0.05817032590617821,-1.9326254459252983,-0.49900174443502415,0.31843755728021267
C1QC,P02747,Complement C1q subcomponent subunit C OS=Homo sapiens OX=9606 GN=C1QC PE=1 SV=3,29.358672892041007,29.256782019841573,0.1018908721994336,0.14463736324107315,1.4786770695544407,0.3817927776535423,0.456252118105009
APOC4,P55056,Apolipoprotein C-IV OS=Homo sapiens OX=9606 GN=APOC4 PE=1 SV=1,28.567610272847155,28.321839117257152,0.24577115559000262,0.019136830882111787,2.410171849464358,0.6223036956315592,0.1704010194986716
SERPINF1,P36955,Pigment epithelium-derived factor OS=Homo sapiens OX=9606 GN=SERPINF1 PE=1 SV=4,29.323919619485196,29.315902228010863,0.008017391474332669,0.8893519669373265,0.13973692838521104,0.03607991976574005,0.9663967826269858
S100A8,P05109,Protein S100-A8 OS=Homo sapiens OX=9606 GN=S100A8 PE=1 SV=1,29.507939487317103,29.688044367293138,-0.1801048799760352,0.012648191971858567,-2.573435490696698,-0.6644581865338282,0.13808617836442594
DSG1,Q02413,Desmoglein-1 OS=Homo sapiens OX=9606 GN=DSG1 PE=1 SV=2,30.31257860858384,30.07478244526708,0.23779616331676223,0.017151027552556156,2.45401388213898,0.6336236597924053,0.1641426071363322
ENO1,P06733,Alpha-enolase OS=Homo sapiens OX=9606 GN=ENO1 PE=1 SV=2,30.367146978078168,30.17498866157007,0.1921583165080989,0.00802005526980742,2.746028218450223,0.7090214372182224,0.1034515172862183
ARHGAP18,Q8N392,Rho GTPase-activating protein 18 OS=Homo sapiens OX=9606 GN=ARHGAP18 PE=1 SV=3,28.168459222501692,28.11416564084749,0.05429358165420339,0.3785901029557308,0.8872849763703818,0.22909599578816867,0.692415653281836
KRT6B,P04259,"Keratin, type II cytoskeletal 6B OS=Homo sapiens OX=9606 GN=KRT6B PE=1 SV=5",24.19679700745319,24.463464206215697,-0.26666719876250866,0.10861339353663685,-1.6295643080450959,-0.4207516951088446,0.4075492502043444
RSU1,Q15404,Ras suppressor protein 1 OS=Homo sapiens OX=9606 GN=RSU1 PE=1 SV=3,28.32976401957857,28.19085364901913,0.1389103705594401,0.03680077429721001,2.1373067931989094,0.5518502410530237,0.25268807523903253
APOC4-APOC2,K7ER74,Apolipoprotein C-II OS=Homo sapiens OX=9606 GN=APOC4-APOC2 PE=1 SV=1,27.84560167141233,27.800612903530983,0.04498876788134609,0.4358641530150791,0.784629116024665,0.202590366620865,0.7339657460391342
PYM1,Q9BRP8,Partner of Y14 and mago OS=Homo sapiens OX=9606 GN=PYM1 PE=1 SV=1,25.01207851735128,25.154219884258133,-0.14214136690685208,0.27482043180442056,-1.1024483486899472,-0.28465093963533555,0.6153106219985425
PPIB,P23284,Peptidyl-prolyl cis-trans isomerase B OS=Homo sapiens OX=9606 GN=PPIB PE=1 SV=2,28.86499040445118,28.947693922221383,-0.08270351777020224,0.3261420549398515,-0.9902978454680327,-0.2556938042188518,0.6551630435298657
ADAM10,O14672,Disintegrin and metalloproteinase domain-containing protein 10 OS=Homo sapiens OX=9606 GN=ADAM10 PE=1 SV=1,28.384126678807245,28.471631581861892,-0.08750490305464709,0.48088394057458983,-0.7094560262913763,-0.18318075831286615,0.7698976053621323
PLG,P00747,Plasminogen OS=Homo sapiens OX=9606 GN=PLG PE=1 SV=2,30.83223447518988,30.81796593202622,0.01426854316365933,0.783283177088768,0.2763218072905463,0.07134598385534807,0.9337692871803496
ARF3,P61204,ADP-ribosylation factor 3 OS=Homo sapiens OX=9606 GN=ARF3 PE=1 SV=2,27.111257952801157,27.288238033386907,-0.17698008058575,0.05015572446298496,-2.000312870549343,-0.5164785623227972,0.29374290099093764
SELENOP,P49908,Selenoprotein P OS=Homo sapiens OX=9606 GN=SELENOP PE=1 SV=3,29.304880677422382,29.59448085049104,-0.2896001730686564,0.00024138330606499392,-3.9137034867048124,-1.010513895066776,0.007394684741567987
ICAM1,P05362,Intercellular adhesion molecule 1 OS=Homo sapiens OX=9606 GN=ICAM1 PE=1 SV=2,24.567580774177472,24.373761933988725,0.1938188401887473,0.09806241161335758,1.6814030481941624,0.43413640026122524,0.3908884395964697
DIAPH1,O60610,Protein diaphanous homolog 1 OS=Homo sapiens OX=9606 GN=DIAPH1 PE=1 SV=2,29.574503902965773,28.7683615207916,0.8061423821741727,0.15811049233304403,1.4299005534316138,0.3691987353448939,0.47574179376189607
ORM2,P19652,Alpha-1-acid glycoprotein 2 OS=Homo sapiens OX=9606 GN=ORM2 PE=1 SV=2,27.927291201269668,28.095382758475672,-0.16809155720600444,0.013695708052740025,-2.5425674819487103,-0.656488100946392,0.14487806779391668
C9,P02748,Complement component C9 OS=Homo sapiens OX=9606 GN=C9 PE=1 SV=2,29.44779768485484,29.40753452959905,0.04026315525578994,0.5798448358515994,0.5567432844618591,0.14375049792223993,0.8229179760959484
H1-3,P16402,Histone H1.3 OS=Homo sapiens OX=9606 GN=H1-3 PE=1 SV=2,28.35254014518869,28.300350095531044,0.0521900496576464,0.4842743059347546,0.703960271069646,0.1817617604162932,0.7701869151850839
KRAS,P01116,GTPase KRas OS=Homo sapiens OX=9606 GN=KRAS PE=1 SV=1,28.32115475264303,28.205716348324515,0.11543840431851393,0.05922021594128234,1.9243589645919115,0.4968673481326281,0.31870879727859047
EIF2S3,P41091,Eukaryotic translation initiation factor 2 subunit 3 OS=Homo sapiens OX=9606 GN=EIF2S3 PE=1 SV=3,28.58222962617074,28.59612093927442,-0.013891313103680858,0.9009559264089835,-0.1249998407355376,-0.03227482009648777,0.9730324005217021
HMGB1,P09429,High mobility group protein B1 OS=Homo sapiens OX=9606 GN=HMGB1 PE=1 SV=3,27.52171806259575,27.285234696548496,0.23648336604725273,0.019535257233785238,2.4018707165226445,0.6201603523223651,0.17098716908472464
LBP,P18428,Lipopolysaccharide-binding protein OS=Homo sapiens OX=9606 GN=LBP PE=1 SV=3,29.64606690436189,29.550127671079355,0.09593923328253595,0.018239659763343723,2.4294470282692866,0.6272805253986699,0.1669872299023365
KRT16,P08779,"Keratin, type I cytoskeletal 16 OS=Homo sapiens OX=9606 GN=KRT16 PE=1 SV=4",29.876859900846664,29.81066634966634,0.06619355118032288,0.5103519671191308,0.6623789259440369,0.1710255032706674,0.7853308201002052
CPB2,Q96IY4,Carboxypeptidase B2 OS=Homo sapiens OX=9606 GN=CPB2 PE=1 SV=2,27.44769614204575,27.14689062047649,0.3008055215692593,0.006878067522426116,2.802754976944805,0.7236682232804788,0.09527618750630262
CSTA,P01040,Cystatin-A OS=Homo sapiens OX=9606 GN=CSTA PE=1 SV=1,25.518175464398738,25.505232883875003,0.012942580523734648,0.8846140175723303,0.14576284752215626,0.03763580539660548,0.9653853377443401
PKM,P14618,Pyruvate kinase PKM OS=Homo sapiens OX=9606 GN=PKM PE=1 SV=4,30.192014310789634,30.093862108084984,0.0981522027046502,0.0849679846463725,1.7525272329435944,0.45250058579770047,0.3688119878519656
NACA,E9PAV3,"Nascent polypeptide-associated complex subunit alpha, muscle-specific form OS=Homo sapiens OX=9606 GN=NACA PE=1 SV=1",27.062339813285345,26.624201670885764,0.4381381423995805,0.0071420025446082515,2.7889130583281094,0.7200942552616774,0.09657802986115226
TUBB1,Q9H4B7,Tubulin beta-1 chain OS=Homo sapiens OX=9606 GN=TUBB1 PE=1 SV=1,30.466025320473964,30.40909785482705,0.056927465646914754,0.43578887815823253,0.7847584990574498,0.2026237731762821,0.7339657460391342
HPX,P02790,Hemopexin OS=Homo sapiens OX=9606 GN=HPX PE=1 SV=2,28.817249186909194,28.912339177001012,-0.09508999009181807,0.1910996001936132,-1.3227826166684922,-0.3415410030006493,0.5194908926764945
SERPINC1,P01008,Antithrombin-III OS=Homo sapiens OX=9606 GN=SERPINC1 PE=1 SV=1,28.502738078146287,28.592540014615963,-0.08980193646967649,0.4298471185430919,-0.795013363397481,-0.20527156776338593,0.7315667305973775
KRT78,Q8N1N4,"Keratin, type II cytoskeletal 78 OS=Homo sapiens OX=9606 GN=KRT78 PE=1 SV=2",28.408840601035298,28.262366585352147,0.14647401568315033,0.09225090165374077,1.7119375257729417,0.4420203684710755,0.3826970998291902
GSN,P06396,Gelsolin OS=Homo sapiens OX=9606 GN=GSN PE=1 SV=1,28.12402975806671,28.148984540526865,-0.024954782460156366,0.6849875217766928,-0.407710186870823,-0.10527031758865409,0.8804918129517512
IGKV2-28,A0A075B6P5,Immunoglobulin kappa variable 2-28 OS=Homo sapiens OX=9606 GN=IGKV2-28 PE=3 SV=1,26.914484728073045,27.009047249612514,-0.0945625215394692,0.44654070451075867,-0.7664098171150281,-0.19788616387042504,0.743937247887119
PRXL2A,Q9BRX8,Peroxiredoxin-like 2A OS=Homo sapiens OX=9606 GN=PRXL2A PE=1 SV=3,17.006507256848092,17.227637388946203,-0.22113013209811072,0.8425960978472967,-0.19946573817454982,-0.051501832139266686,0.9510506039034264
LRRC59,Q96AG4,Leucine-rich repeat-containing protein 59 OS=Homo sapiens OX=9606 GN=LRRC59 PE=1 SV=1,25.149766597177216,25.123501725423175,0.026264871754040797,0.8059165349749877,0.24682329227252794,0.06372950002850576,0.9397948238187223
PRDX1,Q06830,Peroxiredoxin-1 OS=Homo sapiens OX=9606 GN=PRDX1 PE=1 SV=1,24.529467666486532,24.45219821938484,0.07726944710169192,0.4636284338571355,0.7377705580183066,0.1904915389684703,0.7512137164353071
APOC3,B0YIW2,Apolipoprotein C-III OS=Homo sapiens OX=9606 GN=APOC3 PE=1 SV=1,27.89430590684587,27.77222384079086,0.12208206605500749,0.08048666111837424,1.7789601253372629,0.45932552926655185,0.3551669007245711
RAB10,P61026,Ras-related protein Rab-10 OS=Homo sapiens OX=9606 GN=RAB10 PE=1 SV=1,29.76324526704094,29.665214138199453,0.09803112884148746,0.1598234147605016,1.4239341928887947,0.3676582276769067,0.4776711064042759
SERPINA3,P01011,Alpha-1-antichymotrypsin OS=Homo sapiens OX=9606 GN=SERPINA3 PE=1 SV=2,27.93269321596333,27.937820496975352,-0.005127281012022422,0.9618873639435273,-0.04799216621467602,-0.012391524033190568,0.9896403987364834
RPS27A,P62979,Ubiquitin-ribosomal protein eS31 fusion protein OS=Homo sapiens OX=9606 GN=RPS27A PE=1 SV=2,27.561036189196503,27.49524670361195,0.06578948558455266,0.4925985585226714,0.6905566666910745,0.17830096464713582,0.7754046479512012
ORM1,P02763,Alpha-1-acid glycoprotein 1 OS=Homo sapiens OX=9606 GN=ORM1 PE=1 SV=2,28.27632776521008,28.363832661126875,-0.08750489591679411,0.3819305177672494,-0.8810438941255447,-0.22748455528173103,0.6953317883465466
SERPINA4,P29622,Kallistatin OS=Homo sapiens OX=9606 GN=SERPINA4 PE=1 SV=3,27.59826287560232,27.830720455799444,-0.23245758019712426,0.10115978043163555,-1.6657311740278709,-0.43008993975123144,0.3940037413877639
IGHA2,A0A0G2JMB2,Immunoglobulin heavy constant alpha 2 (A2m marker) (Fragment) OS=Homo sapiens OX=9606 GN=IGHA2 PE=1 SV=1,25.788506711703995,25.84084746037762,-0.05234074867362537,0.7881795887899716,-0.2699203737055301,-0.0696931408109067,0.9340055249197784
EIF5,P55010,Eukaryotic translation initiation factor 5 OS=Homo sapiens OX=9606 GN=EIF5 PE=1 SV=2,25.652131901965756,25.72443123863151,-0.07229933666575405,0.44329112448186336,-0.7719278084754296,-0.19931090311331515,0.7409892563479625
DSC1,Q08554,Desmocollin-1 OS=Homo sapiens OX=9606 GN=DSC1 PE=1 SV=2,26.96067133646502,27.225901903331113,-0.26523056686609436,0.06996354023519581,-1.8462307156780984,-0.47669472100519167,0.34346083659108756
C5,P01031,Complement C5 OS=Homo sapiens OX=9606 GN=C5 PE=1 SV=4,28.174651985055238,28.121964693034045,0.0526872920211936,0.36689090458741436,0.909422465623255,0.23481187093505027,0.6827771156632607
AGT,A0A7P0T8D1,Angiotensinogen OS=Homo sapiens OX=9606 GN=AGT PE=1 SV=1,26.99587207782897,27.056276765841528,-0.06040468801255727,0.32856182632607,-0.9853153106879499,-0.2544073192705078,0.6574351167167192
CAP1,Q01518,Adenylyl cyclase-associated protein 1 OS=Homo sapiens OX=9606 GN=CAP1 PE=1 SV=5,31.089267924332926,31.069989031801736,0.019278892531190195,0.7796738712509295,0.2810478751696669,0.07256624933460672,0.9337692871803496
MYH9,P35579,Myosin-9 OS=Homo sapiens OX=9606 GN=MYH9 PE=1 SV=4,30.38317096181293,30.41243052472533,-0.02925956291240084,0.6581395759538358,-0.4447724917354169,-0.11483976355616304,0.8667840475262697
BTF3L4,Q96K17,Transcription factor BTF3 homolog 4 OS=Homo sapiens OX=9606 GN=BTF3L4 PE=1 SV=1,24.65869517571729,24.528730950278607,0.1299642254386839,0.01811932829069337,2.432096715112478,0.6279646715997594,0.1669872299023365
A1BG,P04217,Alpha-1B-glycoprotein OS=Homo sapiens OX=9606 GN=A1BG PE=1 SV=4,28.714718162426045,28.93220359119609,-0.2174854287700434,0.07182666747728161,-1.8337284619740915,-0.47346665297947976,0.34346083659108756
QSOX1,O00391,Sulfhydryl oxidase 1 OS=Homo sapiens OX=9606 GN=QSOX1 PE=1 SV=3,28.216641778593637,28.268577635160415,-0.05193585656677868,0.40660647208752,-0.8359630820449074,-0.2158447396536101,0.7148002447846865
NCL,H7BY16,Nucleolin OS=Homo sapiens OX=9606 GN=NCL PE=1 SV=9,27.79707519784417,27.835363018723285,-0.0382878208791162,0.4986881994112493,-0.6808300175664179,-0.17578955464218932,0.7803637540885267
ADD1,P35611,Alpha-adducin OS=Homo sapiens OX=9606 GN=ADD1 PE=1 SV=2,26.12800578692795,26.11730538785717,0.010700399070781685,0.9357454333610966,0.0809689096353019,0.020906082571873166,0.9802377340277638
CLIC1,O00299,Chloride intracellular channel protein 1 OS=Homo sapiens OX=9606 GN=CLIC1 PE=1 SV=4,29.58696749834696,29.47303068525237,0.11393681309459325,0.13092140026163168,1.532153203679621,0.39560025611263416,0.44041716746375115
APCS,P02743,Serum amyloid P-component OS=Homo sapiens OX=9606 GN=APCS PE=1 SV=2,25.402570507818393,25.369856596901744,0.0327139109166481,0.7411308127659769,0.33194043746653046,0.08570665241604514,0.9133102356459292
PROS1,P07225,Vitamin K-dependent protein S OS=Homo sapiens OX=9606 GN=PROS1 PE=1 SV=1,28.514065686699464,28.582850619489186,-0.06878493278972186,0.39120094584553367,-0.86390104307141,-0.2230582901724525,0.7009933709020642
TTN,Q8WZ42,Titin OS=Homo sapiens OX=9606 GN=TTN PE=1 SV=4,30.471609162383437,30.438477083773936,0.03313207860950129,0.7047407448127804,0.3808029005951013,0.09832288614615371,0.8884129766198156
EIF2S2,P20042,Eukaryotic translation initiation factor 2 subunit 2 OS=Homo sapiens OX=9606 GN=EIF2S2 PE=1 SV=2,28.126090353193856,28.257187135268406,-0.13109678207455033,0.054545461128862834,-1.9621808162248493,-0.5066329082324345,0.3056680199278122
CETP,P11597,Cholesteryl ester transfer protein OS=Homo sapiens OX=9606 GN=CETP PE=1 SV=2,28.772952037833445,28.875852246147517,-0.10290020831407176,0.3373154426434949,-0.9674916467006363,-0.249805269017757,0.6588758749440878
ENPEP,Q07075,Glutamyl aminopeptidase OS=Homo sapiens OX=9606 GN=ENPEP PE=1 SV=3,27.433420036893576,27.532916849721953,-0.0994968128283773,0.3335162331591367,-0.9751893189185701,-0.25179279943806504,0.6575388111664663
CALD1,Q05682,Caldesmon OS=Homo sapiens OX=9606 GN=CALD1 PE=1 SV=3,28.740012683839844,28.58932589860809,0.15068678523175194,0.5541498088137514,0.5950121000623326,0.15363146362222102,0.8136859209496164
PLEK,P08567,Pleckstrin OS=Homo sapiens OX=9606 GN=PLEK PE=1 SV=3,27.68349116812722,27.698977707887433,-0.015486539760214413,0.8971159310645501,-0.12987343896631096,-0.03353317774874719,0.971784089085593
S100A9,P06702,Protein S100-A9 OS=Homo sapiens OX=9606 GN=S100A9 PE=1 SV=1,29.74738730873195,29.739344110322428,0.008043198409520613,0.8623619833199511,0.1741398207361606,0.04496270837484633,0.9544860342658661
CCN2,P29279,CCN family member 2 OS=Homo sapiens OX=9606 GN=CCN2 PE=1 SV=2,27.908505525549902,27.915923296685772,-0.007417771135870055,0.9002287164206129,-0.12592255688953177,-0.03251306438300084,0.972906611436931
IGKV3-20,P01619,Immunoglobulin kappa variable 3-20 OS=Homo sapiens OX=9606 GN=IGKV3-20 PE=1 SV=2,26.45176545140672,26.468226456588923,-0.01646100518220095,0.8979699806239755,-0.12878923966423989,-0.03325323869268779,0.971784089085593
RAC2,P15153,Ras-related C3 botulinum toxin substrate 2 OS=Homo sapiens OX=9606 GN=RAC2 PE=1 SV=1,28.949462796724227,28.964402573364488,-0.01493977664026147,0.8474235343971293,-0.1932689903771943,-0.04990183873794633,0.9511354679205313
JUP,P14923,Junction plakoglobin OS=Homo sapiens OX=9606 GN=JUP PE=1 SV=3,26.269104756154963,26.79924606113724,-0.5301413049822763,0.00430734602460808,-2.9715445286461497,-0.767249498130687,0.06793665561584825
PARVB,Q9HBI1,Beta-parvin OS=Homo sapiens OX=9606 GN=PARVB PE=1 SV=1,28.157693212318748,28.236161952378108,-0.07846874005936044,0.3769384731117066,-0.8903836553462503,-0.2298960712594208,0.691900361091407
CDHR2,Q9BYE9,Cadherin-related family member 2 OS=Homo sapiens OX=9606 GN=CDHR2 PE=1 SV=2,21.816974128959977,21.711646089348594,0.1053280396113827,0.6699256722254937,0.42842906971106054,0.11061991013480492,0.8745629642681785
AMBP,P02760,Protein AMBP OS=Homo sapiens OX=9606 GN=AMBP PE=1 SV=1,27.894823320196867,27.944182830828506,-0.049359510631639125,0.5821738378129534,-0.5533158514118808,-0.1428655385140528,0.823626042305537
HBA1; HBA2,P69905,Hemoglobin subunit alpha OS=Homo sapiens OX=9606 GN=HBA1 PE=1 SV=2,28.67232264653223,28.873893813431618,-0.20157116689938803,0.19828841556064708,-1.3013382363034824,-0.336004087799088,0.52641304567103
HPSE,Q9Y251,Heparanase OS=Homo sapiens OX=9606 GN=HPSE PE=1 SV=2,27.183716961981876,27.08111462584241,0.10260233613946568,0.03466522889504988,2.163130230737908,0.5585178239550483,0.24670116618596774
SEC22B,O75396,Vesicle-trafficking protein SEC22b OS=Homo sapiens OX=9606 GN=SEC22B PE=1 SV=5,21.460031767967955,21.39269033260758,0.06734143536037607,0.7601637086931364,0.3067084650825816,0.0791917851603785,0.9222702116893878
IGKV4-1,P06312,Immunoglobulin kappa variable 4-1 OS=Homo sapiens OX=9606 GN=IGKV4-1 PE=1 SV=1,23.949699600242372,23.79977790064573,0.1499216995966428,0.13664145517445328,1.509336901084809,0.3897091121145184,0.44746572151303493
RASGRP2,Q7LDG7,RAS guanyl-releasing protein 2 OS=Homo sapiens OX=9606 GN=RASGRP2 PE=1 SV=1,27.4441784714484,28.04013035829543,-0.595951886847029,9.155096923089503e-06,-4.8645176842529025,-1.256013065229531,0.00042894321760239936
BANF1,O75531,Barrier-to-autointegration factor OS=Homo sapiens OX=9606 GN=BANF1 PE=1 SV=1,25.208551194927352,25.247921522684642,-0.03937032775728966,0.6403213688436717,-0.46971290184742015,-0.12127934975692117,0.8615134633175415
SYTL4,Q96C24,Synaptotagmin-like protein 4 OS=Homo sapiens OX=9606 GN=SYTL4 PE=1 SV=2,28.08686805783855,28.013118451653764,0.0737496061847871,0.3380951138618211,0.9659190224385479,0.2493992191792963,0.6588758749440878
FLG2,Q5D862,Filaggrin-2 OS=Homo sapiens OX=9606 GN=FLG2 PE=1 SV=1,27.835785082028156,27.834432792186703,0.0013522898414528584,0.9847148583838088,0.01924103945335126,0.0049680150244366195,0.9959687424796237
ARL8B,Q9NVJ2,ADP-ribosylation factor-like protein 8B OS=Homo sapiens OX=9606 GN=ARL8B PE=1 SV=1,28.18700934347636,28.143969134788428,0.04304020868793046,0.4644981234706701,0.7363293219693066,0.1901194134207549,0.7512137164353071
LASP1,Q14847,LIM and SH3 domain protein 1 OS=Homo sapiens OX=9606 GN=LASP1 PE=1 SV=2,29.26875405339941,28.35183956341982,0.9169144899795896,0.11812852917466514,1.5862128846643764,0.40955840572298374,0.4172477759983183
INF2,Q27J81,Inverted formin-2 OS=Homo sapiens OX=9606 GN=INF2 PE=1 SV=2,27.995806387741116,27.88370512635553,0.11210126138558607,0.2862284770534343,1.0763480572639021,0.2779118733670533,0.6228988578498919
HMGB2,P26583,High mobility group protein B2 OS=Homo sapiens OX=9606 GN=HMGB2 PE=1 SV=2,27.3492644391004,27.326489230352877,0.022775208747521702,0.8159389983200694,0.23383174347064378,0.060375096551763215,0.9448696561800984
ARHGAP45,Q92619,Rho GTPase-activating protein 45 OS=Homo sapiens OX=9606 GN=ARHGAP45 PE=1 SV=2,26.661943542413823,26.90003885568161,-0.2380953132677881,0.1560140731903757,-1.437271438281347,-0.3711018896295492,0.4742879103663797
CD5L,O43866,CD5 antigen-like OS=Homo sapiens OX=9606 GN=CD5L PE=1 SV=1,27.935739373045863,28.09263534165175,-0.1568959686058875,0.12053712039540287,-1.5756878514078323,-0.40684085382159213,0.4228827624083906
C7,P10643,Complement component C7 OS=Homo sapiens OX=9606 GN=C7 PE=1 SV=2,28.302780634500472,28.189960763581723,0.11281987091874868,0.20398411043909978,1.284758554153415,0.3317232322755797,0.52641304567103
ANTXR1,Q9H6X2,Anthrax toxin receptor 1 OS=Homo sapiens OX=9606 GN=ANTXR1 PE=1 SV=2,27.885303092584774,28.082897249801555,-0.19759415721678053,0.0044567267295606925,-2.9594422307256543,-0.7641246982442258,0.06960358509990375
SRC,P12931,Proto-oncogene tyrosine-protein kinase Src OS=Homo sapiens OX=9606 GN=SRC PE=1 SV=3,29.337098650553475,29.338215718917994,-0.0011170683645183033,0.983350312907766,-0.020958983896605582,-0.005411586372332191,0.995853177661838
PTPN6,P29350,Tyrosine-protein phosphatase non-receptor type 6 OS=Homo sapiens OX=9606 GN=PTPN6 PE=1 SV=1,28.764082456448907,28.91598408954912,-0.15190163310021276,0.21208492212550403,-1.261762794306131,-0.32578575261411863,0.5362718745173459
CORO1C,Q9ULV4,Coronin-1C OS=Homo sapiens OX=9606 GN=CORO1C PE=1 SV=1,28.860929520596986,28.894671574043254,-0.03374205344626802,0.6719805827145326,-0.425591552759962,-0.10988726640839254,0.8745629642681785
C6,P13671,Complement component C6 OS=Homo sapiens OX=9606 GN=C6 PE=1 SV=3,24.27715741874776,24.36482317592889,-0.08766575718113145,0.6645731638483863,-0.43583658667750336,-0.11253252279132372,0.8706127056007231
C1QA,P02745,Complement C1q subcomponent subunit A OS=Homo sapiens OX=9606 GN=C1QA PE=1 SV=2,30.327236449874263,30.22045303324102,0.10678341663324176,0.13104691611915759,1.531644123163687,0.39546881208862816,0.44041716746375115
HNRNPD,Q14103,Heterogeneous nuclear ribonucleoprotein D0 OS=Homo sapiens OX=9606 GN=HNRNPD PE=1 SV=1,26.64087173024986,26.793128763336192,-0.15225703308633243,0.2778967270802827,-1.0953368490671773,-0.282814758328299,0.6182814053615786
VAMP8,Q9BV40,Vesicle-associated membrane protein 8 OS=Homo sapiens OX=9606 GN=VAMP8 PE=1 SV=1,29.83262740955148,29.70928073806217,0.12334667148931189,0.0756936680010862,1.808625452661683,0.46698508384570325,0.3491974188837072
IGHG2,P01859,Immunoglobulin heavy constant gamma 2 OS=Homo sapiens OX=9606 GN=IGHG2 PE=1 SV=3,28.173005471636046,28.340317841515695,-0.16731236987964948,0.07603975189148214,-1.8064316090368473,-0.4664186358574918,0.3491974188837072
CTSS,P25774,Cathepsin S OS=Homo sapiens OX=9606 GN=CTSS PE=1 SV=3,26.151670358756803,26.06219265767825,0.0894777010785539,0.1852600966215161,1.3406548217609462,0.3461555865128544,0.5139537793762035
SELP,P16109,P-selectin OS=Homo sapiens OX=9606 GN=SELP PE=1 SV=4,28.842686810111502,28.961682626085295,-0.11899581597379338,0.17371623943882877,-1.3772853601739719,-0.3556135508619385,0.4959318448495596
BLMH,Q13867,Bleomycin hydrolase OS=Homo sapiens OX=9606 GN=BLMH PE=1 SV=1,27.31469712215788,27.43498339819767,-0.12028627603978848,0.3589430174274384,-0.9247200850156898,-0.23876169927795157,0.676681925162023
RALA,P11233,Ras-related protein Ral-A OS=Homo sapiens OX=9606 GN=RALA PE=1 SV=1,25.977052505830848,25.33648510092646,0.6405674049043881,0.0016561171627168562,3.3001412957492207,0.8520928185712064,0.036471059687013224
SAA1,P0DJI8,Serum amyloid A-1 protein OS=Homo sapiens OX=9606 GN=SAA1 PE=1 SV=2,23.342223500393473,22.8029866634097,0.5392368369837719,0.00407946455362253,2.9907806266600447,0.7722162372809424,0.06631211259102746
SAR1A,Q9NR31,Small COPII coat GTPase SAR1A OS=Homo sapiens OX=9606 GN=SAR1A PE=1 SV=1,28.941789431086924,28.89699058458278,0.04479884650414334,0.6140187765569638,0.50708360860453,0.13092842475067365,0.8476013094066234
ITGB3,P05106,Integrin beta-3 OS=Homo sapiens OX=9606 GN=ITGB3 PE=1 SV=2,26.34370533223381,26.344364013863,-0.0006586816291900277,0.995172252306306,-0.006076858009769431,-0.0015690379912736102,0.9980977137087316
IGLV3-21,P80748,Immunoglobulin lambda variable 3-21 OS=Homo sapiens OX=9606 GN=IGLV3-21 PE=1 SV=2,20.22646766825908,19.040888385799544,1.1855792824595355,0.002358383455508337,3.1808796637230694,0.8212995975926198,0.04638154129166396
COLEC11,Q9BWP8,Collectin-11 OS=Homo sapiens OX=9606 GN=COLEC11 PE=1 SV=1,26.92187661038019,26.915209002647273,0.00666760773291486,0.9646280650639183,0.044538610180170586,0.011499819699401654,0.9905962189126991
MSN,P26038,Moesin OS=Homo sapiens OX=9606 GN=MSN PE=1 SV=3,31.385025892493964,31.271452663193084,0.11357322930087932,0.06295227810893808,1.895948938156216,0.489531910849244,0.3266546548128285
CDSN,Q15517,Corneodesmosin OS=Homo sapiens OX=9606 GN=CDSN PE=1 SV=4,24.867313255508083,24.859785769546658,0.007527485961425384,0.945325177594609,0.06887607036577623,0.01778372489859077,0.9848940535697921
ST6GAL1,P15907,"Beta-galactoside alpha-2,6-sialyltransferase 1 OS=Homo sapiens OX=9606 GN=ST6GAL1 PE=1 SV=1",24.33645877810646,24.147046763294068,0.1894120148123939,0.06266402155612474,1.8980915458257954,0.4900851297706932,0.3262215239833553
TJP2,Q9UDY2,Tight junction protein ZO-2 OS=Homo sapiens OX=9606 GN=TJP2 PE=1 SV=2,28.095101278623677,28.128059073511213,-0.032957794887536807,0.6515927247144044,-0.453902831064174,-0.11719720703386295,0.8632186878458499
JCHAIN,P01591,Immunoglobulin J chain OS=Homo sapiens OX=9606 GN=JCHAIN PE=1 SV=4,28.649320229018496,28.78624061564675,-0.13692038662825468,0.10167470617099593,-1.6631639476150704,-0.4294270847417168,0.39441046299575255
TMT1A,H0YI09,Thiol methyltransferase 1A (Fragment) OS=Homo sapiens OX=9606 GN=TMT1A PE=1 SV=1,25.24004753659582,25.174301132100645,0.06574640449517588,0.5438073190430167,0.6106646175212102,0.15767292625185125,0.809106505592632
EIF3J,O75822,Eukaryotic translation initiation factor 3 subunit J OS=Homo sapiens OX=9606 GN=EIF3J PE=1 SV=2,27.628901236955873,27.757254173881314,-0.1283529369254417,0.06987652254061417,-1.8468214547517385,-0.47684724917813587,0.34346083659108756
DCD,P81605,Dermcidin OS=Homo sapiens OX=9606 GN=DCD PE=1 SV=2,27.093900436924205,26.98462403047989,0.10927640644431591,0.23311515769336086,1.2049526221535862,0.3111174292379865,0.5669502995504181
CD36,P16671,Platelet glycoprotein 4 OS=Homo sapiens OX=9606 GN=CD36 PE=1 SV=2,29.09594317307803,29.223907281808078,-0.1279641087300476,0.5502648566212199,-0.6008741834590002,-0.15514504704684587,0.8116406635162995
NRGN,Q92686,Neurogranin OS=Homo sapiens OX=9606 GN=NRGN PE=1 SV=1,25.469090512233855,24.981190228734658,0.48790028349919723,0.20134357784311527,1.292401252853151,0.3336965685945236,0.52641304567103
IGHV3-72,A0A4W8ZXM2,Immunoglobulin heavy variable 3-72 OS=Homo sapiens OX=9606 GN=IGHV3-72 PE=4 SV=1,28.533978124213004,28.591892237833648,-0.0579141136206438,0.5450218321432285,-0.6088187694177292,-0.15719633032089056,0.809106505592632
GPLD1,P80108,Phosphatidylinositol-glycan-specific phospholipase D OS=Homo sapiens OX=9606 GN=GPLD1 PE=1 SV=3,25.5788438022113,25.5748506372503,0.003993164960998996,0.9473734749298135,0.06629182451521867,0.0171164754891431,0.9863829709563352
GGT5,P36269,Glutathione hydrolase 5 proenzyme OS=Homo sapiens OX=9606 GN=GGT5 PE=1 SV=2,19.91957946914224,19.38347941986975,0.5361000492724877,0.11217300196284974,1.612999809228373,0.41647475990514865,0.41423354719349154
APOM,O95445,Apolipoprotein M OS=Homo sapiens OX=9606 GN=APOM PE=1 SV=2,26.576354102165887,26.44065980652182,0.13569429564406832,0.31886560690260213,1.00543112880169,0.25960120117383134,0.6516538651653856
SFTPB,P07988,Pulmonary surfactant-associated protein B OS=Homo sapiens OX=9606 GN=SFTPB PE=1 SV=3,26.505770393348087,26.591867562007263,-0.08609716865917605,0.29734495935631916,-1.0515997189821396,-0.27152187989961507,0.6312809016965714
MARCKSL1,P49006,MARCKS-related protein OS=Homo sapiens OX=9606 GN=MARCKSL1 PE=1 SV=2,16.63566888047768,16.73454607965839,-0.09887719918070914,0.832176356583029,-0.21286797803219684,-0.05496227559063631,0.9494175561810791
TXN,P10599,Thioredoxin OS=Homo sapiens OX=9606 GN=TXN PE=1 SV=3,27.60308938483033,27.780031803465068,-0.17694241863473792,0.11695647048450508,-1.591397102825323,-0.4108969650963473,0.41629545478406715
IGHV4-34,P06331,Immunoglobulin heavy variable 4-34 OS=Homo sapiens OX=9606 GN=IGHV4-34 PE=1 SV=2,26.75325643983823,26.524142501862933,0.22911393797529556,0.13282551386983832,1.5244716481154958,0.39361688699444586,0.4442198685977245
CASP14,P31944,Caspase-14 OS=Homo sapiens OX=9606 GN=CASP14 PE=1 SV=2,24.922080316059688,24.78279626693918,0.1392840491205085,0.14535377546991707,1.4759957700500628,0.38110046909843237,0.4567032826895028
FLG,P20930,Filaggrin OS=Homo sapiens OX=9606 GN=FLG PE=1 SV=3,28.181574406003175,28.0099891491181,0.1715852568850771,0.5401415562111921,0.616248750635748,0.1591147432222253,0.8077014126444697
S100A7,P31151,Protein S100-A7 OS=Homo sapiens OX=9606 GN=S100A7 PE=1 SV=4,27.87870597622933,27.927687176777173,-0.04898120054784272,0.7246501685223224,-0.3539629973961888,-0.09139285293927325,0.900442838109251
ANGPTL3,Q9Y5C1,Angiopoietin-related protein 3 OS=Homo sapiens OX=9606 GN=ANGPTL3 PE=1 SV=1,18.343292987817698,17.825693934243226,0.5175990535744717,0.07173175837479742,1.8343587042470872,0.473629380834639,0.34346083659108756
CD9,A0A087WU13,Tetraspanin OS=Homo sapiens OX=9606 GN=CD9 PE=1 SV=2,30.299622189981903,30.170765764022818,0.12885642595908564,0.009878504376794252,2.6679115120091677,0.688851790344437,0.11590616677846385
RAB8B,Q92930,Ras-related protein Rab-8B OS=Homo sapiens OX=9606 GN=RAB8B PE=1 SV=2,27.53322255853799,27.5902197219061,-0.05699716336810923,0.5254347671690316,-0.6388510314927438,-0.16495062704525512,0.7979195272643158
RAP1A,P62834,Ras-related protein Rap-1A OS=Homo sapiens OX=9606 GN=RAP1A PE=1 SV=1,29.078452409446033,29.193305312952543,-0.11485290350650956,0.3109662770043356,-1.0221248744601694,-0.2639115077685722,0.641670050865164
CFHR2,P36980,Complement factor H-related protein 2 OS=Homo sapiens OX=9606 GN=CFHR2 PE=1 SV=1,25.326171204528737,25.340212987431116,-0.01404178290237823,0.931453734892842,-0.08639026892051788,-0.022305871520236394,0.9802377340277638
TNIK,Q9UKE5,TRAF2 and NCK-interacting protein kinase OS=Homo sapiens OX=9606 GN=TNIK PE=1 SV=1,28.11745499142983,28.19968789108531,-0.0822328996554802,0.2764090625428314,-1.0987689824663391,-0.2837009313614267,0.6166941689506028
GLIPR2,Q9H4G4,Golgi-associated plant pathogenesis-related protein 1 OS=Homo sapiens OX=9606 GN=GLIPR2 PE=1 SV=3,26.328851490186725,26.491741812774517,-0.162890322587792,0.006344051700530249,-2.8323269197197063,-0.7313036660726249,0.09126538297664698
HSPA5,P11021,Endoplasmic reticulum chaperone BiP OS=Homo sapiens OX=9606 GN=HSPA5 PE=1 SV=2,24.007394449771446,23.987823967427335,0.019570482344111184,0.785073484028308,0.27397988913667654,0.07074130318814016,0.9337692871803496
EMILIN1,Q9Y6C2,EMILIN-1 OS=Homo sapiens OX=9606 GN=EMILIN1 PE=1 SV=3,27.464614437668168,27.558931907150008,-0.09431746948184028,0.3566089203679891,-0.929253977992693,-0.23993234541084624,0.674292962669072
C8A,P07357,Complement component C8 alpha chain OS=Homo sapiens OX=9606 GN=C8A PE=1 SV=2,27.595352323868987,27.68818694056927,-0.09283461670028359,0.33114479417018683,-0.9800236032526078,-0.25304100628583565,0.6574351167167192
MYL6,B7Z6Z4,Myosin light chain 6 OS=Homo sapiens OX=9606 GN=MYL6 PE=1 SV=1,27.29433807727826,27.361458977529796,-0.06712090025153827,0.3538841090460598,-0.9345711610687011,-0.24130523617765393,0.674292962669072
SERPINF2,P08697,Alpha-2-antiplasmin OS=Homo sapiens OX=9606 GN=SERPINF2 PE=1 SV=3,25.79081763571305,25.742874912161646,0.0479427235514045,0.38270821639611396,0.8795958156591618,0.22711066302944422,0.6954772517200395
CYP2C9,P11712,Cytochrome P450 2C9 OS=Homo sapiens OX=9606 GN=CYP2C9 PE=1 SV=3,24.163689220733808,24.40646447944433,-0.2427752587105232,0.20282029241638913,-1.288117914128884,-0.3325906152915069,0.52641304567103
RAP1B,F5GZG1,"RAP1B, member of RAS oncogene family (Fragment) OS=Homo sapiens OX=9606 GN=RAP1B PE=1 SV=8",23.02202063786592,22.954902857979853,0.06711777988606826,0.8640133141536195,0.17202933810110219,0.044417784101643584,0.9551514291788451
SCARB1,B7ZKQ9,Scavenger receptor class B member 1 OS=Homo sapiens OX=9606 GN=SCARB1 PE=1 SV=1,23.151568667533986,22.919907061018584,0.23166160651540224,0.24238494887510548,1.181096628789938,0.30495783823767686,0.5806304113654782
CIRBP,Q14011,Cold-inducible RNA-binding protein OS=Homo sapiens OX=9606 GN=CIRBP PE=1 SV=1,23.4035168002056,23.434247323395603,-0.03073052319000169,0.7643492523640016,-0.3011867398207059,-0.07776608182827334,0.9266425867700568
PIGR,P01833,Polymeric immunoglobulin receptor OS=Homo sapiens OX=9606 GN=PIGR PE=1 SV=4,25.649055453288618,25.78950324317482,-0.14044778988620266,0.12078572309844177,-1.5746111592406546,-0.4065628530994274,0.4228827624083906
SPTB,P11277,"Spectrin beta chain, erythrocytic OS=Homo sapiens OX=9606 GN=SPTB PE=1 SV=5",28.165995099911648,28.16729409510928,-0.0012989951976329905,0.9911741131129248,-0.011109621159060624,-0.0028684918487810224,0.9971547832553546
DTD1,Q8TEA8,D-aminoacyl-tRNA deacylase 1 OS=Homo sapiens OX=9606 GN=DTD1 PE=1 SV=2,27.981469276177567,27.63933565046209,0.34213362571547634,0.29835085341045964,1.0493919348463259,0.2709518324869466,0.6320118477165722
CDC42,P60953,Cell division control protein 42 homolog OS=Homo sapiens OX=9606 GN=CDC42 PE=1 SV=2,29.695029148154685,29.550981669735037,0.1440474784196475,0.06527589295864697,1.8789747370030419,0.48514919095714953,0.3365194093305004
LRRC47,Q8N1G4,Leucine-rich repeat-containing protein 47 OS=Homo sapiens OX=9606 GN=LRRC47 PE=1 SV=1,27.35596441503588,27.35729845318855,-0.0013340381526703027,0.9805056453908432,-0.02454059045577601,-0.006336353209421145,0.994961880697222
ITGA1,P56199,Integrin alpha-1 OS=Homo sapiens OX=9606 GN=ITGA1 PE=1 SV=2,22.68487493379178,21.296726732904595,1.3881482008871835,8.345120343922191e-05,4.232222055099018,1.092755035790015,0.0030915759785739654
UBE2O,Q9C0C9,(E3-independent) E2 ubiquitin-conjugating enzyme OS=Homo sapiens OX=9606 GN=UBE2O PE=1 SV=3,26.893420907473324,26.760832619985752,0.13258828748757168,0.20240121567917452,1.2893311060346826,0.3329038600946343,0.52641304567103
PF4V1,P10720,Platelet factor 4 variant OS=Homo sapiens OX=9606 GN=PF4V1 PE=1 SV=1,25.474297414511497,25.57098799730908,-0.09669058279758147,0.351956852803885,-0.9383480427997432,-0.2422804228473153,0.674292962669072
C8G,P07360,Complement component C8 gamma chain OS=Homo sapiens OX=9606 GN=C8G PE=1 SV=3,23.200269797995997,23.07208673544607,0.12818306254992606,0.19782193431246164,1.3027118596353946,0.3363587558183185,0.52641304567103
IGLV3-25,P01717,Immunoglobulin lambda variable 3-25 OS=Homo sapiens OX=9606 GN=IGLV3-25 PE=1 SV=2,28.240633621146415,28.298073924145495,-0.05744030299907976,0.4517772749470985,-0.7575668745401578,-0.19560292591549563,0.7465572603638256
KRT4,P19013,"Keratin, type II cytoskeletal 4 OS=Homo sapiens OX=9606 GN=KRT4 PE=1 SV=5",27.156683033263683,26.931592067690865,0.22509096557281794,0.08674798289541319,1.7423485458621801,0.4498724600941956,0.37147724933439036
IGHV5-51,A0A0C4DH38,Immunoglobulin heavy variable 5-51 OS=Homo sapiens OX=9606 GN=IGHV5-51 PE=1 SV=1,24.612061832789173,24.87765084818143,-0.2655890153922549,0.1624983277330929,-1.414715526029367,-0.36527797812885354,0.48115211167066346
GNAI2,P04899,Guanine nucleotide-binding protein G(i) subunit alpha-2 OS=Homo sapiens OX=9606 GN=GNAI2 PE=1 SV=3,26.08803196395539,26.03696038872694,0.05107157522845185,0.7413120745073362,0.331699149323617,0.08564435208543572,0.9133102356459292
H1-5,P16401,Histone H1.5 OS=Homo sapiens OX=9606 GN=H1-5 PE=1 SV=3,27.71880490449306,27.585319768336227,0.13348513615683189,0.052459853109302776,1.9799560512775038,0.5112224541880247,0.2984590928682833
IGLL5,B9A064,Immunoglobulin lambda-like polypeptide 5 OS=Homo sapiens OX=9606 GN=IGLL5 PE=1 SV=2,27.490322921198462,27.298178595092786,0.19214432610567656,0.017207668168090065,2.4527015650619624,0.6332848209801232,0.1641426071363322
MYLK,Q15746,"Myosin light chain kinase, smooth muscle OS=Homo sapiens OX=9606 GN=MYLK PE=1 SV=4",28.921671699667083,29.125132909101623,-0.20346120943453982,0.009288425162553496,-2.691139475813265,-0.6948492248097422,0.11205710784993801
STOM,P27105,Stomatin OS=Homo sapiens OX=9606 GN=STOM PE=1 SV=3,27.117337773057223,27.22997652310683,-0.11263875004960866,0.27022349221350955,-1.113179861759445,-0.287421804395187,0.6134732039134575
KRT17,Q04695,"Keratin, type I cytoskeletal 17 OS=Homo sapiens OX=9606 GN=KRT17 PE=1 SV=2",27.83038407708997,27.77519097170161,0.055193105388362085,0.7369153378591973,0.3375574748587403,0.08715696523438199,0.9107107317375495
CFP,P27918,Properdin OS=Homo sapiens OX=9606 GN=CFP PE=1 SV=2,23.66177416132268,23.632621942937256,0.029152218385423367,0.8269793887628117,0.21956690302871598,0.05669193058723705,0.9484364048230087
HSPB1,P04792,Heat shock protein beta-1 OS=Homo sapiens OX=9606 GN=HSPB1 PE=1 SV=2,27.24748562380688,27.428080138368816,-0.18059451456193543,0.2624612087085359,-1.131596457030774,-0.29217694884716694,0.6041917709143031
CISD2,D6RCF4,CDGSH iron-sulfur domain-containing protein 2 OS=Homo sapiens OX=9606 GN=CISD2 PE=1 SV=1,20.26524635117237,20.289938102953712,-0.02469175178134364,0.9127929126966756,-0.10999517866546095,-0.028400633008962638,0.9765474210381493
ACTA1,P68133,"Actin, alpha skeletal muscle OS=Homo sapiens OX=9606 GN=ACTA1 PE=1 SV=1",26.026964831944987,26.088197964530277,-0.06123313258528995,0.46025369152452433,-0.7433778252190799,-0.19193932913422565,0.7489112672099768
BZW2,Q9Y6E2,eIF5-mimic protein 1 OS=Homo sapiens OX=9606 GN=BZW2 PE=1 SV=1,25.24942184166084,24.89106710471304,0.35835473694779907,0.02077347938420328,2.3770070238963252,0.6137405744912349,0.1779147992421281
SERPINE1,P05121,Plasminogen activator inhibitor 1 OS=Homo sapiens OX=9606 GN=SERPINE1 PE=1 SV=1,17.91159682780858,17.76093020322583,0.15066662458275104,0.7124033070820712,0.370441091063004,0.09564747842919463,0.8935893450249917
HMGN3,A0A087WZE9,High mobility group nucleosome-binding domain-containing protein 3 OS=Homo sapiens OX=9606 GN=HMGN3 PE=1 SV=1,23.918055118668878,23.932316652065882,-0.0142615333970042,0.9226651145554157,-0.09750047276060494,-0.025174513816611524,0.9802377340277638
UGT2B17,O75795,UDP-glucuronosyltransferase 2B17 OS=Homo sapiens OX=9606 GN=UGT2B17 PE=1 SV=1,22.697510038691217,22.26184447308812,0.4356655656030952,0.0034906185549699108,3.0455522687211216,0.7863582144507414,0.06178394842296742
CFI,P05156,Complement factor I OS=Homo sapiens OX=9606 GN=CFI PE=1 SV=2,23.71734417764765,23.57200591037177,0.1453382672758785,0.2227839024860378,1.2323684284234264,0.3181961599783825,0.5519358579475244
PPP2R5A,Q15172,Serine/threonine-protein phosphatase 2A 56 kDa regulatory subunit alpha isoform OS=Homo sapiens OX=9606 GN=PPP2R5A PE=1 SV=1,27.96341815702051,28.04182177841491,-0.0784036213944006,0.37112065547451845,-0.9013677078890469,-0.23273214143089532,0.687866862672414
DNAJB11,Q9UBS4,DnaJ homolog subfamily B member 11 OS=Homo sapiens OX=9606 GN=DNAJB11 PE=1 SV=1,27.014774905163044,26.99171289807033,0.02306200709271522,0.7854363292840416,0.2735054340983151,0.07061879942400032,0.9337692871803496
IQGAP1,P46940,Ras GTPase-activating-like protein IQGAP1 OS=Homo sapiens OX=9606 GN=IQGAP1 PE=1 SV=1,29.325905535463857,29.61700059742547,-0.29109506196161306,0.14669918287298625,-1.4709882742609124,-0.3798075392452601,0.45821921238562174
ARF5,P84085,ADP-ribosylation factor 5 OS=Homo sapiens OX=9606 GN=ARF5 PE=1 SV=2,24.897225480571553,24.94334432676153,-0.04611884618997664,0.6810782471490437,-0.41307033801315435,-0.10665430266248102,0.8778063906032335
CFHR5,Q9BXR6,Complement factor H-related protein 5 OS=Homo sapiens OX=9606 GN=CFHR5 PE=1 SV=1,25.714544797515508,25.753077196798294,-0.0385323992827864,0.8163531867923163,-0.23329573184083663,-0.06023669894405544,0.9448696561800984
PSTPIP2,Q9H939,Proline-serine-threonine phosphatase-interacting protein 2 OS=Homo sapiens OX=9606 GN=PSTPIP2 PE=1 SV=4,27.436281305592807,27.463714515509444,-0.027433209916637225,0.6794237247513903,-0.41534253625412193,-0.10724098172558427,0.8778063906032335
KRT13,P13646,"Keratin, type I cytoskeletal 13 OS=Homo sapiens OX=9606 GN=KRT13 PE=1 SV=4",27.078911756545846,27.24359482506065,-0.16468306851480463,0.20761112659236192,-1.27438007110502,-0.32904351947522437,0.5325676725630153
BDH1,Q02338,"D-beta-hydroxybutyrate dehydrogenase, mitochondrial OS=Homo sapiens OX=9606 GN=BDH1 PE=1 SV=3",24.60760504568843,24.12578154240463,0.48182350328379897,0.0012438153825337188,3.3949989431146173,0.8765849578049796,0.030021180369336573
TBC1D10B,Q4KMP7,TBC1 domain family member 10B OS=Homo sapiens OX=9606 GN=TBC1D10B PE=1 SV=3,27.479115969924603,27.6113416965635,-0.13222572663889665,0.2500097410705219,-1.1619631081161799,-0.30001758444275817,0.5883871905435297
EIF1AX,P47813,"Eukaryotic translation initiation factor 1A, X-chromosomal OS=Homo sapiens OX=9606 GN=EIF1AX PE=1 SV=2",26.399349936936133,26.45151010838647,-0.05216017145033547,0.7768904496435107,-0.28469687498725466,-0.07350841703619547,0.9337692871803496
ANG,P03950,Angiogenin OS=Homo sapiens OX=9606 GN=ANG PE=1 SV=1,29.37205866852887,29.235543957270018,0.13651471125885095,0.0720896389849607,1.831985853147449,0.4730167133151772,0.34346083659108756
MOB1A,Q9H8S9,MOB kinase activator 1A OS=Homo sapiens OX=9606 GN=MOB1A PE=1 SV=4,26.47601283624042,26.537303429720282,-0.061290593479860433,0.6277648099260282,-0.4874671368590149,-0.1258634735252251,0.8539960223844261
MTDH,Q86UE4,Protein LYRIC OS=Homo sapiens OX=9606 GN=MTDH PE=1 SV=2,24.15101508473418,24.276937215768267,-0.12592213103408767,0.22452295035730974,-1.22768934851354,-0.3169880267406116,0.5536610834662452
S100A6,P06703,Protein S100-A6 OS=Homo sapiens OX=9606 GN=S100A6 PE=1 SV=1,22.883728840540382,22.710948874460318,0.17277996608006418,0.26144345514171863,1.1340395977797744,0.29280776507605494,0.6027198611298955
SPRR2D,P22532,Small proline-rich protein 2D OS=Homo sapiens OX=9606 GN=SPRR2D PE=1 SV=2,28.03115548673132,27.896445921055264,0.1347095656760544,0.43550418187116435,0.7852479569680447,0.20275015066537572,0.7339657460391342
SPRR2F,Q96RM1,Small proline-rich protein 2F OS=Homo sapiens OX=9606 GN=SPRR2F PE=1 SV=1,22.38775348584696,22.237930525552045,0.14982296029491593,0.4274925273664181,0.799100475229236,0.20632685550061758,0.7291173405724882
ABCF1,Q8NE71,ATP-binding cassette sub-family F member 1 OS=Homo sapiens OX=9606 GN=ABCF1 PE=1 SV=2,25.481561703758803,25.57201296258767,-0.09045125882886751,0.509205633199014,-0.6641821735704317,-0.17149109980574176,0.7853308201002052
LCP2,Q13094,Lymphocyte cytosolic protein 2 OS=Homo sapiens OX=9606 GN=LCP2 PE=1 SV=1,27.668515661504465,27.786469223513677,-0.11795356200921248,0.18551376217282922,-1.339869657903508,-0.3459528580765943,0.5139537793762035
DNAJC13,O75165,DnaJ homolog subfamily C member 13 OS=Homo sapiens OX=9606 GN=DNAJC13 PE=1 SV=5,30.93078967178389,30.836668908697224,0.09412076308666784,0.18982487644050564,1.3266483743835844,0.34253913735071767,0.5177928564550094
EHD4,Q9H223,EH domain-containing protein 4 OS=Homo sapiens OX=9606 GN=EHD4 PE=1 SV=1,23.935301758790054,23.680343217918296,0.2549585408717583,0.04343677046543437,2.0646532936928517,0.5330911881443137,0.27340757984562025
SBSN,Q6UWP8,Suprabasin OS=Homo sapiens OX=9606 GN=SBSN PE=1 SV=2,23.397411295217754,22.94156484072695,0.4558464544908034,0.3437520277628051,0.9545796647137605,0.2464714096043103,0.6669877956469531
RASA3,Q14644,Ras GTPase-activating protein 3 OS=Homo sapiens OX=9606 GN=RASA3 PE=1 SV=3,26.901890017556557,26.98492105542005,-0.08303103786349197,0.38085590486822174,-0.8830478856074637,-0.22800198365742527,0.6941687144794935
EPB41,P11171,Protein 4.1 OS=Homo sapiens OX=9606 GN=EPB41 PE=1 SV=4,27.612872521525926,27.545520107332838,0.06735241419308835,0.15102984369925485,1.4551106555816646,0.3757079557304495,0.46486603579736663
FGG,C9JU00,Fibrinogen gamma chain (Fragment) OS=Homo sapiens OX=9606 GN=FGG PE=1 SV=1,24.93749151874187,25.082432598541878,-0.14494107980000948,0.35682923259888744,-0.9288252122114479,-0.23982163856216718,0.674292962669072
LMAN2,Q12907,Vesicular integral-membrane protein VIP36 OS=Homo sapiens OX=9606 GN=LMAN2 PE=1 SV=1,23.885661376003455,23.74385131561565,0.14181006038780453,0.2031297678606059,1.287223210842172,0.3323596038962247,0.52641304567103
CALML5,Q9NZT1,Calmodulin-like protein 5 OS=Homo sapiens OX=9606 GN=CALML5 PE=1 SV=2,22.03559449732939,22.084402070993956,-0.048807573664564785,0.6793576172861054,-0.4154333684616217,-0.10726443450071403,0.8778063906032335
TGFB1,P01137,Transforming growth factor beta-1 proprotein OS=Homo sapiens OX=9606 GN=TGFB1 PE=1 SV=3,28.000704756312896,27.712439721547316,0.28826503476557974,0.025544115685316903,2.292156080819681,0.5918321551948457,0.20523011143114628
H2BC3,P33778,Histone H2B type 1-B OS=Homo sapiens OX=9606 GN=H2BC3 PE=1 SV=2,26.590539608669648,26.263599559164557,0.32694004950509026,0.006199076324935166,2.8407516596422036,0.7334789245670224,0.09126538297664698
PDAP1,Q13442,28 kDa heat- and acid-stable phosphoprotein OS=Homo sapiens OX=9606 GN=PDAP1 PE=1 SV=1,25.919109944470204,25.834226300826746,0.08488364364345813,0.36115239647343433,0.9204459380729427,0.23765811928271802,0.6784384051676662
BPNT2,Q9NX62,"Golgi-resident adenosine 3',5'-bisphosphate 3'-phosphatase OS=Homo sapiens OX=9606 GN=BPNT2 PE=1 SV=1",25.66056063353387,25.592992799462255,0.06756783407161393,0.3089687961381257,1.0263914700113337,0.265013138002883,0.640868870114628
SEPTIN6,Q14141,Septin-6 OS=Homo sapiens OX=9606 GN=SEPTIN6 PE=1 SV=4,28.36924637806225,28.362136477725855,0.007109900336395469,0.8766188673310149,0.15594374507481457,0.04026450184133145,0.9604221840841175
MASP2,A0A8V8TQL2,MBL associated serine protease 2 OS=Homo sapiens OX=9606 GN=MASP2 PE=1 SV=1,26.02946363290216,25.88015713332861,0.14930649957355158,0.20260568774739046,1.288738942256117,0.3327509640644602,0.52641304567103
ARF4,P18085,ADP-ribosylation factor 4 OS=Homo sapiens OX=9606 GN=ARF4 PE=1 SV=3,29.78969771731391,29.69963253427282,0.09006518304109079,0.13047193477302674,1.5339793850346481,0.3960717741109792,0.44034277985896525
RAB35,Q15286,Ras-related protein Rab-35 OS=Homo sapiens OX=9606 GN=RAB35 PE=1 SV=1,26.826917055211347,26.95698617161726,-0.13006911640591312,0.09279141838432721,-1.7090318804825813,-0.44127013408310545,0.3839395571070993
KRT74,Q7RTS7,"Keratin, type II cytoskeletal 74 OS=Homo sapiens OX=9606 GN=KRT74 PE=1 SV=2",28.530533899143972,28.148673632404453,0.381860266739519,0.5185093697380623,0.6496089491261746,0.1677283094341984,0.7904166755911323
ITGA2B,P08514,Integrin alpha-IIb OS=Homo sapiens OX=9606 GN=ITGA2B PE=1 SV=3,28.292568265959407,28.460312539519684,-0.16774427356027743,0.06767490705113946,-1.861977916557971,-0.48076063078900033,0.3411586295331176
IGFBP5,P24593,Insulin-like growth factor-binding protein 5 OS=Homo sapiens OX=9606 GN=IGFBP5 PE=1 SV=1,25.5960516673061,25.69247324523856,-0.09642157793246042,0.5895176167582485,-0.5425511941607882,-0.14008611596331194,0.8288628097933716
SPRR1B,P22528,Cornifin-B OS=Homo sapiens OX=9606 GN=SPRR1B PE=1 SV=2,27.920182635040113,27.556086196123395,0.36409643891671806,0.5386661600683137,0.6185017352095169,0.1596964613377899,0.8064804445383682
BTK,Q06187,Tyrosine-protein kinase BTK OS=Homo sapiens OX=9606 GN=BTK PE=1 SV=3,28.056543340440314,27.855588139651044,0.2009552007892701,0.1894146609289748,1.3278965756781387,0.3428614215391525,0.5177928564550094
RAB1A,P62820,Ras-related protein Rab-1A OS=Homo sapiens OX=9606 GN=RAB1A PE=1 SV=3,19.35951778977508,19.692827574405687,-0.33330978463060745,0.1702577359125325,-1.3886216121693487,-0.3585405585410388,0.4922333453877754
APOF,Q13790,Apolipoprotein F OS=Homo sapiens OX=9606 GN=APOF PE=1 SV=2,23.525258853881827,23.688044904654443,-0.16278605077261687,0.17286205541488378,-1.3800689749903943,-0.3563322771170225,0.49526844294228395
CKAP5,Q14008,Cytoskeleton-associated protein 5 OS=Homo sapiens OX=9606 GN=CKAP5 PE=1 SV=3,27.890844094844844,27.980962744451386,-0.09011864960654137,0.16844631187309944,-1.3946298523326117,-0.36009187948052757,0.49055754079313973
TAGLN2,P37802,Transgelin-2 OS=Homo sapiens OX=9606 GN=TAGLN2 PE=1 SV=3,27.3508799635314,27.32675173230576,0.024128231225642338,0.7462956975887154,0.32507277589045414,0.08393342982194299,0.9159083561316053
TUBB4B,P68371,Tubulin beta-4B chain OS=Homo sapiens OX=9606 GN=TUBB4B PE=1 SV=1,26.757658089998472,26.79242158383692,-0.034763493838447346,0.8248148611676183,-0.22235993241233767,-0.057413087673119374,0.9473180056524989
SERPINE2,P07093,Glia-derived nexin OS=Homo sapiens OX=9606 GN=SERPINE2 PE=1 SV=1,23.297289849903557,23.283004850275685,0.014284999627871997,0.8951369973667574,0.13238625579208127,0.03418198426329906,0.9706965533051359
LORICRIN,P23490,Loricrin OS=Homo sapiens OX=9606 GN=LORICRIN PE=1 SV=2,27.09464800098902,27.22131361398571,-0.126665612996689,0.16147494861516157,-1.4182284535902856,-0.366185012124845,0.48002568970150195
SERPIND1,P05546,Heparin cofactor 2 OS=Homo sapiens OX=9606 GN=SERPIND1 PE=1 SV=3,28.690037025663642,28.70896091646692,-0.018923890803279164,0.7897711500734097,-0.26784204091277797,-0.06915651759129297,0.9340055249197784
DNAJA2,O60884,DnaJ homolog subfamily A member 2 OS=Homo sapiens OX=9606 GN=DNAJA2 PE=1 SV=1,22.477950155640134,22.37946059206561,0.09848956357452465,0.49253179650848566,0.6906636664481696,0.178328591865621,0.7754046479512012
C8B,A0A8Q3WM97,Complement component C8 beta chain OS=Homo sapiens OX=9606 GN=C8B PE=1 SV=1,25.784040604404133,25.632957460956195,0.15108314344793783,0.332930463762822,0.9763813122418039,0.2521005707907101,0.6575388111664663
ACTN1,P12814,Alpha-actinin-1 OS=Homo sapiens OX=9606 GN=ACTN1 PE=1 SV=2,28.10467459124423,28.13654096590332,-0.03186637465908859,0.6868484700587042,-0.40516274967070487,-0.10461257213188296,0.8804918129517512
KRT6A,P02538,"Keratin, type II cytoskeletal 6A OS=Homo sapiens OX=9606 GN=KRT6A PE=1 SV=3",29.784761476489223,29.780585644126838,0.004175832362385279,0.943723912662066,0.07089664027914774,0.01830543380687981,0.9846321745162109
CTSC,P53634,Dipeptidyl peptidase 1 OS=Homo sapiens OX=9606 GN=CTSC PE=1 SV=2,23.574861037452198,23.498540568091915,0.07632046936028303,0.4637607172395618,0.7375512405216769,0.19043491143433838,0.7512137164353071
VASP,P50552,Vasodilator-stimulated phosphoprotein OS=Homo sapiens OX=9606 GN=VASP PE=1 SV=3,29.45112227041409,29.28726077037203,0.16386150004206002,0.03420767202470001,2.1688437609811495,0.55999305112039,0.24670116618596774
SARS1,P49591,"Serine--tRNA ligase, cytoplasmic OS=Homo sapiens OX=9606 GN=SARS1 PE=1 SV=3",25.446311179504978,25.34352085438629,0.10279032511868635,0.30359705693570116,1.037959129878726,0.2679998949376165,0.6376304564092033
KRT77,Q7Z794,"Keratin, type II cytoskeletal 1b OS=Homo sapiens OX=9606 GN=KRT77 PE=1 SV=3",27.703713517480065,27.8471446288529,-0.14343111137283415,0.035553936558114195,-2.152219183071773,-0.5557006035616737,0.24882205077363048
C4BPB,P20851,C4b-binding protein beta chain OS=Homo sapiens OX=9606 GN=C4BPB PE=1 SV=1,25.36635127843542,25.36454470074833,0.0018065776870912487,0.991521140412104,0.010672781911631644,0.002755700440096874,0.9971547832553546
FMNL1,O95466,Formin-like protein 1 OS=Homo sapiens OX=9606 GN=FMNL1 PE=1 SV=3,29.388018243501453,29.388303854613508,-0.00028561111205505085,0.9982850495985744,-0.0021586573555377664,-0.0005573629325443942,0.9982850495985744
GRK6,P43250,G protein-coupled receptor kinase 6 OS=Homo sapiens OX=9606 GN=GRK6 PE=1 SV=2,24.53465589367427,24.604055576794448,-0.06939968312017797,0.7491112317276154,-0.32133557387468625,-0.08296848841071086,0.9179493785708395
SYNJ2,O15056,Synaptojanin-2 OS=Homo sapiens OX=9606 GN=SYNJ2 PE=1 SV=3,24.155505018473534,24.232347414236003,-0.0768423957624691,0.41122736362770673,-0.8277103163399085,-0.2137138847112359,0.7190836336541568
POLG,P54098,DNA polymerase subunit gamma-1 OS=Homo sapiens OX=9606 GN=POLG PE=1 SV=1,25.755572549108074,25.774751671528325,-0.019179122420251105,0.8414506319701142,-0.20093725218123482,-0.05188177542204016,0.9510506039034264
IGHG1,A0A0A0MS07,Immunoglobulin heavy constant gamma 1 (G1m marker) (Fragment) OS=Homo sapiens OX=9606 GN=IGHG1 PE=1 SV=1,19.769797745115625,18.924556090818605,0.8452416542970198,0.03430644883455192,2.167604685425545,0.5596731231876203,0.24670116618596774
ADD3,Q9UEY8,Gamma-adducin OS=Homo sapiens OX=9606 GN=ADD3 PE=1 SV=1,25.044798141335562,25.00507556991132,0.0397225714242424,0.7041499564318784,0.3816035135445892,0.09852960352082869,0.8884129766198156
LPL,P06858,Lipoprotein lipase OS=Homo sapiens OX=9606 GN=LPL PE=1 SV=1,28.249458883911792,28.247649458727608,0.0018094251841844766,0.9764223799675751,0.02968223752308342,0.007663920773671664,0.9942936819640983
NPM1,P06748,Nucleophosmin OS=Homo sapiens OX=9606 GN=NPM1 PE=1 SV=2,24.60179019851225,24.673764431059286,-0.07197423254703494,0.605052867970818,-0.5199853754247952,-0.13425964661944287,0.838859198152753
CC2D2B,Q6DHV5,Protein CC2D2B OS=Homo sapiens OX=9606 GN=CC2D2B PE=1 SV=4,27.702229312351726,27.696474215827198,0.005755096524527659,0.9344358362446608,0.08262295481675351,0.021333155201315613,0.9802377340277638
METAP2,P50579,Methionine aminopeptidase 2 OS=Homo sapiens OX=9606 GN=METAP2 PE=1 SV=1,29.890342648518313,29.46912453893973,0.4212181095785823,0.050579718000336546,1.996507423471983,0.5154960001124312,0.29483549695654826
FUS,P35637,RNA-binding protein FUS OS=Homo sapiens OX=9606 GN=FUS PE=1 SV=1,26.117803570624236,26.209994960629004,-0.09219139000476773,0.48314301577034247,-0.7057916922775404,-0.18223463133883092,0.7701869151850839
MAPRE1,Q15691,Microtubule-associated protein RP/EB family member 1 OS=Homo sapiens OX=9606 GN=MAPRE1 PE=1 SV=3,26.18735772349401,26.167461361011686,0.019896362482324292,0.7932499381162049,0.26330335780916986,0.06798463465302715,0.934977287639163
IGF1,P05019,Insulin-like growth factor 1 OS=Homo sapiens OX=9606 GN=IGF1 PE=1 SV=1,25.19830641374227,25.255490795074326,-0.057184381332056944,0.6424488020113872,-0.46671979806437275,-0.12050653368324027,0.8622153065643009
RPS19,P39019,Small ribosomal subunit protein eS19 OS=Homo sapiens OX=9606 GN=RPS19 PE=1 SV=2,28.817508886430467,28.887304084021714,-0.06979519759124742,0.510113135831928,-0.6627544414874491,-0.17112246096705924,0.7853308201002052
KRT80,Q6KB66,"Keratin, type II cytoskeletal 80 OS=Homo sapiens OX=9606 GN=KRT80 PE=1 SV=2",22.38108222851058,22.334306831223987,0.046775397286591414,0.8109551498674955,0.240286870449716,0.06204180317093661,0.9431993301482091
DHX29,Q7Z478,ATP-dependent RNA helicase DHX29 OS=Homo sapiens OX=9606 GN=DHX29 PE=1 SV=2,24.078066353521,24.06334075945851,0.014725594062490188,0.9421200767147686,0.0729207496217979,0.018828056591878937,0.9846321745162109
H2AX,P16104,Histone H2AX OS=Homo sapiens OX=9606 GN=H2AX PE=1 SV=2,29.332751289668238,29.255307050426357,0.07744423924188126,0.27556762801974966,1.1007159469344325,0.2842036354254656,0.6156791464732976
TPM4,P67936,Tropomyosin alpha-4 chain OS=Homo sapiens OX=9606 GN=TPM4 PE=1 SV=3,24.37481185765279,24.31789399159663,0.05691786605616045,0.5068661755845145,0.6678690574068198,0.17244304911892389,0.7846820385871056
ITGB1,P05556,Integrin beta-1 OS=Homo sapiens OX=9606 GN=ITGB1 PE=1 SV=2,24.899325894075346,24.975573887064005,-0.07624799298865881,0.43777384051817925,-0.7813511383877325,-0.201743996434393,0.7357520209961069
G3BP1,Q13283,Ras GTPase-activating protein-binding protein 1 OS=Homo sapiens OX=9606 GN=G3BP1 PE=1 SV=1,23.409330632818616,23.245224594967134,0.16410603785148226,0.042328259722581904,2.0760859003248675,0.5360430744836162,0.2718242618651794
ASPN,Q9BXN1,Asporin OS=Homo sapiens OX=9606 GN=ASPN PE=1 SV=2,26.378542708335818,26.5065763598651,-0.12803365152928237,0.2880742892320025,-1.0721933793246268,-0.27683914013587535,0.6244650041261103
AFM,P43652,Afamin OS=Homo sapiens OX=9606 GN=AFM PE=1 SV=1,26.062695473417957,26.111682733038386,-0.0489872596204286,0.711548585055495,-0.3715948825335353,-0.09594538610588557,0.8932205642186001
B2M,P61769,Beta-2-microglobulin OS=Homo sapiens OX=9606 GN=B2M PE=1 SV=1,24.145571987011586,23.899352638855305,0.24621934815628066,0.03906096955328054,2.1113651434854757,0.5451521358988053,0.2614459012536802
MYO9A,B2RTY4,Unconventional myosin-IXa OS=Homo sapiens OX=9606 GN=MYO9A PE=1 SV=2,26.059413782977984,26.807561426858584,-0.7481476438805998,2.5426805515754617e-05,-4.576566720036295,-1.181664445967178,0.0011251361440721417
EIF4G1,Q04637,Eukaryotic translation initiation factor 4 gamma 1 OS=Homo sapiens OX=9606 GN=EIF4G1 PE=1 SV=4,26.637314014459193,26.54653795222646,0.09077606223273449,0.7388314560886634,0.33500295529165297,0.08649739111832265,0.9116642211845397
CAPN1,P07384,Calpain-1 catalytic subunit OS=Homo sapiens OX=9606 GN=CAPN1 PE=1 SV=1,25.652337278759862,25.641486735153432,0.010850543606430563,0.8483355834469042,0.19209909114124027,0.04959977205410695,0.9511354679205313
SERBP1,Q8NC51,SERPINE1 mRNA-binding protein 1 OS=Homo sapiens OX=9606 GN=SERBP1 PE=1 SV=2,25.486202201846996,25.56162028703876,-0.07541808519176385,0.5358036950625165,-0.6228819052669283,-0.1608274163835173,0.8044630407489055
NAA10,P41227,N-alpha-acetyltransferase 10 OS=Homo sapiens OX=9606 GN=NAA10 PE=1 SV=1,18.72840300602104,17.508551413811315,1.219851592209725,0.00040968333147726435,3.75039238223228,0.9683471492085853,0.01087709245072137
GSTM5,P46439,Glutathione S-transferase Mu 5 OS=Homo sapiens OX=9606 GN=GSTM5 PE=1 SV=3,24.32742655180955,23.966790041560852,0.36063651024869614,0.014805831464044268,2.512107294254798,0.6486233143023338,0.1514142041479143
ARF6,P62330,ADP-ribosylation factor 6 OS=Homo sapiens OX=9606 GN=ARF6 PE=1 SV=2,24.1808256516947,24.075793289843464,0.10503236185123654,0.24813579346273568,1.1666262599637889,0.30122160507253326,0.5875980969349066
SYNE2,Q8WXH0,Nesprin-2 OS=Homo sapiens OX=9606 GN=SYNE2 PE=1 SV=3,26.54808208613861,26.6838372754112,-0.13575518927259012,0.5767488015390136,-0.5613097834143473,-0.14492956288180397,0.8217708436984958
TSC2,P49815,Tuberin OS=Homo sapiens OX=9606 GN=TSC2 PE=1 SV=2,29.117090143617908,29.082853344441187,0.03423679917672118,0.5916580240414862,0.5394257360894786,0.13927912615934854,0.8297817607549982
OXSR1,O95747,Serine/threonine-protein kinase OSR1 OS=Homo sapiens OX=9606 GN=OXSR1 PE=1 SV=1,23.919528801797547,23.806267981767192,0.11326082003035509,0.20411505990325937,1.2843814652678667,0.33162586834399516,0.52641304567103
RARRES2,Q99969,Retinoic acid receptor responder protein 2 OS=Homo sapiens OX=9606 GN=RARRES2 PE=1 SV=1,28.205990816651877,28.239442663188317,-0.0334518465364404,0.5415328864790047,-0.6141270302840642,-0.15856691738306658,0.8077014126444697
MBL2,P11226,Mannose-binding protein C OS=Homo sapiens OX=9606 GN=MBL2 PE=1 SV=2,17.381957206234272,17.102275357018172,0.2796818492161002,0.4593141538041501,0.7449430968919125,0.19234348054230369,0.7489112672099768
CEP290,O15078,Centrosomal protein of 290 kDa OS=Homo sapiens OX=9606 GN=CEP290 PE=1 SV=2,26.960002143883976,26.804467247583673,0.1555348963003027,0.06654404851296337,1.8699254146316964,0.48281266596790395,0.3384823701258969
IGKV1-33,A0AAG2T928,Immunoglobulin kappa variable 1-33 OS=Homo sapiens OX=9606 GN=IGKV1-33 PE=1 SV=1,22.578103712372933,22.758148815391635,-0.1800451030187027,0.5207069675095639,-0.6461870273358036,-0.16684477302712294,0.7930078386641829
CCT3,P49368,T-complex protein 1 subunit gamma OS=Homo sapiens OX=9606 GN=CCT3 PE=1 SV=4,28.042254319952743,28.01365475359407,0.02859956635867178,0.6604653443435642,0.4415380062819054,0.11400462300316304,0.8673712230332216
EEF1G,P26641,Elongation factor 1-gamma OS=Homo sapiens OX=9606 GN=EEF1G PE=1 SV=3,26.410840285928696,26.276293512284905,0.13454677364379108,0.10713901481174735,1.6365544858013874,0.42255655124465435,0.40380943390087
MTARC2,Q969Z3,Mitochondrial amidoxime reducing component 2 OS=Homo sapiens OX=9606 GN=MTARC2 PE=1 SV=1,16.408918662931978,14.124011714215696,2.284906948716282,3.63344888059293e-05,4.474299882609586,1.1552592620856483,0.0015231800175748785
CAT,P04040,Catalase OS=Homo sapiens OX=9606 GN=CAT PE=1 SV=3,22.43708818853183,22.594644357678753,-0.15755616914692183,0.26127032071570583,-1.1344558818246822,-0.29291524915426953,0.6027198611298955
AHNAK,Q09666,Neuroblast differentiation-associated protein AHNAK OS=Homo sapiens OX=9606 GN=AHNAK PE=1 SV=2,28.788790989836563,28.589015332730664,0.19977565710589928,0.1517453475295861,1.452521789125853,0.37503951328585533,0.46486603579736663
LCN1,P31025,Lipocalin-1 OS=Homo sapiens OX=9606 GN=LCN1 PE=1 SV=1,26.81032880852774,26.47637609674535,0.3339527117823877,0.02253109576012188,2.3438984551418156,0.6051919787977029,0.18890545024144292
DYNLL1,P63167,"Dynein light chain 1, cytoplasmic OS=Homo sapiens OX=9606 GN=DYNLL1 PE=1 SV=1",25.76429658813552,25.694986535297794,0.06931005283772507,0.2839507490267291,1.0815006009107828,0.2792422544160517,0.6220832459526832
CCL18,P55774,C-C motif chemokine 18 OS=Homo sapiens OX=9606 GN=CCL18 PE=1 SV=1,21.94871920672538,21.954175337696753,-0.005456130971374762,0.9623056984575096,-0.04746498650012675,-0.012255406816196718,0.9896403987364834
ATE1,A0A8I5KXC6,Arginyl-tRNA--protein transferase 1 OS=Homo sapiens OX=9606 GN=ATE1 PE=1 SV=1,15.334879048629379,15.750581910156297,-0.4157028615269187,0.1001100419815854,-1.6709980359874859,-0.4314498376616557,0.3924167757179599
KIF2A,O00139,Kinesin-like protein KIF2A OS=Homo sapiens OX=9606 GN=KIF2A PE=1 SV=3,29.28491626232942,29.310186170769327,-0.025269908439906175,0.8514188778677354,-0.18814607074800677,-0.04857910657742618,0.9511354679205313
CD46,P15529,Membrane cofactor protein OS=Homo sapiens OX=9606 GN=CD46 PE=1 SV=3,25.285345000222936,24.892446422250252,0.3928985779726837,0.2365876195830048,1.1959369619421816,0.3087895957810642,0.5701725839572264
MASP1,P48740,Mannan-binding lectin serine protease 1 OS=Homo sapiens OX=9606 GN=MASP1 PE=1 SV=3,25.906008696088332,25.918148686700114,-0.012139990611782281,0.8812851656120527,-0.1499998268319843,-0.038729788750284766,0.9633823525625859
IGLV1-51,P01701,Immunoglobulin lambda variable 1-51 OS=Homo sapiens OX=9606 GN=IGLV1-51 PE=1 SV=2,22.920475358697697,22.88143049121931,0.03904486747838831,0.563450846047467,0.5810606317781102,0.15002921000089206,0.8167217449987397
FGD6,Q6ZV73,"FYVE, RhoGEF and PH domain-containing protein 6 OS=Homo sapiens OX=9606 GN=FGD6 PE=1 SV=2",17.644360994429274,19.322164452472748,-1.6778034580434742,0.001694198629528549,-3.2925444681816995,-0.850131326127672,0.036471059687013224
MESD,Q14696,LRP chaperone MESD OS=Homo sapiens OX=9606 GN=MESD PE=1 SV=2,27.43230352863022,27.48284745343587,-0.05054392480564829,0.5513792577234469,-0.5991905136011256,-0.15471032535884188,0.8125320606414902
RHOC,P08134,Rho-related GTP-binding protein RhoC OS=Homo sapiens OX=9606 GN=RHOC PE=1 SV=1,27.57098507321589,27.550972955773677,0.02001211744221365,0.8242750819587934,0.22305671816822437,0.05759299698168096,0.9473180056524989
C4B; C4B_2,P0C0L5,Complement C4-B OS=Homo sapiens OX=9606 GN=C4B PE=1 SV=2,29.469378099830408,29.553698066855603,-0.08431996702519484,0.0961463196636884,-1.6913021951576932,-0.43669234901665277,0.3897228682551034
AFF4,Q9UHB7,AF4/FMR2 family member 4 OS=Homo sapiens OX=9606 GN=AFF4 PE=1 SV=1,26.014942548261804,25.888371457689793,0.12657109057201055,0.017955007400092624,2.4357406960191743,0.6289055434241283,0.1669872299023365
IGLV3-19,P01714,Immunoglobulin lambda variable 3-19 OS=Homo sapiens OX=9606 GN=IGLV3-19 PE=1 SV=2,23.598179253984775,23.785572104345306,-0.18739285036053133,0.3258605329588845,-0.9908791234418882,-0.25584388954633575,0.6551630435298657
SPTA1,P02549,"Spectrin alpha chain, erythrocytic 1 OS=Homo sapiens OX=9606 GN=SPTA1 PE=1 SV=5",27.815277200984337,27.763813279626522,0.05146392135781497,0.4231037648776189,0.8067545993212054,0.20830314184315107,0.7262977343211713
FAM151A,Q8WW52,Protein FAM151A OS=Homo sapiens OX=9606 GN=FAM151A PE=1 SV=2,21.18351403319507,20.325878269957705,0.857635763237365,0.131831296678366,1.5284715054214397,0.39464964570998773,0.44212053812344637
SF3B1,O75533,Splicing factor 3B subunit 1 OS=Homo sapiens OX=9606 GN=SF3B1 PE=1 SV=3,29.201077798104674,29.12898444382581,0.07209335427886288,0.2815776354904672,1.0868995509592128,0.28063625732435676,0.6204054956242244
PAPOLA,P51003,Poly(A) polymerase alpha OS=Homo sapiens OX=9606 GN=PAPOLA PE=1 SV=4,23.333828140891498,23.048009238464054,0.2858189024274438,0.3302864803736293,0.9817789727129833,0.25349424073160065,0.6574351167167192
ATP1A2,P50993,Sodium/potassium-transporting ATPase subunit alpha-2 OS=Homo sapiens OX=9606 GN=ATP1A2 PE=1 SV=1,21.41880535985837,21.624683859168975,-0.20587849931060376,0.26753214609744735,-1.1195224824234526,-0.2890594620087212,0.6096977235096332
DYNAP,Q8N1N2,Dynactin-associated protein OS=Homo sapiens OX=9606 GN=DYNAP PE=1 SV=1,25.025630882536202,24.745926406892043,0.27970447564415934,0.4869474498620612,0.6996422039001442,0.18064684026727415,0.7718480473932969
CAPZA1,P52907,F-actin-capping protein subunit alpha-1 OS=Homo sapiens OX=9606 GN=CAPZA1 PE=1 SV=3,23.116231144814524,22.917247547443488,0.19898359737103632,0.20665107258790943,1.277113972498826,0.3297494097797834,0.5309599332782898
APOB,P04114,Apolipoprotein B-100 OS=Homo sapiens OX=9606 GN=APOB PE=1 SV=3,30.136503866863027,29.988820179788675,0.14768368707435187,0.04205957648333245,2.0788960339890292,0.5367686478757439,0.2718242618651794
FYB1,A0A2R8YEE1,FYN binding protein 1 (Fragment) OS=Homo sapiens OX=9606 GN=FYB1 PE=1 SV=1,24.240936361234624,24.067785323812476,0.17315103742214788,0.24824451929516145,1.1663550162224576,0.30115157023967065,0.5875980969349066
FAM3C,Q92520,Protein FAM3C OS=Homo sapiens OX=9606 GN=FAM3C PE=1 SV=1,20.890483066608002,20.94554268054171,-0.055059613933707396,0.8157038889342385,-0.23413603475976463,-0.06045366422477395,0.9448696561800984
ARHGAP6,O43182,Rho GTPase-activating protein 6 OS=Homo sapiens OX=9606 GN=ARHGAP6 PE=1 SV=3,25.621454104427276,25.782319586872497,-0.16086548244522092,0.23173066983766977,-1.2085744497872382,-0.3120525811118511,0.5644448884578103
IPO7,O95373,Importin-7 OS=Homo sapiens OX=9606 GN=IPO7 PE=1 SV=1,26.3877317731635,26.295460612495862,0.0922711606676394,0.3603068802840337,0.922079633768418,0.23807993769747443,0.6784158748011978
HMOX1,P09601,Heme oxygenase 1 OS=Homo sapiens OX=9606 GN=HMOX1 PE=1 SV=1,22.88223688633062,22.072959112096463,0.8092777742341575,2.1834270248466201e-10,7.671056527670727,1.9806582786322944,1.83063118451614e-08
PRG4,J3KP74,Proteoglycan 4 (Fragment) OS=Homo sapiens OX=9606 GN=PRG4 PE=1 SV=8,24.311148596298803,24.327237967067116,-0.01608937076831296,0.8562640472890586,-0.18194019966653677,-0.046976757554276605,0.9522657929234307
MAGED2,Q9UNF1,Melanoma-associated antigen D2 OS=Homo sapiens OX=9606 GN=MAGED2 PE=1 SV=2,27.214399457020242,26.783329480988918,0.43106997603132413,0.09472278427462011,1.6987620335361207,0.43861847100365603,0.3864293260404908
MYL12B,O14950,Myosin regulatory light chain 12B OS=Homo sapiens OX=9606 GN=MYL12B PE=1 SV=2,25.013554039868747,25.032662353477065,-0.019108313608317218,0.8338379783306373,-0.21072819837952003,-0.05440978686001159,0.9494175561810791
KRT3,P12035,"Keratin, type II cytoskeletal 3 OS=Homo sapiens OX=9606 GN=KRT3 PE=1 SV=3",26.969280256756825,27.174439787963404,-0.20515953120657926,0.008314360984173387,-2.732617067363033,-0.7055586928972784,0.10428958305345043
MCF2,P10911,Proto-oncogene DBL OS=Homo sapiens OX=9606 GN=MCF2 PE=1 SV=3,20.16496975347065,21.212211318213857,-1.0472415647432065,0.0287504610325055,-2.2427359774184796,-0.5790719393654656,0.22018982896529452
HPN,P05981,Serine protease hepsin OS=Homo sapiens OX=9606 GN=HPN PE=1 SV=1,23.18487745564287,23.181652376502054,0.003225079140815268,0.9862565872041644,0.017300092789694937,0.004466864750822101,0.9968951417615698
CORO1A,P31146,Coronin-1A OS=Homo sapiens OX=9606 GN=CORO1A PE=1 SV=4,27.6568940850981,27.698126480719353,-0.041232395621253914,0.6248819995000731,-0.49156512173422584,-0.1269215686702052,0.8522577270578907
F10,P00742,Coagulation factor X OS=Homo sapiens OX=9606 GN=F10 PE=1 SV=2,17.164088180997112,17.07776761785076,0.0863205631463515,0.8628122343646247,0.17356429979023652,0.0448141095055825,0.9544860342658661
EIF5B,O60841,Eukaryotic translation initiation factor 5B OS=Homo sapiens OX=9606 GN=EIF5B PE=1 SV=4,26.88643626702204,26.871601078893768,0.014835188128273558,0.8817397803115192,0.14942103124792527,0.03858034437309017,0.9633823525625859
IGHV3-7,P01780,Immunoglobulin heavy variable 3-7 OS=Homo sapiens OX=9606 GN=IGHV3-7 PE=1 SV=2,26.088636729980845,26.046219367757864,0.04241736222298087,0.611069645946424,0.5113178172712747,0.13202169272738493,0.8457288844419231
RBBP6,Q7Z6E9,E3 ubiquitin-protein ligase RBBP6 OS=Homo sapiens OX=9606 GN=RBBP6 PE=1 SV=1,26.1933388026411,26.219283418476966,-0.025944615835864937,0.893829448925483,-0.13404702439372332,-0.03461079287236998,0.9699389047263587
GPRC5C,A0A0C4DFY5,G protein-coupled receptor class C group 5 member C OS=Homo sapiens OX=9606 GN=GPRC5C PE=1 SV=1,18.536760510028724,18.270009608504267,0.2667509015244569,0.5565611676782468,0.5913839352449073,0.1526946754945421,0.8148914890730212
LINS1,Q8NG48,Protein Lines homolog 1 OS=Homo sapiens OX=9606 GN=LINS1 PE=1 SV=2,20.288843320919,19.228815251019665,1.0600280698993352,0.0001995048245306956,3.9717167968603864,1.025492867339503,0.006261882162577027
CTSH,A0A7I2V2L7,Pro-cathepsin H OS=Homo sapiens OX=9606 GN=CTSH PE=1 SV=1,24.74405792508479,24.74181474812776,0.0022431769570303572,0.9802593547327684,0.02485069952033953,0.006416423025591976,0.994961880697222
NEB,P20929,Nebulin OS=Homo sapiens OX=9606 GN=NEB PE=1 SV=6,28.5279042427024,28.07105171204956,0.45685253065284215,0.05986368967336423,1.9193539546818639,0.4955750601306802,0.32000958942842017
RAP1B,B7ZB78,"RAP1B, member of RAS oncogene family OS=Homo sapiens OX=9606 GN=RAP1B PE=1 SV=1",19.581708796394413,18.80263490675219,0.7790738896422233,0.017564388930726885,2.4445248498675043,0.6311736021951353,0.166548045039571
RBP4,P02753,Retinol-binding protein 4 OS=Homo sapiens OX=9606 GN=RBP4 PE=1 SV=3,22.090182872421035,22.145038288503663,-0.054855416082627784,0.7854682013946443,-0.2734637612409077,-0.07060803953848513,0.9337692871803496
RBM19,Q9Y4C8,Probable RNA-binding protein 19 OS=Homo sapiens OX=9606 GN=RBM19 PE=1 SV=3,26.722213900321968,26.740332468547255,-0.01811856822528668,0.7983227828642315,-0.2566947867726977,-0.06627830894859481,0.9364714234924306
RAB13,P51153,Ras-related protein Rab-13 OS=Homo sapiens OX=9606 GN=RAB13 PE=1 SV=1,23.618961051705572,23.82129058743017,-0.20232953572459778,0.41771860592129384,-0.816211945058926,-0.21074501801258558,0.7205881215116513
AZGP1,P25311,Zinc-alpha-2-glycoprotein OS=Homo sapiens OX=9606 GN=AZGP1 PE=1 SV=2,24.255212400345066,24.24286145378865,0.012350946556416886,0.9273417733305175,0.09158700255049826,0.023647662373809063,0.9802377340277638
AGRN,O00468,Agrin OS=Homo sapiens OX=9606 GN=AGRN PE=1 SV=6,23.819018970779403,24.1108660506622,-0.2918470798827961,0.24446580324265055,-1.1758324927312875,-0.30359864415185533,0.5829850667148837
RGS12,O14924,Regulator of G-protein signaling 12 OS=Homo sapiens OX=9606 GN=RGS12 PE=1 SV=1,20.82875283666623,20.48410107525717,0.34465176140906095,0.3939887911697134,0.8587954639461722,0.22174003531079983,0.7051956677902849
Unknown,Q5VST9,Obscurin OS=Homo sapiens OX=9606 GN=OBSCN PE=1 SV=3,23.143316530069946,22.841471360638405,0.30184516943154094,0.031163986283924833,2.2086548271851973,0.570272224213926,0.23528071161275954
DMD,P11532,Dystrophin OS=Homo sapiens OX=9606 GN=DMD PE=1 SV=4,27.528191421155807,27.64390153955857,-0.11571011840276313,0.12174194596355138,-1.5704862902581431,-0.4054978165077903,0.42436525146594606
LALBA,P00709,Alpha-lactalbumin OS=Homo sapiens OX=9606 GN=LALBA PE=1 SV=1,26.569157212351424,26.766278237926898,-0.1971210255754734,0.07636618465180613,-1.8043699804601838,-0.4658863256479263,0.3491974188837072
MORC1,Q86VD1,MORC family CW-type zinc finger protein 1 OS=Homo sapiens OX=9606 GN=MORC1 PE=1 SV=2,22.95141870552461,22.928282851746857,0.023135853777752402,0.8887260777285209,0.14053265952421584,0.036285376662368335,0.9663758647245964
HERC2,O95714,E3 ubiquitin-protein ligase HERC2 OS=Homo sapiens OX=9606 GN=HERC2 PE=1 SV=2,28.22202502065472,28.292885299518183,-0.07086027886346358,0.3237617075571608,-0.9952233149066501,-0.25696555495938633,0.6530448440456099
TAF15,Q92804,TATA-binding protein-associated factor 2N OS=Homo sapiens OX=9606 GN=TAF15 PE=1 SV=1,26.617228028248917,26.64191152560409,-0.0246834973551735,0.8513123457215763,-0.18828260294595753,-0.04861435903935181,0.9511354679205313
MPRIP,A0A494BZV2,Myosin phosphatase Rho interacting protein OS=Homo sapiens OX=9606 GN=MPRIP PE=1 SV=1,28.043778570421,28.193942526396793,-0.1501639559757919,0.09785128226569503,-1.6824859930460525,-0.43441601541964064,0.3908884395964697
COLEC10,Q9Y6Z7,Collectin-10 OS=Homo sapiens OX=9606 GN=COLEC10 PE=1 SV=2,19.114496779132157,18.695348222284924,0.41914855684723307,0.15828195272680784,1.4293010772206007,0.36904395125278056,0.47574179376189607
MICU3,Q86XE3,"Calcium uptake protein 3, mitochondrial OS=Homo sapiens OX=9606 GN=MICU3 PE=1 SV=1",20.702081395859597,19.515571252100994,1.1865101437586034,0.0016924105493136329,3.2928975478998277,0.8502224909188848,0.036471059687013224
PRKCB,P05771,Protein kinase C beta type OS=Homo sapiens OX=9606 GN=PRKCB PE=1 SV=4,29.176109864137672,29.060494723723497,0.11561514041417453,0.041089508119479715,2.089173374736062,0.539422245846181,0.2715999437109178
KRT10,A0A1B0GVI3,"Keratin, type I cytoskeletal 10 OS=Homo sapiens OX=9606 GN=KRT10 PE=1 SV=2",30.253088363446253,30.15291692445262,0.1001714389936339,0.08546688137721761,1.749656660002247,0.4517594070513064,0.36896678057969556
KLKB1,P03952,Plasma kallikrein OS=Homo sapiens OX=9606 GN=KLKB1 PE=1 SV=2,20.516443779787988,20.521962244523262,-0.00551846473527462,0.978594364081149,-0.02694718494825703,-0.006957733235451377,0.994961880697222
C4B,A0A140TA29,Complement C4B (Chido blood group) OS=Homo sapiens OX=9606 GN=C4B PE=1 SV=1,24.10935586155732,24.07191396488862,0.03744189666869957,0.7850000033306967,0.2740759798359337,0.07076611370000341,0.9337692871803496
C4A,P0C0L4,Complement C4-A OS=Homo sapiens OX=9606 GN=C4A PE=1 SV=2,23.6391670317585,23.182907506939895,0.45625952481860566,0.07871151798670956,1.7897705698415391,0.4621167740352293,0.3502442685833193
FERMT3,A0A8V8TME2,FERM domain containing kindlin 3 OS=Homo sapiens OX=9606 GN=FERMT3 PE=1 SV=1,29.61809036059224,29.480755698006774,0.13733466258546656,0.1768248541124475,1.3672426907424065,0.3530205447646106,0.5011527288721463
KRT76,Q01546,"Keratin, type II cytoskeletal 2 oral OS=Homo sapiens OX=9606 GN=KRT76 PE=1 SV=2",24.233263965391423,24.246981332136578,-0.01371736674515489,0.8319580716656233,-0.21314915130350082,-0.055034874217113575,0.9494175561810791
SERPINA1,A0A024R6N5,Serpin family A member 1 OS=Homo sapiens OX=9606 GN=SERPINA1 PE=1 SV=1,25.619204760602468,25.311524802418557,0.30767995818391114,0.015288900778496508,2.499493428524336,0.6453664281753089,0.15384304065561794
LTBP1,C9JD84,Latent transforming growth factor beta binding protein 1 OS=Homo sapiens OX=9606 GN=LTBP1 PE=1 SV=1,27.06284908122064,26.51011567809728,0.5527334031233622,0.209668219401864,1.26855370150538,0.32753915731334077,0.5352587716461048
ITIH4,B7ZKJ8,ITIH4 protein OS=Homo sapiens OX=9606 GN=ITIH4 PE=1 SV=1,28.988680444561464,28.821075199958578,0.1676052446028855,0.3560706359597552,0.9303022937269417,0.2402030193695337,0.674292962669072
Unknown,A0A8Q3SIA1,Sushi domain-containing protein OS=Homo sapiens OX=9606 PE=4 SV=1,22.391545080088044,22.517155300007236,-0.1256102199191922,0.3060944435055335,-1.032564017607921,-0.2666068829392333,0.6380609099900814
KRT15,P19012,"Keratin, type I cytoskeletal 15 OS=Homo sapiens OX=9606 GN=KRT15 PE=1 SV=3",19.867962265712755,19.45917246044968,0.4087898052630763,0.4007828610233214,0.8464461165085787,0.2185514475133112,0.7109655875391436
CFH,A0A8Q3WLY2,Complement factor H (Fragment) OS=Homo sapiens OX=9606 GN=CFH PE=1 SV=1,23.626011271597477,23.688904319465724,-0.06289304786824701,0.5917338858868035,-0.5393150593566838,-0.13925054954982005,0.8297817607549982
IGHG4,P01861,Immunoglobulin heavy constant gamma 4 OS=Homo sapiens OX=9606 GN=IGHG4 PE=1 SV=2,25.74697915615649,25.590173162151572,0.15680599400491602,0.299238487458487,1.0474479458110202,0.27044989667635005,0.6322107566596417
IGLC2,P0DOY2,Immunoglobulin lambda constant 2 OS=Homo sapiens OX=9606 GN=IGLC2 PE=1 SV=1,27.152989287941544,27.306212997551846,-0.15322370961030174,0.11759758609719412,-1.588556182010986,-0.4101634424962258,0.41629545478406715
HBA1,G3V1N2,Alpha-globin OS=Homo sapiens OX=9606 GN=HBA1 PE=1 SV=1,18.706222323300562,18.72317006576612,-0.016947742465557525,0.9683159602056961,-0.039892340432523904,-0.010300158009093455,0.9905962189126991
C1QB,A0A8Q3WM25,Complement C1q B chain OS=Homo sapiens OX=9606 GN=C1QB PE=1 SV=1,28.126703701824905,28.083381242584583,0.043322459240322075,0.2964761722389178,1.0535107006574944,0.2720152932465189,0.6308882964216467
KRT13,K7EMD9,Keratin 13 (Fragment) OS=Homo sapiens OX=9606 GN=KRT13 PE=1 SV=1,18.382105109582962,20.84893185760659,-2.466826748023628,9.44720412548677e-15,-10.322518358965047,-2.6652627796794626,1.5049396171900426e-12
ACTBL2,Q562R1,Beta-actin-like protein 2 OS=Homo sapiens OX=9606 GN=ACTBL2 PE=1 SV=2,24.045944880868046,23.917850395607285,0.1280944852607604,0.6240389564001403,0.49276510689791203,0.12723140350718204,0.8522577270578907
HBD,P02042,Hemoglobin subunit delta OS=Homo sapiens OX=9606 GN=HBD PE=1 SV=2,29.96617032811514,30.03777314571796,-0.07160281760281961,0.45654285771689795,-0.7495708374802896,-0.19353835802426053,0.7489112672099768
FHL1,Q5JXI2,Four and a half LIM domains 1 OS=Homo sapiens OX=9606 GN=FHL1 PE=1 SV=1,22.410546377527314,22.396379016964918,0.014167360562396425,0.9324356820769555,0.08514963160025717,0.021985540341566186,0.9802377340277638
CSRP1,E9PP21,Cysteine and glycine-rich protein 1 OS=Homo sapiens OX=9606 GN=CSRP1 PE=1 SV=1,22.880293650674666,22.499746024468866,0.38054762620580007,0.11480847488399643,1.6010077322123013,0.4133784189338365,0.41629545478406715
IGHA2,P01877,Immunoglobulin heavy constant alpha 2 OS=Homo sapiens OX=9606 GN=IGHA2 PE=1 SV=5,25.225921981999306,25.127544710120368,0.09837727187893819,0.49745540667658794,0.6827938195921868,0.17629660614492604,0.7795692867399938
KRT73,Q86Y46,"Keratin, type II cytoskeletal 73 OS=Homo sapiens OX=9606 GN=KRT73 PE=1 SV=1",27.467012331286504,27.580509143953716,-0.11349681266721134,0.3989271547298413,-0.8498062371620658,-0.21941902693545814,0.7100339939470728
KRT72,Q14CN4,"Keratin, type II cytoskeletal 72 OS=Homo sapiens OX=9606 GN=KRT72 PE=1 SV=2",26.81786675584714,26.774617424908605,0.043249330938536446,0.8514244678309338,0.1881389067181938,0.048577256832882346,0.9511354679205313
TUBA4A,P68366,Tubulin alpha-4A chain OS=Homo sapiens OX=9606 GN=TUBA4A PE=1 SV=1,26.477964135555364,26.650162657303735,-0.17219852174837058,0.15728318413846415,-1.4328001880554562,-0.36994741778544243,0.47543095319273887
HNRNPK,A0A994J4E9,Heterogeneous nuclear ribonucleoprotein K OS=Homo sapiens OX=9606 GN=HNRNPK PE=1 SV=1,28.68110848437566,28.797169783309588,-0.11606129893392847,0.17537282100981436,-1.371916654501828,-0.35422735701801156,0.4988730426225612
FHL1,Q5JXI0,Four and a half LIM domains 1 (Fragment) OS=Homo sapiens OX=9606 GN=FHL1 PE=1 SV=1,31.499985852147653,31.81047787636708,-0.31049202421942823,0.06618248919213762,-1.8724904704873584,-0.48347496054197536,0.3384823701258969
RAB1B,Q9H0U4,Ras-related protein Rab-1B OS=Homo sapiens OX=9606 GN=RAB1B PE=1 SV=1,27.28080498869728,27.309144015681056,-0.028339026983775994,0.7949638610155036,-0.2610692783981804,-0.0674077978295027,0.9352861378121842
TUBA1C,F5H5D3,Tubulin alpha chain OS=Homo sapiens OX=9606 GN=TUBA1C PE=1 SV=1,18.997012066375326,18.564134142246324,0.43287792412900217,0.3244411457098674,0.9938149465476683,0.2566019158127422,0.6533941151906684
CPN1,P15169,Carboxypeptidase N catalytic chain OS=Homo sapiens OX=9606 GN=CPN1 PE=1 SV=1,27.822663123156946,27.92317413017742,-0.10051100702047222,0.29100326149963784,-1.0656382812934646,-0.2751466211020456,0.6281411864077548
KRT84,Q9NSB2,"Keratin, type II cuticular Hb4 OS=Homo sapiens OX=9606 GN=KRT84 PE=1 SV=2",18.459265576169578,18.89127760227016,-0.4320120261005833,0.17342235997734815,-1.3782418678177146,-0.3558605200735875,0.4959318448495596
CFB,P00751,Complement factor B OS=Homo sapiens OX=9606 GN=CFB PE=1 SV=2,23.28372519869451,22.997376209746292,0.28634898894821603,0.20344496202683643,1.2863130208272453,0.3321245938449117,0.52641304567103
AMBP,S4R3Y4,Alpha-1-microglobulin/bikunin precursor OS=Homo sapiens OX=9606 GN=AMBP PE=1 SV=1,29.795601120262344,29.78170352122957,0.013897599032773655,0.8872865199374484,0.14236320149557474,0.03675802056700879,0.9654695534565269
SYNCRIP,A0A7I2YQV8,Synaptotagmin binding cytoplasmic RNA interacting protein OS=Homo sapiens OX=9606 GN=SYNCRIP PE=1 SV=1,24.695011233199935,24.7718526416229,-0.07684140842296472,0.5772514589445178,-0.5605675851471816,-0.14473792811324954,0.8217708436984958
PCOLCE,Q15113,Procollagen C-endopeptidase enhancer 1 OS=Homo sapiens OX=9606 GN=PCOLCE PE=1 SV=2,27.63427141628095,27.563592540420668,0.07067887586028121,0.41735981274432665,0.816844660118516,0.21090838433849798,0.7205881215116513
Unknown,H0YJW9,Uncharacterized protein (Fragment) OS=Homo sapiens OX=9606 PE=1 SV=3,24.410116489885354,24.218882811107484,0.1912336787778699,0.4153831060075912,0.8203364062490857,0.21180994931269007,0.7205881215116513
WAS,A0A8V8TNH9,WASP actin nucleation promoting factor OS=Homo sapiens OX=9606 GN=WAS PE=1 SV=1,28.30097907479104,28.5554926270101,-0.25451355221905914,0.04840150064280065,-2.0163576889716506,-0.5206213166256317,0.28877749259918145
CALD1,E9PGZ1,Caldesmon 1 OS=Homo sapiens OX=9606 GN=CALD1 PE=1 SV=1,28.19041385164384,28.15989954489347,0.030514306750369258,0.9569448875332106,0.05422167867419915,0.013999977233905544,0.9894983718495022
PZP,P20742,Pregnancy zone protein OS=Homo sapiens OX=9606 GN=PZP PE=1 SV=4,27.658035241729937,27.710373032147192,-0.05233779041725484,0.5593743501751973,-0.5871611019725116,-0.15160434463202216,0.8164816322279094
CFD,P00746,Complement factor D OS=Homo sapiens OX=9606 GN=CFD PE=1 SV=5,27.06344999028906,27.192684080769265,-0.12923409048020318,0.35022785299033066,-0.941747847810118,-0.24315824872635095,0.6729951342267456
TUBB,P07437,Tubulin beta chain OS=Homo sapiens OX=9606 GN=TUBB PE=1 SV=2,27.423376433889846,27.61139327705384,-0.18801684316399303,0.06921229655246955,-1.8513512332214705,-0.4780168329498213,0.34346083659108756
BZW1,Q7L1Q6,eIF5-mimic protein 2 OS=Homo sapiens OX=9606 GN=BZW1 PE=1 SV=1,28.927104435381406,29.007513019055658,-0.0804085836742523,0.24292286603719676,-1.179732694872785,-0.3046056720145795,0.5810452336295112
FCN1,O00602,Ficolin-1 OS=Homo sapiens OX=9606 GN=FCN1 PE=1 SV=2,28.90402464877133,28.861508748236666,0.04251590053466359,0.5834553357898389,0.5514327624140203,0.14237932702551012,0.823975487511714
CDH1,P12830,Cadherin-1 OS=Homo sapiens OX=9606 GN=CDH1 PE=1 SV=3,28.390824298279167,28.389189394696288,0.0016349035828788772,0.9694163246912664,0.038506198128234255,0.009942257605094299,0.9905962189126991
CDH1,H3BNC6,Cadherin 1 OS=Homo sapiens OX=9606 GN=CDH1 PE=1 SV=1,24.193832795066225,24.290298802981834,-0.096466007915609,0.38307873487631894,-0.8789065593698815,-0.22693269782080078,0.6954772517200395
KRAS,A0A8I5KQ21,"KRAS proto-oncogene, GTPase OS=Homo sapiens OX=9606 GN=KRAS PE=1 SV=1",24.858593387615468,24.612852095229766,0.24574129238570208,0.13629955935481367,1.5106791616768556,0.3900556823091362,0.44746572151303493
ROCK2,O75116,Rho-associated protein kinase 2 OS=Homo sapiens OX=9606 GN=ROCK2 PE=1 SV=4,28.177693826214945,28.345029107901514,-0.16733528168656875,0.01174301121074237,-2.6020397149218266,-0.6718437654708354,0.131736738441638
CD9,A0A2R8Y478,CD9 molecule OS=Homo sapiens OX=9606 GN=CD9 PE=1 SV=1,26.611122431778234,26.09863230466597,0.5124901271122653,0.00715392813786313,2.7882988171459515,0.7199356588704073,0.09657802986115226
H2BC12,O60814,Histone H2B type 1-K OS=Homo sapiens OX=9606 GN=H2BC12 PE=1 SV=3,24.06603263407653,24.027877362376557,0.038155271699974236,0.7027373292506178,0.38351885760296534,0.09902414323018523,0.8884129766198156
PGLYRP2,Q96PD5,N-acetylmuramoyl-L-alanine amidase OS=Homo sapiens OX=9606 GN=PGLYRP2 PE=1 SV=1,26.681332077809735,26.76239041448761,-0.08105833667787365,0.646796793059849,-0.4606156918980883,-0.11893046024820685,0.8622153065643009
UBC,F5H2Z3,Ubiquitin C (Fragment) OS=Homo sapiens OX=9606 GN=UBC PE=1 SV=1,17.95515174453467,18.977400844565818,-1.0222491000311464,0.00020047457017666567,-3.970245535584642,-1.0251129893115778,0.006261882162577027
UBA52,P62987,Ubiquitin-ribosomal protein eL40 fusion protein OS=Homo sapiens OX=9606 GN=UBA52 PE=1 SV=2,28.24402127548411,27.354746927893537,0.8892743475905718,0.198590760261679,1.3004492320498917,0.3357745478878304,0.52641304567103
FLNB,O75369,Filamin-B OS=Homo sapiens OX=9606 GN=FLNB PE=1 SV=2,20.85719656359185,20.296380171042774,0.560816392549075,0.01636858977791862,2.472553299554966,0.6384105167857722,0.16095779948286643
HBG2,P69892,Hemoglobin subunit gamma-2 OS=Homo sapiens OX=9606 GN=HBG2 PE=1 SV=2,26.531940541904135,26.746042302640703,-0.21410176073656828,0.10403972154184798,-1.6515074488111947,-0.42641738969221704,0.3978712708019038
RAB14,P61106,Ras-related protein Rab-14 OS=Homo sapiens OX=9606 GN=RAB14 PE=1 SV=4,26.85495564149539,26.874692214807002,-0.019736573311611494,0.9159232134477672,-0.1060315313112282,-0.02737722366275047,0.9772710509191515
IGHV3OR16-9,A0A0B4J2B5,Immunoglobulin heavy variable 3/OR16-9 (non-functional) (Fragment) OS=Homo sapiens OX=9606 GN=IGHV3OR16-9 PE=1 SV=1,21.8302790116978,21.794543808335494,0.03573520336230729,0.7552390361004322,0.3132174741785953,0.08087240408232342,0.9199985027578149
DNM2,P50570,Dynamin-2 OS=Homo sapiens OX=9606 GN=DNM2 PE=1 SV=2,28.29801479633942,28.282460243347302,0.01555455299211772,0.867170034138592,0.1679970522704091,0.04337665237701542,0.9573124493297137
NEFH,P12036,Neurofilament heavy polypeptide OS=Homo sapiens OX=9606 GN=NEFH PE=1 SV=5,23.983561288843116,23.619630494475416,0.36393079436770037,0.06037616787057273,1.9154004865679028,0.49455427905300475,0.3216696836716467
EZR,P15311,Ezrin OS=Homo sapiens OX=9606 GN=EZR PE=1 SV=4,22.52640875921618,22.86975467158017,-0.3433459123639899,0.05399327876197474,-1.9668295105181635,-0.5078331959377422,0.30449713859821786
MNDA,P41218,Myeloid cell nuclear differentiation antigen OS=Homo sapiens OX=9606 GN=MNDA PE=1 SV=1,28.54322919311373,28.415282750789608,0.12794644232412367,0.20061431482710687,1.2945252184362666,0.33424497414994525,0.52641304567103
RDX,P35241,Radixin OS=Homo sapiens OX=9606 GN=RDX PE=1 SV=1,24.07560612488095,24.083527362094053,-0.007921237213103893,0.9438376211464243,-0.07075314663843091,-0.01826838390816095,0.9846321745162109
RHOG,P84095,Rho-related GTP-binding protein RhoG OS=Homo sapiens OX=9606 GN=RHOG PE=1 SV=1,24.572498492643785,24.6089786323702,-0.03648013972641451,0.669918984292764,-0.4284383104233424,-0.11062229607645659,0.8745629642681785
IGF2,P01344,Insulin-like growth factor 2 OS=Homo sapiens OX=9606 GN=IGF2 PE=1 SV=1,22.405133099608516,22.378362050379472,0.026771049229044053,0.8500630290212845,0.1898840012810702,0.04902783831152085,0.9511354679205313
KRT31,Q15323,"Keratin, type I cuticular Ha1 OS=Homo sapiens OX=9606 GN=KRT31 PE=1 SV=3",26.90208355637353,26.66634012308019,0.23574343329334013,0.04641993186772508,2.035096217674503,0.5254595839322036,0.2843913899805315
ENO3,P13929,Beta-enolase OS=Homo sapiens OX=9606 GN=ENO3 PE=1 SV=5,23.98697104546262,24.07646909470767,-0.0894980492450479,0.2953142447871944,-1.0560724912503208,-0.27267674473335135,0.6306107130643441
PRAM1,Q96QH2,PML-RARA-regulated adapter molecule 1 OS=Homo sapiens OX=9606 GN=PRAM1 PE=1 SV=3,28.112633743215884,28.196669033921943,-0.08403529070605842,0.280660918808407,-1.0889936045566242,-0.2811769396382794,0.6197544907913511
KIF2A,A0A6Q8PFA6,Kinesin-like protein OS=Homo sapiens OX=9606 GN=KIF2A PE=1 SV=1,22.728882403596465,22.079775112084928,0.6491072915115375,0.1256393633085695,1.5539379409913838,0.4012250510999649,0.42949250161062497
HNRNPA3,P51991,Heterogeneous nuclear ribonucleoprotein A3 OS=Homo sapiens OX=9606 GN=HNRNPA3 PE=1 SV=2,28.602161776070822,28.700759543014257,-0.0985977669434348,0.2336221565959422,-1.203630226746491,-0.31077598821206776,0.5673172186849633
INF2,A0A6Q8PHS8,Inverted formin 2 (Fragment) OS=Homo sapiens OX=9606 GN=INF2 PE=1 SV=1,23.13521835273174,23.254422414942084,-0.11920406221034341,0.5749494698711928,-0.563969154758917,-0.14561620961039726,0.8214300497800988
KRT33B,Q14525,"Keratin, type I cuticular Ha3-II OS=Homo sapiens OX=9606 GN=KRT33B PE=1 SV=3",21.993516232085124,21.045019181900066,0.9484970501850576,0.021257295606379532,2.367650966057937,0.6113248507449528,0.18012165904767338
TMA7,Q9Y2S6,Translation machinery-associated protein 7 OS=Homo sapiens OX=9606 GN=TMA7 PE=1 SV=1,25.669294754113604,25.725364316292595,-0.056069562178990395,0.56729203958205,-0.5753322395803194,-0.14855014549538617,0.8196749562944615
KRT36,O76013,"Keratin, type I cuticular Ha6 OS=Homo sapiens OX=9606 GN=KRT36 PE=1 SV=1",30.53628383569296,29.99082180475453,0.545462030938431,0.32385776948903444,0.9950240738248854,0.2569141111332827,0.6530448440456099
VCL,P18206,Vinculin OS=Homo sapiens OX=9606 GN=VCL PE=1 SV=4,28.63287601653946,28.805571937687567,-0.17269592114810806,0.09913303803953154,-1.6759407152491488,-0.4327260319593933,0.3908884395964697
MYL6,G3V1V0,Myosin light chain 6 OS=Homo sapiens OX=9606 GN=MYL6 PE=1 SV=1,20.559343656862044,20.42443195776021,0.13491169910183487,0.6529683106429687,0.45198125810117773,0.11670105902824916,0.8632186878458499
ITGA6,P23229,Integrin alpha-6 OS=Homo sapiens OX=9606 GN=ITGA6 PE=1 SV=5,28.061708922316015,28.05183999056163,0.009868931754386523,0.9258123451987244,0.09352054185822532,0.024146900076346692,0.9802377340277638
FAP,Q12884,Prolyl endopeptidase FAP OS=Homo sapiens OX=9606 GN=FAP PE=1 SV=5,27.728685925207735,27.80954867314669,-0.08086274793895498,0.39554890480418237,-0.8559481076841927,-0.2210048510852421,0.7071934964680837
SEPTIN11,Q9NVA2,Septin-11 OS=Homo sapiens OX=9606 GN=SEPTIN11 PE=1 SV=3,25.043608945773876,24.874806971413648,0.16880197436022826,0.33140012474797587,0.9795020000626812,0.25290632892130804,0.6574351167167192
LYZ,P61626,Lysozyme C OS=Homo sapiens OX=9606 GN=LYZ PE=1 SV=1,25.44307872120597,25.184657049852888,0.2584216713530836,0.0826608539071236,1.7659869454425219,0.45597586862123957,0.36175478097265906
LYZ,A0A0B4J259,Lysozyme C OS=Homo sapiens OX=9606 GN=LYZ PE=1 SV=1,23.040998859190022,23.118159696074816,-0.07716083688479358,0.5455806318902081,-0.6079701954019191,-0.15697722945214013,0.809106505592632
IQGAP3,Q86VI3,Ras GTPase-activating-like protein IQGAP3 OS=Homo sapiens OX=9606 GN=IQGAP3 PE=1 SV=2,27.412888735327318,27.501516274351218,-0.08862753902389997,0.34564043502989317,-0.9508215999878146,-0.24550108146447308,0.6698360255506325
CHMP4B,Q9H444,Charged multivesicular body protein 4b OS=Homo sapiens OX=9606 GN=CHMP4B PE=1 SV=1,27.031658374002536,27.07840706938733,-0.04674869538479598,0.7380622361276655,-0.336028191982401,-0.08676210609360185,0.9114210404274196
CCT4,P50991,T-complex protein 1 subunit delta OS=Homo sapiens OX=9606 GN=CCT4 PE=1 SV=4,28.141711875382576,28.10658661295564,0.03512526242693781,0.6920022845829762,0.39812157276263577,0.1027945480717062,0.8833009930614432
MPIG6B,A0A140T9L8,C6orf25 OS=Homo sapiens OX=9606 GN=MPIG6B PE=1 SV=1,24.589984193840092,24.45893567231605,0.13104852152404334,0.1802498509370668,1.356332989935385,0.35020367212876397,0.507321247543145
HNRNPDL,O14979,Heterogeneous nuclear ribonucleoprotein D-like OS=Homo sapiens OX=9606 GN=HNRNPDL PE=1 SV=3,25.001935778314692,24.981835401297296,0.020100377017396198,0.8176074884145537,0.23167292356786365,0.059817691649701306,0.9448696561800984
CNN2,Q99439,Calponin-2 OS=Homo sapiens OX=9606 GN=CNN2 PE=1 SV=4,27.67699189236752,27.824534468808164,-0.1475425764406424,0.06982686565640514,-1.847158839297255,-0.47693436149320606,0.34346083659108756
ACTN1,A0A804HKE2,Alpha-actinin-1 OS=Homo sapiens OX=9606 GN=ACTN1 PE=1 SV=1,25.306757823385222,25.368219170559204,-0.06146134717398155,0.6743917481578517,-0.42226652525358643,-0.1090287479978676,0.8762692127369149
CHMP2A,O43633,Charged multivesicular body protein 2a OS=Homo sapiens OX=9606 GN=CHMP2A PE=1 SV=1,28.113597420717134,28.18795669836909,-0.07435927765195416,0.12431929652416683,-1.5594962995731507,-0.4026602131145937,0.42773356233908805
IGFBP2,P18065,Insulin-like growth factor-binding protein 2 OS=Homo sapiens OX=9606 GN=IGFBP2 PE=1 SV=2,29.10647973203264,29.192406792438415,-0.08592706040577625,0.3332635117790519,-0.9757034163070631,-0.25192553881299584,0.6575388111664663
UNC13D,Q70J99,Protein unc-13 homolog D OS=Homo sapiens OX=9606 GN=UNC13D PE=1 SV=1,27.56492553273,27.348100827023504,0.2168247057064967,0.11467174797241413,1.6016243759368924,0.41353763565889545,0.41629545478406715
IGHV3-74,A0A0B4J1X5,Immunoglobulin heavy variable 3-74 OS=Homo sapiens OX=9606 GN=IGHV3-74 PE=1 SV=1,24.12785652582373,24.168467102587197,-0.040610576763466355,0.5542054138294625,-0.5949283468857618,-0.15360983864501762,0.8136859209496164
IGKV3D-20,A0A0C4DH25,Immunoglobulin kappa variable 3D-20 OS=Homo sapiens OX=9606 GN=IGKV3D-20 PE=1 SV=1,25.573133969747303,25.717392167759403,-0.14425819801209983,0.22015954259691897,-1.2394805862038074,-0.32003251122098353,0.5502203658900542
CCT6A,P40227,T-complex protein 1 subunit zeta OS=Homo sapiens OX=9606 GN=CCT6A PE=1 SV=3,26.193562698692787,26.370011421359045,-0.1764487226662581,0.15069617110358616,-1.4563212433594441,-0.3760205281506137,0.46486603579736663
HNRNPAB,D6RBZ0,Heterogeneous nuclear ribonucleoprotein A/B OS=Homo sapiens OX=9606 GN=HNRNPAB PE=1 SV=1,24.759663443405152,24.751409119985922,0.008254323419230047,0.9023363659816489,0.12324857504629998,0.03182264523987432,0.9732036770540059
CAND1,Q86VP6,Cullin-associated NEDD8-dissociated protein 1 OS=Homo sapiens OX=9606 GN=CAND1 PE=1 SV=2,28.324349559949713,28.433877573255824,-0.10952801330611095,0.22036446543493698,-1.2389229967301618,-0.3198885422379535,0.5502203658900542
LECT2,O14960,Leukocyte cell-derived chemotaxin-2 OS=Homo sapiens OX=9606 GN=LECT2 PE=1 SV=2,22.582565463390203,22.54261782340091,0.03994763998929329,0.722885604263569,0.35633109717633765,0.09200429367331815,0.900442838109251
Unknown,A0A0U1RRH7,Histone H2A OS=Homo sapiens OX=9606 PE=3 SV=1,22.88468224720301,22.67740228845924,0.2072799587437686,0.25739364734096537,1.1438286819507755,0.2953352957406489,0.5994562576230378
DNM1,Q05193,Dynamin-1 OS=Homo sapiens OX=9606 GN=DNM1 PE=1 SV=2,24.303688300090748,24.287494387185927,0.016193912904821417,0.8973716947167645,0.12954873575867756,0.0334493397410389,0.971784089085593
MYL9,P24844,Myosin regulatory light polypeptide 9 OS=Homo sapiens OX=9606 GN=MYL9 PE=1 SV=4,24.52472607679832,24.19095921652145,0.33376686027687086,0.05502043714315729,1.9582142154868685,0.5056087363258176,0.3056680199278122
SNX2,O60749,Sorting nexin-2 OS=Homo sapiens OX=9606 GN=SNX2 PE=1 SV=2,25.18012401443942,25.045163434408614,0.1349605800308069,0.3460716807873364,0.9499652753662667,0.24527997939792628,0.669856849932232
GP1BA,P07359,Platelet glycoprotein Ib alpha chain OS=Homo sapiens OX=9606 GN=GP1BA PE=1 SV=2,24.400241300968318,24.426307393262075,-0.026066092293756782,0.7138069641718279,-0.368547375141708,-0.0951585230808195,0.8943623353357705
S100A7A,Q86SG5,Protein S100-A7A OS=Homo sapiens OX=9606 GN=S100A7A PE=1 SV=3,30.793840389197193,30.623610979029362,0.17022941016783122,0.11198060843017117,1.6138841391200667,0.41670309290135416,0.41423354719349154
CCT7,Q99832,T-complex protein 1 subunit eta OS=Homo sapiens OX=9606 GN=CCT7 PE=1 SV=2,27.882018009092306,27.944129840904868,-0.062111831812561746,0.6713702241901529,-0.42643400072992776,-0.11010478553890743,0.8745629642681785
IGHV3-30,P01768,Immunoglobulin heavy variable 3-30 OS=Homo sapiens OX=9606 GN=IGHV3-30 PE=1 SV=2,25.286016281795558,25.288936834313805,-0.002920552518247632,0.9768170824066629,-0.02918519564030443,-0.007535585111380292,0.9942936819640983
APEX1,P27695,DNA repair nuclease/redox regulator APEX1 OS=Homo sapiens OX=9606 GN=APEX1 PE=1 SV=2,23.912276744539138,24.01037028020622,-0.09809353566708268,0.5014599423881801,-0.6764243545558795,-0.17465201734426813,0.7831624394356578
DENR,O43583,Density-regulated protein OS=Homo sapiens OX=9606 GN=DENR PE=1 SV=2,27.259689949128692,27.322286542377235,-0.06259659324854283,0.6184659940448456,-0.500715860563632,-0.12928427927632413,0.8507913026886347
PGK1,P00558,Phosphoglycerate kinase 1 OS=Homo sapiens OX=9606 GN=PGK1 PE=1 SV=3,28.907126537881158,29.04176599378685,-0.13463945590569182,0.16151523520402075,-1.4180898372562842,-0.366149221541305,0.48002568970150195
HLA-A,Q5RJ27,MHC class I antigen OS=Homo sapiens OX=9606 GN=HLA-A PE=1 SV=2,21.941121609365016,22.253171577919957,-0.31204996855494116,0.18981629241076067,-1.326674472918259,-0.34254587596339464,0.5177928564550094
KRT86,O43790,"Keratin, type II cuticular Hb6 OS=Homo sapiens OX=9606 GN=KRT86 PE=1 SV=1",19.427089630822927,18.020761627002937,1.40632800381999,0.00011340063340851527,4.1414196797959635,1.0693099633003613,0.003927113239560105
HLA-A,A0A0G2JPD3,"Major histocompatibility complex, class I, A OS=Homo sapiens OX=9606 GN=HLA-A PE=1 SV=1",20.699984843132544,20.973082775797153,-0.2730979326646086,0.27154657636763097,-1.1100780780961377,-0.28662092729708516,0.6134732039134575
DEFA3,P59666,Neutrophil defensin 3 OS=Homo sapiens OX=9606 GN=DEFA3 PE=1 SV=1,28.224753813233757,28.230475814003036,-0.005722000769278424,0.9493876477598124,-0.06375107118511336,-0.016460455800188505,0.987834436891823
RBMX,P38159,"RNA-binding motif protein, X chromosome OS=Homo sapiens OX=9606 GN=RBMX PE=1 SV=3",29.35647482691663,29.231695900782665,0.1247789261339669,0.09194360737874706,1.7135957018789445,0.4424485077006508,0.3826970998291902
GP9,P14770,Platelet glycoprotein IX OS=Homo sapiens OX=9606 GN=GP9 PE=1 SV=3,26.265759205980498,26.411235674648275,-0.14547646866777697,0.14203960546862301,-1.4884881207469378,-0.3843259801786977,0.4500395630284168
KRT85,P78386,"Keratin, type II cuticular Hb5 OS=Homo sapiens OX=9606 GN=KRT85 PE=1 SV=1",28.096962407954187,28.244689829058668,-0.14772742110448078,0.06643060895485679,-1.8707289325002179,-0.48302013338944827,0.3384823701258969
PDCD10,Q9BUL8,Programmed cell death protein 10 OS=Homo sapiens OX=9606 GN=PDCD10 PE=1 SV=1,23.801330526808677,23.701425217764363,0.09990530904431338,0.4272749957794587,0.7994787452905442,0.20642452441047193,0.7291173405724882
NAP1L1,P55209,Nucleosome assembly protein 1-like 1 OS=Homo sapiens OX=9606 GN=NAP1L1 PE=1 SV=1,27.65475962451095,27.742518690113304,-0.08775906560235214,0.1419933143115909,-1.4886642271615127,-0.38437145065941825,0.4500395630284168
SEPTIN7,Q16181,Septin-7 OS=Homo sapiens OX=9606 GN=SEPTIN7 PE=1 SV=2,22.971285578493834,23.060473439482568,-0.08918786098873355,0.5555665536926594,-0.592879489201364,-0.1530808258656562,0.8143152187447891
HLA-C,P10321,"HLA class I histocompatibility antigen, C alpha chain OS=Homo sapiens OX=9606 GN=HLA-C PE=1 SV=3",22.986391319231117,22.889513508080686,0.09687781115043137,0.6296863898991882,0.4847401678691132,0.12515937315965756,0.855149547407849
HLA-A,A0A140T9I0,"Major histocompatibility complex, class I, A (Fragment) OS=Homo sapiens OX=9606 GN=HLA-A PE=1 SV=1",26.630777726899453,26.827995221997117,-0.1972174950976644,0.3054191638211016,-1.0340198613836227,-0.2669827801857648,0.6380609099900814
PLTP,P55058,Phospholipid transfer protein OS=Homo sapiens OX=9606 GN=PLTP PE=1 SV=1,22.99442167938373,22.65719514199952,0.33722653738421116,0.4262016415198111,0.8013469106559779,0.20690688263369097,0.728475552511866
IGKV1-5,P01602,Immunoglobulin kappa variable 1-5 OS=Homo sapiens OX=9606 GN=IGKV1-5 PE=1 SV=2,25.462745094986374,25.357365454810612,0.10537964017576229,0.2719522612373641,1.1091291357271675,0.28637591143098307,0.6134732039134575
HNRNPR,O43390,Heterogeneous nuclear ribonucleoprotein R OS=Homo sapiens OX=9606 GN=HNRNPR PE=1 SV=1,23.383986827292173,23.312452696917514,0.07153413037465839,0.7694075746978823,0.2945260196695439,0.07604629128032678,0.930650164383999
CRTAC1,Q9NQ79,Cartilage acidic protein 1 OS=Homo sapiens OX=9606 GN=CRTAC1 PE=1 SV=2,24.213434966784845,23.782755143862143,0.430679822922702,0.048135827965820485,2.0188311547858344,0.5212599627526816,0.2882720825171129
IGHV3-48,P01763,Immunoglobulin heavy variable 3-48 OS=Homo sapiens OX=9606 GN=IGHV3-48 PE=1 SV=2,25.184390304688357,25.366854761834848,-0.18246445714649084,0.1712100816680119,-1.385482510159755,-0.3577300458873586,0.49284237419650556
HLA-A,P04439,"HLA class I histocompatibility antigen, A alpha chain OS=Homo sapiens OX=9606 GN=HLA-A PE=1 SV=2",23.69596733456602,23.448374603138625,0.24759273142739602,0.019254352485725604,2.4077073220277714,0.6216673573836811,0.1704010194986716
KIAA0513,O60268,Uncharacterized protein KIAA0513 OS=Homo sapiens OX=9606 GN=KIAA0513 PE=1 SV=1,26.96563698726122,26.95939300546304,0.0062439817981818635,0.9589711412569635,0.05166753735716821,0.013340500781590806,0.9894983718495022
STK10,O94804,Serine/threonine-protein kinase 10 OS=Homo sapiens OX=9606 GN=STK10 PE=1 SV=1,26.113039141781663,26.165225226433463,-0.05218608465180097,0.600279083083382,-0.5268905417527743,-0.13604255289884654,0.8344193537101462
CAPZB,B1AK88,F-actin-capping protein subunit beta OS=Homo sapiens OX=9606 GN=CAPZB PE=1 SV=1,28.718841111674404,27.91165280826106,0.8071883034133442,0.15803450965840482,1.4301663728504874,0.36926736962372037,0.47574179376189607
FBLN1,P23142,Fibulin-1 OS=Homo sapiens OX=9606 GN=FBLN1 PE=1 SV=4,29.747150387024483,29.67243389741579,0.07471648960869359,0.4590074120611495,0.7454545275249018,0.19247553136392423,0.7489112672099768
ST13,P50502,Hsc70-interacting protein OS=Homo sapiens OX=9606 GN=ST13 PE=1 SV=2,26.142274767417025,26.375907271777177,-0.23363250436015193,0.16132219725179325,-1.4187542773316908,-0.3663207792310785,0.48002568970150195
AZU1,P20160,Azurocidin OS=Homo sapiens OX=9606 GN=AZU1 PE=1 SV=3,24.66595565078669,24.868014810075817,-0.20205915928912788,0.10175938499137117,-1.6627427883377366,-0.4293183418839025,0.39441046299575255
HLA-C,Q5QT33,HLA class I antigen OS=Homo sapiens OX=9606 GN=HLA-C PE=1 SV=1,25.869140221076734,25.81184623681032,0.05729398426641197,0.5910390094621101,0.540329081997287,0.1395123690698023,0.8297817607549982
MYH7,P12883,Myosin-7 OS=Homo sapiens OX=9606 GN=MYH7 PE=1 SV=5,28.387104676789097,28.1538068736797,0.23329780310939796,0.058786417004761025,1.9277592945572797,0.4977453095544601,0.31870879727859047
TPM3,A0A087WWU8,Tropomyosin 3 OS=Homo sapiens OX=9606 GN=TPM3 PE=1 SV=1,23.86791118251156,23.58221240627157,0.2856987762399896,0.00415915713585496,2.9839423407451693,0.7704505994499479,0.06684182904031444
HLA-H,P01893,"Putative HLA class I histocompatibility antigen, alpha chain H OS=Homo sapiens OX=9606 GN=HLA-H PE=5 SV=3",21.58415421635392,21.924108352365746,-0.33995413601182634,0.1695036124140791,-1.3911169295505426,-0.3591848467184298,0.49117305837342895
MYH10,P35580,Myosin-10 OS=Homo sapiens OX=9606 GN=MYH10 PE=1 SV=3,24.476167906747357,24.517543164347874,-0.0413752576005173,0.7539667080045542,-0.31490130978497455,-0.0813071685664073,0.9199985027578149
PRKCA,P17252,Protein kinase C alpha type OS=Homo sapiens OX=9606 GN=PRKCA PE=1 SV=4,22.06758888166219,21.96954141030133,0.09804747136086078,0.7933831305359604,0.2631296952607331,0.06793979517583013,0.934977287639163
TPM2,P07951,Tropomyosin beta chain OS=Homo sapiens OX=9606 GN=TPM2 PE=1 SV=1,26.63775098582009,26.542347692510777,0.09540329330931385,0.3767385112258749,0.8907593929675791,0.22999308629608411,0.691900361091407
FKBP3,Q00688,Peptidyl-prolyl cis-trans isomerase FKBP3 OS=Homo sapiens OX=9606 GN=FKBP3 PE=1 SV=1,23.387687420609033,23.305649298393494,0.08203812221553974,0.5048413950699916,0.6710674370774038,0.17326886719885856,0.7846820385871056
PCSK9,A0AA34QVH0,Proprotein convertase subtilisin/kexin type 9 OS=Homo sapiens OX=9606 GN=PCSK9 PE=1 SV=1,22.885355858769945,24.679809699288402,-1.7944538405184574,6.067258587468047e-07,-5.603995617575175,-1.4469454466058669,3.86605717193464e-05
TPM3,J3KN67,Tropomyosin 3 OS=Homo sapiens OX=9606 GN=TPM3 PE=1 SV=1,21.033646511677624,21.09651076971364,-0.06286425803601503,0.6090029128910639,-0.5142906629832718,-0.13278927818961217,0.8436014262917085
SERPINB3,P29508,Serpin B3 OS=Homo sapiens OX=9606 GN=SERPINB3 PE=1 SV=2,27.882379331961445,27.954689592846698,-0.07231026088525283,0.4026380994032833,-0.8430964150285418,-0.21768655831018127,0.7115649425423646
CYFIP1,Q7L576,Cytoplasmic FMR1-interacting protein 1 OS=Homo sapiens OX=9606 GN=CYFIP1 PE=1 SV=1,27.711363447248264,27.776615222211376,-0.0652517749631123,0.4976911265628209,-0.682418119555414,-0.17619960081255334,0.7795692867399938
TPM3,P06753,Tropomyosin alpha-3 chain OS=Homo sapiens OX=9606 GN=TPM3 PE=1 SV=2,17.200186711731924,17.35265073073856,-0.15246401900663642,0.6546738636973983,-0.44960109590697434,-0.11608650379228769,0.8633240603228108
PRKCD,Q05655,Protein kinase C delta type OS=Homo sapiens OX=9606 GN=PRKCD PE=1 SV=2,24.34149752094022,24.115768280694695,0.2257292402455242,0.023744868299585813,2.3223544497603417,0.5996293405274994,0.19503839844541512
XPO1,O14980,Exportin-1 OS=Homo sapiens OX=9606 GN=XPO1 PE=1 SV=1,25.895578101282037,25.8953741768331,0.00020392444893602146,0.9973434873091402,0.003343832565500788,0.0008633738559127048,0.9980977137087316
HSPA8,P11142,Heat shock cognate 71 kDa protein OS=Homo sapiens OX=9606 GN=HSPA8 PE=1 SV=1,25.086854496712977,25.156617154533098,-0.06976265782012092,0.5265378702811259,-0.6371443766822577,-0.16450997066800596,0.7986588581236632
HLA-B,P01889,"HLA class I histocompatibility antigen, B alpha chain OS=Homo sapiens OX=9606 GN=HLA-B PE=1 SV=3",26.116215059593312,25.82763008022943,0.2885849793638826,0.5617600497649249,0.5835882392153061,0.15068183543489272,0.8164918044476492
HLA-B,A0A1W2PP29,"Major histocompatibility complex, class I, B OS=Homo sapiens OX=9606 GN=HLA-B PE=1 SV=2",19.18818938466418,19.60384666361875,-0.41565727895456916,0.3627477116027611,-0.9173701786566675,-0.23686396161630638,0.6806326320179016
XPO7,E7ESC6,Exportin 7 OS=Homo sapiens OX=9606 GN=XPO7 PE=1 SV=1,24.92480938574876,25.089217729620014,-0.16440834387125491,0.13389874844933952,-1.520180499265026,-0.39250891712551483,0.4462357871962298
LCN1P1,Q5VSP4,Putative lipocalin 1-like protein 1 OS=Homo sapiens OX=9606 GN=LCN1P1 PE=5 SV=1,20.53096233465282,20.422757750429103,0.10820458422371715,0.7817489084610534,0.2783300245195441,0.0718645033142464,0.9337692871803496
FUBP1,Q96AE4,Far upstream element-binding protein 1 OS=Homo sapiens OX=9606 GN=FUBP1 PE=1 SV=3,27.692643188988068,28.292320498737613,-0.5996773097495449,6.73195231022923e-09,-6.784770957447583,-1.7518203284017495,5.362000015097581e-07
ILF3,Q12906,Interleukin enhancer-binding factor 3 OS=Homo sapiens OX=9606 GN=ILF3 PE=1 SV=3,27.424360033433135,27.536913801274213,-0.11255376784107796,0.10972265455232055,-1.6243557949498666,-0.41940686281042283,0.4081279119103774
PRNP,P04156,Major prion protein OS=Homo sapiens OX=9606 GN=PRNP PE=1 SV=1,20.66035661959159,20.566982699514746,0.09337392007684286,0.6505622875345971,0.4553433748608515,0.11756915384279727,0.8632186878458499
ARL8A,Q96BM9,ADP-ribosylation factor-like protein 8A OS=Homo sapiens OX=9606 GN=ARL8A PE=1 SV=1,23.964254183482616,24.00494975821652,-0.04069557473390262,0.6462176246252994,-0.4614277728480654,-0.11914013864787575,0.8622153065643009
MPP1,Q00013,55 kDa erythrocyte membrane protein OS=Homo sapiens OX=9606 GN=MPP1 PE=1 SV=2,26.55760361044013,26.354275800388255,0.20332781005187428,0.4904648022225211,0.6939804062274828,0.1791849703942199,0.7742573904829256
RHOF,Q9HBH0,Rho-related GTP-binding protein RhoF OS=Homo sapiens OX=9606 GN=RHOF PE=1 SV=1,25.42796095620852,22.886154485017034,2.541806471191485,2.4084929933823675e-19,13.355980179508574,3.4484992538342034,6.394548897430186e-17
ERAP2,Q6P179,Endoplasmic reticulum aminopeptidase 2 OS=Homo sapiens OX=9606 GN=ERAP2 PE=1 SV=2,27.804437170864166,27.707123908334747,0.09731326252941841,0.37264852635674406,0.8984725573622566,0.2319846167792272,0.687866862672414
KIF5B,P33176,Kinesin-1 heavy chain OS=Homo sapiens OX=9606 GN=KIF5B PE=1 SV=1,24.755744803378224,24.706795691485173,0.04894911189305162,0.7757209574321114,0.28623119836654326,0.07390457762924091,0.9337692871803496
HSP90AB1,P08238,Heat shock protein HSP 90-beta OS=Homo sapiens OX=9606 GN=HSP90AB1 PE=1 SV=4,26.20616569440675,26.29180797252388,-0.0856422781171311,0.2582939160431806,-1.1416431638984603,-0.2947709974060187,0.6006747565792506
IGHV3-15,A0A0B4J1V0,Immunoglobulin heavy variable 3-15 OS=Homo sapiens OX=9606 GN=IGHV3-15 PE=1 SV=1,22.344509668485408,22.318768390309728,0.025741278175679838,0.8429902402458495,0.19895950782296598,0.05137112402453143,0.9510506039034264
CSE1L,P55060,Exportin-2 OS=Homo sapiens OX=9606 GN=CSE1L PE=1 SV=3,27.257697524987634,27.110896918043444,0.14680060694418984,0.02545573871054512,2.2935945633133437,0.5922035697776303,0.20523011143114628
HNRNPA1,P09651,Heterogeneous nuclear ribonucleoprotein A1 OS=Homo sapiens OX=9606 GN=HNRNPA1 PE=1 SV=5,27.111061206806927,27.217446231671662,-0.10638502486473556,0.267334806523567,-1.1199893135573855,-0.289179997289202,0.6096977235096332
HLA-B,A0A140T9D4,"Major histocompatibility complex, class I, B (Fragment) OS=Homo sapiens OX=9606 GN=HLA-B PE=1 SV=1",24.631322579300623,24.370723848964364,0.2605987303362589,0.10488341757060533,1.647401380605001,0.42535720744015165,0.3997112061961107
HGFAC,Q04756,Hepatocyte growth factor activator OS=Homo sapiens OX=9606 GN=HGFAC PE=1 SV=1,23.894249764879554,24.0109771222188,-0.1167273573392471,0.2941243394124036,-1.0587031558801465,-0.2733559794200695,0.6306057505840632
CHMP6,I3L4G8,Charged multivesicular body protein 6 (Fragment) OS=Homo sapiens OX=9606 GN=CHMP6 PE=1 SV=1,26.591362983217895,26.227099723555494,0.36426325966240114,0.006551553830166669,2.820572809792292,0.7282687679394005,0.09235951549960622
FHOD1,Q9Y613,FH1/FH2 domain-containing protein 1 OS=Homo sapiens OX=9606 GN=FHOD1 PE=1 SV=3,27.44465530354215,27.40198265362898,0.042672649913168215,0.5288895628468546,0.6335122195293043,0.16357215172372616,0.7992850959526996
SERPINB4,P48594,Serpin B4 OS=Homo sapiens OX=9606 GN=SERPINB4 PE=1 SV=2,24.685911385845397,24.33795374457278,0.3479576412726182,0.007260188627939037,2.782866998860004,0.7185331694196674,0.09718891163283097
CPN2,P22792,Carboxypeptidase N subunit 2 OS=Homo sapiens OX=9606 GN=CPN2 PE=1 SV=3,23.894612045837903,23.554447363341648,0.34016468249625476,0.012896522570522035,2.565913537770324,0.6625160266395079,0.13975619357035102
Unknown,K7ERQ8,PCAF N-terminal domain-containing protein (Fragment) OS=Homo sapiens OX=9606 PE=3 SV=1,24.197634418041808,24.24571895906534,-0.0480845410235311,0.4038023092200015,-0.8409992377575101,-0.21714506946719786,0.7115675648091397
LGALS7; LGALS7B,P47929,Galectin-7 OS=Homo sapiens OX=9606 GN=LGALS7 PE=1 SV=2,29.206487312914444,29.272693242552798,-0.06620592963835392,0.5057055835583131,-0.6697015036169346,-0.17291618469589692,0.7846820385871056
EIF5A,P63241,Eukaryotic translation initiation factor 5A-1 OS=Homo sapiens OX=9606 GN=EIF5A PE=1 SV=2,23.721671117149103,23.768194386680232,-0.04652326953112862,0.7689976598518452,-0.2950652912343662,-0.0761855305996361,0.930650164383999
PRKCQ,Q04759,Protein kinase C theta type OS=Homo sapiens OX=9606 GN=PRKCQ PE=1 SV=3,20.612687073822872,21.070045984372737,-0.4573589105498641,0.1279622187568325,-1.544269496269035,-0.39872866940707263,0.43556370615306444
CYFIP2,Q96F07,Cytoplasmic FMR1-interacting protein 2 OS=Homo sapiens OX=9606 GN=CYFIP2 PE=1 SV=2,17.36268146278243,16.841299839622643,0.5213816231597868,0.27302162808471747,1.1066325218736117,0.2857312885058676,0.6134946551377323
EIF5A2,F8WCJ1,Eukaryotic translation initiation factor 5A OS=Homo sapiens OX=9606 GN=EIF5A2 PE=1 SV=1,20.585071309553328,20.533055442057886,0.052015867495441626,0.9281092652604231,0.09061685272901047,0.023397170767012514,0.9802377340277638
IGKV2-29,A2NJV5,Immunoglobulin kappa variable 2-29 OS=Homo sapiens OX=9606 GN=IGKV2-29 PE=1 SV=2,27.95742982718376,28.044802409108904,-0.08737258192514474,0.2543557668249538,-1.1512439600898845,-0.29724991232333325,0.5963829549906398
MMP14,P50281,Matrix metalloproteinase-14 OS=Homo sapiens OX=9606 GN=MMP14 PE=1 SV=3,22.37162166920533,22.316525827811386,0.055095841393942635,0.6206887066918674,0.4975409766876757,0.12846452778447606,0.8516399091114885
MAN1A1,P33908,"Mannosyl-oligosaccharide 1,2-alpha-mannosidase IA OS=Homo sapiens OX=9606 GN=MAN1A1 PE=1 SV=3",27.80596664069296,27.96813905172099,-0.1621724110280276,0.280794758439517,-1.0886875783112386,-0.28109792400148736,0.6197544907913511
HSPA1B,P0DMV9,Heat shock 70 kDa protein 1B OS=Homo sapiens OX=9606 GN=HSPA1B PE=1 SV=1,24.16572131268438,24.126373442958496,0.039347869725883555,0.7970692689891465,0.2583267122255877,0.06669967028868114,0.9363800483036213
RGS18,Q9NS28,Regulator of G-protein signaling 18 OS=Homo sapiens OX=9606 GN=RGS18 PE=1 SV=1,25.299883711576115,25.40839943039494,-0.10851571881882549,0.36642707532426466,-0.9103093423197145,-0.23504086151341874,0.6827114982357352
MASP1,F8W876,MBL associated serine protease 1 OS=Homo sapiens OX=9606 GN=MASP1 PE=1 SV=1,21.25569151700548,21.41696348665878,-0.16127196965329915,0.2799486204133452,-1.0906239983087371,-0.28159790549492564,0.6197544907913511
GNAS,A0A7I2V5R6,Guanine nucleotide-binding protein G(s) subunit alpha OS=Homo sapiens OX=9606 GN=GNAS PE=1 SV=2,21.29738724938485,20.990605605351227,0.30678164403362373,0.16796203984830366,1.3962445364675578,0.360508789131463,0.4904820353839791
TFRC,P02786,Transferrin receptor protein 1 OS=Homo sapiens OX=9606 GN=TFRC PE=1 SV=2,29.791874875260078,29.652399801510782,0.13947507374929557,0.05393870289616455,1.967291179349768,0.5079523983174934,0.30449713859821786
DNM1L,O00429,Dynamin-1-like protein OS=Homo sapiens OX=9606 GN=DNM1L PE=1 SV=2,26.031513026096754,25.800899087801326,0.2306139382954271,0.11541160247988375,1.598294656313647,0.41267790574900415,0.41629545478406715
IGFBP4,P22692,Insulin-like growth factor-binding protein 4 OS=Homo sapiens OX=9606 GN=IGFBP4 PE=1 SV=2,23.965702081511424,23.958544146660646,0.0071579348507775364,0.9595576111793107,0.05092834270572591,0.013149641543281361,0.9894983718495022
ASAP2,O43150,"Arf-GAP with SH3 domain, ANK repeat and PH domain-containing protein 2 OS=Homo sapiens OX=9606 GN=ASAP2 PE=1 SV=3",28.156363254029813,28.331145577408385,-0.17478232337857236,0.03425294892549591,-2.168275409847455,-0.5598463034886837,0.24670116618596774
ANXA2P2,A6NMY6,Putative annexin A2-like protein OS=Homo sapiens OX=9606 GN=ANXA2P2 PE=5 SV=2,25.972626319010423,25.814718946982758,0.15790737202766536,0.09844236712369159,1.6794589485932885,0.43363443590272155,0.3908884395964697
ANXA2,P07355,Annexin A2 OS=Homo sapiens OX=9606 GN=ANXA2 PE=1 SV=2,27.59785800327784,27.69731701326904,-0.09945900999120028,0.18855276433463847,-1.3305258244945526,-0.34354029066441966,0.5177928564550094
SHBG,P04278,Sex hormone-binding globulin OS=Homo sapiens OX=9606 GN=SHBG PE=1 SV=2,23.685134502183903,23.61036627882892,0.07476822335498312,0.312307693007156,1.0192700303104716,0.263174390178719,0.6422144971117915
BPI,P17213,Bactericidal permeability-increasing protein OS=Homo sapiens OX=9606 GN=BPI PE=1 SV=4,27.392512248362586,27.429056259637232,-0.03654401127464624,0.5996147951757038,-0.5278534299302444,-0.13629116955722004,0.8344193537101462
ROCK1,Q13464,Rho-associated protein kinase 1 OS=Homo sapiens OX=9606 GN=ROCK1 PE=1 SV=1,27.58523401551876,27.618940625382205,-0.03370660986344376,0.6401565923635448,-0.4699449049612259,-0.12133925270332367,0.8615134633175415
IGHV3-49,A0A0A0MS15,Immunoglobulin heavy variable 3-49 OS=Homo sapiens OX=9606 GN=IGHV3-49 PE=1 SV=1,21.001964549647596,21.012386771255184,-0.010422221607587545,0.9692428820737746,-0.03872468080238187,-0.009998669588988202,0.9905962189126991
EWSR1,Q01844,RNA-binding protein EWS OS=Homo sapiens OX=9606 GN=EWSR1 PE=1 SV=1,22.060967541073413,21.535760691728573,0.5252068493448405,0.009916437518090526,2.66646208572759,0.6884775500877633,0.11590616677846385
LDLRAP1,Q5SW96,Low density lipoprotein receptor adapter protein 1 OS=Homo sapiens OX=9606 GN=LDLRAP1 PE=1 SV=3,22.858895299797897,22.85544287653754,0.0034524232603558858,0.9706972364863298,0.03689271282125828,0.009525657490209744,0.9905962189126991
SAA2,P0DJI9,Serum amyloid A-2 protein OS=Homo sapiens OX=9606 GN=SAA2 PE=1 SV=1,29.380367638682433,29.477660957794065,-0.09729331911163186,0.33817720581012034,-0.965753579233977,-0.24935650192755984,0.6588758749440878
ALYREF,E9PB61,Aly/REF export factor OS=Homo sapiens OX=9606 GN=ALYREF PE=1 SV=1,28.425514097268582,28.445611454913326,-0.020097357644743852,0.7969116912732035,-0.2585319089823451,-0.06675265186345562,0.9363800483036213
CNDP1,Q96KN2,Beta-Ala-His dipeptidase OS=Homo sapiens OX=9606 GN=CNDP1 PE=1 SV=5,22.6950832104374,22.951400396993343,-0.25631718655594327,0.10025965330647187,-1.670244638277885,-0.43125531120949867,0.3924167757179599
PPP1R14A,Q96A00,Protein phosphatase 1 regulatory subunit 14A OS=Homo sapiens OX=9606 GN=PPP1R14A PE=1 SV=1,23.403810526815075,23.25092194434278,0.15288858247229342,0.08017374295589172,1.780851233475653,0.459813811288276,0.35476881257982085
PIN4,Q9Y237,Peptidyl-prolyl cis-trans isomerase NIMA-interacting 4 OS=Homo sapiens OX=9606 GN=PIN4 PE=1 SV=1,27.356860569440283,27.46392725389301,-0.10706668445272882,0.4355152682868416,-0.785228893345693,-0.20274522845924992,0.7339657460391342
CNDP2,Q96KP4,Cytosolic non-specific dipeptidase OS=Homo sapiens OX=9606 GN=CNDP2 PE=1 SV=2,24.86245105869919,24.7211626657347,0.14128839296449058,0.25495090542914356,1.149786308720991,0.29687354835824653,0.5963829549906398
SLC2A1,P11166,"Solute carrier family 2, facilitated glucose transporter member 1 OS=Homo sapiens OX=9606 GN=SLC2A1 PE=1 SV=2",27.183365829128515,27.244230493581902,-0.06086466445338701,0.3696574161904519,-0.904147511452507,-0.233449883624696,0.6863219860039509
SYK,P43405,Tyrosine-protein kinase SYK OS=Homo sapiens OX=9606 GN=SYK PE=1 SV=1,25.190061035111544,25.191846302128802,-0.0017852670172580076,0.9872536160344059,-0.016044927409966134,-0.004142782443327049,0.9971547832553546
HNRNPCL3,B7ZW38,Heterogeneous nuclear ribonucleoprotein C-like 3 OS=Homo sapiens OX=9606 GN=HNRNPCL3 PE=2 SV=1,23.341350594907308,23.34185871604545,-0.0005081211381430251,0.9960981789776278,-0.004911350458737041,-0.0012681052356051145,0.9980977137087316
HSP90AA1,P07900,Heat shock protein HSP 90-alpha OS=Homo sapiens OX=9606 GN=HSP90AA1 PE=1 SV=5,21.548923795567703,21.68711164071972,-0.13818784515201799,0.38856374423258877,-0.8687516412731551,-0.22431070924275265,0.6986253324633339
EPRS1,P07814,Bifunctional glutamate/proline--tRNA ligase OS=Homo sapiens OX=9606 GN=EPRS1 PE=1 SV=5,25.17932140446247,24.929427093233276,0.2498943112291947,0.034689931717298665,2.1628236500356346,0.5584386651581034,0.24670116618596774
NAMPT,P43490,Nicotinamide phosphoribosyltransferase OS=Homo sapiens OX=9606 GN=NAMPT PE=1 SV=1,27.691506949059008,27.812421631456107,-0.12091468239709968,0.20225735696040423,-1.2897479978837587,-0.33301150110721034,0.52641304567103
AIMP1,Q12904,Aminoacyl tRNA synthase complex-interacting multifunctional protein 1 OS=Homo sapiens OX=9606 GN=AIMP1 PE=1 SV=2,24.861659697869054,24.8126559012332,0.04900379663585497,0.7904605141476022,0.26694220331437685,0.06892418052243306,0.9341272989889692
EIF2S1,P05198,Eukaryotic translation initiation factor 2 subunit 1 OS=Homo sapiens OX=9606 GN=EIF2S1 PE=1 SV=3,28.165721558795887,28.270077225981108,-0.10435566718522082,0.049733319420890765,-2.004131670594255,-0.5174645722545599,0.29234382965859407
BTK,A0A8Q3WL62,Tyrosine-protein kinase OS=Homo sapiens OX=9606 GN=BTK PE=1 SV=1,19.07658984961803,18.972455102672892,0.1041347469451388,0.647841187506764,0.45915207169602945,0.11855255513702374,0.8628854612861833
YWHAZ,P63104,14-3-3 protein zeta/delta OS=Homo sapiens OX=9606 GN=YWHAZ PE=1 SV=1,25.968606535272386,25.67720886518604,0.2913976700863472,0.331014230866843,0.9802904281967147,0.2531099001901609,0.6574351167167192
EIF4H,Q15056,Eukaryotic translation initiation factor 4H OS=Homo sapiens OX=9606 GN=EIF4H PE=1 SV=5,22.20272978524719,22.064028974743614,0.1387008105035754,0.37847584219709385,0.887499069455525,0.2291512743850552,0.692415653281836
SERPINB1,P30740,Leukocyte elastase inhibitor OS=Homo sapiens OX=9606 GN=SERPINB1 PE=1 SV=1,24.374171601188827,24.35165257751075,0.022519023678075456,0.8860810319570177,0.14389647327417068,0.037153909637922915,0.9653853377443401
SH3GLB1,A0A087WW40,Endophilin-B1 OS=Homo sapiens OX=9606 GN=SH3GLB1 PE=1 SV=1,25.86504426393707,25.921022734731785,-0.05597847079471663,0.6209696262046862,-0.49714007818044176,-0.12836101623500695,0.8516399091114885
PADI4,Q9UM07,Protein-arginine deiminase type-4 OS=Homo sapiens OX=9606 GN=PADI4 PE=1 SV=2,24.122616092889192,23.461029862435616,0.661586230453576,0.0041959716911685145,2.9808244363065652,0.7696455599855625,0.06684182904031444
NMT1,P30419,Glycylpeptide N-tetradecanoyltransferase 1 OS=Homo sapiens OX=9606 GN=NMT1 PE=1 SV=2,21.526047006068605,20.8787679403058,0.647279065762806,0.00017506288079485618,4.01127451781703,1.0357066269714366,0.005691329981759304
IGKV2-30,P06310,Immunoglobulin kappa variable 2-30 OS=Homo sapiens OX=9606 GN=IGKV2-30 PE=1 SV=2,20.501800492164595,19.476878471754336,1.0249220204102585,0.0002947769649487388,3.852413251395548,0.9946888243575815,0.008859994437044168
CD151,P48509,CD151 antigen OS=Homo sapiens OX=9606 GN=CD151 PE=1 SV=3,23.81120437764639,23.702427497373694,0.10877688027269627,0.33325922309871314,0.9757121427637545,0.251927791974425,0.6575388111664663
IGHV4-4,A0A075B6R2,Immunoglobulin heavy variable 4-4 OS=Homo sapiens OX=9606 GN=IGHV4-4 PE=1 SV=2,22.747676541371675,22.71208448164268,0.035592059728994485,0.8445429262402397,0.19696576500352578,0.0508563418421106,0.9510840291011115
H4C1; H4C11; H4C12; H4C13; H4C14; H4C15; H4C16; H4C2; H4C3; H4C4; H4C5; H4C6; H4C8; H4C9,P62805,Histone H4 OS=Homo sapiens OX=9606 GN=H4C1 PE=1 SV=2,27.209134817697905,27.331171996820913,-0.1220371791230086,0.3836831176643042,-0.8777831560402232,-0.2266426363283447,0.6954772517200395
HSPA1L,P34931,Heat shock 70 kDa protein 1-like OS=Homo sapiens OX=9606 GN=HSPA1L PE=1 SV=2,27.64262678844398,27.769782342043104,-0.127155553599124,0.22766250738761326,-1.2193088962259795,-0.31482420326438443,0.5579482681053353
EEF1B2,P24534,Elongation factor 1-beta OS=Homo sapiens OX=9606 GN=EEF1B2 PE=1 SV=3,28.662629895471863,28.37087469278349,0.2917552026883712,0.07332252151124662,1.8238865357426741,0.47092547855355427,0.34346083659108756
ILF2,Q12905,Interleukin enhancer-binding factor 2 OS=Homo sapiens OX=9606 GN=ILF2 PE=1 SV=2,25.00267868383105,24.879649947248595,0.12302873658245517,0.3899293498959825,0.8662373310089609,0.22366151712405785,0.6999894194947294
FABP5,Q01469,Fatty acid-binding protein 5 OS=Homo sapiens OX=9606 GN=FABP5 PE=1 SV=3,27.210627155272334,27.18525793546824,0.025369219804094456,0.7554529638881924,0.31293444466624737,0.08079932617646948,0.9199985027578149
CTSG,P08311,Cathepsin G OS=Homo sapiens OX=9606 GN=CTSG PE=1 SV=2,28.124620170570402,28.27146081181306,-0.14684064124265817,0.47252452505879383,-0.7230999764479121,-0.18670361109504927,0.7595676775163053
PDLIM7,Q9NR12,PDZ and LIM domain protein 7 OS=Homo sapiens OX=9606 GN=PDLIM7 PE=1 SV=1,24.483585040485174,24.192524608339376,0.29106043214579813,0.05889398689700911,1.9269141210973193,0.49752708670545465,0.31870879727859047
CCL5,P13501,C-C motif chemokine 5 OS=Homo sapiens OX=9606 GN=CCL5 PE=1 SV=3,28.435426894147966,28.55074742809912,-0.11532053395115227,0.4109724042978792,-0.8281641862876388,-0.21383107342782945,0.7190836336541568
ACTN4,O43707,Alpha-actinin-4 OS=Homo sapiens OX=9606 GN=ACTN4 PE=1 SV=2,22.611114338817302,22.70258976770419,-0.09147542888688776,0.5976739891083487,-0.5306694816797495,-0.13701827099241276,0.8329787092297457
SUB1,P53999,Activated RNA polymerase II transcriptional coactivator p15 OS=Homo sapiens OX=9606 GN=SUB1 PE=1 SV=3,26.483142249127464,26.59553225901491,-0.11239000988744507,0.3194862954765638,-1.0041312725375322,-0.2592655797295949,0.6516538651653856
PRDX6,P30041,Peroxiredoxin-6 OS=Homo sapiens OX=9606 GN=PRDX6 PE=1 SV=3,25.136115142192047,25.206862384865794,-0.07074724267374677,0.32286784395237556,-0.9970791663289457,-0.2574447337361588,0.6530448440456099
PPIA,P62937,Peptidyl-prolyl cis-trans isomerase A OS=Homo sapiens OX=9606 GN=PPIA PE=1 SV=2,21.299530734299818,21.05019114794077,0.2493395863590493,0.267434212298493,1.1197541265486368,0.28911927226466017,0.6096977235096332
PKN1,Q16512,Serine/threonine-protein kinase N1 OS=Homo sapiens OX=9606 GN=PKN1 PE=1 SV=2,28.43659978814673,28.472337830000424,-0.035738041853694114,0.8531836906892472,-0.1858847933849355,-0.047995247272870786,0.9521020688663664
TAOK3,Q9H2K8,Serine/threonine-protein kinase TAO3 OS=Homo sapiens OX=9606 GN=TAOK3 PE=1 SV=2,27.636133444488348,27.415445232589473,0.22068821189887444,0.034432281547684296,2.1660307374169587,0.5592667315592833,0.24670116618596774
MCTS1,Q9ULC4,Malignant T-cell-amplified sequence 1 OS=Homo sapiens OX=9606 GN=MCTS1 PE=1 SV=1,26.1381097454754,26.41007455133677,-0.2719648058613693,0.12131877452162396,-1.5723085104739178,-0.4059683117443782,0.42381756099330475
YWHAQ,P27348,14-3-3 protein theta OS=Homo sapiens OX=9606 GN=YWHAQ PE=1 SV=1,20.701545857441648,20.28535881511893,0.4161870423227185,0.01719021322998574,2.4531055668865034,0.6333891338026755,0.1641426071363322
TGFBI,Q15582,Transforming growth factor-beta-induced protein ig-h3 OS=Homo sapiens OX=9606 GN=TGFBI PE=1 SV=1,24.751780853170132,24.812594887474315,-0.060814034304183195,0.7202932134244532,-0.3598138525867351,-0.09290353725354371,0.8985333508106138
SPARC,P09486,SPARC OS=Homo sapiens OX=9606 GN=SPARC PE=1 SV=1,21.50583737887174,21.1769572668879,0.32888011198383893,0.033675929330092294,2.1755684562839486,0.5617293599814607,0.24670116618596774
DNAJB1,P25685,DnaJ homolog subfamily B member 1 OS=Homo sapiens OX=9606 GN=DNAJB1 PE=1 SV=4,25.026635501552065,24.92631134303931,0.10032415851275545,0.18721507081010927,1.3346245827570944,0.3445985854971499,0.5159751000008721
IGLV3-1,P01715,Immunoglobulin lambda variable 3-1 OS=Homo sapiens OX=9606 GN=IGLV3-1 PE=1 SV=2,24.545228597276388,24.41940907739427,0.1258195198821177,0.21336947642278564,1.2581765427533957,0.32485978644484836,0.5385968188312058
SFN,P31947,14-3-3 protein sigma OS=Homo sapiens OX=9606 GN=SFN PE=1 SV=1,26.978954528601946,27.047704306344873,-0.06874977774292645,0.43513203116113486,-0.7858880546819458,-0.20291542318443467,0.7339657460391342
IGHV4-28,A0A0C4DH34,Immunoglobulin heavy variable 4-28 OS=Homo sapiens OX=9606 GN=IGHV4-28 PE=1 SV=1,24.55113376648188,24.621951918664568,-0.07081815218268872,0.559966287215838,-0.5862739018902575,-0.15137527055580058,0.8164816322279094
PFN1,P07737,Profilin-1 OS=Homo sapiens OX=9606 GN=PFN1 PE=1 SV=2,23.9060784638911,24.08744782575393,-0.18136936186283137,0.2883784700664262,-1.0715104788219076,-0.2766628159842655,0.6244650041261103
BNIP3,Q12983,BCL2/adenovirus E1B 19 kDa protein-interacting protein 3 OS=Homo sapiens OX=9606 GN=BNIP3 PE=1 SV=4,21.58548051252981,21.58793216779669,-0.002451655266881403,0.9908156271263227,-0.011560886910150697,-0.002985008164693398,0.9971547832553546
NCF2,P19878,Neutrophil cytosol factor 2 OS=Homo sapiens OX=9606 GN=NCF2 PE=1 SV=2,27.553210424352226,27.732400859092145,-0.1791904347399189,0.40375360287448514,-0.8410869015726495,-0.2171677041669379,0.7115675648091397
RBM3,P98179,RNA-binding protein 3 OS=Homo sapiens OX=9606 GN=RBM3 PE=1 SV=1,20.900320844010093,20.775278525091906,0.12504231891818662,0.5698205389632616,0.5715718821272078,0.14757922537594031,0.8199856536300593
RPL12,P30050,Large ribosomal subunit protein uL11 OS=Homo sapiens OX=9606 GN=RPL12 PE=1 SV=1,23.849071588681614,23.945105098960784,-0.09603351027917029,0.4944539865251174,-0.6875861471488528,-0.17753397979936195,0.7767901385941933
PABPC1,P11940,Polyadenylate-binding protein 1 OS=Homo sapiens OX=9606 GN=PABPC1 PE=1 SV=2,27.136579275663003,27.117734174034204,0.01884510162879849,0.8986937434519511,0.12787055738785655,0.03301603594889521,0.9719070830407047
PABPC1,H0YAR2,Polyadenylate-binding protein OS=Homo sapiens OX=9606 GN=PABPC1 PE=1 SV=2,15.746752089128169,14.416611335824605,1.3301407533035636,0.004065695251650202,2.9919747311224447,0.772524553727376,0.06631211259102746
PDLIM1,O00151,PDZ and LIM domain protein 1 OS=Homo sapiens OX=9606 GN=PDLIM1 PE=1 SV=4,24.176578488339725,24.010458629346047,0.1661198589936781,0.23125521844132435,1.209821868466486,0.31237466322988267,0.5641494073155126
DSTN,P60981,Destrin OS=Homo sapiens OX=9606 GN=DSTN PE=1 SV=3,24.127965815230553,23.915603462444434,0.21236235278611915,0.23470356234003106,1.2008165746965345,0.3100495063766342,0.5675213262314822
PRDX2,P32119,Peroxiredoxin-2 OS=Homo sapiens OX=9606 GN=PRDX2 PE=1 SV=5,17.2911059211015,17.432726897713774,-0.14162097661227335,0.633105898056961,-0.4798964468956838,-0.12390872978207301,0.8574972568435587
GPX1,P07203,Glutathione peroxidase 1 OS=Homo sapiens OX=9606 GN=GPX1 PE=1 SV=4,26.33628672028296,25.911269900893426,0.4250168193895334,0.000369066308627206,3.7829006441045663,0.9767407463316198,0.010136597062812745
NPEPPS,P55786,Puromycin-sensitive aminopeptidase OS=Homo sapiens OX=9606 GN=NPEPPS PE=1 SV=2,24.326424020494382,24.08290927476107,0.2435147457333109,0.07581439728542681,1.8078591915898878,0.46678723608770933,0.3491974188837072
CRP,P02741,C-reactive protein OS=Homo sapiens OX=9606 GN=CRP PE=1 SV=1,23.30381465357774,23.23858437077953,0.06523028279820764,0.4510678877409475,0.7587613058484672,0.19591132675318038,0.7465572603638256
SLK,Q9H2G2,STE20-like serine/threonine-protein kinase OS=Homo sapiens OX=9606 GN=SLK PE=1 SV=1,22.72217820408998,22.97266349529385,-0.25048529120387286,0.05089752772319571,-1.9936729415614403,-0.5147641400301207,0.29483549695654826
SERPINA11,Q86U17,Serpin A11 OS=Homo sapiens OX=9606 GN=SERPINA11 PE=1 SV=2,23.494392477053005,23.356103572121683,0.13828890493132207,0.3041025009269287,1.0368647844484402,0.26771733616251675,0.6376304564092033
PLIN1,O60240,Perilipin-1 OS=Homo sapiens OX=9606 GN=PLIN1 PE=1 SV=2,23.40381382660305,23.13219109590402,0.2716227306990291,0.14956545891851752,1.460439201509276,0.3770837803729255,0.46277180220348096
SEPTIN5,G3XAH0,Septin OS=Homo sapiens OX=9606 GN=SEPTIN5 PE=1 SV=1,22.74618687643523,22.37862536102482,0.3675615154104115,0.14151863451647562,1.4904726773185926,0.38483839048213936,0.4500395630284168
ARPC3,O15145,Actin-related protein 2/3 complex subunit 3 OS=Homo sapiens OX=9606 GN=ARPC3 PE=1 SV=3,26.7513102508232,26.956514590402758,-0.2052043395795593,0.06199378746787269,-1.9031059025122072,-0.49137983109992095,0.32379050306990553
CNP,P09543,"2',3'-cyclic-nucleotide 3'-phosphodiesterase OS=Homo sapiens OX=9606 GN=CNP PE=1 SV=2",25.82146297330798,25.730310830055263,0.09115214325271737,0.32682848142459375,0.9888819341322708,0.25532821748397766,0.6557150767120627
IGLV1-47,P01700,Immunoglobulin lambda variable 1-47 OS=Homo sapiens OX=9606 GN=IGLV1-47 PE=1 SV=2,26.31234427481355,26.45031843541023,-0.13797416059668066,0.14238539847226747,-1.4871740418177446,-0.3839866864581398,0.4500395630284168
IVL,P07476,Involucrin OS=Homo sapiens OX=9606 GN=IVL PE=1 SV=2,23.498058886411382,23.35594962252433,0.14210926388705047,0.3387440938978079,0.964611828435683,0.24906170313907244,0.6588758749440878
IGHV6-1,A0A0B4J1U7,Immunoglobulin heavy variable 6-1 OS=Homo sapiens OX=9606 GN=IGHV6-1 PE=1 SV=1,28.508486151157847,28.46470817180481,0.04377797935303818,0.8139466694248199,0.23641102327258365,0.06104106373297137,0.9443678400537058
IGKV3D-11,A0A0A0MRZ8,Immunoglobulin kappa variable 3D-11 OS=Homo sapiens OX=9606 GN=IGKV3D-11 PE=3 SV=6,26.60852282328809,26.358586462430697,0.24993636085739368,0.014106879413059313,2.5310334120054874,0.6535100168927859,0.14784380858554927
BID,P55957,BH3-interacting domain death agonist OS=Homo sapiens OX=9606 GN=BID PE=1 SV=1,20.58584871280507,20.63069046312874,-0.04484175032366977,0.8726980735850381,-0.16094236764364697,-0.04155514063886908,0.9598692464850619
CTTN,Q14247,Src substrate cortactin OS=Homo sapiens OX=9606 GN=CTTN PE=1 SV=2,25.719994703416678,25.844606784123886,-0.12461208070720886,0.29663235029492363,-1.0531668888101564,-0.27192652140925433,0.6308882964216467
PCBP1,Q15365,Poly(rC)-binding protein 1 OS=Homo sapiens OX=9606 GN=PCBP1 PE=1 SV=2,28.218762109085763,28.510381894514733,-0.2916197854289706,0.13582992066815153,-1.5125272863674515,-0.39053286605236237,0.44746572151303493
ACTN2,P35609,Alpha-actinin-2 OS=Homo sapiens OX=9606 GN=ACTN2 PE=1 SV=1,26.231167466037263,26.187635378741955,0.043532087295307775,0.8363203301571777,0.20753333344822353,0.05358487628185869,0.950255553452485
KRT33A,O76009,"Keratin, type I cuticular Ha3-I OS=Homo sapiens OX=9606 GN=KRT33A PE=1 SV=2",28.55286358194725,28.453052534058326,0.09981104788892381,0.6995646981245272,0.38782576622277243,0.10013618225406191,0.8884129766198156
VAT1,Q99536,Synaptic vesicle membrane protein VAT-1 homolog OS=Homo sapiens OX=9606 GN=VAT1 PE=1 SV=2,23.497850464432812,23.523303529128523,-0.025453064695710736,0.8732237291858036,-0.16027197435888116,-0.041382045837048596,0.9598692464850619
SMC1A,Q14683,Structural maintenance of chromosomes protein 1A OS=Homo sapiens OX=9606 GN=SMC1A PE=1 SV=2,23.130093174682113,23.27935530792079,-0.14926213323867898,0.44692275343877774,-0.7657626183416147,-0.19771905786568403,0.743937247887119
MOB3A,Q96BX8,MOB kinase activator 3A OS=Homo sapiens OX=9606 GN=MOB3A PE=1 SV=1,26.7862918778825,27.083154384095494,-0.29686250621299237,0.10575491151796115,-1.64318817629641,-0.42426936276539556,0.4020705824537282
WDR1,O75083,WD repeat-containing protein 1 OS=Homo sapiens OX=9606 GN=WDR1 PE=1 SV=4,27.548211269107167,27.626705961182157,-0.07849469207499027,0.4321376340795622,-0.7910502570861381,-0.20424829811384723,0.7331152833745926
COG4,A0A0A0MS45,Conserved oligomeric Golgi complex subunit 4 OS=Homo sapiens OX=9606 GN=COG4 PE=1 SV=1,24.847073999311817,24.79327509218617,0.05379890712564617,0.6513023015714374,0.4543087437901901,0.11730201324905455,0.8632186878458499
KPLCE,Q5T750,Protein KPLCE OS=Homo sapiens OX=9606 GN=KPLCE PE=1 SV=1,23.597808620346534,23.390101010935034,0.20770760941150002,0.051651016688757975,1.9870130034514248,0.5130445514043299,0.2968590751309873
ITIH3,Q06033,Inter-alpha-trypsin inhibitor heavy chain H3 OS=Homo sapiens OX=9606 GN=ITIH3 PE=1 SV=2,23.919374761150195,24.001645431621125,-0.08227067047092973,0.4253831376382118,-0.8027734038094392,-0.20727520158214666,0.7278575061843946
DOCK2,Q92608,Dedicator of cytokinesis protein 2 OS=Homo sapiens OX=9606 GN=DOCK2 PE=1 SV=2,26.749194740422713,26.855890150157908,-0.10669540973519531,0.4633644699379106,-0.7382083004531732,-0.19060456357914807,0.7512137164353071
FCN2,Q15485,Ficolin-2 OS=Homo sapiens OX=9606 GN=FCN2 PE=1 SV=2,19.30063427047033,19.69469316079309,-0.39405889032276065,0.12397038810676594,-1.56097332321193,-0.4030415789782568,0.4274563382122904
BDNF,P23560,Neurotrophic factor BDNF precursor form OS=Homo sapiens OX=9606 GN=BDNF PE=1 SV=1,25.89789024899021,25.87755988079965,0.02033036819055667,0.818531152246413,0.23047828912464452,0.059509238362808414,0.9448696561800984
UFL1,O94874,E3 UFM1-protein ligase 1 OS=Homo sapiens OX=9606 GN=UFL1 PE=1 SV=2,26.379837144426105,26.39008820591274,-0.010251061486634683,0.9150701558641157,-0.10711151873361402,-0.02765607521615139,0.977015253546606
PLA2G2A,A0A3B3IRX2,Phospholipase A2 OS=Homo sapiens OX=9606 GN=PLA2G2A PE=1 SV=1,25.012962551054727,25.061221914465964,-0.04825936341123693,0.716338104173132,-0.3651359200073178,-0.0942776891526977,0.8957037676199366
KARS1,Q15046,Lysine--tRNA ligase OS=Homo sapiens OX=9606 GN=KARS1 PE=1 SV=3,27.18025252049295,27.260085023708033,-0.0798325032150835,0.45131865902939927,-0.7583389449625504,-0.19580227364136404,0.7465572603638256
HNRNPU,Q00839,Heterogeneous nuclear ribonucleoprotein U OS=Homo sapiens OX=9606 GN=HNRNPU PE=1 SV=6,24.74329004322469,24.875843094834952,-0.13255305161026243,0.41103565193058467,-0.828051579004272,-0.2138019983522867,0.7190836336541568
PA2G4,Q9UQ80,Proliferation-associated protein 2G4 OS=Homo sapiens OX=9606 GN=PA2G4 PE=1 SV=3,28.250619019420103,28.488957696057916,-0.23833867663781305,0.14960921414613476,-1.4602793963060614,-0.3770425188468797,0.46277180220348096
MACROH2A1,O75367,Core histone macro-H2A.1 OS=Homo sapiens OX=9606 GN=MACROH2A1 PE=1 SV=5,20.549945733430345,21.62603238080424,-1.076086647373895,0.005356127781502671,-2.8936776469176486,-0.7471443557203146,0.08049350524465806
EEF1D,P29692,Elongation factor 1-delta OS=Homo sapiens OX=9606 GN=EEF1D PE=1 SV=5,24.894514968532096,24.747252680861784,0.14726228767031202,0.3505911293754377,0.9410326178877376,0.24297357715447834,0.6729951342267456
MMP2,P08253,72 kDa type IV collagenase OS=Homo sapiens OX=9606 GN=MMP2 PE=1 SV=2,26.187051868474587,26.27701621482688,-0.08996434635229278,0.2928976793789086,-1.06142275429353,-0.2740581767109633,0.6305216260143262
FCN3,O75636,Ficolin-3 OS=Homo sapiens OX=9606 GN=FCN3 PE=1 SV=2,21.54902773279755,21.443829123514774,0.1051986092827768,0.4211017818831547,0.8102619404600867,0.20920873343117477,0.7244223958313882
ALDOA,P04075,Fructose-bisphosphate aldolase A OS=Homo sapiens OX=9606 GN=ALDOA PE=1 SV=2,27.36888343055743,27.243032356662695,0.12585107389473293,0.45089032665048434,0.7590604451094742,0.1959885641782522,0.7465572603638256
YWHAH,Q04917,14-3-3 protein eta OS=Homo sapiens OX=9606 GN=YWHAH PE=1 SV=4,23.223350351776222,22.359900835320193,0.8634495164560292,1.4995815441778701e-06,5.3607966454950295,1.3841517420271223,8.531547856697669e-05
H1-10,A0A994J4R3,H1.10 linker histone OS=Homo sapiens OX=9606 GN=H1-10 PE=1 SV=1,26.084633194204905,26.075903486830136,0.008729707374769191,0.9698492581236017,0.03796084748474681,0.00980144867442294,0.9905962189126991
SEPTIN2,Q15019,Septin-2 OS=Homo sapiens OX=9606 GN=SEPTIN2 PE=1 SV=1,24.98518117353053,25.115314877730032,-0.1301337041995012,0.2645681014567111,-1.1265600597676917,-0.2908765566655135,0.6060889491703058
OLFM1,Q99784,Noelin OS=Homo sapiens OX=9606 GN=OLFM1 PE=1 SV=4,19.010193199833324,18.78793786157182,0.22225533826150468,0.476767377513715,0.7161581382372835,0.18491123617626054,0.7648443427787996
SSB,P05455,Lupus La protein OS=Homo sapiens OX=9606 GN=SSB PE=1 SV=2,25.21188120035475,25.264084929934043,-0.05220372957929342,0.6602198915224963,-0.44187914012104174,-0.11409270338168322,0.8673712230332216
KPRP,Q5T749,Keratinocyte proline-rich protein OS=Homo sapiens OX=9606 GN=KPRP PE=1 SV=1,26.015890871333816,26.049949863833103,-0.034058992499286234,0.8380145731453578,-0.20535402708549177,-0.05302218179858244,0.9510506039034264
NCKAP1L,P55160,Nck-associated protein 1-like OS=Homo sapiens OX=9606 GN=NCKAP1L PE=1 SV=3,24.73790050084418,24.74832836810882,-0.010427867264638735,0.9266611007313865,-0.09244748154603255,-0.02386983709510677,0.9802377340277638
HSP90B1,A0A7P0T823,Endoplasmin OS=Homo sapiens OX=9606 GN=HSP90B1 PE=1 SV=1,22.96187708917635,23.124619503121625,-0.16274241394527422,0.34726012931920647,-0.9476089762034955,-0.24467158557018653,0.6705277406127224
RTCB,Q9Y3I0,RNA-splicing ligase RtcB homolog OS=Homo sapiens OX=9606 GN=RTCB PE=1 SV=1,20.891694902479067,21.333244991337114,-0.4415500888580475,0.09206464560055273,-1.7129420288181654,-0.4422797300421,0.3826970998291902
ARHGAP17,Q68EM7,Rho GTPase-activating protein 17 OS=Homo sapiens OX=9606 GN=ARHGAP17 PE=1 SV=1,23.593417792785225,23.66186282612764,-0.06844503334241381,0.6524383608500277,-0.45272135080230874,-0.11689215014199118,0.8632186878458499
H2AZ1,P0C0S5,Histone H2A.Z OS=Homo sapiens OX=9606 GN=H2AZ1 PE=1 SV=2,23.234451512555175,23.126708136374933,0.10774337618024177,0.5646572033000166,0.579259515750078,0.14956416384214835,0.8177262953244785
ANXA1,P04083,Annexin A1 OS=Homo sapiens OX=9606 GN=ANXA1 PE=1 SV=2,26.42784399456443,26.419836235726446,0.008007758837983658,0.9587816954610298,0.051906323526860004,0.013402155105492202,0.9894983718495022
UBASH3B,Q8TF42,Ubiquitin-associated and SH3 domain-containing protein B OS=Homo sapiens OX=9606 GN=UBASH3B PE=1 SV=2,21.726902183762665,21.50392629591385,0.22297588784881484,0.4678230566642513,0.7308334370649368,0.1887003820402684,0.7550744110916006
DDX5,P17844,Probable ATP-dependent RNA helicase DDX5 OS=Homo sapiens OX=9606 GN=DDX5 PE=1 SV=1,24.872456528353222,24.965746428019088,-0.09328989966586576,0.28450582043296346,-1.0802423148492877,-0.2789173663519893,0.6220832459526832
IGLV3-9,A0A075B6K5,Immunoglobulin lambda variable 3-9 OS=Homo sapiens OX=9606 GN=IGLV3-9 PE=1 SV=1,23.788815885188573,23.370105485299508,0.4187103998890649,7.93070335037656e-05,4.247219814957054,1.0966274407340546,0.003008002485035681
DDX17,Q92841,Probable ATP-dependent RNA helicase DDX17 OS=Homo sapiens OX=9606 GN=DDX17 PE=1 SV=2,16.01664919187232,16.650174582876748,-0.6335253910044258,0.04296983861669329,-2.069437783118926,-0.534326538002133,0.2727129598262646
PACSIN2,Q9UNF0,Protein kinase C and casein kinase substrate in neurons protein 2 OS=Homo sapiens OX=9606 GN=PACSIN2 PE=1 SV=2,24.82542279187186,24.595924322983226,0.22949846888863235,0.00770642452053695,2.760827005146163,0.7128424675127192,0.10145730794392861
LMNA,P02545,Prelamin-A/C OS=Homo sapiens OX=9606 GN=LMNA PE=1 SV=1,24.454964518799667,24.108564561689754,0.346399957109913,0.03807268353140064,2.1225427262628895,0.5480381753619907,0.2573285078984412
DOK3,Q7L591,Docking protein 3 OS=Homo sapiens OX=9606 GN=DOK3 PE=1 SV=2,22.62048379665297,22.6311068149702,-0.010623018317229338,0.9307550846917014,-0.0872730580172968,-0.02253380668490561,0.9802377340277638
EIF4G2,P78344,Eukaryotic translation initiation factor 4 gamma 2 OS=Homo sapiens OX=9606 GN=EIF4G2 PE=1 SV=1,25.092338998097002,25.09116763651404,0.0011713615829620494,0.9903513162745774,0.012145369634924496,0.003135920955306389,0.9971547832553546
KLC1,Q07866,Kinesin light chain 1 OS=Homo sapiens OX=9606 GN=KLC1 PE=1 SV=2,25.99416386766087,25.921666061340357,0.07249780632051284,0.7937670399132352,0.26262918122757656,0.06781056300816624,0.934977287639163
LOC100653049,A0A140TA62,IF rod domain-containing protein OS=Homo sapiens OX=9606 GN=LOC100653049 PE=3 SV=2,22.705713746313045,22.9108048522615,-0.2050911059484548,0.674054447618778,-0.42273138136796234,-0.10914877333049164,0.8762692127369149
ADD2,P35612,Beta-adducin OS=Homo sapiens OX=9606 GN=ADD2 PE=1 SV=3,23.741742141241122,23.770867342476333,-0.02912520123521034,0.7703323655715368,-0.29330971198767924,-0.07573224198727838,0.931061804518557
DDX3X,O00571,ATP-dependent RNA helicase DDX3X OS=Homo sapiens OX=9606 GN=DDX3X PE=1 SV=3,24.4013352502871,24.271658238025466,0.12967701226163442,0.3562966187591623,0.9298620646131638,0.2400893527011219,0.674292962669072
TPP2,P29144,Tripeptidyl-peptidase 2 OS=Homo sapiens OX=9606 GN=TPP2 PE=1 SV=4,21.857582636961265,22.19526584563936,-0.33768320867809365,0.023654732844289657,-2.3239201970772383,-0.6000336147463468,0.19503839844541512
EFEMP1,Q12805,EGF-containing fibulin-like extracellular matrix protein 1 OS=Homo sapiens OX=9606 GN=EFEMP1 PE=1 SV=2,22.15299147486301,22.258541759157595,-0.10555028429458346,0.703075581448079,-0.38306010059915735,-0.09890569268113829,0.8884129766198156
PSME1,Q06323,Proteasome activator complex subunit 1 OS=Homo sapiens OX=9606 GN=PSME1 PE=1 SV=1,22.64697938721323,23.806360299725508,-1.1593809125122796,6.953430374880184e-11,-7.967120755849773,-2.0571017336419746,6.515773286578901e-09
MYO1F,O00160,Unconventional myosin-If OS=Homo sapiens OX=9606 GN=MYO1F PE=1 SV=3,29.214772114866044,29.285373292993686,-0.07060117812764233,0.464186204768126,-0.7368460513550347,-0.1902528323744496,0.7512137164353071
NAP1L4,Q99733,Nucleosome assembly protein 1-like 4 OS=Homo sapiens OX=9606 GN=NAP1L4 PE=1 SV=1,22.70767802000587,22.665281562601237,0.042396457404631605,0.8485426633815754,0.19183350383523487,0.04953119770656543,0.9511354679205313
ATE1,A0A8I5KZ24,Arginyl-tRNA--protein transferase 1 OS=Homo sapiens OX=9606 GN=ATE1 PE=1 SV=1,27.951030134442988,28.117039450865807,-0.16600931642281935,0.02616475758707325,-2.2821767106921405,-0.5892554929075388,0.2073654668468044
GTPBP1,O00178,GTP-binding protein 1 OS=Homo sapiens OX=9606 GN=GTPBP1 PE=1 SV=3,24.25302641231677,23.76746051977639,0.4855658925403823,0.010792483772332395,2.634323517080058,0.6801794073449078,0.12458280180670656
SERPINB9,P50453,Serpin B9 OS=Homo sapiens OX=9606 GN=SERPINB9 PE=1 SV=1,21.095139498702302,21.34028754451292,-0.2451480458106161,0.5798166608065847,-0.5567847882083194,-0.14376121414349632,0.8229179760959484
PLEKHF2,Q9H8W4,Pleckstrin homology domain-containing family F member 2 OS=Homo sapiens OX=9606 GN=PLEKHF2 PE=1 SV=1,29.29656832402879,28.534456509230754,0.7621118147980361,0.03610093697845697,2.1456215474343043,0.5539971013651231,0.2500382287247041
TPI1,P60174,Triosephosphate isomerase OS=Homo sapiens OX=9606 GN=TPI1 PE=1 SV=4,22.934433771174202,22.686332083294165,0.2481016878800375,0.07337255119628348,1.823560290847927,0.470841242483945,0.34346083659108756
PGM1,P36871,Phosphoglucomutase-1 OS=Homo sapiens OX=9606 GN=PGM1 PE=1 SV=3,23.328448213048976,23.28782414092109,0.04062407212788699,0.8062808252477489,0.24635035488445214,0.06360738811998468,0.9397948238187223
MYL2,P10916,"Myosin regulatory light chain 2, ventricular/cardiac muscle isoform OS=Homo sapiens OX=9606 GN=MYL2 PE=1 SV=3",22.828451345678467,22.57277965419797,0.2556716914804973,0.03725775379266837,2.1319516985184954,0.5504675615520499,0.2536393238962424
IGLV2-11,P01706,Immunoglobulin lambda variable 2-11 OS=Homo sapiens OX=9606 GN=IGLV2-11 PE=1 SV=2,21.493005096708902,21.20593433920457,0.2870707575043312,0.26071288439776813,1.1357975114027599,0.2932616564217812,0.6027198611298955
NAA15,Q9BXJ9,"N-alpha-acetyltransferase 15, NatA auxiliary subunit OS=Homo sapiens OX=9606 GN=NAA15 PE=1 SV=1",22.5644838930156,22.383324750090917,0.18115914292468105,0.09425377683932575,1.701239983167515,0.4392582748473314,0.3864293260404908
APMAP,Q9HDC9,Adipocyte plasma membrane-associated protein OS=Homo sapiens OX=9606 GN=APMAP PE=1 SV=2,23.73186582803407,23.698068264920206,0.033797563113864726,0.8695606587723446,0.16494520092295678,0.04258866774742986,0.9579599788550103
EIF4G3,A0A804HJV5,Eukaryotic translation initiation factor 4 gamma 3 OS=Homo sapiens OX=9606 GN=EIF4G3 PE=1 SV=1,17.88900153730352,18.386345420050407,-0.4973438827468861,0.13427652551755767,-1.5186765170579168,-0.39212059058943977,0.4465605535479528
IGKV3-7,A0A075B6H7,Probable non-functional immunoglobulin kappa variable 3-7 OS=Homo sapiens OX=9606 GN=IGKV3-7 PE=1 SV=1,26.453537004493754,26.072880148035818,0.3806568564579358,0.007817312603450898,2.7555324818255365,0.7114754274695928,0.10207359817456789
IGHV1-69,P01742,Immunoglobulin heavy variable 1-69 OS=Homo sapiens OX=9606 GN=IGHV1-69 PE=1 SV=2,25.766435789871423,25.835672472655684,-0.0692366827842612,0.5104576659049244,-0.6622127653522124,-0.17098260079033856,0.7853308201002052
LRRFIP1,Q32MZ4,Leucine-rich repeat flightless-interacting protein 1 OS=Homo sapiens OX=9606 GN=LRRFIP1 PE=1 SV=2,20.67756970142318,20.47342481593365,0.20414488548953003,0.2750164236427886,1.101993615598956,0.2845335280561103,0.6153106219985425
FNBP1,Q96RU3,Formin-binding protein 1 OS=Homo sapiens OX=9606 GN=FNBP1 PE=1 SV=2,26.718657564370307,26.688092706383777,0.03056485798652986,0.7017572733002952,0.38484852856756957,0.09936746279697509,0.8884129766198156
PRKDC,P78527,DNA-dependent protein kinase catalytic subunit OS=Homo sapiens OX=9606 GN=PRKDC PE=1 SV=3,26.72895265711795,26.700589834754144,0.028362822363806828,0.8111632657269595,0.2400171150761818,0.06197215263298674,0.9431993301482091
EIF3E,P60228,Eukaryotic translation initiation factor 3 subunit E OS=Homo sapiens OX=9606 GN=EIF3E PE=1 SV=1,21.048959521376915,21.030150002724273,0.0188095186526418,0.9192711850633759,0.10179413745634763,0.02628313327399887,0.9800760694896985
YWHAE,P62258,14-3-3 protein epsilon OS=Homo sapiens OX=9606 GN=YWHAE PE=1 SV=1,24.615290081950196,24.345205556178406,0.27008452577178943,0.0967508417227708,1.6881616969660322,0.435881475870313,0.3908881614334373
LDHA,P00338,L-lactate dehydrogenase A chain OS=Homo sapiens OX=9606 GN=LDHA PE=1 SV=2,27.312402339728234,27.35119049368653,-0.038788153958297045,0.5574156673002595,-0.5901001320112015,-0.1523631989249454,0.815393166216082
EIF3C,Q99613,Eukaryotic translation initiation factor 3 subunit C OS=Homo sapiens OX=9606 GN=EIF3C PE=1 SV=1,20.495710469635593,20.462525649266908,0.03318482036868531,0.9099825284182086,0.11355523763947976,0.029319836283488717,0.9758300657516803
TSPAN2,O60636,Tetraspanin-2 OS=Homo sapiens OX=9606 GN=TSPAN2 PE=1 SV=2,23.462680517472517,22.958674615022982,0.5040059024495349,0.003682667399964411,3.026799275389962,0.7815162123931999,0.06364921553163663
RPS2,P15880,Small ribosomal subunit protein uS5 OS=Homo sapiens OX=9606 GN=RPS2 PE=1 SV=2,22.87189558765037,22.38073205989547,0.4911635277548996,0.0064166496505866045,2.8281747247684477,0.7302315739461962,0.09126538297664698
IGLV3-16,A0A075B6K0,Immunoglobulin lambda variable 3-16 OS=Homo sapiens OX=9606 GN=IGLV3-16 PE=1 SV=2,24.9711967885282,25.026504634434783,-0.055307845906583,0.4817297410061889,-0.7080829725666966,-0.18282623736559062,0.7699037544123617
TAOK1,Q7L7X3,Serine/threonine-protein kinase TAO1 OS=Homo sapiens OX=9606 GN=TAOK1 PE=1 SV=1,27.199822261722876,27.327367723659265,-0.12754546193638916,0.1492495870993723,-1.461593932743238,-0.377381930695491,0.46277180220348096
TARS1,P26639,"Threonine--tRNA ligase 1, cytoplasmic OS=Homo sapiens OX=9606 GN=TARS1 PE=1 SV=3",25.33829604741793,25.05227451478256,0.28602153263537033,0.07373735474836908,1.8211870237015966,0.47022846754168907,0.34346083659108756
FNBP1L,Q5T0N5,Formin-binding protein 1-like OS=Homo sapiens OX=9606 GN=FNBP1L PE=1 SV=3,23.910074937546295,23.8314940637562,0.07858087379009504,0.5055398609001482,0.6699633464957552,0.17298379223649657,0.7846820385871056
ELMO1,Q92556,Engulfment and cell motility protein 1 OS=Homo sapiens OX=9606 GN=ELMO1 PE=1 SV=2,25.147395784512938,24.96659637671617,0.18079940779676917,0.14635684997230547,1.472258977801311,0.3801356334885888,0.4580480589506535
CRIP1,P50238,Cysteine-rich protein 1 OS=Homo sapiens OX=9606 GN=CRIP1 PE=1 SV=3,25.72504946031804,25.736478727101165,-0.011429266783125058,0.9267396627194986,-0.09234816309029122,-0.023844193180102956,0.9802377340277638
PDIA3,P30101,Protein disulfide-isomerase A3 OS=Homo sapiens OX=9606 GN=PDIA3 PE=1 SV=4,22.507447232565692,22.210623331655192,0.2968239009104998,0.06591855518072047,1.8743704206402152,0.483960361584223,0.3384823701258969
ENPP2,Q13822,Autotaxin OS=Homo sapiens OX=9606 GN=ENPP2 PE=1 SV=3,24.62292695702519,24.291965805324804,0.33096115170038587,0.0037475833121417305,3.0206663586000793,0.7799327000871406,0.06364921553163663
NID1,P14543,Nidogen-1 OS=Homo sapiens OX=9606 GN=NID1 PE=1 SV=3,25.41477777456509,25.45619046428085,-0.04141268971576295,0.6467238325089077,-0.4607179765668344,-0.11895687003611524,0.8622153065643009
CXCL12,P48061,Stromal cell-derived factor 1 OS=Homo sapiens OX=9606 GN=CXCL12 PE=1 SV=1,22.2401582596071,22.280464178320674,-0.040305918713574584,0.7419199214873222,-0.3308901515422564,-0.0854354697564805,0.9133527317846246
SLC4A1,P02730,Band 3 anion transport protein OS=Homo sapiens OX=9606 GN=SLC4A1 PE=1 SV=3,29.640319614904108,29.485296824791156,0.15502279011295172,0.0680481559068213,1.8593793875826607,0.48008969349259945,0.3419580831532061
TADA2B,Q86TJ2,Transcriptional adapter 2-beta OS=Homo sapiens OX=9606 GN=TADA2B PE=1 SV=2,20.102649760363818,20.1205238620932,-0.017874101729383085,0.9537204611713784,-0.0582868941664882,-0.015049611360597535,0.9884688969720272
HNRNPA0,Q13151,Heterogeneous nuclear ribonucleoprotein A0 OS=Homo sapiens OX=9606 GN=HNRNPA0 PE=1 SV=1,22.95757293924651,22.89520731204517,0.06236562720134131,0.6614405877585725,0.44018311310069114,0.1136547910880475,0.8679364549418501
IGLV7-43,P04211,Immunoglobulin lambda variable 7-43 OS=Homo sapiens OX=9606 GN=IGLV7-43 PE=1 SV=2,21.6763456721128,21.41618534722375,0.26016032488904983,0.023578173662250013,2.325254287006431,0.6003780752848874,0.19503839844541512
SLPI,P03973,Antileukoproteinase OS=Homo sapiens OX=9606 GN=SLPI PE=1 SV=2,22.512000306805263,22.20752545894362,0.30447484786164125,0.28596463263770777,1.0769434508916462,0.27806560334069935,0.6228988578498919
STIP1,P31948,Stress-induced-phosphoprotein 1 OS=Homo sapiens OX=9606 GN=STIP1 PE=1 SV=1,25.200684289309194,25.324957642364335,-0.1242733530551412,0.3385874690584131,-0.9649271555076993,-0.24914312023897422,0.6588758749440878
NCF1B,A6NI72,Putative neutrophil cytosol factor 1B OS=Homo sapiens OX=9606 GN=NCF1B PE=5 SV=2,21.206619539694845,20.421035628996304,0.7855839106985414,0.018161702126269892,2.4311618492256426,0.627723290265716,0.1669872299023365
AARS1,A0A6Q8PFK3,Alanine--tRNA ligase OS=Homo sapiens OX=9606 GN=AARS1 PE=1 SV=1,21.850319670550746,21.552611406722136,0.2977082638286106,0.07618307811379285,1.805525503386067,0.46618468038446664,0.3491974188837072
PTPN12,Q05209,Tyrosine-protein phosphatase non-receptor type 12 OS=Homo sapiens OX=9606 GN=PTPN12 PE=1 SV=3,25.344671837291585,25.417747645137734,-0.07307580784614842,0.6224646743521084,-0.49500786305472544,-0.12781048065684486,0.8518782012396123
ARG1,P05089,Arginase-1 OS=Homo sapiens OX=9606 GN=ARG1 PE=1 SV=2,16.133816341630443,20.446121471391372,-4.312305129760929,1.1000952247559103e-14,-10.28106488651107,-2.654559539115681,1.59313790276015e-12
VARS1,P26640,Valine--tRNA ligase OS=Homo sapiens OX=9606 GN=VARS1 PE=1 SV=4,26.8229172912534,26.70939917921079,0.11351811204260898,0.11509828232649952,1.5997026465436757,0.4130414472631724,0.41629545478406715
HMGB3,O15347,High mobility group protein B3 OS=Homo sapiens OX=9606 GN=HMGB3 PE=1 SV=4,25.636496805283922,25.610287149729015,0.02620965555490784,0.8410578391909879,0.20144195212246552,0.05201208838652138,0.9510506039034264
CD14,P08571,Monocyte differentiation antigen CD14 OS=Homo sapiens OX=9606 GN=CD14 PE=1 SV=2,22.5976328541377,22.929584002992193,-0.3319511488544933,0.000600380386606212,-3.6301537055732807,-0.937301656390564,0.015181046918471358
OLA1,J3KQ32,Obg-like ATPase 1 OS=Homo sapiens OX=9606 GN=OLA1 PE=1 SV=1,25.95005837150496,25.909642357843023,0.040416013661936034,0.5697835771558009,0.5716267923657021,0.14759340313855526,0.8199856536300593
IPO5,O00410,Importin-5 OS=Homo sapiens OX=9606 GN=IPO5 PE=1 SV=4,20.942492816497086,20.931709409213205,0.010783407283881274,0.9240541867944505,0.09574368730007556,0.024720913761178877,0.9802377340277638
EIF2A,Q9BY44,Eukaryotic translation initiation factor 2A OS=Homo sapiens OX=9606 GN=EIF2A PE=1 SV=3,22.138961321925187,20.9242518791897,1.2147094427354865,0.025041346448309826,2.3003991988354526,0.5939605191145728,0.20352482087835488
HCK,P08631,Tyrosine-protein kinase HCK OS=Homo sapiens OX=9606 GN=HCK PE=1 SV=5,24.77082073247608,25.086433328849253,-0.3156125963731746,0.3506503210346509,-0.9409161251885514,-0.24294349886888483,0.6729951342267456
EEF2,P13639,Elongation factor 2 OS=Homo sapiens OX=9606 GN=EEF2 PE=1 SV=4,25.00368404966457,24.626981091182063,0.37670295848250746,0.5418462971917815,0.6136494777646853,0.15844361385276698,0.8077014126444697
PRKACB,P22694,cAMP-dependent protein kinase catalytic subunit beta OS=Homo sapiens OX=9606 GN=PRKACB PE=1 SV=2,21.722520342808895,21.337786917594183,0.3847334252147121,0.30643769914567287,1.031824825916825,0.266416024465282,0.6380609099900814
NT5C3A,Q9H0P0,Cytosolic 5'-nucleotidase 3A OS=Homo sapiens OX=9606 GN=NT5C3A PE=1 SV=3,19.541131369365935,20.098176718287164,-0.5570453489212284,0.19408919759306756,-1.31379204756663,-0.33921964804035337,0.522614310469595
STX11,O75558,Syntaxin-11 OS=Homo sapiens OX=9606 GN=STX11 PE=1 SV=1,25.15950624167749,24.721845898891576,0.4376603427859145,0.01364305062777977,2.5440672057141427,0.6568753279575542,0.14487806779391668
KRT82,Q9NSB4,"Keratin, type II cuticular Hb2 OS=Homo sapiens OX=9606 GN=KRT82 PE=1 SV=3",27.528414027794366,27.621690000990252,-0.09327597319588676,0.3876232020385856,-0.8704865498815489,-0.2247586607192527,0.6986253324633339
RAP2B,P61225,Ras-related protein Rap-2b OS=Homo sapiens OX=9606 GN=RAP2B PE=1 SV=1,19.697505906696556,19.254884729752355,0.44262117694420056,0.2801453486397114,1.0901734144698616,0.28148156524799,0.6197544907913511
S100A14,Q9HCY8,Protein S100-A14 OS=Homo sapiens OX=9606 GN=S100A14 PE=1 SV=1,20.554142782725698,22.505910088159585,-1.9517673054338864,2.0564136711834942e-21,-14.844460234772702,-3.832823151514195,8.189667445488265e-19
CAND2,O75155,Cullin-associated NEDD8-dissociated protein 2 OS=Homo sapiens OX=9606 GN=CAND2 PE=1 SV=3,21.78430136070417,21.72947107349999,0.054830287204179484,0.5722500317242584,0.5679664522492599,0.1466483073843929,0.8205169221752868
MAPK1,P28482,Mitogen-activated protein kinase 1 OS=Homo sapiens OX=9606 GN=MAPK1 PE=1 SV=3,31.247930710156982,31.48706435289773,-0.23913364274074667,0.07029812695051688,-1.8439650459022603,-0.47610972758453657,0.34346083659108756
FDPS,P14324,Farnesyl pyrophosphate synthase OS=Homo sapiens OX=9606 GN=FDPS PE=1 SV=4,23.832993135053712,23.861642924452255,-0.02864978939854268,0.8587124668598278,-0.17880689651292148,-0.04616774215877186,0.9525295950145596
RPL4,P36578,Large ribosomal subunit protein uL4 OS=Homo sapiens OX=9606 GN=RPL4 PE=1 SV=5,27.931372632074318,26.942873204629066,0.9884994274452517,0.04561758143845387,2.042880540327052,0.5274694873985254,0.2827580047916615
YBX1,P67809,Y-box-binding protein 1 OS=Homo sapiens OX=9606 GN=YBX1 PE=1 SV=3,17.47662142827831,17.626644990652263,-0.15002356237395276,0.6942095307713525,-0.39511215171779207,-0.1020175188991458,0.8854089531775537
PKP1,Q13835,Plakophilin-1 OS=Homo sapiens OX=9606 GN=PKP1 PE=1 SV=2,26.79124424351882,26.53102377507627,0.2602204684425473,0.2251099020684616,1.226116097932595,0.31658181518731743,0.5539896832272435
HDGF,P51858,Hepatoma-derived growth factor OS=Homo sapiens OX=9606 GN=HDGF PE=1 SV=1,19.561234510107045,19.26342897259384,0.2978055375132058,0.33830168967486685,0.9655027523750548,0.24929173871106736,0.6588758749440878
CCT5,P48643,T-complex protein 1 subunit epsilon OS=Homo sapiens OX=9606 GN=CCT5 PE=1 SV=1,22.618116191215325,22.410941228235025,0.20717496298030014,0.17473141515624296,1.373990716923811,0.3547628776326339,0.49793764641126126
ABI1,Q8IZP0,Abl interactor 1 OS=Homo sapiens OX=9606 GN=ABI1 PE=1 SV=4,27.740852735162004,27.833146407438253,-0.09229367227624863,0.31239425967150897,-1.0190860814705835,-0.26312689479248963,0.6422144971117915
TOMM34,Q15785,Mitochondrial import receptor subunit TOM34 OS=Homo sapiens OX=9606 GN=TOMM34 PE=1 SV=2,25.32969623028505,25.42776121937243,-0.09806498908737993,0.350528771690227,-0.9411553553556687,-0.24300526783242857,0.6729951342267456
RPL22,P35268,Large ribosomal subunit protein eL22 OS=Homo sapiens OX=9606 GN=RPL22 PE=1 SV=2,22.901423532272737,22.796576007362074,0.10484752491066374,0.4868116908490191,0.6998611848655084,0.18070338090940696,0.7718480473932969
MAPKAPK3,Q16644,MAP kinase-activated protein kinase 3 OS=Homo sapiens OX=9606 GN=MAPKAPK3 PE=1 SV=1,24.790964797309375,25.032684593973123,-0.2417197966637481,0.15660730750327415,-1.4351778846731433,-0.3705613364122848,0.4742879103663797
IGHV1-18,A0A0C4DH31,Immunoglobulin heavy variable 1-18 OS=Homo sapiens OX=9606 GN=IGHV1-18 PE=1 SV=1,21.93407584747651,21.852716068531517,0.08135977894499291,0.45537210861642785,0.7515307157784735,0.19404439642489116,0.7489112672099768
UNC45A,A0A1W2PNX8,Unc-45 myosin chaperone A OS=Homo sapiens OX=9606 GN=UNC45A PE=1 SV=1,21.617103887014693,21.389759510337058,0.2273443766776353,0.24886929987769954,1.164797995552742,0.30074954923143676,0.5882029595032275
A2ML1,A8K2U0,Alpha-2-macroglobulin-like protein 1 OS=Homo sapiens OX=9606 GN=A2ML1 PE=1 SV=3,25.361935523770917,25.107132909368957,0.25480261440196017,0.08927158959902175,1.7282101001133072,0.4462219290990862,0.3762159847387345
PCBP2,Q15366,Poly(rC)-binding protein 2 OS=Homo sapiens OX=9606 GN=PCBP2 PE=1 SV=1,24.831089446824876,24.529636371698732,0.30145307512614394,0.16811248670411338,1.3957425254543854,0.36037917044522105,0.4904820353839791
FBXO7,Q9Y3I1,F-box only protein 7 OS=Homo sapiens OX=9606 GN=FBXO7 PE=1 SV=1,23.028967890419207,23.102103789876242,-0.07313589945703569,0.788713702555959,-0.26922277215091095,-0.06951302086401814,0.9340055249197784
SRP9,P49458,Signal recognition particle 9 kDa protein OS=Homo sapiens OX=9606 GN=SRP9 PE=1 SV=2,20.072675512534104,19.6525014103003,0.4201741022338048,0.29904620478918226,1.0478687246939993,0.27055854131676427,0.6322107566596417
OSTF1,Q92882,Osteoclast-stimulating factor 1 OS=Homo sapiens OX=9606 GN=OSTF1 PE=1 SV=2,24.073056326017262,24.11713307832698,-0.04407675230971719,0.7242449442241601,-0.3545066422484068,-0.09153322143653267,0.900442838109251
DDX1,Q92499,ATP-dependent RNA helicase DDX1 OS=Homo sapiens OX=9606 GN=DDX1 PE=1 SV=2,18.816822301798492,18.426821978792375,0.39000032300611664,0.5817643561816587,0.5539179800562061,0.14302100746150254,0.823626042305537
CRISPLD2,Q9H0B8,Cysteine-rich secretory protein LCCL domain-containing 2 OS=Homo sapiens OX=9606 GN=CRISPLD2 PE=1 SV=1,26.833793921987787,27.08009364141228,-0.24629971942449203,0.19717229927512056,-1.3046288633732253,-0.3368537240550675,0.52641304567103
WDR44,Q5JSH3,WD repeat-containing protein 44 OS=Homo sapiens OX=9606 GN=WDR44 PE=1 SV=1,21.136768947586933,22.037964876291447,-0.9011959287045137,0.08703371990832082,-1.740730751751767,-0.4494547474510474,0.3717016509757508
IPO9,Q96P70,Importin-9 OS=Homo sapiens OX=9606 GN=IPO9 PE=1 SV=3,16.18321435554206,18.710807032953124,-2.5275926774110644,0.005002825490743174,-2.9181920098511496,-0.7534739370126035,0.07737379618207647
DDX1,A0A7I2V4J3,ATP-dependent RNA helicase DDX1 OS=Homo sapiens OX=9606 GN=DDX1 PE=1 SV=1,25.900645343820624,25.473115278896827,0.42753006492379697,0.003076528665842072,3.08950516767985,0.7977068041630542,0.05569216096234569
GP1BB,P13224,Platelet glycoprotein Ib beta chain OS=Homo sapiens OX=9606 GN=GP1BB PE=1 SV=1,26.73104001301046,26.49986048131301,0.23117953169744965,0.27226965170547046,1.108387416927942,0.2861844004605184,0.6134732039134575
FGD3,Q5JSP0,"FYVE, RhoGEF and PH domain-containing protein 3 OS=Homo sapiens OX=9606 GN=FGD3 PE=1 SV=1",21.595034293747286,21.899163115674842,-0.30412882192755575,0.13955384141738258,-1.498009483059788,-0.3867843853567561,0.4482041721328437
SNRPA,P09012,U1 small nuclear ribonucleoprotein A OS=Homo sapiens OX=9606 GN=SNRPA PE=1 SV=3,23.217007108987794,23.237360230048747,-0.020353121060953328,0.833923003936527,-0.21061873176881424,-0.05438152270266297,0.9494175561810791
ICAM2,P13598,Intercellular adhesion molecule 2 OS=Homo sapiens OX=9606 GN=ICAM2 PE=1 SV=2,16.268698959602617,16.857432711324233,-0.588733751721616,0.3902012583247456,-0.865737358087314,-0.22353242467078493,0.6999894194947294
P2RX1,P51575,P2X purinoceptor 1 OS=Homo sapiens OX=9606 GN=P2RX1 PE=1 SV=1,23.84263640378089,23.969433808064345,-0.12679740428345454,0.4882360887974836,-0.6975652954047555,-0.18011058479965839,0.7731213612866713
PRDX5,P30044,"Peroxiredoxin-5, mitochondrial OS=Homo sapiens OX=9606 GN=PRDX5 PE=1 SV=4",19.275902682983453,19.704126229792312,-0.42822354680885866,0.3775249360229245,-0.8892823912169585,-0.22961172608391925,0.692056643365384
UBAP2L,A0AA34QVE6,Ubiquitin associated protein 2 like OS=Homo sapiens OX=9606 GN=UBAP2L PE=1 SV=1,23.095445000540003,22.996235895296,0.09920910524400384,0.5771703231231722,0.5606873650059494,0.1447688551397974,0.8217708436984958
CHMP5,Q9NZZ3,Charged multivesicular body protein 5 OS=Homo sapiens OX=9606 GN=CHMP5 PE=1 SV=1,25.677602459866186,25.80743854138883,-0.1298360815226438,0.13799354252437684,-1.504054597858686,-0.38834522728622556,0.44746572151303493
IDH2,P48735,"Isocitrate dehydrogenase [NADP], mitochondrial OS=Homo sapiens OX=9606 GN=IDH2 PE=1 SV=2",26.222336956422964,26.189827364313462,0.032509592109501995,0.8215871628298728,0.22652812364238825,0.05848931002097228,0.9470248555629431
PAK2,Q13177,Serine/threonine-protein kinase PAK 2 OS=Homo sapiens OX=9606 GN=PAK2 PE=1 SV=3,27.2010612467696,27.332515003409256,-0.13145375663965453,0.37239388756506575,-0.8989545453900329,-0.23210906555287045,0.687866862672414
TRRAP,Q9Y4A5,Transformation/transcription domain-associated protein OS=Homo sapiens OX=9606 GN=TRRAP PE=1 SV=3,22.440999896499267,22.29078883398133,0.15021106251793626,0.19988545268334137,1.296653801220545,0.3347945718615809,0.52641304567103
MYO16,F8W883,Myosin XVI OS=Homo sapiens OX=9606 GN=MYO16 PE=1 SV=2,23.238106018128214,23.058095138334284,0.1800108797939295,0.24375959779420225,1.1776154144788977,0.3040589925675944,0.5821724726928998
PPP1CA,P62136,Serine/threonine-protein phosphatase PP1-alpha catalytic subunit OS=Homo sapiens OX=9606 GN=PPP1CA PE=1 SV=1,22.892798796387115,22.704127023645846,0.18867177274126945,0.32192713834454456,0.9990359881250486,0.2579499829513456,0.6530448440456099
SFPQ,P23246,"Splicing factor, proline- and glutamine-rich OS=Homo sapiens OX=9606 GN=SFPQ PE=1 SV=2",23.948869087175414,24.046434728921394,-0.09756564174598026,0.6335790250144026,-0.47922716435183893,-0.12373592177232513,0.8574972568435587
IGHV1OR15-1,A0A075B7D0,Immunoglobulin heavy variable 1/OR15-1 (non-functional) (Fragment) OS=Homo sapiens OX=9606 GN=IGHV1OR15-1 PE=4 SV=1,26.906820129093038,27.142087427567088,-0.23526729847404937,0.3101457150956705,-1.0238753312475886,-0.26436347376763425,0.6416391222693547
LANCL1,O43813,Glutathione S-transferase LANCL1 OS=Homo sapiens OX=9606 GN=LANCL1 PE=1 SV=1,17.80474453961851,19.453859677895384,-1.6491151382768727,3.168910657637459e-06,-5.157372483346953,-1.3316278492127425,0.00015775233367551475
FARP1,C9JME2,"FERM, ARHGEF and pleckstrin domain-containing protein 1 OS=Homo sapiens OX=9606 GN=FARP1 PE=1 SV=2",26.128346481407984,26.67189824078648,-0.5435517593784951,0.043765808449863886,-2.0613084594343523,-0.5322275556523809,0.27340757984562025
S100A11,P31949,Protein S100-A11 OS=Homo sapiens OX=9606 GN=S100A11 PE=1 SV=2,25.95609910885684,25.918022265920584,0.03807684293625613,0.8120265858482939,0.23889828706806315,0.06168327248347248,0.9435144793992212
LSM8,O95777,U6 snRNA-associated Sm-like protein LSm8 OS=Homo sapiens OX=9606 GN=LSM8 PE=1 SV=3,19.980445035600034,19.661317356007828,0.31912767959220645,0.3664078714023268,0.9103460771544244,0.23505034640695585,0.6827114982357352
SNRPD2,P62316,Small nuclear ribonucleoprotein Sm D2 OS=Homo sapiens OX=9606 GN=SNRPD2 PE=1 SV=1,22.010125621367784,22.047782947138895,-0.037657325771110806,0.8304051054381621,-0.21515002632248242,-0.05555149792553746,0.9494175561810791
INHBE,P58166,Inhibin beta E chain OS=Homo sapiens OX=9606 GN=INHBE PE=1 SV=1,21.042850648713046,20.914402069924037,0.1284485787890084,0.22414751873188937,1.2286972278876767,0.3172482600760127,0.5535922439378291
STXBP2,Q15833,Syntaxin-binding protein 2 OS=Homo sapiens OX=9606 GN=STXBP2 PE=1 SV=2,20.381515369233956,20.72868110838261,-0.3471657391486538,0.19819065368164526,-1.301625909657021,-0.33607836473958147,0.52641304567103
SASH3,O75995,SAM and SH3 domain-containing protein 3 OS=Homo sapiens OX=9606 GN=SASH3 PE=1 SV=2,22.555242072751124,22.61777754841633,-0.06253547566520723,0.7572886991002319,-0.3105067843589076,-0.08017250698043112,0.9208861814249384
ARHGAP1,Q07960,Rho GTPase-activating protein 1 OS=Homo sapiens OX=9606 GN=ARHGAP1 PE=1 SV=1,19.6656959791971,18.69812369447703,0.9675722847200703,0.019412644944624836,2.4044090262423734,0.6208157410738336,0.17085272594910145
MAP2K4,P45985,Dual specificity mitogen-activated protein kinase kinase 4 OS=Homo sapiens OX=9606 GN=MAP2K4 PE=1 SV=1,24.313682584918414,24.155808836988232,0.15787374793018216,0.45618114105901186,0.7501760549061214,0.19369462449166594,0.7489112672099768
HNRNPUL2,Q1KMD3,Heterogeneous nuclear ribonucleoprotein U-like protein 2 OS=Homo sapiens OX=9606 GN=HNRNPUL2 PE=1 SV=1,25.141270324839887,24.97661431164881,0.16465601319107748,0.08538909375598469,1.75010332147573,0.4518747345478525,0.36896678057969556
FGL1,Q08830,Fibrinogen-like protein 1 OS=Homo sapiens OX=9606 GN=FGL1 PE=1 SV=3,24.40645912139383,24.504576891086096,-0.09811776969226571,0.4459230181892525,-0.7674568749614367,-0.1981565130438688,0.7438276104455279
ECM1,Q16610,Extracellular matrix protein 1 OS=Homo sapiens OX=9606 GN=ECM1 PE=1 SV=2,25.3633529429229,24.78327151872065,0.5800814242022518,0.0023575990601513645,3.180993069113577,0.8213288787385402,0.04638154129166396
PARP1,P09874,Poly [ADP-ribose] polymerase 1 OS=Homo sapiens OX=9606 GN=PARP1 PE=1 SV=4,21.167005348070152,23.14195363896034,-1.9749482908901896,2.126878850766449e-08,-6.486077358607377,-1.6746979728066245,1.6133895282242634e-06
EIF3A,Q14152,Eukaryotic translation initiation factor 3 subunit A OS=Homo sapiens OX=9606 GN=EIF3A PE=1 SV=1,24.60637678032019,24.327427836547592,0.2789489437725976,0.008292492738665268,2.7335984650664242,0.7058120886946945,0.10428958305345043
P4HB,A0A7P0TA97,Protein disulfide-isomerase OS=Homo sapiens OX=9606 GN=P4HB PE=1 SV=1,25.713485817319167,25.789098663967266,-0.07561284664809875,0.4196115636003219,-0.8128792259866107,-0.20988451364827457,0.7226391576381761
RPS14,P62263,Small ribosomal subunit protein uS11 OS=Homo sapiens OX=9606 GN=RPS14 PE=1 SV=3,21.289878130799007,21.304665299766064,-0.01478716896705734,0.9042695734859313,-0.1207966966444938,-0.031189572958732925,0.9740383170540364
TRMT1L,Q7Z2T5,TRMT1-like protein OS=Homo sapiens OX=9606 GN=TRMT1L PE=1 SV=2,20.312129607103525,20.359825529827972,-0.047695922724447115,0.788681928484858,-0.26926426827438743,-0.06952373511702857,0.9340055249197784
LACRT,Q9GZZ8,Extracellular glycoprotein lacritin OS=Homo sapiens OX=9606 GN=LACRT PE=1 SV=1,22.24317049765649,22.227887294972977,0.015283202683512798,0.9550089824038072,0.056662269332481106,0.014630135032201237,0.9891607990697431
PDHA2,P29803,"Pyruvate dehydrogenase E1 component subunit alpha, testis-specific form, mitochondrial OS=Homo sapiens OX=9606 GN=PDHA2 PE=1 SV=1",19.33495744893099,19.232118507464122,0.10283894146686734,0.7728382898415678,0.290016067168977,0.07488182655186797,0.9329589891379538
NOTUM,Q6P988,Palmitoleoyl-protein carboxylesterase NOTUM OS=Homo sapiens OX=9606 GN=NOTUM PE=1 SV=2,21.65615750917457,21.469638677415094,0.18651883175947503,0.09539500829038321,1.695227941770027,0.4377059724333861,0.3876638984861746
PLCB2,Q00722,"1-phosphatidylinositol 4,5-bisphosphate phosphodiesterase beta-2 OS=Homo sapiens OX=9606 GN=PLCB2 PE=1 SV=2",26.589337443322652,26.509773702642892,0.07956374067975958,0.5948543391892663,0.5347683213011407,0.13807658683190766,0.831116257748757
CSTB,P04080,Cystatin-B OS=Homo sapiens OX=9606 GN=CSTB PE=1 SV=2,19.770865783788867,19.00768411951226,0.7631816642766083,0.04696903590983134,2.029835580675727,0.5241012932997567,0.2844930578112598
H3-3A; H3-3B,P84243,Histone H3.3 OS=Homo sapiens OX=9606 GN=H3-3A PE=1 SV=2,25.304255148844234,25.552547129796917,-0.24829198095268268,0.07014798438590852,-1.8449806179534989,-0.4763719471606247,0.34346083659108756
AP3B1,O00203,AP-3 complex subunit beta-1 OS=Homo sapiens OX=9606 GN=AP3B1 PE=1 SV=3,21.616863816502914,21.657645818770632,-0.04078200226771855,0.8612290517876724,-0.1755882190472518,-0.045336683210681746,0.9540597214866218
CLINT1,Q14677,Clathrin interactor 1 OS=Homo sapiens OX=9606 GN=CLINT1 PE=1 SV=1,22.622039187569168,23.095150785378404,-0.4731115978092362,0.019155113845769036,-2.4097875503225876,-0.6222044700198234,0.1704010194986716
LAP3,P28838,Cytosol aminopeptidase OS=Homo sapiens OX=9606 GN=LAP3 PE=1 SV=3,25.68866099547465,25.732115799325978,-0.04345480385132916,0.5591658460677936,-0.587473720937694,-0.15168506250174613,0.8164816322279094
CTSD,C9JH19,Cathepsin D OS=Homo sapiens OX=9606 GN=CTSD PE=1 SV=2,21.375349430336144,21.558828936866345,-0.18347950653020106,0.35575333344180027,-0.9309207247342892,-0.24036269756901607,0.674292962669072
PPP2R5E,Q16537,Serine/threonine-protein phosphatase 2A 56 kDa regulatory subunit epsilon isoform OS=Homo sapiens OX=9606 GN=PPP2R5E PE=1 SV=1,18.256517503710594,17.30927017951848,0.9472473241921122,0.008239452972663881,2.7359886743192274,0.7064292380700318,0.10428958305345043
HK1,P19367,Hexokinase-1 OS=Homo sapiens OX=9606 GN=HK1 PE=1 SV=3,17.27771682409862,17.688175800641783,-0.41045897654316477,0.3855424146973503,-0.8743341174718462,-0.22575209839929464,0.6979193938782716
STK39,Q9UEW8,STE20/SPS1-related proline-alanine-rich protein kinase OS=Homo sapiens OX=9606 GN=STK39 PE=1 SV=3,19.41884451909583,17.243926138731855,2.1749183803639767,0.00017266525338439535,4.015437808891488,1.0367815841045556,0.005691329981759304
LSM2,Q9Y333,U6 snRNA-associated Sm-like protein LSm2 OS=Homo sapiens OX=9606 GN=LSM2 PE=1 SV=1,19.70599557938742,18.275898735924482,1.4300968434629375,0.0187760447959431,2.417823573858061,0.6242793623746645,0.1704010194986716
PACS1,Q6VY07,Phosphofurin acidic cluster sorting protein 1 OS=Homo sapiens OX=9606 GN=PACS1 PE=1 SV=2,23.360555462367117,23.141708086731803,0.2188473756353133,0.19444197486627668,1.3127380456314395,0.3389475059108958,0.522614310469595
TRIP10,Q15642,Cdc42-interacting protein 4 OS=Homo sapiens OX=9606 GN=TRIP10 PE=1 SV=3,27.333529434266357,27.209772779978167,0.12375665428819005,0.2044267044460283,1.283484763208597,0.3313943408678578,0.52641304567103
RPL5,P46777,Large ribosomal subunit protein uL18 OS=Homo sapiens OX=9606 GN=RPL5 PE=1 SV=3,23.747289950075526,23.90296152288774,-0.15567157281221355,0.5176617328513796,-0.6509308742957965,-0.16806962904532355,0.7904166755911323
ABCE1,P61221,ATP-binding cassette sub-family E member 1 OS=Homo sapiens OX=9606 GN=ABCE1 PE=1 SV=1,24.488604774289765,24.234858798831677,0.25374597545808797,0.16694150447426961,1.39965903714655,0.36139040941581974,0.48885628056527847
MANF,P55145,Mesencephalic astrocyte-derived neurotrophic factor OS=Homo sapiens OX=9606 GN=MANF PE=1 SV=3,27.06658113037273,27.299707936553308,-0.23312680618057868,0.17913338588114353,-1.3598717710013757,-0.3511173814710609,0.5059565313983363
PGAM1,P18669,Phosphoglycerate mutase 1 OS=Homo sapiens OX=9606 GN=PGAM1 PE=1 SV=2,25.03880235359616,24.97212607700743,0.06667627658872988,0.5765506372017815,0.561602468733518,0.14500513390625913,0.8217708436984958
PFKP,Q01813,"ATP-dependent 6-phosphofructokinase, platelet type OS=Homo sapiens OX=9606 GN=PFKP PE=1 SV=2",23.87217877029322,22.967094484996824,0.9050842852963967,0.003935749840399093,3.0034331588341363,0.775483107040783,0.06599631048163952
CDA,P32320,Cytidine deaminase OS=Homo sapiens OX=9606 GN=CDA PE=1 SV=2,17.74770269387915,17.095551772090083,0.6521509217890653,0.12073165994898107,1.5748451538949186,0.4066232702593651,0.4228827624083906
POLR1B,Q9H9Y6,DNA-directed RNA polymerase I subunit RPA2 OS=Homo sapiens OX=9606 GN=POLR1B PE=1 SV=2,21.811069183645923,21.654039071614577,0.15703011203134665,0.5304729810205099,0.6310714023725067,0.1629419354437652,0.7994734709230579
CRYAB,P02511,Alpha-crystallin B chain OS=Homo sapiens OX=9606 GN=CRYAB PE=1 SV=2,23.32441061195645,23.04093686286348,0.28347374909296974,0.042488538106986606,2.0744169268673294,0.5356121473898624,0.2718242618651794
MTPN,P58546,Myotrophin OS=Homo sapiens OX=9606 GN=MTPN PE=1 SV=2,20.18587964757858,19.91025411773907,0.2756255298395125,0.1330149889021435,1.523712067496617,0.39342076412197785,0.4442198685977245
POF1B,Q8WVV4,Protein POF1B OS=Homo sapiens OX=9606 GN=POF1B PE=1 SV=3,19.13056000823602,19.527339710092786,-0.39677970185676514,0.13809746598311928,-1.5036502891557524,-0.38824083522801306,0.44746572151303493
IGHD,P01880,Immunoglobulin heavy constant delta OS=Homo sapiens OX=9606 GN=IGHD PE=1 SV=4,22.74400470386638,22.440487696189578,0.30351700767680256,0.055070132906015125,1.9578008928824164,0.5055020168882407,0.3056680199278122
CPNE3,O75131,Copine-3 OS=Homo sapiens OX=9606 GN=CPNE3 PE=1 SV=1,21.985227925601134,21.875841716572236,0.10938620902889795,0.6529372972063521,0.45202456249141604,0.11671224017372987,0.8632186878458499
KIAA0825,A0A994J718,KIAA0825 OS=Homo sapiens OX=9606 GN=KIAA0825 PE=1 SV=1,30.24355717319094,30.2277463242592,0.01581084893173923,0.8592498606628513,0.17811942022910182,0.04599023654556212,0.9525295950145596
NONO,A0A7I2V535,Non-POU domain containing octamer binding OS=Homo sapiens OX=9606 GN=NONO PE=1 SV=1,16.26012193095947,16.220493518792413,0.03962841216705826,0.92333480325567,0.09665346715522208,0.024955817909692046,0.9802377340277638
PIP5K1C,O60331,Phosphatidylinositol 4-phosphate 5-kinase type-1 gamma OS=Homo sapiens OX=9606 GN=PIP5K1C PE=1 SV=2,19.499449018949104,19.429567429316403,0.06988158963270052,0.8343908215025178,0.21001648372164453,0.05422602292553135,0.9494175561810791
GSTP1,P09211,Glutathione S-transferase P OS=Homo sapiens OX=9606 GN=GSTP1 PE=1 SV=2,24.60581343293962,24.69447043404772,-0.08865700110809982,0.6952201204082333,-0.39373549790579715,-0.10166206841332251,0.8859885214482526
CALR,P27797,Calreticulin OS=Homo sapiens OX=9606 GN=CALR PE=1 SV=1,24.021063368533962,23.90749580313511,0.11356756539885282,0.5682037463405458,0.5739754129508702,0.14819981436608298,0.8198809492033419
SERPINB5,P36952,Serpin B5 OS=Homo sapiens OX=9606 GN=SERPINB5 PE=1 SV=2,25.05264967107339,25.205057905229935,-0.15240823415654603,0.11736915720604031,-1.5895669657399927,-0.4104244257328298,0.41629545478406715
COL1A1,P02452,Collagen alpha-1(I) chain OS=Homo sapiens OX=9606 GN=COL1A1 PE=1 SV=6,20.066313843766263,19.901716861226912,0.16459698253935073,0.7783952183537675,0.28272368382267676,0.07299894126824255,0.9337692871803496
ANK1,P16157,Ankyrin-1 OS=Homo sapiens OX=9606 GN=ANK1 PE=1 SV=3,20.6440496123758,20.55469167988309,0.08935793249271029,0.6529579798739618,0.45199568296799564,0.1167047835128463,0.8632186878458499
CAPG,P40121,Macrophage-capping protein OS=Homo sapiens OX=9606 GN=CAPG PE=1 SV=2,17.650286230838624,17.202835817692524,0.44745041314610035,0.3468444983861294,0.9484324346518834,0.24488420162731322,0.6705277406127224
GRN,P28799,Progranulin OS=Homo sapiens OX=9606 GN=GRN PE=1 SV=2,22.72395629642994,23.2074120010675,-0.48345570463756005,0.0025812069957379816,-3.1500165446900685,-0.8133307745241646,0.048450761320309524
CST3,P01034,Cystatin-C OS=Homo sapiens OX=9606 GN=CST3 PE=1 SV=1,21.597698396059254,20.99621149962932,0.6014868964299325,0.002119890845663514,3.2171086492539662,0.8306538814333634,0.043777206168753836
EIF3B,P55884,Eukaryotic translation initiation factor 3 subunit B OS=Homo sapiens OX=9606 GN=EIF3B PE=1 SV=3,25.30305190490406,25.340088017076834,-0.03703611217277469,0.8212331537862391,-0.22698552669695746,-0.05860741098182901,0.9470248555629431
MAPKAPK2,P49137,MAP kinase-activated protein kinase 2 OS=Homo sapiens OX=9606 GN=MAPKAPK2 PE=1 SV=1,24.202955661848545,23.413976501192582,0.7889791606559626,0.07739686319203347,1.7979086230200574,0.4642180103306261,0.3502442685833193
SDF2L1,Q9HCN8,Stromal cell-derived factor 2-like protein 1 OS=Homo sapiens OX=9606 GN=SDF2L1 PE=1 SV=2,21.026172576075847,20.185477688003417,0.8406948880724308,0.08835919464228888,1.7332831550007608,0.44753178623865303,0.3733586129049501
STK26,Q9P289,Serine/threonine-protein kinase 26 OS=Homo sapiens OX=9606 GN=STK26 PE=1 SV=2,23.49859324175537,23.498901501227635,-0.00030825947226631456,0.9972567430505817,-0.0034530206118431575,-0.0008915660882519663,0.9980977137087316
ACTR1A,P61163,Alpha-centractin OS=Homo sapiens OX=9606 GN=ACTR1A PE=1 SV=1,23.90649330781707,23.993470425191237,-0.08697711737416824,0.5067417286789535,-0.6680654368491626,-0.17249375407290599,0.7846820385871056
CORO1B,Q9BR76,Coronin-1B OS=Homo sapiens OX=9606 GN=CORO1B PE=1 SV=1,23.958514299721188,24.339864829155548,-0.38135052943436065,0.3660815441753764,-0.9109704910596697,-0.2352115693840329,0.6827114982357352
PTGES3,A0A087WYT3,Prostaglandin E synthase 3 OS=Homo sapiens OX=9606 GN=PTGES3 PE=1 SV=1,17.95402066910636,18.3229165809065,-0.36889591180014136,0.3997942100556874,-0.8482350655854893,-0.21901335217878373,0.7100339939470728
EDF1,O60869,Endothelial differentiation-related factor 1 OS=Homo sapiens OX=9606 GN=EDF1 PE=1 SV=1,22.364960251376342,22.290136330013926,0.074823921362416,0.6457663552951121,0.46206073389920976,0.1193035684885344,0.8622153065643009
TSPAN9,B5MD23,Tetraspanin OS=Homo sapiens OX=9606 GN=TSPAN9 PE=1 SV=1,20.747120671522286,20.429006235495496,0.31811443602678935,0.2859952510057758,1.0768743376856977,0.2780477583876566,0.6228988578498919
EIF4E,P06730,Eukaryotic translation initiation factor 4E OS=Homo sapiens OX=9606 GN=EIF4E PE=1 SV=2,19.795610338589167,19.509508843716343,0.286101494872824,0.11598725783721749,1.5957158080623157,0.41201204999368396,0.41629545478406715
SERPINB12,Q96P63,Serpin B12 OS=Homo sapiens OX=9606 GN=SERPINB12 PE=1 SV=1,23.410236050997387,23.363630046391577,0.04660600460580966,0.5730192003245946,0.5668265433018224,0.14635398415975168,0.8208809227671576
AP2A1,O95782,AP-2 complex subunit alpha-1 OS=Homo sapiens OX=9606 GN=AP2A1 PE=1 SV=3,24.83875640662535,24.790379439790772,0.04837696683457793,0.6287805616067959,0.4860251984083963,0.12549116661819162,0.8546479817744247
MAP4,P27816,Microtubule-associated protein 4 OS=Homo sapiens OX=9606 GN=MAP4 PE=1 SV=3,19.574851831782205,19.51301018690592,0.06184164487628507,0.8138843987219461,0.23649166493657228,0.061061885321080596,0.9443678400537058
RPS12,P25398,Small ribosomal subunit protein eS12 OS=Homo sapiens OX=9606 GN=RPS12 PE=1 SV=3,20.87554252624602,20.909914428553613,-0.03437190230759413,0.7895699188060623,-0.2681047527211969,-0.06922434948855022,0.9340055249197784
CRABP2,P29373,Cellular retinoic acid-binding protein 2 OS=Homo sapiens OX=9606 GN=CRABP2 PE=1 SV=2,23.02757226261593,20.898596889591285,2.1289753730246446,3.593668214004542e-12,8.738276558642118,2.2562133057450384,4.403625742237873e-10
ALDH1A3,P47895,Retinaldehyde dehydrogenase 3 OS=Homo sapiens OX=9606 GN=ALDH1A3 PE=1 SV=2,19.180544348863563,18.761011289128867,0.4195330597346967,0.468307293257063,0.7300348843006155,0.18849419660311614,0.7550744110916006
RAB11A,P62491,Ras-related protein Rab-11A OS=Homo sapiens OX=9606 GN=RAB11A PE=1 SV=3,20.33431307015494,20.34245218724646,-0.008139117091520376,0.9668290017704081,-0.041765604141519926,-0.01078383261895988,0.9905962189126991
EVPL,Q92817,Envoplakin OS=Homo sapiens OX=9606 GN=EVPL PE=1 SV=3,21.75733570286104,21.237254205357786,0.5200814975032557,0.20849253808470095,1.2718783886889888,0.3283975878529051,0.5332282000610806
TRIM25,Q14258,E3 ubiquitin/ISG15 ligase TRIM25 OS=Homo sapiens OX=9606 GN=TRIM25 PE=1 SV=2,20.940371444179405,20.173457435047318,0.766914009132087,0.0014627230354045527,3.3414665856761037,0.8627629625488071,0.03281856049858384
NCKAP1,A0A994J6K9,Nck-associated protein 1 OS=Homo sapiens OX=9606 GN=NCKAP1 PE=1 SV=1,25.06542861249139,24.498146788878206,0.567281823613186,0.003297479720847999,3.065409457485091,0.7914853185430979,0.059021181969784973
EIF3I,A0A7I2V607,Eukaryotic translation initiation factor 3 subunit I OS=Homo sapiens OX=9606 GN=EIF3I PE=1 SV=1,21.20496964825728,20.741679800263814,0.4632898479934653,0.009968075862303544,2.664497106028658,0.6879701945111234,0.11590616677846385
KPNB1,Q14974,Importin subunit beta-1 OS=Homo sapiens OX=9606 GN=KPNB1 PE=1 SV=2,20.52663170154242,20.997058449964864,-0.4704267484224438,0.2111963413339158,-1.2642529888279745,-0.32642871807491314,0.535893318694269
DNAJC8,O75937,DnaJ homolog subfamily C member 8 OS=Homo sapiens OX=9606 GN=DNAJC8 PE=1 SV=2,20.03099558249949,20.268726433250052,-0.23773085075056244,0.5106406252391551,-0.6619251932619561,-0.17090834999591212,0.7853308201002052
KTN1,Q86UP2,Kinectin OS=Homo sapiens OX=9606 GN=KTN1 PE=1 SV=1,18.469998643636174,18.628539376345977,-0.1585407327098025,0.8534850937483812,-0.18549869868316668,-0.04789555804953681,0.9521020688663664
DAZAP1,Q96EP5,DAZ-associated protein 1 OS=Homo sapiens OX=9606 GN=DAZAP1 PE=1 SV=1,21.232669305899666,20.913575170976397,0.31909413492326877,0.28468216340207536,1.0798429214689762,0.2788142434246206,0.6220832459526832
STXBP3,O00186,Syntaxin-binding protein 3 OS=Homo sapiens OX=9606 GN=STXBP3 PE=1 SV=2,26.704811494034686,26.602065188418816,0.10274630561587017,0.07161298297584158,1.835148418489745,0.4738332841753108,0.34346083659108756
PPP1CB,A0A8V8TRH9,Serine/threonine-protein phosphatase OS=Homo sapiens OX=9606 GN=PPP1CB PE=1 SV=1,22.5468117965305,22.749352799967195,-0.20254100343669634,0.704474420886757,-0.3811637815116324,-0.09841606519813298,0.8884129766198156
IDH1,O75874,Isocitrate dehydrogenase [NADP] cytoplasmic OS=Homo sapiens OX=9606 GN=IDH1 PE=1 SV=2,18.13426749287049,18.288326530737525,-0.1540590378670359,0.6346448624096395,-0.4777202331553214,-0.12334683381045893,0.8574972568435587
SPN,P16150,Leukosialin OS=Homo sapiens OX=9606 GN=SPN PE=1 SV=1,19.907814420019726,20.381339919569065,-0.4735254995493392,0.18242287661207518,-1.3494929177694084,-0.34843757308971823,0.5089310725797473
ZWINT,O95229,Outer kinetochore KNL1 complex subunit ZWINT OS=Homo sapiens OX=9606 GN=ZWINT PE=1 SV=2,24.069859470145005,24.166481077227505,-0.09662160708250056,0.6212213272991522,-0.49678094583106175,-0.12826828866112475,0.8516399091114885
IGFBP7,Q16270,Insulin-like growth factor-binding protein 7 OS=Homo sapiens OX=9606 GN=IGFBP7 PE=1 SV=1,21.529784873343086,21.69856567302568,-0.16878079968259385,0.44291382941208657,-0.7725700121650277,-0.1994767193929609,0.7409892563479625
RAB27B,O00194,Ras-related protein Rab-27B OS=Homo sapiens OX=9606 GN=RAB27B PE=1 SV=4,25.956398600496843,25.823816590348265,0.13258201014857818,0.28460246393792177,1.0800234088831673,0.27886084507457803,0.6220832459526832
GCA,P28676,Grancalcin OS=Homo sapiens OX=9606 GN=GCA PE=1 SV=2,20.87803003183603,21.06305813630906,-0.1850281044730302,0.07023968554722287,-1.844360129320973,-0.47621173768460573,0.34346083659108756
DAAM1,Q9Y4D1,Disheveled-associated activator of morphogenesis 1 OS=Homo sapiens OX=9606 GN=DAAM1 PE=1 SV=2,21.169543580945703,20.627124932147304,0.5424186487983995,0.0027834650296008844,3.1240943388197486,0.8066376897486505,0.0515588347924908
PDCD4,Q53EL6,Programmed cell death protein 4 OS=Homo sapiens OX=9606 GN=PDCD4 PE=1 SV=2,21.860635958448302,21.90919235517541,-0.048556396727107654,0.8051224313690157,-0.24785442654015422,-0.06399573775158714,0.9397948238187223
RNASE1,P07998,Ribonuclease pancreatic OS=Homo sapiens OX=9606 GN=RNASE1 PE=1 SV=4,26.791257338459182,26.83674246354025,-0.04548512508106839,0.7978053884846599,-0.2573682880680764,-0.06645220623530486,0.9364714234924306
ALOX12,P18054,Polyunsaturated fatty acid lipoxygenase ALOX12 OS=Homo sapiens OX=9606 GN=ALOX12 PE=1 SV=4,20.697355001250028,21.42753678131239,-0.7301817800623631,0.008577257031251423,-2.7210006975628875,-0.7025593591119885,0.10598650207017055
IGLV8-61,A0A075B6I0,Immunoglobulin lambda variable 8-61 OS=Homo sapiens OX=9606 GN=IGLV8-61 PE=1 SV=7,23.679810832779594,23.68692037073081,-0.0071095379512158274,0.9353261766086756,-0.0814984138646473,-0.02104279997600658,0.9802377340277638
MYH7B,A7E2Y1,Myosin-7B OS=Homo sapiens OX=9606 GN=MYH7B PE=1 SV=4,21.82595595338862,21.363475383501928,0.46248056988669006,0.3009842139317904,1.0436361503440814,0.2694656953188431,0.6350567586666783
TRIM29,Q14134,Tripartite motif-containing protein 29 OS=Homo sapiens OX=9606 GN=TRIM29 PE=1 SV=2,22.205390396765527,22.145163883191678,0.06022651357384845,0.40670791718048926,0.8357812906055606,0.2157978013058052,0.7148002447846865
Unknown,A0A087WV05,c-Myc-binding protein OS=Homo sapiens OX=9606 PE=3 SV=1,20.60636368326274,20.64734393968961,-0.0409802564268702,0.9261214822469773,-0.09312969503385707,-0.0240459838602336,0.9802377340277638
PPL,O60437,Periplakin OS=Homo sapiens OX=9606 GN=PPL PE=1 SV=4,25.350990542944555,25.42888644674948,-0.07789590380492584,0.5689844763342655,-0.5728143585027093,-0.14790003139663188,0.8199856536300593
GGCT,O75223,Gamma-glutamylcyclotransferase OS=Homo sapiens OX=9606 GN=GGCT PE=1 SV=1,20.867002891549532,20.77949774394233,0.08750514760720307,0.6810464431701096,0.41311399481543654,0.1066655748003602,0.8778063906032335
SLIT1,O75093,Slit homolog 1 protein OS=Homo sapiens OX=9606 GN=SLIT1 PE=1 SV=4,28.66783521633091,28.947467469748666,-0.27963225341775555,0.05647925608970481,-1.946211794965674,-0.5025097246729666,0.31240088524617976
ITGAM,P11215,Integrin alpha-M OS=Homo sapiens OX=9606 GN=ITGAM PE=1 SV=2,22.049473400014527,22.036066276077253,0.013407123937273724,0.9359332036762265,0.08073177085819157,0.02084485360290728,0.9802377340277638
SH3BP1,Q9Y3L3,SH3 domain-binding protein 1 OS=Homo sapiens OX=9606 GN=SH3BP1 PE=1 SV=3,21.861081502801476,21.91906193814801,-0.057980435346532744,0.8058421580765939,-0.24691985847199135,-0.06375443331399433,0.9397948238187223
VPS13A,Q96RL7,Intermembrane lipid transfer protein VPS13A OS=Homo sapiens OX=9606 GN=VPS13A PE=1 SV=2,26.01958193493731,26.204248996718704,-0.18466706178139347,0.13854404401025588,-1.5019156340576603,-0.38779294920759144,0.447668685818129
RSF1,Q96T23,Remodeling and spacing factor 1 OS=Homo sapiens OX=9606 GN=RSF1 PE=1 SV=2,21.460502574233782,21.365398914266883,0.09510365996689885,0.6718538608455464,0.42576643553418975,0.10993242094653403,0.8745629642681785
CCDC150,Q8NCX0,Coiled-coil domain-containing protein 150 OS=Homo sapiens OX=9606 GN=CCDC150 PE=1 SV=2,28.947632035811615,29.075373931934028,-0.12774189612241216,0.3237838008356325,-0.9951774879624388,-0.25695372249327053,0.6530448440456099
EPB42,P16452,Protein 4.2 OS=Homo sapiens OX=9606 GN=EPB42 PE=1 SV=3,20.775357658361184,20.632281299774437,0.14307635858674672,0.2769472862733222,1.0975257797715705,0.28337993780590676,0.6170308070397235
GUCY1A2,P33402,Guanylate cyclase soluble subunit alpha-2 OS=Homo sapiens OX=9606 GN=GUCY1A2 PE=1 SV=1,19.562218327298556,21.20344518517119,-1.6412268578726348,6.048567008424869e-05,-4.326607888197023,-1.1171253531037806,0.0024088418111052044
EIF3D,O15371,Eukaryotic translation initiation factor 3 subunit D OS=Homo sapiens OX=9606 GN=EIF3D PE=1 SV=1,24.74761608100065,24.93513208411171,-0.18751600311106031,0.16434464326479845,-1.4084208006174526,-0.36365268701623404,0.4830277061269814
MTHFD1,P11586,"C-1-tetrahydrofolate synthase, cytoplasmic OS=Homo sapiens OX=9606 GN=MTHFD1 PE=1 SV=4",25.774713779412018,25.564675181148132,0.2100385982638855,0.18623552942690755,1.3376400389135517,0.34537717292882847,0.5150576360712912
NARS1,O43776,"Asparagine--tRNA ligase, cytoplasmic OS=Homo sapiens OX=9606 GN=NARS1 PE=1 SV=1",19.719207655194747,19.2211056447748,0.4981020104199487,0.278676491123613,1.093543011365856,0.2823515914254312,0.6191515346721276
CBL,P22681,E3 ubiquitin-protein ligase CBL OS=Homo sapiens OX=9606 GN=CBL PE=1 SV=2,16.817321511973333,16.67835851188331,0.1389630000900226,0.7049303216870351,0.3805460460502299,0.0982565665878414,0.8884129766198156
PTPN1,P18031,Tyrosine-protein phosphatase non-receptor type 1 OS=Homo sapiens OX=9606 GN=PTPN1 PE=1 SV=1,17.450614057464314,17.926885414518274,-0.4762713570539603,0.365363204109446,-0.9123462623403238,-0.23556679200124384,0.6827114982357352
TESK1,Q15569,Dual specificity testis-specific protein kinase 1 OS=Homo sapiens OX=9606 GN=TESK1 PE=1 SV=2,21.219943947401273,21.00308521929604,0.2168587281052332,0.5100018282369985,0.6629294831721267,0.17116765653570246,0.7853308201002052
RPS3A,P61247,Small ribosomal subunit protein eS1 OS=Homo sapiens OX=9606 GN=RPS3A PE=1 SV=2,19.261471097483703,19.017639772046117,0.24383132543758634,0.505902889845768,0.6693898188254329,0.17283570802878012,0.7846820385871056
USP8,H0YNL5,Ubiquitin specific peptidase 8 (Fragment) OS=Homo sapiens OX=9606 GN=USP8 PE=1 SV=1,22.053281965702702,21.580477851908793,0.4728041137939094,0.0013072883861414387,3.3786133560373326,0.8723542174137693,0.031082244763034502
EIF3H,O15372,Eukaryotic translation initiation factor 3 subunit H OS=Homo sapiens OX=9606 GN=EIF3H PE=1 SV=1,22.868193726678115,22.666685541485204,0.20150818519291036,0.24202879723895854,1.1820008833027413,0.3051913157489316,0.5806304113654782
DSC3,Q14574,Desmocollin-3 OS=Homo sapiens OX=9606 GN=DSC3 PE=1 SV=3,21.712061448639865,21.862745508289873,-0.15068405965000764,0.4079427509097402,-0.8335706673893489,-0.21522702084573006,0.7156969187216037
TGM1,P22735,Protein-glutamine gamma-glutamyltransferase K OS=Homo sapiens OX=9606 GN=TGM1 PE=1 SV=4,25.238080062522275,25.173280915954834,0.06479914656744157,0.43202021252331657,0.7912531184493317,0.2043006766925964,0.7331152833745926
ADAMTSL4,Q6UY14,ADAMTS-like protein 4 OS=Homo sapiens OX=9606 GN=ADAMTSL4 PE=1 SV=2,19.85697782540388,20.302861199724724,-0.445883374320843,0.057597538505675575,-1.937189136358231,-0.5001800842379571,0.3169032108354907
RARS1,P54136,"Arginine--tRNA ligase, cytoplasmic OS=Homo sapiens OX=9606 GN=RARS1 PE=1 SV=2",17.633114739798366,16.9478507224992,0.6852640172991649,0.11713262732093362,1.5906152668364564,0.41069509591205744,0.41629545478406715
LIPC,E7EUK6,Hepatic triacylglycerol lipase OS=Homo sapiens OX=9606 GN=LIPC PE=1 SV=1,22.412673389511344,22.34235687034309,0.0703165191682551,0.7083205163501862,0.3759570077440132,0.09707168199216905,0.8912753416633861
LCP1,P13796,Plastin-2 OS=Homo sapiens OX=9606 GN=LCP1 PE=1 SV=6,20.95724622199055,21.436221858199453,-0.4789756362089008,0.32786046552838133,-0.9867569556570457,-0.2547795504009379,0.6569581403606434
EIF4B,P23588,Eukaryotic translation initiation factor 4B OS=Homo sapiens OX=9606 GN=EIF4B PE=1 SV=2,23.316533910830163,23.460969619775508,-0.14443570894534474,0.4585069118811196,-0.7462894337721129,-0.19269110322999708,0.7489112672099768
NEK7,Q8TDX7,Serine/threonine-protein kinase Nek7 OS=Homo sapiens OX=9606 GN=NEK7 PE=1 SV=1,18.745684418471374,18.29412816536369,0.45155625310768244,0.19933309916431974,1.298270781722693,0.3352120744319783,0.52641304567103
TNNT3,P45378,"Troponin T, fast skeletal muscle OS=Homo sapiens OX=9606 GN=TNNT3 PE=1 SV=3",24.371297237798526,24.308303499227613,0.0629937385709134,0.7433206776661039,0.3290266882133774,0.08495432559387939,0.9136649996312526
SNRPC,A0A0A0MRR7,U1 small nuclear ribonucleoprotein C OS=Homo sapiens OX=9606 GN=SNRPC PE=1 SV=1,20.06585177088994,20.207203471283446,-0.14135170039350697,0.5748317185962403,-0.5641433290199789,-0.14566118121122595,0.8214300497800988
GPX3,P22352,Glutathione peroxidase 3 OS=Homo sapiens OX=9606 GN=GPX3 PE=1 SV=2,17.759325801749636,17.0426948702013,0.7166309315483375,0.07842879906324572,1.791511038757208,0.4625661611768944,0.3502442685833193
VAPA,Q9P0L0,Vesicle-associated membrane protein-associated protein A OS=Homo sapiens OX=9606 GN=VAPA PE=1 SV=3,20.75747695697677,21.13286181865886,-0.3753848616820896,0.1087309675686418,-1.6290102019211838,-0.4206086255228484,0.4075492502043444
IDE,P14735,Insulin-degrading enzyme OS=Homo sapiens OX=9606 GN=IDE PE=1 SV=4,22.208337567021488,22.257182796487573,-0.04884522946608527,0.6021418829646553,-0.5241930374233118,-0.1353460602758912,0.8359686374081421
NUCKS1,Q9H1E3,Nuclear ubiquitous casein and cyclin-dependent kinase substrate 1 OS=Homo sapiens OX=9606 GN=NUCKS1 PE=1 SV=1,17.094782138213354,21.600436147609926,-4.505654009396572,5.090859496470918e-25,-17.670828939464748,-4.562588413081802,2.7032463926260574e-22
GNL3,Q9BVP2,Guanine nucleotide-binding protein-like 3 OS=Homo sapiens OX=9606 GN=GNL3 PE=1 SV=2,18.126235497657653,18.150944923154377,-0.024709425496723725,0.951027397474637,-0.061682939082222346,-0.015926466387371586,0.9882496048121961
FEN1,P39748,Flap endonuclease 1 OS=Homo sapiens OX=9606 GN=FEN1 PE=1 SV=1,21.133858749948338,21.13300966282037,0.0008490871279676071,0.9958848120693766,0.005179924784326174,0.001337450828286821,0.9980977137087316
CKM,P06732,Creatine kinase M-type OS=Homo sapiens OX=9606 GN=CKM PE=1 SV=2,26.68587362001143,26.8588711892182,-0.17299756920676757,0.10257190576646345,-1.6587161092506415,-0.4282786578142464,0.3956344936706448
GSTO1,P78417,Glutathione S-transferase omega-1 OS=Homo sapiens OX=9606 GN=GSTO1 PE=1 SV=2,24.513788104519566,24.46553296700263,0.048255137516935775,0.7832356434414134,0.27638400745187014,0.07136204386794398,0.9337692871803496
EIF4A1,P60842,Eukaryotic initiation factor 4A-I OS=Homo sapiens OX=9606 GN=EIF4A1 PE=1 SV=1,18.66146273191037,18.226492961934845,0.43496976997552395,0.2569743680130267,1.1448483938805034,0.2955985842287666,0.5993560296409247
RGS6,P49758,Regulator of G-protein signaling 6 OS=Homo sapiens OX=9606 GN=RGS6 PE=1 SV=5,15.778434297684338,15.209783259534124,0.5686510381502146,0.4851331254428124,0.7025715355244663,0.18140319044037534,0.7705055521738785
UGT1A4,P22310,UDP-glucuronosyltransferase 1A4 OS=Homo sapiens OX=9606 GN=UGT1A4 PE=1 SV=1,23.716483151343713,23.556261132676916,0.16022201866679708,0.16346900318919308,1.4113993029289977,0.3644217330061844,0.4815447720791075
NEBL,O76041,Nebulette OS=Homo sapiens OX=9606 GN=NEBL PE=1 SV=1,21.460502574233782,21.365398914266883,0.09510365996689885,0.6718538608455464,0.42576643553418975,0.10993242094653403,0.8745629642681785
HMGA1,P17096,High mobility group protein HMG-I/HMG-Y OS=Homo sapiens OX=9606 GN=HMGA1 PE=1 SV=3,23.55186222486592,23.77890636071669,-0.22704413585076821,0.1173750069603678,-1.589541061181646,-0.4104177372046254,0.41629545478406715
DEK,P35659,Protein DEK OS=Homo sapiens OX=9606 GN=DEK PE=1 SV=1,27.85838160649858,27.913128904396896,-0.05474729789831656,0.6676564165887944,-0.4315666350448534,-0.11143002602049944,0.8737263503710544
DAB2,P98082,Disabled homolog 2 OS=Homo sapiens OX=9606 GN=DAB2 PE=1 SV=3,24.284089320059703,24.360713012156104,-0.07662369209640119,0.5968723239947795,-0.5318339170014811,-0.13731892689966627,0.8325898529979717
RPL6,Q02878,Large ribosomal subunit protein eL6 OS=Homo sapiens OX=9606 GN=RPL6 PE=1 SV=3,18.434740169212624,19.494221038453308,-1.0594808692406836,0.008835176663596456,-2.7099173108260297,-0.6996976409618934,0.10743844599319965
AMPD3,Q01432,AMP deaminase 3 OS=Homo sapiens OX=9606 GN=AMPD3 PE=1 SV=1,20.512145163337443,20.132609248660234,0.37953591467720926,0.04928432529738517,2.008221572148198,0.5185205802949632,0.29185847657522146
IFI6,P09912,Interferon alpha-inducible protein 6 OS=Homo sapiens OX=9606 GN=IFI6 PE=1 SV=2,26.815817225424368,26.759048532016156,0.056768693408212556,0.6117331989618034,0.5103643152875478,0.13177549957381493,0.8459123141893689
FAM98A,Q8NCA5,Protein FAM98A OS=Homo sapiens OX=9606 GN=FAM98A PE=1 SV=2,25.40325982819128,25.30011671476949,0.10314311342179039,0.6184183628166822,0.5007839520414658,0.12930186042030203,0.8507913026886347
IGHV2-70D,A0A0C4DH43,Immunoglobulin heavy variable 2-70D OS=Homo sapiens OX=9606 GN=IGHV2-70D PE=1 SV=1,27.706015986950586,27.694903285738704,0.011112701211882126,0.909227565515283,0.11451183571354029,0.02956682884414542,0.9758300657516803
RTRAF,Q9Y224,"RNA transcription, translation and transport factor protein OS=Homo sapiens OX=9606 GN=RTRAF PE=1 SV=1",22.200579897322434,22.23027870996826,-0.029698812645825967,0.8801581371597645,-0.15143493105727607,-0.03910033106792656,0.9629752146260336
SIGLEC16,A6NMB1,Sialic acid-binding Ig-like lectin 16 OS=Homo sapiens OX=9606 GN=SIGLEC16 PE=2 SV=3,26.347246554153326,25.787889626040656,0.5593569281126705,0.0014332088517139336,3.3482233094845464,0.8645075411344754,0.032655716584330516
PSMD2,Q13200,26S proteasome non-ATPase regulatory subunit 2 OS=Homo sapiens OX=9606 GN=PSMD2 PE=1 SV=3,23.354828844466752,23.48938353322285,-0.1345546887560971,0.30677870645081645,-1.0310910331874759,-0.2662265599972595,0.6380609099900814
SPP2,Q13103,Secreted phosphoprotein 24 OS=Homo sapiens OX=9606 GN=SPP2 PE=1 SV=1,18.807023764077073,19.176732875299777,-0.3697091112227042,0.22898803010877075,-1.2157960379074262,-0.3139171871466948,0.5594753557718892
LUM,P51884,Lumican OS=Homo sapiens OX=9606 GN=LUM PE=1 SV=2,17.767917441153237,17.789413477814854,-0.021496036661616813,0.9420629832873813,-0.0729928095128995,-0.018846662375756672,0.9846321745162109
VCP,P55072,Transitional endoplasmic reticulum ATPase OS=Homo sapiens OX=9606 GN=VCP PE=1 SV=4,23.900811033565144,23.758522481194017,0.14228855237112725,0.44442820303597086,0.7699942931837908,0.19881167161170488,0.74211124469214
CYB5R1,Q9UHQ9,NADH-cytochrome b5 reductase 1 OS=Homo sapiens OX=9606 GN=CYB5R1 PE=1 SV=1,23.64984918110624,23.774710906814434,-0.1248617257081932,0.23513124627293047,-1.1997064063937302,-0.3097628621534176,0.5675213262314822
SLC16A3,O15427,Monocarboxylate transporter 4 OS=Homo sapiens OX=9606 GN=SLC16A3 PE=1 SV=1,22.297511726520217,21.95520393558856,0.3423077909316561,0.17257821979099544,1.380996273697053,0.35657170461354576,0.49526844294228395
CAST,P20810,Calpastatin OS=Homo sapiens OX=9606 GN=CAST PE=1 SV=4,21.702478196554015,21.30261214944171,0.39986604711230456,0.26138132418794685,1.134188962811447,0.29284633096139984,0.6027198611298955
PROSER2,Q86WR7,Proline and serine-rich protein 2 OS=Homo sapiens OX=9606 GN=PROSER2 PE=1 SV=2,22.52534925129329,22.299792571825897,0.22555667946739177,0.0478524174856873,2.0214827690695314,0.5219446066167699,0.28765623039509386
MTHFD1,A0A8V8TKS0,"C-1-tetrahydrofolate synthase, cytoplasmic OS=Homo sapiens OX=9606 GN=MTHFD1 PE=1 SV=1",28.034544770586205,28.1463789522514,-0.11183418166519488,0.4023955433390346,-0.8435338183583679,-0.21779949536431406,0.7115649425423646
FAM83H,A0A494C1T9,Family with sequence similarity 83 member H OS=Homo sapiens OX=9606 GN=FAM83H PE=1 SV=1,30.8275764979654,30.64286400316225,0.18471249480315066,0.04285363307565649,2.0706355042670226,0.5346357882727983,0.2727129598262646
CLTC,Q00610,Clathrin heavy chain 1 OS=Homo sapiens OX=9606 GN=CLTC PE=1 SV=5,22.579155180712814,22.4914685244476,0.08768665626521255,0.6959172760004317,0.392786254045971,0.10141697470261608,0.8861680421012692
GIMAP4,G5E9W9,"GTPase, IMAP family member 4 OS=Homo sapiens OX=9606 GN=GIMAP4 PE=1 SV=1",20.20700817309105,20.253416224060484,-0.04640805096943268,0.8102226918228386,-0.24123640854518263,-0.06228697285295874,0.9431993301482091
CCDC138,Q96M89,Coiled-coil domain-containing protein 138 OS=Homo sapiens OX=9606 GN=CCDC138 PE=1 SV=1,20.996750479714652,20.820264830801477,0.1764856489131752,0.4823376942269535,0.7070968658825415,0.18257162571456953,0.7699037544123617
CCT2,F5GWF6,T-complex protein 1 subunit beta OS=Homo sapiens OX=9606 GN=CCT2 PE=1 SV=2,23.98364231221456,23.562765525561424,0.4208767866531353,0.011964440067173551,2.594861869615766,0.6699904537820335,0.13328218900005223
BCL2L2-PABPN1,A0A7I2V383,BCL2L2-PABPN1 readthrough OS=Homo sapiens OX=9606 GN=BCL2L2-PABPN1 PE=1 SV=1,17.952715840951143,17.812116323742547,0.14059951720859587,0.8394327117979811,0.2035306363380599,0.05255138433202027,0.9510506039034264
KHSRP,M0R0C6,KH-type splicing regulatory protein OS=Homo sapiens OX=9606 GN=KHSRP PE=1 SV=2,19.15245569441663,19.820139286771845,-0.667683592355214,0.09029222507688656,-1.7225857322424716,-0.4447697235593067,0.37951323099599016
PYGB,P11216,"Glycogen phosphorylase, brain form OS=Homo sapiens OX=9606 GN=PYGB PE=1 SV=5",25.1099006048722,25.06590994416836,0.043990660703840945,0.6777298162423777,0.4176710798947904,0.10784220910833271,0.8778063906032335
RIPOR2,A0A2R8YF77,Rho family-interacting cell polarization regulator 2 OS=Homo sapiens OX=9606 GN=RIPOR2 PE=1 SV=1,18.28833292987865,17.876761983166844,0.41157094671180516,0.48187875552512915,0.7078412051941305,0.18276381329841695,0.7699037544123617
LCN2,X6R8F3,Lipocalin 2 OS=Homo sapiens OX=9606 GN=LCN2 PE=1 SV=1,15.921041186000766,17.08209752602834,-1.1610563400275726,0.0017715647425857262,-3.277594615404939,-0.8462712907388287,0.037628035132520825
CD248,Q9HCU0,Endosialin OS=Homo sapiens OX=9606 GN=CD248 PE=1 SV=1,16.733312287645063,17.16412409344853,-0.4308118058034687,0.1890929951133691,-1.3288767691074734,-0.34311450639434427,0.5177928564550094
RPS4X,P62701,"Small ribosomal subunit protein eS4, X isoform OS=Homo sapiens OX=9606 GN=RPS4X PE=1 SV=2",23.641628895791015,23.66437494546945,-0.0227460496784353,0.8695287569039598,-0.16498591623480063,-0.042599180395743654,0.9579599788550103
FANCE,Q9HB96,Fanconi anemia group E protein OS=Homo sapiens OX=9606 GN=FANCE PE=1 SV=1,25.555242432537522,25.238274259734474,0.31696817280304757,0.5495298544120546,0.6019855891916441,0.15543201077307314,0.8116406635162995
RPL23A,P62750,Large ribosomal subunit protein uL23 OS=Homo sapiens OX=9606 GN=RPL23A PE=1 SV=1,22.336875396943253,22.274108523064022,0.06276687387923019,0.8016664064971352,0.2523451704284305,0.06515524283767891,0.9376318542951074
F9,P00740,Coagulation factor IX OS=Homo sapiens OX=9606 GN=F9 PE=1 SV=2,22.68379216743385,22.303224542574217,0.38056762485963347,0.019040841132768598,2.4121949269325564,0.6228260519877205,0.1704010194986716
RNH1,P13489,Ribonuclease inhibitor OS=Homo sapiens OX=9606 GN=RNH1 PE=1 SV=2,18.61106527937142,18.452781014940207,0.15828426443121302,0.5952941934032214,0.5341283213191013,0.13791133954710688,0.831116257748757
ACTR3,P61158,Actin-related protein 3 OS=Homo sapiens OX=9606 GN=ACTR3 PE=1 SV=3,23.488370359338703,22.146324323971246,1.3420460353674564,0.032443386042047266,2.191521562132677,0.5658484341996214,0.2415061400232771
PYGL,E9PK47,"Alpha-1,4 glucan phosphorylase OS=Homo sapiens OX=9606 GN=PYGL PE=1 SV=1",23.61910691537777,23.365327594323507,0.2537793210542638,0.5460072150107216,0.6073226987418003,0.15681004653338246,0.809106505592632
PLEC,Q15149,Plectin OS=Homo sapiens OX=9606 GN=PLEC PE=1 SV=3,23.45595958897598,23.436175543964545,0.01978404501143416,0.8741148259730588,0.15913568388560564,0.04108865689841858,0.9598692464850619
UMOD,X6RBG4,Uromodulin OS=Homo sapiens OX=9606 GN=UMOD PE=1 SV=1,21.15946821574668,21.304561149333225,-0.14509293358654318,0.45420270827595843,-0.7534912436624737,-0.1945506025478584,0.7489112672099768
IGLV2-14,P01704,Immunoglobulin lambda variable 2-14 OS=Homo sapiens OX=9606 GN=IGLV2-14 PE=1 SV=2,24.707994511070616,24.322488812099543,0.38550569897107323,0.04730855365354067,2.026609364785875,0.5232682879389123,0.2854641135230693
ERN1,A0A7P0TAB0,non-specific serine/threonine protein kinase OS=Homo sapiens OX=9606 GN=ERN1 PE=1 SV=1,22.506080447174345,22.633903730390482,-0.1278232832161379,0.3559307927541341,-0.9305748078738758,-0.24027338221971253,0.674292962669072
MYO1G,B0I1T2,Unconventional myosin-Ig OS=Homo sapiens OX=9606 GN=MYO1G PE=1 SV=2,17.620719927637804,16.912263962432675,0.708455965205129,0.07715708548343436,1.7994053460695543,0.46460446256026516,0.35017446488635595
DOCK5,Q9H7D0,Dedicator of cytokinesis protein 5 OS=Homo sapiens OX=9606 GN=DOCK5 PE=1 SV=3,20.830024020267786,20.150600723804367,0.679423296463419,0.04667354856637121,2.032659828336108,0.5248305109100382,0.2843913899805315
PDGFB,P01127,Platelet-derived growth factor subunit B OS=Homo sapiens OX=9606 GN=PDGFB PE=1 SV=1,23.76294904576054,23.711606360609938,0.05134268515060114,0.57894374443678,0.5580711344246649,0.1440933473083872,0.8229179760959484
SIPA1L2,A0A6Q8PFQ0,Signal induced proliferation associated 1 like 2 OS=Homo sapiens OX=9606 GN=SIPA1L2 PE=1 SV=1,23.61176783792852,22.065619850091352,1.5461479878371698,4.627152209019101e-12,8.672126546906664,2.2391334461581827,5.265038192119591e-10
RPLP0,P05388,Large ribosomal subunit protein uL10 OS=Homo sapiens OX=9606 GN=RPLP0 PE=1 SV=1,17.876366726010605,17.02776621755981,0.8486005084507937,0.020007350251585197,2.392228926458869,0.6176708528327232,0.17321580951508272
ATP5F1A,P25705,"ATP synthase subunit alpha, mitochondrial OS=Homo sapiens OX=9606 GN=ATP5F1A PE=1 SV=1",24.197483841650783,23.70154020570437,0.4959436359464142,0.3084899246588152,1.027417111084318,0.2652779573892067,0.6407098435221547
ACSL4,O60488,Long-chain-fatty-acid--CoA ligase 4 OS=Homo sapiens OX=9606 GN=ACSL4 PE=1 SV=2,19.08002721697573,18.389122446163775,0.6909047708119544,0.00872857531039466,2.714461772626708,0.7008710159533269,0.1069586189958361
MGAM,O43451,Maltase-glucoamylase OS=Homo sapiens OX=9606 GN=MGAM PE=1 SV=6,17.501334414160134,20.27572413792058,-2.7743897237604465,9.202093446235592e-14,-9.707939572449401,-2.506579219338965,1.2215779049877749e-11
ROGDI,Q9GZN7,Protein rogdi homolog OS=Homo sapiens OX=9606 GN=ROGDI PE=1 SV=1,26.749940102647418,26.647215080812053,0.10272502183536503,0.4533578211217908,0.7549095345746799,0.1949168036867285,0.7483927554891324
EIF2B4,E7ERK9,Translation initiation factor eIF2B subunit delta OS=Homo sapiens OX=9606 GN=EIF2B4 PE=1 SV=1,20.380471360355973,19.652855247501016,0.7276161128549568,0.036968591976214986,2.1353335139371565,0.551340742538478,0.25275093140819943
RCSD1,Q6JBY9,CapZ-interacting protein OS=Homo sapiens OX=9606 GN=RCSD1 PE=1 SV=1,17.412315795956566,17.369373700191275,0.042942095765290844,0.9104100758053142,0.11301354800208804,0.029179972620526632,0.9758300657516803
RPS8,P62241,Small ribosomal subunit protein eS8 OS=Homo sapiens OX=9606 GN=RPS8 PE=1 SV=2,21.443470825418665,21.184717299387657,0.25875352603100765,0.18458164594967016,1.3427588283605048,0.3466988386808812,0.513156303661125
RNASE3,P12724,Eosinophil cationic protein OS=Homo sapiens OX=9606 GN=RNASE3 PE=1 SV=2,24.80133152525607,24.51538177099082,0.2859497542652498,0.19867484189534795,1.3002021816866836,0.3357107597583384,0.52641304567103
FBL,M0R1H0,Fibrillarin (Fragment) OS=Homo sapiens OX=9606 GN=FBL PE=1 SV=1,23.426279923179543,23.172952555677792,0.25332736750175044,0.5520521650617414,0.5981746966509287,0.1544480425501147,0.8127718104836913
H1-0,P07305,Histone H1.0 OS=Homo sapiens OX=9606 GN=H1-0 PE=1 SV=3,17.021574617138874,17.382250557542168,-0.36067594040329354,0.544442361199451,-0.6096992022733357,-0.1574236571067051,0.809106505592632
PI3,P19957,Elafin OS=Homo sapiens OX=9606 GN=PI3 PE=1 SV=3,23.025884776956453,20.949816743160678,2.0760680337957744,0.0025852571953711924,3.1494790356981595,0.8131919902992244,0.048450761320309524
RPS3,P23396,Small ribosomal subunit protein uS3 OS=Homo sapiens OX=9606 GN=RPS3 PE=1 SV=2,19.31445636017347,18.88343886942874,0.43101749074472906,0.22151499110169187,1.2357995112952143,0.3190820617665086,0.5505044942667632
SNAPC2,M0QXY9,Small nuclear RNA activating complex polypeptide 2 (Fragment) OS=Homo sapiens OX=9606 GN=SNAPC2 PE=1 SV=1,24.08111910367781,23.875649788048964,0.20546931562884652,0.6263349774625258,0.4894986374374404,0.12638800471909525,0.8527791616220542
RABGAP1,Q9Y3P9,Rab GTPase-activating protein 1 OS=Homo sapiens OX=9606 GN=RABGAP1 PE=1 SV=3,18.189540937493444,17.96446588311602,0.2250750543774238,0.5134492449854107,0.6575175646787099,0.16977030518930009,0.7879813557435059
CCL21,O00585,C-C motif chemokine 21 OS=Homo sapiens OX=9606 GN=CCL21 PE=1 SV=1,25.083757823603573,24.780838272190536,0.30291955141303717,0.1771180077558182,1.366302619334296,0.35277781937075336,0.5011527288721463
IFI16,Q16666,Gamma-interferon-inducible protein 16 OS=Homo sapiens OX=9606 GN=IFI16 PE=1 SV=3,19.12087069711529,19.07986272950198,0.041007967613310825,0.9052228829910849,0.11958789124208612,0.03087746074591089,0.9743378733816204
BAX,Q07812,Apoptosis regulator BAX OS=Homo sapiens OX=9606 GN=BAX PE=1 SV=1,20.855872635333,20.86470931550164,-0.008836680168638367,0.9657822873662792,-0.043084339371175596,-0.011124328591127441,0.9905962189126991
PYGM,P11217,"Glycogen phosphorylase, muscle form OS=Homo sapiens OX=9606 GN=PYGM PE=1 SV=6",24.691255471230985,25.257780782005717,-0.5665253107747326,0.061152279166405456,-1.9094672359046605,-0.49302232031916393,0.3225681480532579
EIF3G,O75821,Eukaryotic translation initiation factor 3 subunit G OS=Homo sapiens OX=9606 GN=EIF3G PE=1 SV=2,19.43436947226275,19.43888180005364,-0.004512327790891391,0.9814299610330688,-0.02337678891607518,-0.006035860943984354,0.9951737287878285
MBNL1,A0A0A0MQX8,Muscleblind like splicing regulator 1 OS=Homo sapiens OX=9606 GN=MBNL1 PE=1 SV=1,24.342584116078676,24.04741106952412,0.2951730465545559,0.09121111915585069,1.717566749450212,0.4434738277746852,0.38236661267176353
OLFML3,Q9NRN5,Olfactomedin-like protein 3 OS=Homo sapiens OX=9606 GN=OLFML3 PE=1 SV=1,25.395232889955025,25.33518175615251,0.06005113380251359,0.7809633124417228,0.2793587388922071,0.07213011622313495,0.9337692871803496
EPB41L3,Q9Y2J2,Band 4.1-like protein 3 OS=Homo sapiens OX=9606 GN=EPB41L3 PE=1 SV=2,22.302496052861837,22.40789836950929,-0.10540231664745292,0.3373538404900118,-0.9674141408202672,-0.2497852570854968,0.6588758749440878
C2CD2,H7BZB0,C2 calcium dependent domain containing 2 (Fragment) OS=Homo sapiens OX=9606 GN=C2CD2 PE=1 SV=1,20.849269061761785,20.8095324370156,0.039736624746183224,0.9437750792455515,0.07083207077703968,0.01828876203312398,0.9846321745162109
DNAJA1,P31689,DnaJ homolog subfamily A member 1 OS=Homo sapiens OX=9606 GN=DNAJA1 PE=1 SV=2,16.573079866929785,16.57163395535345,0.0014459115763330033,0.9974711614716263,0.00318312468424451,0.0008218792593987154,0.9980977137087316
ARPC1B,O15143,Actin-related protein 2/3 complex subunit 1B OS=Homo sapiens OX=9606 GN=ARPC1B PE=1 SV=3,22.166580234220397,21.638818921156656,0.527761313063742,0.012259718300284824,2.585475817216198,0.6675669854733565,0.13562313369690088
MUCL1,Q96DR8,Mucin-like protein 1 OS=Homo sapiens OX=9606 GN=MUCL1 PE=1 SV=1,23.657005987592456,23.6972671081352,-0.04026112054274478,0.8558438287190386,-0.18247814553838462,-0.047115654581131795,0.9522657929234307
MYO5B,Q9ULV0,Unconventional myosin-Vb OS=Homo sapiens OX=9606 GN=MYO5B PE=1 SV=3,21.24541033666952,21.222458623681426,0.02295171298809251,0.876376385535395,0.15625276906551414,0.04034429149263532,0.9604221840841175
BPIFB4,A0A669KBJ0,BPI fold containing family B member 4 OS=Homo sapiens OX=9606 GN=BPIFB4 PE=1 SV=1,21.591849233297395,21.511711641492134,0.08013759180526137,0.8304502533277751,0.21509184449377808,0.05553647544196253,0.9494175561810791
SND1,Q7KZF4,Staphylococcal nuclease domain-containing protein 1 OS=Homo sapiens OX=9606 GN=SND1 PE=1 SV=1,28.528215821791267,28.666834699275807,-0.13861887748453938,0.14596449213063087,-1.4737182414954195,-0.38051241375425604,0.45771936213404524
VDAC2,P45880,Voltage-dependent anion-selective channel protein 2 OS=Homo sapiens OX=9606 GN=VDAC2 PE=1 SV=2,19.27375895876622,18.745792277875204,0.5279666808910157,0.46123590046531615,0.741743422951623,0.191517328283368,0.7497436626951517
TNFAIP8,D6RCM8,Tumor necrosis factor alpha-induced protein 8 OS=Homo sapiens OX=9606 GN=TNFAIP8 PE=1 SV=1,21.148780858110474,21.35154410504073,-0.2027632469302567,0.7767041285768292,-0.2849412745134779,-0.07357152072252104,0.9337692871803496
Unknown,E5RI56,S-phase kinase-associated protein 1 OS=Homo sapiens OX=9606 PE=3 SV=2,24.763234233959988,24.796711511194296,-0.033477277234307934,0.7941144194449388,-0.2621763498418451,-0.06769364244712772,0.934977287639163
DYNC1H1,Q14204,Cytoplasmic dynein 1 heavy chain 1 OS=Homo sapiens OX=9606 GN=DYNC1H1 PE=1 SV=5,19.382075923876652,19.247125932302612,0.13494999157403953,0.5609842173510367,0.5847493098925354,0.15098162259467132,0.8164918044476492
SPON1,Q9HCB6,Spondin-1 OS=Homo sapiens OX=9606 GN=SPON1 PE=1 SV=2,20.392461597147534,20.512232635780403,-0.11977103863286942,0.6872724512365969,-0.4045827386806008,-0.10446281393819694,0.8804918129517512
RPL15,E7EX53,Ribosomal protein L15 (Fragment) OS=Homo sapiens OX=9606 GN=RPL15 PE=1 SV=1,19.167471740707917,18.783768025027353,0.3837037156805643,0.1251533113453988,1.5559790852752706,0.4017520722878782,0.4287510214477856
NCCRP1,Q6ZVX7,F-box only protein 50 OS=Homo sapiens OX=9606 GN=NCCRP1 PE=1 SV=1,22.29360729318801,21.61891755430023,0.6746897388877819,0.03855440714598666,2.117063194324997,0.5466233662992925,0.2591441796774546
NPC1L1,Q9UHC9,NPC1-like intracellular cholesterol transporter 1 OS=Homo sapiens OX=9606 GN=NPC1L1 PE=1 SV=2,25.260250740503416,25.482758287117825,-0.22250754661440908,0.035768473171690345,-2.149621037735108,-0.5550297653203453,0.24882205077363048
DRGX,A6NNA5,Dorsal root ganglia homeobox protein OS=Homo sapiens OX=9606 GN=DRGX PE=1 SV=1,22.927169643990222,23.091759382244746,-0.1645897382545236,0.39981198529223116,-0.8482028774876096,-0.2190050412476481,0.7100339939470728
STK38,Q15208,Serine/threonine-protein kinase 38 OS=Homo sapiens OX=9606 GN=STK38 PE=1 SV=1,17.48757128154603,17.946165926141116,-0.45859464459508814,0.1814955337820229,-1.352404300867257,-0.34918928897321144,0.507321247543145
RANBP3,Q9H6Z4,Ran-binding protein 3 OS=Homo sapiens OX=9606 GN=RANBP3 PE=1 SV=1,23.912058422655313,24.032754458924224,-0.12069603626891023,0.33576943988221797,-0.970617094156176,-0.2506122560807404,0.6588758749440878
ARFGEF1,Q9Y6D6,Brefeldin A-inhibited guanine nucleotide-exchange protein 1 OS=Homo sapiens OX=9606 GN=ARFGEF1 PE=1 SV=2,20.217490764444857,19.860961437433787,0.35652932701107076,0.10319299570617244,1.6556556413656567,0.4274884484042365,0.39706870086940266
EIF2AK2,P19525,"Interferon-induced, double-stranded RNA-activated protein kinase OS=Homo sapiens OX=9606 GN=EIF2AK2 PE=1 SV=2",20.799248835094296,18.112880154736857,2.6863686803574396,1.4909749667781098e-15,10.829461637950757,2.7961549714783582,2.6390256911972543e-13
RPL7A,P62424,Large ribosomal subunit protein eL8 OS=Homo sapiens OX=9606 GN=RPL7A PE=1 SV=2,25.441542024752394,25.012327484359687,0.42921454039270657,0.37911236429543616,0.8863069221236793,0.2288434632675576,0.6925756838562268
DMTN,Q08495,Dematin OS=Homo sapiens OX=9606 GN=DMTN PE=1 SV=3,17.31375376964602,17.62389782736179,-0.310144057715771,0.3539198307417897,-0.9345012826808383,-0.24128719365549042,0.674292962669072
CLIP2,Q9UDT6,CAP-Gly domain-containing linker protein 2 OS=Homo sapiens OX=9606 GN=CLIP2 PE=1 SV=1,21.92287424603292,22.145373009068884,-0.22249876303596494,0.1903874171586435,-1.3249399897070586,-0.3420980343239776,0.5184395821089215
SRSF3,P84103,Serine/arginine-rich splicing factor 3 OS=Homo sapiens OX=9606 GN=SRSF3 PE=1 SV=1,20.104386263647907,20.62980271702606,-0.5254164533781527,0.2808931213756155,-1.088462734821608,-0.2810398696620979,0.6197544907913511
KALRN,O60229,Kalirin OS=Homo sapiens OX=9606 GN=KALRN PE=1 SV=3,17.652969058114863,17.404849609086934,0.2481194490279286,0.75452598439124,0.31416103592794214,0.08111603067841265,0.9199985027578149
ARPC4,P59998,Actin-related protein 2/3 complex subunit 4 OS=Homo sapiens OX=9606 GN=ARPC4 PE=1 SV=3,18.350468215541778,18.826462057780702,-0.4759938422389247,0.07854971805655968,-1.7907659994952136,-0.46237379286662944,0.3502442685833193
SLC3A1,Q07837,Amino acid transporter heavy chain SLC3A1 OS=Homo sapiens OX=9606 GN=SLC3A1 PE=1 SV=2,24.090326275100324,24.100198481439772,-0.009872206339448297,0.9115098165966731,-0.11162036414089936,-0.028820254094354052,0.9758300657516803
CHMP3,Q9Y3E7,Charged multivesicular body protein 3 OS=Homo sapiens OX=9606 GN=CHMP3 PE=1 SV=3,18.042599869857654,18.201867966181165,-0.1592680963235118,0.7245049304165925,-0.35415783516408156,-0.09144315983462395,0.900442838109251
PCSK5,Q92824,Proprotein convertase subtilisin/kexin type 5 OS=Homo sapiens OX=9606 GN=PCSK5 PE=1 SV=4,24.937024012598695,24.830173513167534,0.10685049943116098,0.37495247956392974,0.8941210444464665,0.2308610609756498,0.6905194219021272
P3H1,Q32P28,Prolyl 3-hydroxylase 1 OS=Homo sapiens OX=9606 GN=P3H1 PE=1 SV=2,19.897037179210194,20.47217291401268,-0.5751357348024868,0.05180591518293438,-1.9856542348764186,-0.5126937188668399,0.2968590751309873
CPNE4,Q96A23,Copine-4 OS=Homo sapiens OX=9606 GN=CPNE4 PE=1 SV=1,26.05146194826195,26.046284081899767,0.00517786636218176,0.989162425680579,0.013641985895708692,0.003522345612218416,0.9971547832553546
CPNE7,Q9UBL6,Copine-7 OS=Homo sapiens OX=9606 GN=CPNE7 PE=1 SV=1,22.917226988793335,23.329726028697866,-0.41249903990453163,0.05919218194205739,-1.924578066692795,-0.4969239200518175,0.31870879727859047
RHCE,P18577,Blood group Rh(CE) polypeptide OS=Homo sapiens OX=9606 GN=RHCE PE=1 SV=3,26.421628625679546,26.557143190438627,-0.13551456475908097,0.383756750949099,-0.8776463653370248,-0.22660731712065116,0.6954772517200395
XRCC5,P13010,X-ray repair cross-complementing protein 5 OS=Homo sapiens OX=9606 GN=XRCC5 PE=1 SV=3,23.917745872671098,24.123367712922843,-0.20562184025174446,0.13490989615054463,-1.5161624966765264,-0.391471473318163,0.4473007691827326
AMPD2,Q01433,AMP deaminase 2 OS=Homo sapiens OX=9606 GN=AMPD2 PE=1 SV=3,18.089413519968772,18.068858009963417,0.02055551000535516,0.9566048064387078,0.05465039383699778,0.014110671012957923,0.9894983718495022
NAT8L,Q8N9F0,N-acetylaspartate synthetase OS=Homo sapiens OX=9606 GN=NAT8L PE=1 SV=3,22.436420956486277,22.439335240602496,-0.002914284116219079,0.9924172538156599,-0.009544760420991059,-0.002464446543602538,0.9974262998917012
CNBP,P62633,CCHC-type zinc finger nucleic acid binding protein OS=Homo sapiens OX=9606 GN=CNBP PE=1 SV=1,18.915931225008183,19.09635172271854,-0.18042049771035806,0.8350250465226061,-0.20920013351222277,-0.05401524220781379,0.9494610272023637
DARS1,P14868,"Aspartate--tRNA ligase, cytoplasmic OS=Homo sapiens OX=9606 GN=DARS1 PE=1 SV=2",18.72600687420445,18.4746613348534,0.25134553935104975,0.4380489487914534,0.7808796116769072,0.20162224876117177,0.7357520209961069
TRAJ56,A0A075B6Z2,T cell receptor alpha joining 56 (Fragment) OS=Homo sapiens OX=9606 GN=TRAJ56 PE=4 SV=1,30.242574738860203,30.22659422009112,0.015980518769083574,0.8578163294696315,0.17995349701209848,0.04646379313464291,0.9522657929234307
DDX43,Q9NXZ2,Probable ATP-dependent RNA helicase DDX43 OS=Homo sapiens OX=9606 GN=DDX43 PE=1 SV=2,22.554295761702203,22.683112224247566,-0.1288164625453625,0.3373983490779905,-0.9673243077153085,-0.24976206227753392,0.6588758749440878
ANGPTL6,Q8NI99,Angiopoietin-related protein 6 OS=Homo sapiens OX=9606 GN=ANGPTL6 PE=1 SV=1,19.204023135425135,18.82022279382667,0.3838003415984659,0.03268828254458202,2.1883099249297926,0.5650191930395658,0.2421973678768333
SVIL,O95425,Supervillin OS=Homo sapiens OX=9606 GN=SVIL PE=1 SV=2,24.244547441163157,23.874122702071347,0.37042473909180984,0.3684101133697284,0.9065226325963147,0.23406313726704212,0.6848043297525991
RPL3,P39023,Large ribosomal subunit protein uL3 OS=Homo sapiens OX=9606 GN=RPL3 PE=1 SV=2,25.338730624346,25.45901821655547,-0.12028759220947194,0.438310526004586,-0.780431438802236,-0.20150653102251687,0.7357520209961069
SCN9A,Q15858,Sodium channel protein type 9 subunit alpha OS=Homo sapiens OX=9606 GN=SCN9A PE=1 SV=3,20.979583731673088,20.594019353858357,0.3855643778147311,0.07650338932229367,1.8035056469690278,0.46566315570013855,0.3491974188837072
SNRPF,P62306,Small nuclear ribonucleoprotein F OS=Homo sapiens OX=9606 GN=SNRPF PE=1 SV=1,17.07514753716411,18.26435462987386,-1.1892070927097507,0.001012646638833446,-3.462241802797436,-0.8939469895185076,0.02520540774471374
TXK,E7EQN8,Tyrosine-protein kinase OS=Homo sapiens OX=9606 GN=TXK PE=1 SV=2,19.31945922476514,18.93435414223737,0.38510508252776887,0.11947924567435365,1.5802895232165255,0.4080290003735775,0.42108504061779944
ENTPD4,Q9Y227,Ectonucleoside triphosphate diphosphohydrolase 4 OS=Homo sapiens OX=9606 GN=ENTPD4 PE=1 SV=1,26.337450772710884,26.42925702359447,-0.09180625088358596,0.64403764826132,-0.46448719906323027,-0.11993007909989468,0.8622153065643009
TYMP,P19971,Thymidine phosphorylase OS=Homo sapiens OX=9606 GN=TYMP PE=1 SV=2,17.53261407734701,17.864888510108003,-0.3322744327609932,0.47085366109671556,-0.7258433710995291,-0.18741195254823506,0.7576463455828968
DPYSL2,A0A1C7CYX9,Dihydropyrimidinase-related protein 2 OS=Homo sapiens OX=9606 GN=DPYSL2 PE=1 SV=1,22.124588138838693,21.81180876546675,0.31277937337194217,0.08363177909187987,1.7602850453997716,0.45450364436075213,0.36400389096547714
SENP2,Q9HC62,Sentrin-specific protease 2 OS=Homo sapiens OX=9606 GN=SENP2 PE=1 SV=3,23.407280965514115,23.533351410667628,-0.12607044515351262,0.3718113283103861,-0.9000580200077151,-0.23239398147402018,0.687866862672414
DOCK10,A0A2R8YD85,Dedicator of cytokinesis 10 OS=Homo sapiens OX=9606 GN=DOCK10 PE=1 SV=1,20.868831900274756,18.315417369936725,2.5534145303380313,8.171533584182757e-12,8.523570260736683,2.2007763780041327,8.678168666402088e-10
HNRNPA2B1,P22626,Heterogeneous nuclear ribonucleoproteins A2/B1 OS=Homo sapiens OX=9606 GN=HNRNPA2B1 PE=1 SV=2,18.17108778611136,19.01937356496014,-0.8482857788487799,0.02375232222122444,-2.3222252042763185,-0.5995959694870199,0.19503839844541512
SULT2B1,O00204,Sulfotransferase 2B1 OS=Homo sapiens OX=9606 GN=SULT2B1 PE=1 SV=2,18.968844569376042,18.94605692714371,0.02278764223233054,0.9680753892068157,0.04019540089004913,0.010378407882752738,0.9905962189126991
MKI67,P46013,Proliferation marker protein Ki-67 OS=Homo sapiens OX=9606 GN=MKI67 PE=1 SV=2,21.005703973703532,19.40652124639003,1.5991827273135009,0.0003305145302967717,3.817100382281098,0.9855710807584438,0.00940195797790638
BLVRB,P30043,Flavin reductase (NADPH) OS=Homo sapiens OX=9606 GN=BLVRB PE=1 SV=3,17.862444352511684,18.85043636026094,-0.9879920077492557,0.03400519317137709,-2.1713935330867535,-0.5606513994471654,0.24670116618596774
UBXN6,Q9BZV1,UBX domain-containing protein 6 OS=Homo sapiens OX=9606 GN=UBXN6 PE=1 SV=1,27.646045372311992,27.072397234947065,0.5736481373649269,0.16189465855987256,1.4167856461906696,0.36581248085614515,0.4802573390798454
HLA-DRB5,Q30154,"HLA class II histocompatibility antigen, DR beta 5 chain OS=Homo sapiens OX=9606 GN=HLA-DRB5 PE=1 SV=1",20.69843297521134,19.0609815980415,1.637451377169839,1.2864184617187839e-05,4.769353357253334,1.2314417416547063,0.0005855041741480065
NOMO1,A0A0G2JN29,NODAL modulator 1 OS=Homo sapiens OX=9606 GN=NOMO1 PE=1 SV=1,20.851944100990597,20.14977480769585,0.7021692932947481,0.003035692358716098,3.094135064620557,0.7989022384127884,0.05558457387856028
PIK3CD,O00329,"Phosphatidylinositol 4,5-bisphosphate 3-kinase catalytic subunit delta isoform OS=Homo sapiens OX=9606 GN=PIK3CD PE=1 SV=2",17.957315053721338,18.013835241499585,-0.05652018777824708,0.8424462006427353,-0.1996582774395825,-0.05155154556373087,0.9510506039034264
CTSL,P07711,Procathepsin L OS=Homo sapiens OX=9606 GN=CTSL PE=1 SV=2,19.655898467588404,19.293878034731517,0.36202043285688745,0.09909964600179877,1.676110349602083,0.43276983136098396,0.3908884395964697
PREX1,Q8TCU6,"Phosphatidylinositol 3,4,5-trisphosphate-dependent Rac exchanger 1 protein OS=Homo sapiens OX=9606 GN=PREX1 PE=1 SV=3",18.22073833065026,14.75292485776937,3.4678134728808896,8.659057098963958e-07,5.508728759289276,1.4223476495667475,5.108843688388735e-05
GRK2,P25098,Beta-adrenergic receptor kinase 1 OS=Homo sapiens OX=9606 GN=GRK2 PE=1 SV=2,24.483813228477068,24.57017243561513,-0.086359207138063,0.9231190227968815,-0.09692637317992953,-0.025026281942276817,0.9802377340277638
SEC16B,Q96JE7,Protein transport protein Sec16B OS=Homo sapiens OX=9606 GN=SEC16B PE=1 SV=2,20.295948479070407,20.735318945589576,-0.43937046651916845,0.3237851820171842,-0.9951746231184453,-0.2569529827937321,0.6530448440456099
BCAP31,P51572,B-cell receptor-associated protein 31 OS=Homo sapiens OX=9606 GN=BCAP31 PE=1 SV=3,20.394741145491775,20.444767289707748,-0.05002614421597329,0.8385276906085135,-0.2046941996343441,-0.0528518150832714,0.9510506039034264
SLCO4A1,Q96BD0,Solute carrier organic anion transporter family member 4A1 OS=Homo sapiens OX=9606 GN=SLCO4A1 PE=1 SV=2,22.617564398026783,22.612949539756713,0.004614858270070243,0.9805964549244435,0.024426251121307467,0.006306830920206938,0.994961880697222
PREX1,H0YDZ4,"Phosphatidylinositol-3,4,5-trisphosphate dependent Rac exchange factor 1 (Fragment) OS=Homo sapiens OX=9606 GN=PREX1 PE=1 SV=1",22.626233526905807,22.587453083159154,0.03878044374665279,0.7426571688983449,0.3299092266282448,0.08518219603275737,0.9135543398108598
ERC1,X6RLX0,ELKS/RAB6-interacting/CAST family member 1 OS=Homo sapiens OX=9606 GN=ERC1 PE=1 SV=1,22.181617558922195,22.184115125261602,-0.002497566339407342,0.991040608039685,-0.011277678408712348,-0.0029118840440550586,0.9971547832553546
FAT1,Q14517,Protocadherin Fat 1 OS=Homo sapiens OX=9606 GN=FAT1 PE=1 SV=2,17.086159433074013,17.4825710582607,-0.39641162518668693,0.20218310092337702,-1.2899632731118138,-0.33306708493208426,0.52641304567103
CHRNB1,P11230,Acetylcholine receptor subunit beta OS=Homo sapiens OX=9606 GN=CHRNB1 PE=1 SV=3,24.693602450457956,24.724679017599822,-0.031076567141866462,0.8010973850361296,-0.2530850480589005,-0.06534627842041502,0.9376318542951074
ARHGAP4,P98171,Rho GTPase-activating protein 4 OS=Homo sapiens OX=9606 GN=ARHGAP4 PE=1 SV=2,19.528074211941625,19.172877535012883,0.3551966769287418,0.3770053442732839,0.8902580294884074,0.22986363480240224,0.691900361091407
D2HGDH,Q8N465,"D-2-hydroxyglutarate dehydrogenase, mitochondrial OS=Homo sapiens OX=9606 GN=D2HGDH PE=1 SV=3",29.6899992038401,29.943275402771473,-0.2532761989313741,0.028739472334570533,-2.242896835768935,-0.5791134728129598,0.22018982896529452
HARBI1,Q96MB7,Putative nuclease HARBI1 OS=Homo sapiens OX=9606 GN=HARBI1 PE=1 SV=1,18.058692158485936,19.822358206441194,-1.7636660479552582,0.0004078166724522637,-3.7518172317914273,-0.968715043782814,0.01087709245072137
MARS1,P56192,"Methionine--tRNA ligase, cytoplasmic OS=Homo sapiens OX=9606 GN=MARS1 PE=1 SV=2",21.509669193785946,21.140672708251998,0.36899648553394826,0.054094595243751195,1.9659735113424668,0.5076121779009528,0.30449713859821786
DHX9,Q08211,ATP-dependent RNA helicase A OS=Homo sapiens OX=9606 GN=DHX9 PE=1 SV=4,21.796522807208614,22.286093318186502,-0.48957051097788806,0.07246265142509785,-1.8295231850436038,-0.4723808551449485,0.34346083659108756
TGFB1I1,O43294,Transforming growth factor beta-1-induced transcript 1 protein OS=Homo sapiens OX=9606 GN=TGFB1I1 PE=1 SV=2,26.312642975195804,26.983783149569316,-0.6711401743735124,0.09473637156749928,-1.6986903970574534,-0.4385999745443988,0.3864293260404908
SERPINA6,P08185,Corticosteroid-binding globulin OS=Homo sapiens OX=9606 GN=SERPINA6 PE=1 SV=1,30.521883375248944,30.2831844417545,0.23869893349444382,0.33733195971538577,0.9674583063523078,0.24979666057683475,0.6588758749440878
RENBP,P51606,N-acylglucosamine 2-epimerase OS=Homo sapiens OX=9606 GN=RENBP PE=1 SV=4,19.003276469299937,18.206900394625016,0.7963760746749209,0.01328764763925964,2.5543287786333826,0.6595248546923617,0.14302177492797707
UBE2M,P61081,NEDD8-conjugating enzyme Ubc12 OS=Homo sapiens OX=9606 GN=UBE2M PE=1 SV=1,19.76492309263023,19.971252884432094,-0.2063297918018634,0.4019552415378208,-0.8443282328854157,-0.21800461231319684,0.7115649425423646
PIBF1,Q8WXW3,Progesterone-induced-blocking factor 1 OS=Homo sapiens OX=9606 GN=PIBF1 PE=1 SV=2,20.837425885198932,20.846343847448548,-0.008917962249615385,0.9678334567658317,-0.04050018021808354,-0.010457101566869107,0.9905962189126991
PCLO,Q9Y6V0,Protein piccolo OS=Homo sapiens OX=9606 GN=PCLO PE=1 SV=5,24.532840345868344,24.329324641940435,0.2035157039279092,0.27107139629208754,1.111190845235211,0.2869082425369411,0.6134732039134575
KPNA4,O00629,Importin subunit alpha-3 OS=Homo sapiens OX=9606 GN=KPNA4 PE=1 SV=1,20.38633197563886,17.094730595014546,3.2916013806243143,2.118801311687893e-10,7.678823260923291,1.982663640535069,1.83063118451614e-08
ALG13,A0A096LP10,UDP-N-acetylglucosamine transferase subunit ALG13 (Fragment) OS=Homo sapiens OX=9606 GN=ALG13 PE=1 SV=1,26.110917826793276,26.101879021862143,0.009038804931133626,0.9603041323787385,0.04998745814377464,0.012906706194005298,0.9894983718495022
PCID2,Q5JVF3,PCI domain-containing protein 2 OS=Homo sapiens OX=9606 GN=PCID2 PE=1 SV=2,21.204613454980247,21.800159189186783,-0.5955457342065351,0.006763388039785602,-2.808922418479573,-0.7252606498373364,0.0945094486612146
LSM6,P62312,U6 snRNA-associated Sm-like protein LSm6 OS=Homo sapiens OX=9606 GN=LSM6 PE=1 SV=1,24.38858069292078,24.580843936199976,-0.19226324327919642,0.1649675160914022,-1.406309546742485,-0.36310756360974306,0.4839654753841689
RPA1,P27694,Replication protein A 70 kDa DNA-binding subunit OS=Homo sapiens OX=9606 GN=RPA1 PE=1 SV=2,29.017652311123058,29.117714390292303,-0.10006207916924481,0.30937674574031065,-1.025518578694064,-0.264787758433894,0.6408805669236864
FSIP2,Q5CZC0,Fibrous sheath-interacting protein 2 OS=Homo sapiens OX=9606 GN=FSIP2 PE=1 SV=4,27.362184991757694,27.328152423281797,0.03403256847589731,0.6882501344790593,0.4032457827755177,0.10411761340786359,0.8806284853213986
CCL27,Q9Y4X3,C-C motif chemokine 27 OS=Homo sapiens OX=9606 GN=CCL27 PE=1 SV=1,20.61086895124466,19.97499773884865,0.6358712123960117,0.024037133285058892,2.3173136273104586,0.5983278057675272,0.19636488883640418
CHMP1B,Q7LBR1,Charged multivesicular body protein 1b OS=Homo sapiens OX=9606 GN=CHMP1B PE=1 SV=1,23.81175911848322,23.933944092676107,-0.1221849741928871,0.2947651388084417,-1.0572855574687252,-0.27298995708413315,0.6306107130643441
ACAD8,Q9UKU7,"Isobutyryl-CoA dehydrogenase, mitochondrial OS=Homo sapiens OX=9606 GN=ACAD8 PE=1 SV=1",18.42949438674356,18.71148174911124,-0.28198736236767985,0.4844490200975857,-0.7036776424175035,-0.18168878601209926,0.7701869151850839
TSPAN33,Q86UF1,Tetraspanin-33 OS=Homo sapiens OX=9606 GN=TSPAN33 PE=1 SV=1,24.643425518581946,24.947431396466808,-0.3040058778848618,0.041844677890274865,-2.081154878351322,-0.5373518789821996,0.2718242618651794
ATP5F1B,P06576,"ATP synthase subunit beta, mitochondrial OS=Homo sapiens OX=9606 GN=ATP5F1B PE=1 SV=3",23.334237859781087,23.244220387661063,0.09001747212002442,0.3737930604564563,0.8963087291515769,0.23142591873762605,0.6891809552165914
SCFD1,A0A7I2V4B8,Sec1 family domain containing 1 OS=Homo sapiens OX=9606 GN=SCFD1 PE=1 SV=1,18.459506726850744,18.59665592231207,-0.1371491954613262,0.6449182576099713,-0.46325080388350354,-0.1196108432372005,0.8622153065643009
RPS25,P62851,Small ribosomal subunit protein eS25 OS=Homo sapiens OX=9606 GN=RPS25 PE=1 SV=1,18.241775605129575,18.075131684577915,0.16664392055166033,0.7818347918363322,0.2782175809828827,0.07183547051792119,0.9337692871803496
ERICH6B,Q5W0A0,Glutamate-rich protein 6B OS=Homo sapiens OX=9606 GN=ERICH6B PE=1 SV=1,22.699220071274848,22.203411965170762,0.49580810610408577,0.027572050792053097,2.260303964323576,0.5836079740794542,0.2153052789791205
TXLNA,P40222,Alpha-taxilin OS=Homo sapiens OX=9606 GN=TXLNA PE=1 SV=3,18.13742002415548,20.880577001052526,-2.743156976897044,1.92353250203071e-11,-8.300602853526604,-2.1432064410126865,1.9151170473343255e-09
RP1,P56715,Oxygen-regulated protein 1 OS=Homo sapiens OX=9606 GN=RP1 PE=1 SV=1,21.40217900618442,21.465492122462077,-0.06331311627765857,0.7882277997234906,-0.26985740033111805,-0.06967688115554987,0.9340055249197784
PSMB8,P28062,Proteasome subunit beta type-8 OS=Homo sapiens OX=9606 GN=PSMB8 PE=1 SV=3,23.495279545067053,23.569928516516697,-0.07464897144964411,0.573987877512558,-0.5653920214186126,-0.1459835922021889,0.8214300497800988
ATN1,P54259,Atrophin-1 OS=Homo sapiens OX=9606 GN=ATN1 PE=1 SV=3,22.668792900921535,22.73561199431678,-0.06681909339524594,0.7592302997059728,-0.3079411431990286,-0.07951006128146074,0.9218398379814136
CTPS1,P17812,CTP synthase 1 OS=Homo sapiens OX=9606 GN=CTPS1 PE=1 SV=2,18.828292005884645,19.00318491406715,-0.17489290818250325,0.5301096565845657,-0.6316311257318591,-0.16308645539371555,0.7994734709230579
MYBPC3,Q14896,"Myosin-binding protein C, cardiac-type OS=Homo sapiens OX=9606 GN=MYBPC3 PE=1 SV=4",20.590007350951353,20.134603800500383,0.4554035504509706,0.4069829391209734,0.8352885859152422,0.21567058550179177,0.7148002447846865
PUM3,Q15397,Pumilio homolog 3 OS=Homo sapiens OX=9606 GN=PUM3 PE=1 SV=3,18.437079301115674,17.77311924400977,0.6639600571059034,0.011282220827974575,2.617380373436126,0.6758047064672177,0.1279714643350636
SRL,Q86TD4,Sarcalumenin OS=Homo sapiens OX=9606 GN=SRL PE=1 SV=3,19.348596636358426,19.52245991463002,-0.1738632782715932,0.5624851716842413,-0.5825037781150856,-0.15040182878284178,0.8164918044476492
NINL,Q9Y2I6,Ninein-like protein OS=Homo sapiens OX=9606 GN=NINL PE=1 SV=2,17.614614592684266,18.128888640495447,-0.5142740478111811,0.07210318068380497,-1.831896262336432,-0.472993581067241,0.34346083659108756
RXFP1,B4DGP2,Relaxin family peptide receptor 1 OS=Homo sapiens OX=9606 GN=RXFP1 PE=1 SV=1,22.422907041425976,22.56590212580857,-0.14299508438259423,0.26084427652170167,-1.1354810955484513,-0.2931799581995003,0.6027198611298955
COPB2,P35606,Coatomer subunit beta' OS=Homo sapiens OX=9606 GN=COPB2 PE=1 SV=2,22.00015195915429,21.52968633862167,0.47046562053262164,0.1377791777414095,1.5048893338663543,0.3885607551966376,0.44746572151303493
BRINP3,Q76B58,BMP/retinoic acid-inducible neural-specific protein 3 OS=Homo sapiens OX=9606 GN=BRINP3 PE=1 SV=1,22.23858313107626,22.27667390793314,-0.03809077685687967,0.8866031067921969,-0.14323239924521333,-0.036982446460936194,0.9653853377443401
TOMM20L,Q6UXN7,TOMM20-like protein 1 OS=Homo sapiens OX=9606 GN=TOMM20L PE=1 SV=1,20.796382976295416,22.782916204828133,-1.9865332285327177,5.016429458735792e-08,-6.2622562323852025,-1.6169076065140995,3.6323509671664164e-06
IL1RAP,Q9NPH3,Interleukin-1 receptor accessory protein OS=Homo sapiens OX=9606 GN=IL1RAP PE=1 SV=2,22.907398873699112,22.808429402792633,0.09896947090647856,0.6002487686669645,0.5269344718549444,0.13605389560245337,0.8344193537101462
HCLS1,P14317,Hematopoietic lineage cell-specific protein OS=Homo sapiens OX=9606 GN=HCLS1 PE=1 SV=3,18.045290284934897,18.63562186279991,-0.5903315778650118,0.08785018384692873,-1.7361321861106933,-0.44826740290809275,0.3726269390314066
DROSHA,Q9NRR4,Ribonuclease 3 OS=Homo sapiens OX=9606 GN=DROSHA PE=1 SV=2,20.677376582600967,20.700136037995595,-0.022759455394627537,0.8734148931332856,-0.16002819217074107,-0.041319101546730685,0.9598692464850619
SNX33,Q8WV41,Sorting nexin-33 OS=Homo sapiens OX=9606 GN=SNX33 PE=1 SV=1,19.393303391295323,20.553444038353916,-1.1601406470585935,0.018856877631141373,-2.4160978374634747,-0.6238337791535861,0.1704010194986716
OLFML1,Q6UWY5,Olfactomedin-like protein 1 OS=Homo sapiens OX=9606 GN=OLFML1 PE=1 SV=2,25.47010607285422,25.609751030881366,-0.13964495802714438,0.3040139489916357,-1.0370564201410621,-0.2677668162855877,0.6376304564092033
TRA,P0DTU3,T cell receptor alpha chain MC.7.G5 OS=Homo sapiens OX=9606 GN=TRA PE=1 SV=1,21.062081870610843,20.78497638370103,0.2771054869098144,0.17139653189257006,1.384869508195249,0.35757176946071034,0.49284237419650556
CRCP,O75575,DNA-directed RNA polymerase III subunit RPC9 OS=Homo sapiens OX=9606 GN=CRCP PE=1 SV=1,19.469053774945674,20.714719595576163,-1.2456658206304887,0.0010943306527355248,-3.43695586825224,-0.8874181892927187,0.026819518920118322
SLF2,Q8IX21,SMC5-SMC6 complex localization factor protein 2 OS=Homo sapiens OX=9606 GN=SLF2 PE=1 SV=2,21.04416597959615,21.166703093810856,-0.1225371142147047,0.6024431862803183,-0.5237570858285316,-0.13523349805813545,0.8359686374081421
CDKN2AIP,Q9NXV6,CDKN2A-interacting protein OS=Homo sapiens OX=9606 GN=CDKN2AIP PE=1 SV=3,20.52058815129874,20.281915021437026,0.23867312986171285,0.1282470515943327,1.5430935994147295,0.3984250541448338,0.4356024588268059
CHD1L,A0A494C1F7,Chromodomain helicase DNA binding protein 1 like (Fragment) OS=Homo sapiens OX=9606 GN=CHD1L PE=1 SV=1,22.710477111145448,22.901297062634303,-0.1908199514888551,0.3653741339966411,-0.9123253163500356,-0.23556138376980673,0.6827114982357352
TRIM33,Q9UPN9,E3 ubiquitin-protein ligase TRIM33 OS=Homo sapiens OX=9606 GN=TRIM33 PE=1 SV=3,23.134065327821354,23.138805827546125,-0.004740499724771752,0.9803169853219754,-0.024778135576450932,-0.006397687095844264,0.994961880697222
SRSF5,Q13243,Serine/arginine-rich splicing factor 5 OS=Homo sapiens OX=9606 GN=SRSF5 PE=1 SV=1,20.45696267714494,20.68853856685809,-0.2315758897131488,0.2264600129524142,-1.2225086694673541,-0.31565038116274996,0.5558563954286531
TG,P01266,Thyroglobulin OS=Homo sapiens OX=9606 GN=TG PE=1 SV=5,25.908174272936858,25.71758737582327,0.19058689711358667,0.682245932049127,0.41146802793370535,0.1062405879789366,0.8785915681117699
RNF17,Q9BXT8,RING finger protein 17 OS=Homo sapiens OX=9606 GN=RNF17 PE=1 SV=3,20.89052238265134,21.72779782183784,-0.8372754391864987,0.009355678182072665,-2.6884250203410978,-0.6941483554205604,0.11205710784993801
SLC22A1,O15245,Solute carrier family 22 member 1 OS=Homo sapiens OX=9606 GN=SLC22A1 PE=1 SV=2,22.401026039914704,22.559685661656854,-0.15865962174214943,0.18092646320516975,-1.3541965036687889,-0.3496520337467687,0.507321247543145
MELK,Q14680,Maternal embryonic leucine zipper kinase OS=Homo sapiens OX=9606 GN=MELK PE=1 SV=3,18.23569880285117,17.984012854398422,0.2516859484527494,0.2348958311792,1.2003173076970215,0.30992059619167256,0.5675213262314822
MACF1,H3BQK9,Microtubule actin crosslinking factor 1 OS=Homo sapiens OX=9606 GN=MACF1 PE=1 SV=1,17.189960871584653,17.70348085478715,-0.5135199832024959,0.07244150482006714,-1.8296625121105177,-0.47241682923893746,0.34346083659108756
POC1A,Q8NBT0,POC1 centriolar protein homolog A OS=Homo sapiens OX=9606 GN=POC1A PE=1 SV=2,27.284044588993645,27.336145142132462,-0.052100553138817673,0.7730733619975512,-0.28970726609997655,-0.0748020944586993,0.9329589891379538
CUBN,O60494,Cubilin OS=Homo sapiens OX=9606 GN=CUBN PE=1 SV=5,20.924460605475257,20.72077610197251,0.20368450350274614,0.6371315961253967,0.47420863395009255,0.12244014279443184,0.859399350235188
TTC24,A2A3L6,Tetratricopeptide repeat protein 24 OS=Homo sapiens OX=9606 GN=TTC24 PE=1 SV=1,25.377226052245753,25.211708890781786,0.165517161463967,0.7268140666206682,0.35106172561603,0.09064374778678147,0.9010231969857777
MLPH,H7C052,Melanophilin (Fragment) OS=Homo sapiens OX=9606 GN=MLPH PE=1 SV=1,25.214835474742344,25.288072470271054,-0.07323699552870977,0.6365448730807628,-0.47503662947468916,-0.12265393031959829,0.8593355786590299
TMEM14C,Q9P0S9,Transmembrane protein 14C OS=Homo sapiens OX=9606 GN=TMEM14C PE=1 SV=1,19.522956371661405,19.499655288020687,0.02330108364071748,0.9529113239468237,0.05930717005503121,0.01531304546225514,0.9884359531093813
ZNF25,P17030,Zinc finger protein 25 OS=Homo sapiens OX=9606 GN=ZNF25 PE=1 SV=2,18.61389308503757,18.578954345178044,0.03493873985952689,0.9391596316993186,0.07665776203028454,0.019792949046721554,0.9829706263449505
PHF13,Q86YI8,PHD finger protein 13 OS=Homo sapiens OX=9606 GN=PHF13 PE=1 SV=2,19.85796770049455,20.134133251047434,-0.27616555055288217,0.3163301874861449,-1.0107585792298608,-0.2609767429595681,0.6477043556110911
DICER1,A0A8Q3SJI0,Endoribonuclease Dicer OS=Homo sapiens OX=9606 GN=DICER1 PE=1 SV=1,22.6304589157974,22.70228160139465,-0.07182268559724747,0.5556563984780827,-0.5927443387993455,-0.15304593018190613,0.8143152187447891
RB1,P06400,Retinoblastoma-associated protein OS=Homo sapiens OX=9606 GN=RB1 PE=1 SV=2,21.787474505405786,21.515874004476018,0.2716005009297682,0.19271724809075794,1.3179048288172066,0.34028156359302514,0.522106422123431
RGS2,P41220,Regulator of G-protein signaling 2 OS=Homo sapiens OX=9606 GN=RGS2 PE=1 SV=1,17.34956786058233,17.53300894504071,-0.18344108445838003,0.5627796618226735,-0.5820635491684292,-0.15028816215758053,0.8164918044476492
PAPPA,Q13219,Pappalysin-1 OS=Homo sapiens OX=9606 GN=PAPPA PE=1 SV=3,22.3364073951679,22.04415389892014,0.29225349624775987,0.46004296201117356,0.7437287412465912,0.1920299352629235,0.7489112672099768
CHODL,Q9H9P2,Chondrolectin OS=Homo sapiens OX=9606 GN=CHODL PE=1 SV=2,23.49032249026063,23.72072103785133,-0.2303985475906991,0.07340510777726535,-1.8233480887783775,-0.4707864521451852,0.34346083659108756
TFDP1,Q14186,Transcription factor Dp-1 OS=Homo sapiens OX=9606 GN=TFDP1 PE=1 SV=1,19.112063046949014,18.55330281601623,0.5587602309327835,0.1137805190455119,1.6056584659109667,0.41457923321134155,0.41629545478406715
LIPJ,Q5W064,Lipase member J OS=Homo sapiens OX=9606 GN=LIPJ PE=2 SV=3,23.160577480394092,23.154508136838604,0.00606934355548816,0.9675309698548681,0.040881249661927514,0.01055549327418619,0.9905962189126991
HK3,P52790,Hexokinase-3 OS=Homo sapiens OX=9606 GN=HK3 PE=1 SV=2,24.186727692333687,23.995553348530645,0.19117434380304132,0.20101815923103872,1.2933483160496029,0.3339410992603679,0.52641304567103
BIRC6,Q9NR09,Dual E2 ubiquitin-conjugating enzyme/E3 ubiquitin-protein ligase BIRC6 OS=Homo sapiens OX=9606 GN=BIRC6 PE=1 SV=3,28.755255607208607,28.82037364535554,-0.06511803814693451,0.41688483798931153,-0.8176827621779078,-0.2111247813597278,0.7205881215116513
SLC15A2,Q16348,Solute carrier family 15 member 2 OS=Homo sapiens OX=9606 GN=SLC15A2 PE=1 SV=2,23.128215261558886,23.25448606519167,-0.1262708036327851,0.2934948388779196,-1.0600978289918048,-0.2737160824690599,0.6306057505840632
MDN1,Q9NU22,Midasin OS=Homo sapiens OX=9606 GN=MDN1 PE=1 SV=2,30.708080149059388,30.592068669830308,0.11601147922907984,0.15612592066266032,1.436876249576497,0.37099985234471633,0.4742879103663797
ECM2,O94769,Extracellular matrix protein 2 OS=Homo sapiens OX=9606 GN=ECM2 PE=1 SV=1,16.879972661151704,16.670191429078034,0.20978123207367005,0.447765024795706,0.7643369329137621,0.19735094747108375,0.7445612573064297
CSMD3,Q7Z407,CUB and sushi domain-containing protein 3 OS=Homo sapiens OX=9606 GN=CSMD3 PE=1 SV=3,22.78904232770289,22.386027494580127,0.4030148331227643,0.38614858275436537,0.8732119172585392,0.22546234755014474,0.6981833605149736
GRAP,A8MW78,GRB2 related adaptor protein OS=Homo sapiens OX=9606 GN=GRAP PE=1 SV=1,24.340571046028572,24.22687826032551,0.11369278570306207,0.3879847424070063,0.8698193474467035,0.22458638979133902,0.6986253324633339
FSTL4,Q6MZW2,Follistatin-related protein 4 OS=Homo sapiens OX=9606 GN=FSTL4 PE=1 SV=3,23.284490714251504,23.396873934937357,-0.11238322068585305,0.3551374717634458,-0.9321220750691183,-0.24067288489166633,0.674292962669072
VPS13B,Q7Z7G8,Intermembrane lipid transfer protein VPS13B OS=Homo sapiens OX=9606 GN=VPS13B PE=1 SV=2,20.484001432312493,22.197508113150242,-1.7135066808377495,8.399975984679243e-06,-4.888497026108419,-1.2622045046734924,0.0004054897498058798
FSBP,O95073,Fibrinogen silencer-binding protein OS=Homo sapiens OX=9606 GN=FSBP PE=1 SV=1,25.787964727923388,25.821488208837774,-0.03352348091438628,0.7742509975129287,-0.2881606942418675,-0.07440277132202136,0.9336728531703977
SNX3,O60493,Sorting nexin-3 OS=Homo sapiens OX=9606 GN=SNX3 PE=1 SV=3,15.98691985598803,16.319464560221963,-0.3325447042339338,0.4840203583040348,-0.7043711739411418,-0.18186785508150732,0.7701869151850839
RPL10,P27635,Large ribosomal subunit protein uL16 OS=Homo sapiens OX=9606 GN=RPL10 PE=1 SV=5,22.649752836037994,22.774415616823262,-0.12466278078526827,0.3978277181756671,-0.8518015376511303,-0.21993421130644655,0.7096747536997062
AP3M1,Q9Y2T2,AP-3 complex subunit mu-1 OS=Homo sapiens OX=9606 GN=AP3M1 PE=1 SV=1,18.863401129517637,17.70969094731985,1.1537101821977878,1.521579308281691e-07,5.97099238184039,1.541703603679946,1.053859060040319e-05
KIF4A,O95239,Chromosome-associated kinesin KIF4A OS=Homo sapiens OX=9606 GN=KIF4A PE=1 SV=3,21.113264080014225,21.182757184649503,-0.0694931046352778,0.8311292102727068,-0.21421696566524412,-0.055310582699771765,0.9494175561810791
LOXL1,Q08397,Lysyl oxidase homolog 1 OS=Homo sapiens OX=9606 GN=LOXL1 PE=1 SV=2,21.17325520165074,21.61010533768598,-0.4368501360352397,0.22148179499163875,-1.2358894658443749,-0.31910528793122955,0.5505044942667632
GAS8,O95995,Dynein regulatory complex subunit 4 OS=Homo sapiens OX=9606 GN=GAS8 PE=1 SV=1,19.495624727885268,19.061117460401835,0.4345072674834327,0.21891593235861323,1.242872637547414,0.3209083351118681,0.5483224532189793
GTF3C4,Q9UKN8,General transcription factor 3C polypeptide 4 OS=Homo sapiens OX=9606 GN=GTF3C4 PE=1 SV=2,20.826188092955352,21.02053292236559,-0.19434482941023745,0.41796825127229487,-0.8157719009099491,-0.21063139910187997,0.7205881215116513
SAMD9,Q5K651,Sterile alpha motif domain-containing protein 9 OS=Homo sapiens OX=9606 GN=SAMD9 PE=1 SV=1,22.19977502217892,19.570935225357104,2.628839796821815,6.846053008038028e-19,13.040835970472406,3.367129368950818,1.5579660631149398e-16
FLOT2,E7EMK3,Flotillin OS=Homo sapiens OX=9606 GN=FLOT2 PE=1 SV=1,24.62098482142405,24.677294074789653,-0.05630925336560466,0.7162303804579693,-0.3652810212576494,-0.09431515413443423,0.8957037676199366
STX12,B1AJQ6,Syntaxin 12 (Fragment) OS=Homo sapiens OX=9606 GN=STX12 PE=1 SV=2,22.329673872204914,19.280082459640507,3.049591412564407,1.1382276783460988e-20,14.29960609338353,3.6921424171333665,3.626393383210671e-18
ATP6V0A4,Q9HBG4,V-type proton ATPase 116 kDa subunit a 4 OS=Homo sapiens OX=9606 GN=ATP6V0A4 PE=1 SV=2,18.41645355610807,18.207569866601144,0.20888368950692637,0.521473211405719,0.6449956907923572,0.16653717125428988,0.7934162614797616
OR51G2,Q8NGK0,Olfactory receptor 51G2 OS=Homo sapiens OX=9606 GN=OR51G2 PE=2 SV=1,19.42941376061932,19.59175884332468,-0.16234508270536097,0.5813695232593123,-0.5544987607799781,-0.14317096439956703,0.823626042305537
TMEM201,Q5SNT2,Transmembrane protein 201 OS=Homo sapiens OX=9606 GN=TMEM201 PE=1 SV=1,23.560440401999475,23.45081697243808,0.10962342956139537,0.6244822321782946,0.49213405991089787,0.1270684678757567,0.8522577270578907
RPS15A,P62244,Small ribosomal subunit protein uS8 OS=Homo sapiens OX=9606 GN=RPS15A PE=1 SV=2,19.166308627217383,18.08027092456032,1.0860377026570625,0.09692455980301803,1.6872622090644365,0.43564922909278,0.3908881614334373
DPP9,Q86TI2,Dipeptidyl peptidase 9 OS=Homo sapiens OX=9606 GN=DPP9 PE=1 SV=3,26.335898412122578,26.442336905213534,-0.10643849309095543,0.2962192991843613,-1.0540764539327108,-0.2721613701140506,0.6308882964216467
UCHL3,P15374,Ubiquitin carboxyl-terminal hydrolase isozyme L3 OS=Homo sapiens OX=9606 GN=UCHL3 PE=1 SV=1,21.90363474487556,22.446535738726038,-0.542900993850477,0.07333757610226607,-1.8237883447136642,-0.47090012573888096,0.34346083659108756
PTPN23,Q9H3S7,Tyrosine-protein phosphatase non-receptor type 23 OS=Homo sapiens OX=9606 GN=PTPN23 PE=1 SV=1,19.800738848226196,19.903509265445184,-0.10277041721898783,0.6450116990901764,-0.463119652101904,-0.1195769799928031,0.8622153065643009
ALDH3A2,J3KTD9,aldehyde dehydrogenase (NAD(+)) (Fragment) OS=Homo sapiens OX=9606 GN=ALDH3A2 PE=1 SV=2,17.85595399078558,19.166599823607488,-1.3106458328219084,2.8532280120484087e-05,-4.543654351036342,-1.1731665088324417,0.001228430330592734
SF3B4,Q15427,Splicing factor 3B subunit 4 OS=Homo sapiens OX=9606 GN=SF3B4 PE=1 SV=1,20.900720829178354,20.664081731977753,0.2366390972006016,0.03576914603086088,2.1496129105512884,0.5550276668905062,0.24882205077363048
DNAH8,Q96JB1,Dynein axonemal heavy chain 8 OS=Homo sapiens OX=9606 GN=DNAH8 PE=1 SV=2,24.533958647065635,24.798345504463388,-0.2643868573977528,0.039367323064927524,-2.1079503081144946,-0.5442704291973487,0.2623939148218809
SPIN4,Q56A73,Spindlin-4 OS=Homo sapiens OX=9606 GN=SPIN4 PE=1 SV=1,26.69705370937197,26.893757565348025,-0.1967038559760539,0.5383969977763292,-0.6189130980846064,-0.15980267477542123,0.8064804445383682
HUWE1,Q7Z6Z7,E3 ubiquitin-protein ligase HUWE1 OS=Homo sapiens OX=9606 GN=HUWE1 PE=1 SV=3,25.327116183279838,25.594581955370654,-0.2674657720908158,0.3128177338685798,-1.0181867210070292,-0.26289468091931745,0.6422144971117915
ALKBH7,Q9BT30,"Alpha-ketoglutarate-dependent dioxygenase alkB homolog 7, mitochondrial OS=Homo sapiens OX=9606 GN=ALKBH7 PE=1 SV=1",21.446053403109204,21.034072365082203,0.41198103802700103,0.10991015330166472,1.6234796223601227,0.419180636020524,0.4081279119103774
ZFHX4,E7EVZ1,Zinc finger homeobox 4 OS=Homo sapiens OX=9606 GN=ZFHX4 PE=1 SV=1,22.684305006373663,22.532809215567408,0.15149579080625486,0.5449605826214745,0.6089118077699769,0.15722035272014484,0.809106505592632
TRMT11,Q7Z4G4,tRNA (guanine(10)-N(2))-methyltransferase homolog OS=Homo sapiens OX=9606 GN=TRMT11 PE=1 SV=1,19.74209988703672,23.632318871758184,-3.8902189847214643,6.740381325701982e-38,-31.1362629103003,-8.039348514315249,1.0737427451843256e-34
SMARCA2,P51531,Probable global transcription activator SNF2L2 OS=Homo sapiens OX=9606 GN=SMARCA2 PE=1 SV=2,18.780842227555656,18.717313656309763,0.06352857124589306,0.8171351295087647,0.2322839858048294,0.05997546724085229,0.9448696561800984
DUS4L-BCAP29,A0A669KAY5,DUS4L-BCAP29 readthrough OS=Homo sapiens OX=9606 GN=DUS4L-BCAP29 PE=1 SV=1,19.74154997453557,19.86833432889478,-0.12678435435920932,0.8007445199036725,-0.2535439362852321,-0.0654647628509719,0.9376318542951074
RAB24,Q969Q5,Ras-related protein Rab-24 OS=Homo sapiens OX=9606 GN=RAB24 PE=1 SV=1,17.689948915914716,17.076744472160772,0.6132044437539435,0.04515910390844148,2.0473819336849624,0.5286317421658531,0.2810095801802628
TENT4B,A0A7N4YH79,Terminal nucleotidyltransferase 4B OS=Homo sapiens OX=9606 GN=TENT4B PE=1 SV=1,22.025217515174397,21.689638158608453,0.33557935656594395,0.11525209324773379,1.599011068960957,0.41286288269914034,0.41629545478406715
DLK2,Q6UY11,Protein delta homolog 2 OS=Homo sapiens OX=9606 GN=DLK2 PE=1 SV=1,27.701763955857714,27.693146556134227,0.008617399723487296,0.9297651521964927,0.08852401950344033,0.02285680355174433,0.9802377340277638
MAP9,Q49MG5,Microtubule-associated protein 9 OS=Homo sapiens OX=9606 GN=MAP9 PE=1 SV=3,21.592268995482197,21.797143726487004,-0.20487473100480713,0.5891335389986441,-0.5431125980310796,-0.14023106981932096,0.8288628097933716
DCLK3,A0A1B0GTZ4,non-specific serine/threonine protein kinase OS=Homo sapiens OX=9606 GN=DCLK3 PE=1 SV=1,25.18336067144759,24.992158047526473,0.19120262392111798,0.20187436525479494,1.2908589613204062,0.3332983506331025,0.52641304567103
PER1,J3QL46,Period circadian regulator 1 (Fragment) OS=Homo sapiens OX=9606 GN=PER1 PE=1 SV=1,22.36329014645505,22.107387762538142,0.2559023839169079,0.08325839408372088,1.76247125975557,0.45506812248016865,0.3633715665078558
CDK14,O94921,Cyclin-dependent kinase 14 OS=Homo sapiens OX=9606 GN=CDK14 PE=1 SV=3,23.595569079198835,22.87366772485389,0.7219013543449435,0.00032642500628633824,3.8209502984688877,0.9865651248437508,0.00940195797790638
BICD1,A0A087WYJ7,BICD cargo adaptor 1 (Fragment) OS=Homo sapiens OX=9606 GN=BICD1 PE=1 SV=1,27.018990457599543,27.06196054911876,-0.042970091519215714,0.7178175753181466,-0.3631438956939383,-0.09376335068663375,0.8961468632302566
SRGAP2,O75044,SLIT-ROBO Rho GTPase-activating protein 2 OS=Homo sapiens OX=9606 GN=SRGAP2 PE=1 SV=3,22.709880168756186,22.78471797953787,-0.07483781078168406,0.6258066319978879,-0.490249826369557,-0.12658196086735812,0.8527791616220542
CEP164,Q9UPV0,Centrosomal protein of 164 kDa OS=Homo sapiens OX=9606 GN=CEP164 PE=1 SV=3,20.018036231951026,20.6374977895229,-0.6194615575718743,0.07682422113951784,-1.8014895874450974,-0.46514261136939544,0.34965995507214837
DNAH5,Q8TE73,Dynein axonemal heavy chain 5 OS=Homo sapiens OX=9606 GN=DNAH5 PE=1 SV=3,17.951775611049072,17.582447874100996,0.3693277369480761,0.14924227183813496,1.46162069777311,0.37738884139648793,0.46277180220348096
HLF,Q16534,Hepatic leukemia factor OS=Homo sapiens OX=9606 GN=HLF PE=1 SV=1,19.593244238894897,18.935759431791787,0.6574848071031099,0.014827756338402153,2.5115267909595467,0.6484734289960055,0.1514142041479143
PTPRZ1,A0A494C087,protein-tyrosine-phosphatase OS=Homo sapiens OX=9606 GN=PTPRZ1 PE=1 SV=1,20.22978504204632,20.28976183142295,-0.059976789376630535,0.8784216328114036,-0.15364673479878183,-0.039671416338321976,0.9617358495316605
MFN1,Q8IWA4,Mitofusin-1 OS=Homo sapiens OX=9606 GN=MFN1 PE=1 SV=3,22.02127686776154,22.34106125058566,-0.31978438282412114,0.09903974271970169,-1.6764147806280614,-0.4328484351138962,0.3908884395964697
SPATS2L,Q9NUQ6,SPATS2-like protein OS=Homo sapiens OX=9606 GN=SPATS2L PE=1 SV=2,25.56653104739467,25.263137966978114,0.303393080416555,0.1536312310872879,1.4457435982890994,0.37328939193731114,0.46974002134750403
STAR,P49675,"Steroidogenic acute regulatory protein, mitochondrial OS=Homo sapiens OX=9606 GN=STAR PE=1 SV=2",23.118679273458447,22.877420579903,0.24125869355544793,0.11670158804094012,1.592530027455013,0.41118948497790037,0.41629545478406715
ZBTB24,A0A8V8TLS8,Zinc finger and BTB domain containing 24 OS=Homo sapiens OX=9606 GN=ZBTB24 PE=1 SV=1,24.162413039170342,24.084655460839176,0.07775757833116614,0.7445402592713415,0.3274051906614009,0.08453565672623131,0.9144584680179237
ACTL7B,Q9Y614,Actin-like protein 7B OS=Homo sapiens OX=9606 GN=ACTL7B PE=1 SV=1,21.299407646907643,21.26838677770574,0.031020869201903167,0.9310473052000414,0.08690381038811563,0.022438467357009266,0.9802377340277638
DDX11,Q96FC9,ATP-dependent DNA helicase DDX11 OS=Homo sapiens OX=9606 GN=DDX11 PE=1 SV=1,21.663367091762666,21.79667127065489,-0.13330417889222446,0.7069002117679477,-0.3778785782729773,-0.09756782936931845,0.8901913338706251
APOLD1,Q96LR9,Apolipoprotein L domain-containing protein 1 OS=Homo sapiens OX=9606 GN=APOLD1 PE=1 SV=2,27.53199500162592,27.59945838576282,-0.06746338413690012,0.735377482533289,-0.3396093221746035,-0.08768674993326855,0.9096936126412396
CNTRL,Q7Z7A1,Centriolin OS=Homo sapiens OX=9606 GN=CNTRL PE=1 SV=2,22.090041116582327,22.315543238707804,-0.2255021221254765,0.10214895956813934,-1.6608088767634448,-0.42881900806255113,0.39495944803894656
ING5,A0A1B0GW41,Inhibitor of growth family member 5 OS=Homo sapiens OX=9606 GN=ING5 PE=1 SV=1,21.631788880947923,21.89649314311505,-0.2647042621671254,0.15155160233979456,-1.4532218627022007,-0.3752202715060096,0.46486603579736663
MYO3A,Q8NEV4,Myosin-IIIa OS=Homo sapiens OX=9606 GN=MYO3A PE=1 SV=2,22.476218518644558,22.12738554237227,0.3488329762722877,0.15126029565168683,1.4542757798917405,0.37549239175423427,0.46486603579736663
CMAS,Q8NFW8,N-acylneuraminate cytidylyltransferase OS=Homo sapiens OX=9606 GN=CMAS PE=1 SV=2,19.049250298952355,18.74148071565443,0.3077695832979259,0.35480727803708767,0.932766733597948,0.2408393350080762,0.674292962669072
PLXDC1,Q8IUK5,Plexin domain-containing protein 1 OS=Homo sapiens OX=9606 GN=PLXDC1 PE=1 SV=2,16.08798514663199,16.65641299834479,-0.5684278517128014,0.04232797568762646,-2.0760888628359915,-0.5360438394006992,0.2718242618651794
USO1,O60763,General vesicular transport factor p115 OS=Homo sapiens OX=9606 GN=USO1 PE=1 SV=2,21.167547009894978,21.435767518145568,-0.2682205082505895,0.26356371335867784,-1.1289574324541112,-0.2914955556314571,0.6058542501881296
DCANP1,Q8TF63,Dendritic cell nuclear protein 1 OS=Homo sapiens OX=9606 GN=DCANP1 PE=1 SV=1,22.513432358148343,21.792738029157185,0.7206943289911578,0.007589126198234358,2.766504378533097,0.7143083590179057,0.1007456502815611
PPIE,Q9UNP9,Peptidyl-prolyl cis-trans isomerase E OS=Homo sapiens OX=9606 GN=PPIE PE=1 SV=1,20.0895315813956,18.78137282925106,1.3081587521445392,0.005924277459448399,2.8572326330095916,0.7377342935924345,0.0881997569430028
CFAP52,Q8N1V2,Cilia- and flagella-associated protein 52 OS=Homo sapiens OX=9606 GN=CFAP52 PE=1 SV=3,27.68871750695705,27.5647540410897,0.12396346586735163,0.12256358032197281,1.5669627076573143,0.4045880313923239,0.4262964704211849
BNIP5,P0C671,Protein BNIP5 OS=Homo sapiens OX=9606 GN=BNIP5 PE=1 SV=1,19.772547637521576,20.064659593538135,-0.2921119560165586,0.4248345255876129,-0.8037304485526824,-0.2075223094722904,0.7277004293129757
ZNF41,P51814,Zinc finger protein 41 OS=Homo sapiens OX=9606 GN=ZNF41 PE=1 SV=2,20.34186853870221,22.13324676046611,-1.7913782217638996,2.383688235136803e-06,-5.2350628212892945,-1.3516874082135366,0.00012249081801848154
GOLGA4,C9J0Y3,Golgin A4 OS=Homo sapiens OX=9606 GN=GOLGA4 PE=1 SV=2,21.592268995482197,21.797143726487004,-0.20487473100480713,0.5891335389986441,-0.5431125980310796,-0.14023106981932096,0.8288628097933716
CFAP47,Q6ZTR5,Cilia- and flagella-associated protein 47 OS=Homo sapiens OX=9606 GN=CFAP47 PE=1 SV=5,27.993258736442396,28.102970715315553,-0.10971197887315753,0.31064043652920154,-1.022819596050365,-0.2640908841118441,0.641670050865164
HMGXB3,A0A8C8PVR7,HMG-box containing 3 OS=Homo sapiens OX=9606 GN=HMGXB3 PE=1 SV=1,25.071083822706758,25.276163885260797,-0.205080062554039,0.16304681993755113,-1.412839775639072,-0.3647936614606367,0.4815447720791075
PRRC2B,Q5JSZ5,Protein PRRC2B OS=Homo sapiens OX=9606 GN=PRRC2B PE=1 SV=2,22.816465402137037,22.619387307332396,0.19707809480464178,0.1564734339627361,1.435649791202138,0.37068318215413576,0.4742879103663797
FLII,Q13045,Protein flightless-1 homolog OS=Homo sapiens OX=9606 GN=FLII PE=1 SV=2,16.588234444309098,16.24153088807459,0.3467035562345089,0.22535173555006516,1.2254687680616903,0.31641467533334977,0.5539896832272435
WDR54,Q9H977,WD repeat-containing protein 54 OS=Homo sapiens OX=9606 GN=WDR54 PE=1 SV=1,19.752054874464488,19.604648108017994,0.14740676644649398,0.4936613736960541,0.6888543609955272,0.17786143120653525,0.7763105313897475
MUC5B,Q9HC84,Mucin-5B OS=Homo sapiens OX=9606 GN=MUC5B PE=1 SV=3,19.11125742197144,18.250775024693432,0.8604823972780089,0.12601108466754823,1.5523811767247908,0.4008230962947325,0.4298408091550414
HIP1R,O75146,Huntingtin-interacting protein 1-related protein OS=Homo sapiens OX=9606 GN=HIP1R PE=1 SV=2,23.002239682543046,22.468932725946118,0.5333069565969275,0.035165624052167825,2.156956939675416,0.5569238870566267,0.2478709695358555
RABEP1,Q15276,Rab GTPase-binding effector protein 1 OS=Homo sapiens OX=9606 GN=RABEP1 PE=1 SV=2,21.680233056269557,21.48387024744453,0.19636280882502888,0.6150792708867419,0.5055632577716224,0.1305358718535907,0.8483301112749608
TNPO1,Q92973,Transportin-1 OS=Homo sapiens OX=9606 GN=TNPO1 PE=1 SV=2,17.066974025149886,17.327608103197676,-0.26063407804779004,0.49713412268391566,-0.683306051895805,-0.1764288639570129,0.7795692867399938
CACNA1A,O00555,Voltage-dependent P/Q-type calcium channel subunit alpha-1A OS=Homo sapiens OX=9606 GN=CACNA1A PE=1 SV=3,29.867792560198893,29.684729814116956,0.18306274608193718,0.04180844877742361,2.0815366819941543,0.5374504602588802,0.2718242618651794
SMARCD2,Q92925,SWI/SNF-related matrix-associated actin-dependent regulator of chromatin subfamily D member 2 OS=Homo sapiens OX=9606 GN=SMARCD2 PE=1 SV=3,23.975912694087487,24.200295397413072,-0.22438270332558474,0.3308561062582316,-0.980613672181954,-0.25319336142826715,0.6574351167167192
Unknown,A0A1W2PRG0,glutathione transferase OS=Homo sapiens OX=9606 PE=3 SV=1,23.69818883918923,23.889240076028557,-0.19105123683932845,0.37149771819218835,-0.9006525108792937,-0.23254747835702658,0.687866862672414
NUTM2F,A1L443,NUT family member 2F OS=Homo sapiens OX=9606 GN=NUTM2F PE=2 SV=2,25.563627886843097,25.4383747837232,0.12525310311989557,0.1378974144194861,1.5044287935758724,0.38844184420495126,0.44746572151303493
OCEL1,Q9H607,Occludin/ELL domain-containing protein 1 OS=Homo sapiens OX=9606 GN=OCEL1 PE=1 SV=1,18.019134762786102,17.758888313035516,0.26024644975058564,0.2922799030611332,1.0627953818861249,0.2744125876314076,0.63004314692339
COL6A3,P12111,Collagen alpha-3(VI) chain OS=Homo sapiens OX=9606 GN=COL6A3 PE=1 SV=5,18.32528992175857,18.06438140401104,0.26090851774753077,0.5949992544609839,0.5345574411146322,0.1380221378018815,0.831116257748757
GLUL,P15104,Glutamine synthetase OS=Homo sapiens OX=9606 GN=GLUL PE=1 SV=4,22.204489137975063,22.405744131813535,-0.20125499383847156,0.22836021304675855,-1.217458001289822,-0.3143463042468299,0.5587984936766304
CCDC80,Q76M96,Coiled-coil domain-containing protein 80 OS=Homo sapiens OX=9606 GN=CCDC80 PE=1 SV=1,19.686071950832527,19.883690245368225,-0.19761829453569746,0.30495406762077276,-1.035023842383109,-0.26724200696515943,0.6380609099900814
ADAM23,E7EWD3,ADAM metallopeptidase domain 23 OS=Homo sapiens OX=9606 GN=ADAM23 PE=1 SV=2,20.749022156275622,20.45104751330818,0.2979746429674428,0.5293444922976134,0.6328105622716736,0.16339098459882292,0.7992850959526996
GPR182,Q7Z4H2,G protein-coupled receptor 182 OS=Homo sapiens OX=9606 GN=GPR182 PE=2 SV=1,18.645249632779667,18.9899014013454,-0.34465176856573265,0.21671337948356403,-1.2489153021097597,-0.3224685443929802,0.5453782204065047
NASP,P49321,Nuclear autoantigenic sperm protein OS=Homo sapiens OX=9606 GN=NASP PE=1 SV=2,22.213909021706534,23.18095132927328,-0.9670423075667465,7.29898512480433e-05,-4.271611241194937,-1.1029252799080258,0.0028359227570276336
LARS1,Q9P2J5,"Leucine--tRNA ligase, cytoplasmic OS=Homo sapiens OX=9606 GN=LARS1 PE=1 SV=2",24.49814794522271,24.512947997322684,-0.014800052099975147,0.9197826264200246,-0.10114699214318341,-0.026116041072634783,0.9800760694896985
BBX,C9IYG9,BBX high mobility group box domain containing (Fragment) OS=Homo sapiens OX=9606 GN=BBX PE=1 SV=1,26.088039441928423,26.18425891074059,-0.09621946881216559,0.43130443266619833,-0.7924904329318534,-0.2046201499182516,0.7331152833745926
COPG1,Q9Y678,Coatomer subunit gamma-1 OS=Homo sapiens OX=9606 GN=COPG1 PE=1 SV=1,25.517542885697587,25.316432865672642,0.20111002002494516,0.0799129486043732,1.7824320399904359,0.46022197377529805,0.35459979701049166
ELMOD2,Q8IZ81,ELMO domain-containing protein 2 OS=Homo sapiens OX=9606 GN=ELMOD2 PE=1 SV=1,18.645603513933416,17.94466238204177,0.7009411318916463,0.07195175108671421,1.832898914629501,0.4732524647761138,0.34346083659108756
PLXNB1,O43157,Plexin-B1 OS=Homo sapiens OX=9606 GN=PLXNB1 PE=1 SV=3,20.42857862661013,20.179852675376882,0.24872595123324714,0.5047251485111808,0.671251272421624,0.1733163332806325,0.7846820385871056
FRAS1,Q86XX4,Extracellular matrix organizing protein FRAS1 OS=Homo sapiens OX=9606 GN=FRAS1 PE=1 SV=2,24.87534253148335,24.96515530869426,-0.08981277721090919,0.4597283331631328,-0.744252846825851,-0.1921652587415987,0.7489112672099768
FLVCR1,Q9Y5Y0,Choline/ethanolamine transporter FLVCR1 OS=Homo sapiens OX=9606 GN=FLVCR1 PE=1 SV=1,19.7597610172329,19.877210640906902,-0.11744962367400191,0.4156656729311603,-0.8198366514375363,-0.2116809131752022,0.7205881215116513
DENND11,A4D1U4,DENN domain-containing protein 11 OS=Homo sapiens OX=9606 GN=DENND11 PE=1 SV=1,18.387701269412904,19.94555437695486,-1.5578531075419555,0.00012350508269757352,-4.11598679878958,-1.0627432216614412,0.004186033973132651
ADAP1,O75689,Arf-GAP with dual PH domain-containing protein 1 OS=Homo sapiens OX=9606 GN=ADAP1 PE=1 SV=2,18.592685024535147,19.373532414759882,-0.7808473902247357,0.012655732605904699,-2.5732051179909226,-0.6643987045569689,0.13808617836442594
MUC2,Q02817,Mucin-2 OS=Homo sapiens OX=9606 GN=MUC2 PE=1 SV=3,21.205342750303153,20.677946890802893,0.5273958595002597,0.09913145998006227,1.6759487308702796,0.43272810158387,0.3908884395964697
LDHC,P07864,L-lactate dehydrogenase C chain OS=Homo sapiens OX=9606 GN=LDHC PE=1 SV=4,20.538640228145645,20.230594325193376,0.3080459029522693,0.3526937365985988,0.936902375893924,0.24190715325728857,0.674292962669072
MYT1,Q01538,Myelin transcription factor 1 OS=Homo sapiens OX=9606 GN=MYT1 PE=1 SV=2,23.386024501249445,23.62199043190306,-0.2359659306536166,0.470721430886086,-0.7260607151971666,-0.18746807055293818,0.7576463455828968
ZC3H7A,Q8IWR0,Zinc finger CCCH domain-containing protein 7A OS=Homo sapiens OX=9606 GN=ZC3H7A PE=1 SV=1,22.437320383914926,22.32348894731199,0.11383143660293626,0.571003637725736,0.5698151971305281,0.14712565126016208,0.8205169221752868
GOLGB1,A0A8J9C4H3,Golgin B1 OS=Homo sapiens OX=9606 GN=GOLGB1 PE=1 SV=1,19.67231242623833,18.989841448281716,0.6824709779566156,0.0021167645623816366,3.217608548327039,0.8307829548190163,0.043777206168753836
Unknown,V9GYY9,SUZ domain-containing protein (Fragment) OS=Homo sapiens OX=9606 PE=4 SV=1,19.292808417488363,19.244053804157726,0.04875461333063669,0.8658427670103286,0.1696921155729794,0.04381431583979023,0.9565100747901896
CDC5L,Q99459,Cell division cycle 5-like protein OS=Homo sapiens OX=9606 GN=CDC5L PE=1 SV=2,17.12087748268296,16.488267279625124,0.6326102030578369,0.2885161600984414,1.0712015219457078,0.27658304366185105,0.6244650041261103
SIK2,Q9H0K1,Serine/threonine-protein kinase SIK2 OS=Homo sapiens OX=9606 GN=SIK2 PE=1 SV=1,20.902068232603646,20.7245308486928,0.1775373839108454,0.18388540169221868,1.34492413082695,0.3472579173736841,0.5121144141533294
ASAP1,Q9ULH1,"Arf-GAP with SH3 domain, ANK repeat and PH domain-containing protein 1 OS=Homo sapiens OX=9606 GN=ASAP1 PE=1 SV=4",20.367430670052123,20.2836151597375,0.08381551031462209,0.7996204109715187,0.25500616120262815,0.0658423077012042,0.9373033956421113
NSD3,Q9BZ95,Histone-lysine N-methyltransferase NSD3 OS=Homo sapiens OX=9606 GN=NSD3 PE=1 SV=1,24.361461488082007,24.36659518236246,-0.0051336942804525165,0.971946868125627,-0.035318723366550446,-0.009119255160530443,0.9912364666607707
BECN2,A8MW95,Beclin-2 OS=Homo sapiens OX=9606 GN=BECN2 PE=1 SV=2,20.664717007052317,20.561647409098967,0.10306959795335047,0.549986904898986,0.60129438932827,0.15525354373575653,0.8116406635162995
RNF214,Q8ND24,RING finger protein 214 OS=Homo sapiens OX=9606 GN=RNF214 PE=1 SV=2,21.314025962199505,22.039491696811044,-0.7254657346115394,0.029835697901272325,-2.2271109704758048,-0.5750375799205754,0.22632507979393723
GRIP2,A0A087WX15,Glutamate receptor interacting protein 2 OS=Homo sapiens OX=9606 GN=GRIP2 PE=1 SV=1,21.602308649547172,22.018560618679125,-0.4162519691319524,0.5861612540413474,-0.5474630484210964,-0.1413543512799234,0.8263317501662536
FBXO24,O75426,F-box only protein 24 OS=Homo sapiens OX=9606 GN=FBXO24 PE=1 SV=2,19.872794824600952,20.04886450103726,-0.17606967643630966,0.46827581243832883,-0.7300867849371402,-0.18850759728984398,0.7550744110916006
DNAH17,Q9UFH2,Dynein axonemal heavy chain 17 OS=Homo sapiens OX=9606 GN=DNAH17 PE=1 SV=3,20.20080473411499,19.352037348182453,0.8487673859325362,0.20455095748296773,1.2831275315482586,0.33130210404977584,0.52641304567103
ERVK-19,O71037,Endogenous retrovirus group K member 19 Env polyprotein OS=Homo sapiens OX=9606 GN=ERVK-19 PE=1 SV=2,17.589013361412807,18.31838704738784,-0.7293736859750339,0.04952692319531455,-2.006007776991328,-0.5179489808433317,0.2922088468523559
FRMPD3,Q5JV73,FERM and PDZ domain-containing protein 3 OS=Homo sapiens OX=9606 GN=FRMPD3 PE=1 SV=3,21.106403846742165,20.810630013892528,0.2957738328496369,0.20853808451855194,1.2717493296107387,0.3283642649421892,0.5332282000610806
TRAPPC10,P48553,Trafficking protein particle complex subunit 10 OS=Homo sapiens OX=9606 GN=TRAPPC10 PE=1 SV=2,18.734023955999703,19.53638398491868,-0.8023600289189758,0.002234140289383296,-3.199299744416689,-0.8260556419767655,0.045050449126425196
GCC2,Q8IWJ2,GRIP and coiled-coil domain-containing protein 2 OS=Homo sapiens OX=9606 GN=GCC2 PE=1 SV=4,21.85979388299465,21.856854309841477,0.0029395731531742797,0.9831649947122707,0.02119230175644971,0.005471828784702128,0.995853177661838
HARBI1,E9PQI1,Harbinger transposase derived 1 (Fragment) OS=Homo sapiens OX=9606 GN=HARBI1 PE=1 SV=8,19.61321403735979,21.583479124060016,-1.970265086700227,0.0004659721120245604,-3.710111132690007,-0.9579465752991422,0.01216874712221516
FGF2,A0A0A0MQV6,Fibroblast growth factor OS=Homo sapiens OX=9606 GN=FGF2 PE=1 SV=1,17.5041214585849,16.55316965151264,0.9509518070722613,1.6077544362927778e-06,5.341954780146662,1.3792867933134083,8.831561437980672e-05
IREB2,H0YLE0,Iron responsive element binding protein 2 (Fragment) OS=Homo sapiens OX=9606 GN=IREB2 PE=1 SV=1,20.734032994621973,20.403951506956286,0.33008148766568723,0.1592169735295369,1.4260408145587185,0.36820215505319837,0.47675308051231635
RPL10A,P62906,Large ribosomal subunit protein uL1 OS=Homo sapiens OX=9606 GN=RPL10A PE=1 SV=2,20.051988111370623,19.76619285933233,0.2857952520382909,0.204541234757168,1.2831554788709438,0.33130932001746455,0.52641304567103
SYNE1,Q8NF91,Nesprin-1 OS=Homo sapiens OX=9606 GN=SYNE1 PE=1 SV=4,21.29166150733032,21.81357878884202,-0.5219172815116977,0.022254961531121293,-2.348943879727134,-0.6064947018239351,0.18757753290516518
G3BP2,Q9UN86,Ras GTPase-activating protein-binding protein 2 OS=Homo sapiens OX=9606 GN=G3BP2 PE=1 SV=2,25.645606428623555,25.26928098598644,0.3763254426371141,0.13506068422906112,1.5155653575902281,0.3913172926690561,0.4473007691827326
ZNF491,Q8N8L2,Zinc finger protein 491 OS=Homo sapiens OX=9606 GN=ZNF491 PE=1 SV=1,18.680661119039843,19.024477412228286,-0.34381629318844276,0.47820038615061,-0.7138214123376312,-0.18430789614332688,0.7663714438007261
PARP6,Q2NL67,Protein mono-ADP-ribosyltransferase PARP6 OS=Homo sapiens OX=9606 GN=PARP6 PE=1 SV=1,20.056968082515386,19.501109960726758,0.5558581217886278,0.13012328168146187,1.5353994169672032,0.39643842477937036,0.4400984877251991
CLMN,Q96JQ2,Calmin OS=Homo sapiens OX=9606 GN=CLMN PE=1 SV=1,19.9486271613989,19.837367591452153,0.11125956994674624,0.7536944925278048,0.31526168518864295,0.08140021709552664,0.9199985027578149
ALDH3B1,P43353,Aldehyde dehydrogenase family 3 member B1 OS=Homo sapiens OX=9606 GN=ALDH3B1 PE=1 SV=1,25.700983482300835,25.71101749316086,-0.010034010860024978,0.9341897583540457,-0.0829337812291434,-0.021413410235898777,0.9802377340277638
XPA,P23025,DNA repair protein complementing XP-A cells OS=Homo sapiens OX=9606 GN=XPA PE=1 SV=1,22.482874451268184,22.629663549854786,-0.14678909858660205,0.5126461742654651,-0.6587765213032591,-0.17009536639199857,0.7875075753181157
PARP14,Q460N5,Protein mono-ADP-ribosyltransferase PARP14 OS=Homo sapiens OX=9606 GN=PARP14 PE=1 SV=3,23.97847046524486,24.130079317104038,-0.1516088518591765,0.3068139717843078,-1.031015179516231,-0.2662069746635609,0.6380609099900814
OR5K2,Q8NHB8,Olfactory receptor 5K2 OS=Homo sapiens OX=9606 GN=OR5K2 PE=1 SV=3,23.991770875469975,24.16853248237575,-0.17676160690577447,0.249965263160296,-1.1620734965467272,-0.30004608661296645,0.5883871905435297
CTSV,A0A7P0T8X8,Cathepsin V OS=Homo sapiens OX=9606 GN=CTSV PE=1 SV=1,21.84889060911404,21.661986741788876,0.18690386732516373,0.18108912376718467,1.3536837908334334,0.34951965186192074,0.507321247543145
RASGRP4,Q8TDF6,RAS guanyl-releasing protein 4 OS=Homo sapiens OX=9606 GN=RASGRP4 PE=1 SV=2,16.29686047509834,16.39943402162238,-0.10257354652403805,0.6769002118980697,-0.41881233918513905,-0.10813688099001437,0.8778063906032335
TCF7,P36402,Transcription factor 7 OS=Homo sapiens OX=9606 GN=TCF7 PE=1 SV=3,23.13874188437561,22.699718245562433,0.4390236388131754,0.09957412723712585,1.6737043238380243,0.43214859818000084,0.39165823379936165
CCDC144A,A0A8V8TL21,Coiled-coil domain containing 144A OS=Homo sapiens OX=9606 GN=CCDC144A PE=1 SV=1,23.970310178849903,24.145200028659172,-0.17488984980926858,0.31348922483140595,-1.0167623155916377,-0.26252690102251347,0.6427134300597551
TRIM6,E9PFM0,Tripartite motif containing 6 OS=Homo sapiens OX=9606 GN=TRIM6 PE=1 SV=1,23.575669902534337,23.69801845076513,-0.12234854823079289,0.5039388005810228,-0.6724954255960363,-0.17363757224894114,0.7846820385871056
SERF2,F8WBV6,Small EDRK-rich factor 2 OS=Homo sapiens OX=9606 GN=SERF2 PE=1 SV=1,18.260292614473453,18.853769922523572,-0.5934773080501188,0.027725771339479,-2.257975030439402,-0.583006645936266,0.21544953045751242
MYBL1,P10243,Myb-related protein A OS=Homo sapiens OX=9606 GN=MYBL1 PE=1 SV=2,26.334397515450284,25.765922379632247,0.5684751358180371,0.0013849089310968346,3.3595698450106655,0.867437204009796,0.03244352834172438
PALMD,Q9NP74,Palmdelphin OS=Homo sapiens OX=9606 GN=PALMD PE=1 SV=1,21.54283767131317,21.57077393064537,-0.027936259332200564,0.8454781760422904,-0.19576523212696814,-0.05054636558627845,0.9511354679205313
BEND5,Q7L4P6,BEN domain-containing protein 5 OS=Homo sapiens OX=9606 GN=BEND5 PE=1 SV=1,19.894565707032562,20.255298654665225,-0.3607329476326626,0.2642282483926466,-1.1273705326916832,-0.29108581987465826,0.6060889491703058
ZNF528,Q3MIS6,Zinc finger protein 528 OS=Homo sapiens OX=9606 GN=ZNF528 PE=1 SV=1,21.893567447140658,22.070056779417737,-0.17648933227707886,0.31937340011561083,-1.0043675736265907,-0.2593265924084358,0.6516538651653856
MID1,A0A6Q8PF94,E3 ubiquitin-protein ligase Midline-1 OS=Homo sapiens OX=9606 GN=MID1 PE=1 SV=1,19.45761655108653,19.02700676199797,0.4306097890885603,0.11260636709594445,1.611012348376829,0.4159615997198641,0.4142770041197217
DCAF13,A0A087WT20,DDB1- and CUL4-associated factor 13 OS=Homo sapiens OX=9606 GN=DCAF13 PE=1 SV=1,23.455784333712224,23.003420672724022,0.45236366098820113,0.025766492332849503,2.28855597621027,0.5909026121817222,0.20523011143114628
RASAL3,Q86YV0,RAS protein activator like-3 OS=Homo sapiens OX=9606 GN=RASAL3 PE=1 SV=2,18.65852157331496,18.671987366796593,-0.01346579348163246,0.9518267376056404,-0.060674870270660125,-0.01566618413943748,0.9884354582827805
SAFB2,Q14151,Scaffold attachment factor B2 OS=Homo sapiens OX=9606 GN=SAFB2 PE=1 SV=1,24.188186426171537,24.141594194131187,0.04659223204035001,0.6863809425333395,0.4058024928901632,0.10477775312087037,0.8804918129517512
IGHE,P01854,Immunoglobulin heavy constant epsilon OS=Homo sapiens OX=9606 GN=IGHE PE=1 SV=2,22.536615665136583,22.708095675930263,-0.17148001079367958,0.7276156441461632,-0.3499877633702228,-0.09036645192728368,0.901315490765815
IZUMO3,Q5VZ72,Izumo sperm-egg fusion protein 3 OS=Homo sapiens OX=9606 GN=IZUMO3 PE=1 SV=4,25.94508786909314,25.912880204291785,0.03220766480135495,0.7850312095889063,0.274035171101872,0.07075557693017667,0.9337692871803496
OVCH2,A0A087X1V8,Ovochymase 2 OS=Homo sapiens OX=9606 GN=OVCH2 PE=1 SV=2,18.693755809319338,18.501753722477225,0.19200208684211262,0.5602099334746422,0.585908858451462,0.15128101674519406,0.8164816322279094
RYR3,Q15413,Ryanodine receptor 3 OS=Homo sapiens OX=9606 GN=RYR3 PE=1 SV=3,23.177645291780518,23.143632803156812,0.03401248862370565,0.8572331724471006,0.18069977079198807,0.04665648019605781,0.9522657929234307
ATP2A2,P16615,Sarcoplasmic/endoplasmic reticulum calcium ATPase 2 OS=Homo sapiens OX=9606 GN=ATP2A2 PE=1 SV=1,25.364559124146137,25.28427902766405,0.08028009648208823,0.48936559449873585,0.6957473563093621,0.1796411949435998,0.7733724127346092
RAPGEF4,Q8WZA2,Rap guanine nucleotide exchange factor 4 OS=Homo sapiens OX=9606 GN=RAPGEF4 PE=1 SV=1,24.450347274435867,24.622417895934188,-0.17207062149832097,0.5720571992323119,-0.5682523473010122,-0.14672212516933952,0.8205169221752868
CUL4B,Q13620,Cullin-4B OS=Homo sapiens OX=9606 GN=CUL4B PE=1 SV=4,28.20194836771138,27.626843035039,0.5751053326723827,0.15914144059195426,1.4263036325898806,0.3682700143770499,0.47675308051231635
FSTL1,Q12841,Follistatin-related protein 1 OS=Homo sapiens OX=9606 GN=FSTL1 PE=1 SV=1,21.517496608971594,20.465996600665964,1.0515000083056307,0.25493299329873037,1.1498301447912445,0.29688486678291687,0.5963829549906398
COG2,Q14746,Conserved oligomeric Golgi complex subunit 2 OS=Homo sapiens OX=9606 GN=COG2 PE=1 SV=1,20.31890562785276,19.663197522447728,0.6557081054050329,0.22201807188816938,1.2344374785405645,0.31873038642145884,0.5508953092178409
PCMT1,F6S8N6,Protein-L-isoaspartate(D-aspartate) O-methyltransferase OS=Homo sapiens OX=9606 GN=PCMT1 PE=1 SV=1,18.375455029213306,17.68498324735795,0.6904717818553578,0.01373294930124383,2.5415099737416615,0.6562150535014335,0.14487806779391668
DYSF,O75923,Dysferlin OS=Homo sapiens OX=9606 GN=DYSF PE=1 SV=1,20.370391423309552,20.27238621213254,0.09800521117701066,0.6809076892300135,0.4133044694258877,0.10671475513330371,0.8778063906032335
BUD13,Q9BRD0,BUD13 homolog OS=Homo sapiens OX=9606 GN=BUD13 PE=1 SV=1,22.836837120272392,23.189799417243435,-0.3529622969710431,0.6527358407003521,-0.452305879270429,-0.11678487585373826,0.8632186878458499
PRDM16,Q9HAZ2,Histone-lysine N-methyltransferase PRDM16 OS=Homo sapiens OX=9606 GN=PRDM16 PE=1 SV=3,19.822479798652203,19.279001377314287,0.543478421337916,0.05882382527929087,1.927465229556075,0.4976693822976357,0.31870879727859047
ZSWIM8,A7E2V4,Zinc finger SWIM domain-containing protein 8 OS=Homo sapiens OX=9606 GN=ZSWIM8 PE=1 SV=1,19.6357493655637,19.542383275163264,0.09336609040043697,0.7102495753036129,0.37334938148895314,0.09639839578823702,0.8922930390052487
CCDC40,Q4G0X9,Coiled-coil domain-containing protein 40 OS=Homo sapiens OX=9606 GN=CCDC40 PE=1 SV=2,27.623954667769713,27.687067983150214,-0.06311331538050169,0.3961180563111566,-0.8549110860897083,-0.2207370932609024,0.7074171117754176
CEP192,Q8TEP8,Centrosomal protein of 192 kDa OS=Homo sapiens OX=9606 GN=CEP192 PE=1 SV=3,23.7741886116927,23.169601517634273,0.6045870940584273,0.00407770542750974,2.990932972716014,0.772255572863451,0.06631211259102746
GJC1,P36383,Gap junction gamma-1 protein OS=Homo sapiens OX=9606 GN=GJC1 PE=1 SV=2,19.16170533596922,19.104212852894648,0.05749248307457222,0.8694809548608267,0.16504692494050383,0.042614932775821124,0.9579599788550103
DYNC2H1,Q8NCM8,Cytoplasmic dynein 2 heavy chain 1 OS=Homo sapiens OX=9606 GN=DYNC2H1 PE=1 SV=4,25.687451590885207,25.78341649483169,-0.09596490394648427,0.4216974794593571,-0.8092172716479945,-0.20893900110373906,0.7246646006243321
SNX30,Q5VWJ9,Sorting nexin-30 OS=Homo sapiens OX=9606 GN=SNX30 PE=1 SV=1,20.690746073831495,21.009752360505566,-0.31900628667407105,0.028071353072793688,-2.252780738382697,-0.5816654854942022,0.21707604584932208
PRPS1,P60891,Ribose-phosphate pyrophosphokinase 1 OS=Homo sapiens OX=9606 GN=PRPS1 PE=1 SV=2,20.56168129044563,20.642342142085788,-0.08066085164015746,0.7090260293858796,-0.37500302291969684,-0.09682536416969494,0.8914589303959796
CD6,P30203,T-cell differentiation antigen CD6 OS=Homo sapiens OX=9606 GN=CD6 PE=1 SV=3,20.435129319446187,20.68798466374832,-0.25285534430213374,0.3324894775422589,-0.9772796003715263,-0.2523325077884774,0.6575388111664663
TRIM36,E9PBG3,RING-type E3 ubiquitin transferase OS=Homo sapiens OX=9606 GN=TRIM36 PE=1 SV=1,22.332318634805745,22.13811149576524,0.19420713904050402,0.142103943196133,1.4882434344808817,0.3842628024564656,0.4500395630284168
ASXL2,Q76L83,Putative Polycomb group protein ASXL2 OS=Homo sapiens OX=9606 GN=ASXL2 PE=1 SV=1,19.36031725911536,19.175860508231953,0.18445675088340607,0.5107361767883318,0.6617750290751148,0.17086957776958991,0.7853308201002052
CCDC7,Q96M83,Coiled-coil domain-containing protein 7 OS=Homo sapiens OX=9606 GN=CCDC7 PE=1 SV=3,24.00499074560348,23.960125089076865,0.04486565652661412,0.8247993868655699,0.22237990622311463,0.05741824488888601,0.9473180056524989
LYST,Q99698,Lysosomal-trafficking regulator OS=Homo sapiens OX=9606 GN=LYST PE=1 SV=3,22.03564410816547,21.3041683732437,0.7314757349217693,0.007007415330968377,2.7959113943626606,0.721901217855876,0.09623114329510885
CFAP46,Q8IYW2,Cilia- and flagella-associated protein 46 OS=Homo sapiens OX=9606 GN=CFAP46 PE=1 SV=3,26.897952014635393,26.299371961454415,0.598580053180978,0.002574683495675747,3.150883955204654,0.8135547389559854,0.048450761320309524
RAG1,P15918,V(D)J recombination-activating protein 1 OS=Homo sapiens OX=9606 GN=RAG1 PE=1 SV=2,23.151819916270558,23.494606637870692,-0.34278672160013457,0.09177915052048978,-1.714484997070852,-0.4426781227318588,0.3826970998291902
SCN8A,Q9UQD0,Sodium channel protein type 8 subunit alpha OS=Homo sapiens OX=9606 GN=SCN8A PE=1 SV=1,20.827325215427923,20.617851905836908,0.20947330959101507,0.4416517573163692,0.7747205536441357,0.20003198681522183,0.7398015240851483
SYBU,A0A0C4DG86,Syntabulin OS=Homo sapiens OX=9606 GN=SYBU PE=1 SV=1,18.79558923279215,18.244326186278453,0.5512630465136965,0.06693154211529034,1.8671894108033205,0.4821062328170734,0.3384823701258969
GP2,P55259,Pancreatic secretory granule membrane major glycoprotein GP2 OS=Homo sapiens OX=9606 GN=GP2 PE=1 SV=3,23.583519395732107,23.600438268942302,-0.016918873210194363,0.8750138825905157,-0.15798945504418277,-0.04079270188416701,0.9599842389577766
GCOM1,H8Y6P7,"GCOM1, MYZAP-POLR2M combined locus OS=Homo sapiens OX=9606 GN=GCOM1 PE=2 SV=1",21.314025962199505,22.039491696811044,-0.7254657346115394,0.029835697901272325,-2.2271109704758048,-0.5750375799205754,0.22632507979393723
APRT,P07741,Adenine phosphoribosyltransferase OS=Homo sapiens OX=9606 GN=APRT PE=1 SV=2,20.28945529156196,20.50694279775764,-0.21748750619568114,0.5801235952013497,-0.556332705364822,-0.14364448685523154,0.8229179760959484
ZMYM2,Q9UBW7,Zinc finger MYM-type protein 2 OS=Homo sapiens OX=9606 GN=ZMYM2 PE=1 SV=1,18.848710333813457,18.467790412462133,0.3809199213513246,0.27343452928298173,1.1056703723755843,0.2854828625737061,0.6134946551377323
MYOZ2,Q9NPC6,Myozenin-2 OS=Homo sapiens OX=9606 GN=MYOZ2 PE=1 SV=1,23.47669352203324,23.614670350357073,-0.13797682832383273,0.5023290507960088,-0.675045642269469,-0.1742960353626362,0.7837513985485229
UVRAG,Q9P2Y5,UV radiation resistance-associated gene protein OS=Homo sapiens OX=9606 GN=UVRAG PE=1 SV=1,22.040795299220743,21.610050905595454,0.4307443936252895,0.01574662303220703,2.487869283887666,0.6423650869358603,0.15580354341804845
SPART-AS1,P0CW21,Putative uncharacterized protein SPART-AS1 OS=Homo sapiens OX=9606 GN=SPART-AS1 PE=5 SV=1,22.15795475067081,21.908778083890823,0.24917666677998795,0.005231675415233446,2.9021372171050586,0.749328607350442,0.08013518208141229
SHISA7,A6NL88,Protein shisa-7 OS=Homo sapiens OX=9606 GN=SHISA7 PE=1 SV=3,26.723828905444357,26.283307743267677,0.4405211621766796,0.009687023697326583,2.6753065752983036,0.6907611874753018,0.1151599160435914
TTLL11,Q8NHH1,Tubulin polyglutamylase TTLL11 OS=Homo sapiens OX=9606 GN=TTLL11 PE=1 SV=3,20.74919686690543,20.83848595818771,-0.08928909128228213,0.5382088852402812,-0.6192006548129255,-0.15987692160341255,0.8064804445383682
FAM184A,Q8NB25,Protein FAM184A OS=Homo sapiens OX=9606 GN=FAM184A PE=1 SV=3,18.105503480813336,17.975696776699866,0.12980670411347006,0.6898822562988669,0.40101552608509977,0.10354176360654649,0.8820083742247954
DDX46,A0A0C4DG89,RNA helicase OS=Homo sapiens OX=9606 GN=DDX46 PE=1 SV=1,26.33294323202892,26.212351979864465,0.12059125216445565,0.19769154386943397,1.3030962483816335,0.3364580045658287,0.52641304567103
MAST2,Q6P0Q8,Microtubule-associated serine/threonine-protein kinase 2 OS=Homo sapiens OX=9606 GN=MAST2 PE=1 SV=2,24.740729857531807,24.131228368672456,0.6095014888593511,0.18060531144462919,1.3552098193073214,0.3499136707196013,0.507321247543145
ALDH9A1,P49189,4-trimethylaminobutyraldehyde dehydrogenase OS=Homo sapiens OX=9606 GN=ALDH9A1 PE=1 SV=3,18.419729303352685,18.046147246635197,0.37358205671748834,0.21013819601073225,1.2672285385670272,0.32719700171392396,0.5356002339921544
EXOC5,O00471,Exocyst complex component 5 OS=Homo sapiens OX=9606 GN=EXOC5 PE=1 SV=1,17.97646177270308,18.030558788045102,-0.05409701534202327,0.9260272864813811,-0.09324878668385245,-0.024076733192040563,0.9802377340277638
KMT2A,Q03164,Histone-lysine N-methyltransferase 2A OS=Homo sapiens OX=9606 GN=KMT2A PE=1 SV=5,25.25400746625261,25.21487494732543,0.03913251892717895,0.6323815308493068,0.4809215546773229,0.12417341147316341,0.8574972568435587
ZNF385A,Q96PM9,Zinc finger protein 385A OS=Homo sapiens OX=9606 GN=ZNF385A PE=1 SV=2,20.636250289264847,20.61737800038191,0.018872288882938903,0.9138112268852387,0.10870557973285105,0.028067659996343645,0.9769807278041512
WDR17,Q8IZU2,WD repeat-containing protein 17 OS=Homo sapiens OX=9606 GN=WDR17 PE=1 SV=2,20.63250208509083,20.103214155845578,0.5292879292452533,0.06072994741191447,1.9126879039354838,0.4938538932289667,0.32247602075726584
TRIM22,Q8IYM9,E3 ubiquitin-protein ligase TRIM22 OS=Homo sapiens OX=9606 GN=TRIM22 PE=1 SV=1,23.670861308629462,23.58377669356182,0.08708461506764209,0.7261564489229685,0.35194311589672067,0.09087132177868974,0.9009090522852716
HLA-DPB1,A0A140T9Q1,"Major histocompatibility complex, class II, DP beta 1 (Fragment) OS=Homo sapiens OX=9606 GN=HLA-DPB1 PE=1 SV=1",23.25066016620295,23.090624467821353,0.16003569838159848,0.43295852313339334,0.7896329759251222,0.20388235769161336,0.7337265184590378
DKK2,Q9UBU2,Dickkopf-related protein 2 OS=Homo sapiens OX=9606 GN=DKK2 PE=1 SV=1,24.772112101102547,24.785146597319745,-0.01303449621719821,0.9573444358454357,-0.0537180105189639,-0.013869930675422804,0.9894983718495022
CEP126,Q9P2H0,Centrosomal protein of 126 kDa OS=Homo sapiens OX=9606 GN=CEP126 PE=1 SV=4,20.6628902754715,20.80193252253523,-0.1390422470637276,0.3884783785490352,-0.8689089970269085,-0.22435133832366713,0.6986253324633339
OSBPL8,F8VZ43,Oxysterol binding protein like 8 (Fragment) OS=Homo sapiens OX=9606 GN=OSBPL8 PE=1 SV=1,24.19676259372128,23.841866965442076,0.3548956282792055,0.25914566259968363,1.1395804222719756,0.2942383998082252,0.6017770269989738
PLEKHO2,Q8TD55,Pleckstrin homology domain-containing family O member 2 OS=Homo sapiens OX=9606 GN=PLEKHO2 PE=1 SV=1,19.887076214824752,19.058444327611134,0.8286318872136178,0.0035387984289459297,3.040758821252643,0.7851205516363188,0.06194841645396556
RS1,O15537,Retinoschisin OS=Homo sapiens OX=9606 GN=RS1 PE=1 SV=2,21.145086439617295,20.960070170348963,0.18501626926833126,0.33994167227613314,0.9622039542673964,0.24843999270216993,0.6603988828486342
SLC25A51,Q9H1U9,Mitochondrial nicotinamide adenine dinucleotide transporter SLC25A51 OS=Homo sapiens OX=9606 GN=SLC25A51 PE=1 SV=1,19.767554767329383,19.81166850161141,-0.04411373428202836,0.7355212637049069,-0.33941742413792997,-0.08763720207325479,0.9096936126412396
LMBR1,F8WDW0,Limb development membrane protein 1 OS=Homo sapiens OX=9606 GN=LMBR1 PE=1 SV=1,23.735328319354608,23.774486100929998,-0.039157781575390516,0.8429361958981272,-0.19902891847144696,-0.05138904577690585,0.9510506039034264
FAXDC2,Q96IV6,Fatty acid hydroxylase domain-containing protein 2 OS=Homo sapiens OX=9606 GN=FAXDC2 PE=1 SV=1,17.642589861640985,17.635974800168633,0.006615061472352579,0.9842384615521328,0.019840809844862667,0.005122875073628084,0.9959687424796237
GALNT15,Q8N3T1,Polypeptide N-acetylgalactosaminyltransferase 15 OS=Homo sapiens OX=9606 GN=GALNT15 PE=1 SV=2,26.157160175760218,26.57840292158761,-0.4212427458273922,0.21159880568656325,-1.2631241457974907,-0.32613725205774335,0.535893318694269
PHLDA1,Q8WV24,Pleckstrin homology-like domain family A member 1 OS=Homo sapiens OX=9606 GN=PHLDA1 PE=1 SV=4,21.749410922903035,21.891223945938084,-0.1418130230350485,0.2834259402655835,-1.0826918572141306,-0.2795498354709804,0.6220832459526832
ERI2,A8K979,ERI1 exoribonuclease 2 OS=Homo sapiens OX=9606 GN=ERI2 PE=1 SV=2,23.962445536084214,24.311663756911006,-0.349218220826792,0.11416891610976312,-1.6038972856321865,-0.41412449841871596,0.41629545478406715
DNAH11,Q96DT5,Dynein axonemal heavy chain 11 OS=Homo sapiens OX=9606 GN=DNAH11 PE=1 SV=4,19.044502631057085,22.55863849101951,-3.514135859962426,2.9553364137936247e-17,-11.935410581057242,-3.0817097607054995,5.884813633966555e-15
LRRC9,H3BUS4,Leucine rich repeat containing 9 OS=Homo sapiens OX=9606 GN=LRRC9 PE=4 SV=2,21.031715143016346,20.961565619270026,0.07014952374631989,0.7559811927871812,0.31223569927035566,0.0806189108910343,0.9199985027578149
HTR7,P34969,5-hydroxytryptamine receptor 7 OS=Homo sapiens OX=9606 GN=HTR7 PE=1 SV=2,17.754178327764247,18.3500165580818,-0.595838230317554,0.043661772831666446,-2.0623636705493498,-0.5325000099907221,0.27340757984562025
DDX55,Q8NHQ9,ATP-dependent RNA helicase DDX55 OS=Homo sapiens OX=9606 GN=DDX55 PE=1 SV=3,25.94680045725455,26.135292266317943,-0.18849180906339313,0.22124250951364952,-1.2365381731265548,-0.31927278343125937,0.5505044942667632
STXBP5,Q5T5C0,Syntaxin-binding protein 5 OS=Homo sapiens OX=9606 GN=STXBP5 PE=1 SV=1,23.565787313985826,23.309037133628955,0.256750180356871,0.13686915110342676,1.5084444562145092,0.38947868383984646,0.44746572151303493
CDADC1,Q9BWV3,Cytidine and dCMP deaminase domain-containing protein 1 OS=Homo sapiens OX=9606 GN=CDADC1 PE=1 SV=1,26.360638898680655,26.24948920854422,0.11114969013643616,0.5414685376930854,0.6142250978120332,0.15859223830990843,0.8077014126444697
FARP2,O94887,"FERM, ARHGEF and pleckstrin domain-containing protein 2 OS=Homo sapiens OX=9606 GN=FARP2 PE=1 SV=3",24.461009253681016,24.636611599750992,-0.17560234606997582,0.03675751087604542,-2.137816779535253,-0.551981918958854,0.25268807523903253
SKP2,D6RHY6,S-phase kinase associated protein 2 OS=Homo sapiens OX=9606 GN=SKP2 PE=1 SV=1,22.393835370085412,22.447689056063947,-0.05385368597853457,0.7850412093487836,-0.274022094414569,-0.07075220054403347,0.9337692871803496
FAHD1,Q6P587,"Oxaloacetate tautomerase FAHD1, mitochondrial OS=Homo sapiens OX=9606 GN=FAHD1 PE=1 SV=3",29.66074437817425,29.369236788542615,0.29150758963163526,0.0737222731317105,1.8212849432960458,0.47025375027226035,0.34346083659108756
RIOK2,Q9BVS4,Serine/threonine-protein kinase RIO2 OS=Homo sapiens OX=9606 GN=RIOK2 PE=1 SV=2,22.206322643175206,22.098447423772953,0.10787521940225275,0.6543632948297813,0.45003431358889057,0.1161983601167773,0.8633240603228108
SETD1A,O15047,Histone-lysine N-methyltransferase SETD1A OS=Homo sapiens OX=9606 GN=SETD1A PE=1 SV=3,22.59469267611563,22.78476111202073,-0.19006843590509703,0.4160901333834863,-0.8190863269461965,-0.21148718022458818,0.7205881215116513
TEX14,Q8IWB6,Inactive serine/threonine-protein kinase TEX14 OS=Homo sapiens OX=9606 GN=TEX14 PE=1 SV=2,20.16304371110724,19.36153610915568,0.8015076019515597,0.07808673538611552,1.7936238624984,0.46311168992110163,0.3502442685833193
GTPBP4,Q9BZE4,GTP-binding protein 4 OS=Homo sapiens OX=9606 GN=GTPBP4 PE=1 SV=3,20.78127447326433,20.46923075454382,0.31204371872050984,0.14191859308819071,1.4889485861482794,0.384444871834091,0.4500395630284168
NFIB,O00712,Nuclear factor 1 B-type OS=Homo sapiens OX=9606 GN=NFIB PE=1 SV=2,26.410174838177443,26.473173014972662,-0.0629981767952188,0.6977901789248235,-0.39023789226069727,-0.1007589905189843,0.8871346807879041
HEXIM2,Q96MH2,Protein HEXIM2 OS=Homo sapiens OX=9606 GN=HEXIM2 PE=1 SV=1,16.970536732137422,15.941216683243036,1.0293200488943857,0.019924393782077807,2.3939083250735003,0.6181044716904639,0.17321580951508272
ZKSCAN4,Q969J2,Zinc finger protein with KRAB and SCAN domains 4 OS=Homo sapiens OX=9606 GN=ZKSCAN4 PE=1 SV=1,24.188769715703888,25.093287655624138,-0.9045179399202503,0.04161794143648843,-2.0835491007925184,-0.5379700645583242,0.2718242618651794
TRPM6,Q9BX84,Transient receptor potential cation channel subfamily M member 6 OS=Homo sapiens OX=9606 GN=TRPM6 PE=1 SV=2,19.206579305743375,17.23731843035004,1.969260875393335,0.016714745225595625,2.4642550177538607,0.6362679096379177,0.16235725088032824
PDE6C,P51160,"Cone cGMP-specific 3',5'-cyclic phosphodiesterase subunit alpha' OS=Homo sapiens OX=9606 GN=PDE6C PE=1 SV=2",28.363785926811705,28.371239456213257,-0.007453529401551862,0.945093394609744,-0.0691685298145872,-0.017859237603569826,0.9848940535697921
PHLDB2,Q86SQ0,Pleckstrin homology-like domain family B member 2 OS=Homo sapiens OX=9606 GN=PHLDB2 PE=1 SV=2,26.06553984490945,26.143134568027293,-0.07759472311784421,0.4563944281643151,-0.7498191535054286,-0.19360247294625788,0.7489112672099768
MED23,Q9ULK4,Mediator of RNA polymerase II transcription subunit 23 OS=Homo sapiens OX=9606 GN=MED23 PE=1 SV=2,19.502683981100738,20.047251279479074,-0.5445672983783361,0.0735560416160459,-1.8223653405701865,-0.4705327076489293,0.34346083659108756
HIP1,O00291,Huntingtin-interacting protein 1 OS=Homo sapiens OX=9606 GN=HIP1 PE=1 SV=5,23.154887203519635,23.181605869390122,-0.026718665870486547,0.8464465169577136,-0.19452252399586042,-0.05022549972654667,0.9511354679205313
RALGAPA1,Q6GYQ0,Ral GTPase-activating protein subunit alpha-1 OS=Homo sapiens OX=9606 GN=RALGAPA1 PE=1 SV=1,19.7670494697655,19.847041293558853,-0.07999182379335323,0.8231342972710446,-0.2245296875921567,-0.05797331605157179,0.9473180056524989
Unknown,A0A087WZY1,Uncharacterized protein OS=Homo sapiens OX=9606 PE=1 SV=1,20.189625196801966,19.902464262421972,0.2871609343799939,0.4561215277747055,0.7502758252894982,0.19372038509388345,0.7489112672099768
ASCC3,Q8N3C0,Activating signal cointegrator 1 complex subunit 3 OS=Homo sapiens OX=9606 GN=ASCC3 PE=1 SV=3,24.77732793443808,24.90057165918287,-0.12324372474478906,0.11573646357443594,-1.5968380561977684,-0.41230181321627873,0.41629545478406715
STRIP2,Q9ULQ0,Striatin-interacting protein 2 OS=Homo sapiens OX=9606 GN=STRIP2 PE=1 SV=2,25.284814161624045,25.53058508699068,-0.24577092536663514,0.19145892829159136,-1.3216964294441176,-0.3412605506652583,0.5195810438986457
CHD1,O14646,Chromodomain-helicase-DNA-binding protein 1 OS=Homo sapiens OX=9606 GN=CHD1 PE=1 SV=2,20.0283653749501,19.99734039115643,0.03102498379366736,0.9110112920690203,0.11225188215417319,0.028983311344236685,0.9758300657516803
ZFYVE27,Q5T4F4,Protrudin OS=Homo sapiens OX=9606 GN=ZFYVE27 PE=1 SV=1,25.833424229698608,25.754823755812193,0.07860047388641433,0.5173143502781812,0.6514729638413848,0.16820959596413798,0.7904166755911323
EMSY,Q7Z589,BRCA2-interacting transcriptional repressor EMSY OS=Homo sapiens OX=9606 GN=EMSY PE=1 SV=2,25.639852255808908,25.695480847414398,-0.055628591605490385,0.5857068158814405,-0.5481291199334897,-0.14152633020491556,0.8263317501662536
KDM2A,Q9Y2K7,Lysine-specific demethylase 2A OS=Homo sapiens OX=9606 GN=KDM2A PE=1 SV=3,22.36919249512338,21.62856657776745,0.7406259173559278,0.0003068318644922132,3.8400627647192658,0.9914999424099286,0.00905154000252029
SBNO1,A3KN83,Protein strawberry notch homolog 1 OS=Homo sapiens OX=9606 GN=SBNO1 PE=1 SV=1,22.288943307406495,21.767833944374676,0.5211093630318189,0.12370934755729707,1.5620805563925186,0.40332746535617603,0.4274563382122904
ZNF43,P17038,Zinc finger protein 43 OS=Homo sapiens OX=9606 GN=ZNF43 PE=1 SV=4,20.33443633738357,20.038081206215903,0.2963551311676653,0.5273590986659018,0.6358750379904287,0.16418222882706257,0.7986588581236632
GTF2I,P78347,General transcription factor II-I OS=Homo sapiens OX=9606 GN=GTF2I PE=1 SV=2,25.718530284501888,25.788445915699054,-0.0699156311971656,0.7544347706918019,-0.31428175698794325,-0.08114720072207404,0.9199985027578149
BRWD3,Q6RI45,Bromodomain and WD repeat-containing protein 3 OS=Homo sapiens OX=9606 GN=BRWD3 PE=1 SV=2,24.226211656293735,24.2166434461529,0.00956821014083431,0.9335481378000434,0.08374426471212608,0.02162267617136332,0.9802377340277638
RBSN,Q9H1K0,Rabenosyn-5 OS=Homo sapiens OX=9606 GN=RBSN PE=1 SV=2,23.412102136366578,23.653203853901697,-0.24110171753511977,0.18720822498002537,-1.3346456156759996,-0.34460401617345937,0.5159751000008721
ZNF596,Q8TC21,Zinc finger protein 596 OS=Homo sapiens OX=9606 GN=ZNF596 PE=1 SV=2,20.862784299029492,22.09731803426678,-1.2345337352372887,0.005327586420384162,-2.8956015100717982,-0.7476410950507415,0.08049350524465806
DAB2IP,A0A3B3ITG3,DAB2 interacting protein OS=Homo sapiens OX=9606 GN=DAB2IP PE=1 SV=1,21.654673641484422,21.58567138498515,0.06900225649927094,0.9043331267563841,0.1207161049359096,0.031168764269053656,0.9740383170540364
TET1,Q8NFU7,Methylcytosine dioxygenase TET1 OS=Homo sapiens OX=9606 GN=TET1 PE=1 SV=2,25.79347150812027,25.84614810780945,-0.05267659968918181,0.7040038382176591,-0.38180156541482707,-0.09858074029383644,0.8884129766198156
CFAP58,Q5T655,Cilia- and flagella-associated protein 58 OS=Homo sapiens OX=9606 GN=CFAP58 PE=1 SV=1,21.94829331515565,21.588381188615926,0.35991212653972227,0.0336945934311882,2.1753308482005607,0.5616680098381349,0.24670116618596774
CCNB3,Q8WWL7,G2/mitotic-specific cyclin-B3 OS=Homo sapiens OX=9606 GN=CCNB3 PE=1 SV=2,23.659927369123512,23.804905551831826,-0.1449781827083143,0.3291198750803044,-0.9841697051662001,-0.2541115251967037,0.6574351167167192
CHD2,O14647,Chromodomain-helicase-DNA-binding protein 2 OS=Homo sapiens OX=9606 GN=CHD2 PE=1 SV=2,22.525886669141006,22.49062347960936,0.0352631895316442,0.8924337803204541,0.13582013293019285,0.03506860752788763,0.9690845344584073
PROB1,E7EW31,Proline-rich basic protein 1 OS=Homo sapiens OX=9606 GN=PROB1 PE=1 SV=2,23.547862224166703,24.096326068797033,-0.54846384463033,0.12369761184196343,-1.5621303786932617,-0.40334032941891246,0.4274563382122904
INTS6,Q9UL03,Integrator complex subunit 6 OS=Homo sapiens OX=9606 GN=INTS6 PE=1 SV=1,21.242697045044892,22.05402297032219,-0.8113259252772984,0.0037558231387155327,-3.0198949998471316,-0.7797335361135328,0.06364921553163663
SLC28A1,O00337,Sodium/nucleoside cotransporter 1 OS=Homo sapiens OX=9606 GN=SLC28A1 PE=1 SV=2,23.944847577188785,23.908585746142663,0.03626183104612224,0.8064654891149989,0.24611063765578003,0.06354549339768827,0.9397948238187223
BNC2,Q6ZN30,Zinc finger protein basonuclin-2 OS=Homo sapiens OX=9606 GN=BNC2 PE=1 SV=1,28.57762296995529,28.280882955883893,0.2967400140713963,0.08734469463226291,1.738975056629606,0.44900142891977096,0.3720323490620182
DST,Q03001,Dystonin OS=Homo sapiens OX=9606 GN=DST PE=1 SV=4,27.012819558869197,26.958770525449616,0.054049033419580894,0.7046748164946703,0.3808922317473941,0.09834595135049558,0.8884129766198156
BROX,Q5VW32,BRO1 domain-containing protein BROX OS=Homo sapiens OX=9606 GN=BROX PE=1 SV=1,20.16682885354286,20.236482285664756,-0.06965343212189623,0.9075679701199846,-0.11661505108929351,-0.03010987671906406,0.9755437087726959
ZFC3H1,O60293,Zinc finger C3H1 domain-containing protein OS=Homo sapiens OX=9606 GN=ZFC3H1 PE=1 SV=3,25.75369481838062,25.607378719266602,0.1463160991140171,0.16958266296634394,1.3908549592001715,0.35911720626481736,0.49117305837342895
NWD1,Q149M9,NACHT domain- and WD repeat-containing protein 1 OS=Homo sapiens OX=9606 GN=NWD1 PE=1 SV=3,17.434751995760617,17.391376732606112,0.04337526315450546,0.8470164695019816,0.19379122543928096,0.050036679251164146,0.9511354679205313
ATF6B,H0Y7D7,Activating transcription factor 6 beta OS=Homo sapiens OX=9606 GN=ATF6B PE=1 SV=2,21.07352240261974,20.922133239023186,0.15138916359655497,0.6223596801959594,0.4951575296207805,0.12784912439803256,0.8518782012396123
PLEKHA7,Q6IQ23,Pleckstrin homology domain-containing family A member 7 OS=Homo sapiens OX=9606 GN=PLEKHA7 PE=1 SV=2,26.766898828053638,26.492770690395144,0.27412813765849364,0.6240148697793596,0.49279940228141217,0.12724025853712526,0.8522577270578907
SPART,Q8N0X7,Spartin OS=Homo sapiens OX=9606 GN=SPART PE=1 SV=1,20.36459917643975,20.44504375528266,-0.08044457884291134,0.6680468893609192,-0.43102644539311713,-0.11129054965216822,0.8737263503710544
MTCL2,O94964,Microtubule cross-linking factor 2 OS=Homo sapiens OX=9606 GN=MTCL2 PE=1 SV=3,20.229214407879972,19.576799362542044,0.6524150453379285,0.5481190979388949,0.6041209206892814,0.15598335099500524,0.8114811552199438
HOOK1,Q9UJC3,Protein Hook homolog 1 OS=Homo sapiens OX=9606 GN=HOOK1 PE=1 SV=2,20.710249119943274,18.183674385169507,2.5265747347737673,2.330801203812432e-28,20.59937669505715,5.318736192147301,1.856483158836602e-25
POLR2B,P30876,DNA-directed RNA polymerase II subunit RPB2 OS=Homo sapiens OX=9606 GN=POLR2B PE=1 SV=1,25.565546850730115,25.98158774379471,-0.4160408930645936,0.1936623345685887,-1.3150693283068886,-0.3395494405093836,0.522614310469595
NPIPB11,E5RHQ5,Nuclear pore complex-interacting protein family member B11 OS=Homo sapiens OX=9606 GN=NPIPB11 PE=3 SV=1,20.28132355261975,20.20646113736151,0.074862415258238,0.6603248711452039,0.4417332315627124,0.11405502995391796,0.8673712230332216
RSPH3,Q86UC2,Radial spoke head protein 3 homolog OS=Homo sapiens OX=9606 GN=RSPH3 PE=1 SV=1,25.741763419772646,25.479907400874165,0.26185601889848087,0.19454506347047698,1.3124303169608653,0.33886805070981024,0.522614310469595
FNDC1,Q4ZHG4,Fibronectin type III domain-containing protein 1 OS=Homo sapiens OX=9606 GN=FNDC1 PE=1 SV=4,28.264960282969767,28.07595453719809,0.18900574577167717,0.1451902229835706,1.4766069777409376,0.3812582822456212,0.4567032826895028
NUP214,P35658,Nuclear pore complex protein Nup214 OS=Homo sapiens OX=9606 GN=NUP214 PE=1 SV=2,24.99804729204631,24.931487674201193,0.06655961784511533,0.6875905934161823,0.4041476072838982,0.1043504634946742,0.8804918129517512
MED13L,Q71F56,Mediator of RNA polymerase II transcription subunit 13-like OS=Homo sapiens OX=9606 GN=MED13L PE=1 SV=1,22.142374743843256,22.07699611790131,0.06537862594194621,0.7687747344201423,0.29535860176745016,0.07626126305362954,0.930650164383999
RASA1,P20936,Ras GTPase-activating protein 1 OS=Homo sapiens OX=9606 GN=RASA1 PE=1 SV=1,21.370016217999435,21.42198702311082,-0.05197080511138452,0.748757244234953,-0.3218051880445304,-0.08308974226797415,0.9179493785708395
MUC7,Q8TAX7,Mucin-7 OS=Homo sapiens OX=9606 GN=MUC7 PE=1 SV=2,23.670074639193043,23.72100753398202,-0.050932894788978444,0.7515783458300265,-0.31806459136477505,-0.0821239243582694,0.9199985027578149
EXT1,Q16394,Exostosin-1 OS=Homo sapiens OX=9606 GN=EXT1 PE=1 SV=2,21.656239581955102,21.637762764803785,0.018476817151316993,0.9254921263822831,0.09392541485856867,0.024251437835523942,0.9802377340277638
RBCK1,A0A8V8TMZ2,RanBP-type and C3HC4-type zinc finger-containing protein 1 OS=Homo sapiens OX=9606 GN=RBCK1 PE=1 SV=1,23.175032566064797,23.293398062071017,-0.11836549600621993,0.45956868409652807,-0.744518867433429,-0.1922339449671252,0.7489112672099768
ATAD3B,Q5T9A4,ATPase family AAA domain-containing protein 3B OS=Homo sapiens OX=9606 GN=ATAD3B PE=1 SV=1,27.095254873750687,27.087021079778424,0.00823379397226276,0.9602054333915693,0.05011185168012342,0.012938824466982277,0.9894983718495022
TNRC18,O15417,Trinucleotide repeat-containing gene 18 protein OS=Homo sapiens OX=9606 GN=TNRC18 PE=1 SV=3,24.998982833591338,25.0070955429147,-0.008112709323363276,0.9736993972477996,-0.03311145201607883,-0.008549340148467954,0.9923884451796192
UTP20,O75691,Small subunit processome component 20 homolog OS=Homo sapiens OX=9606 GN=UTP20 PE=1 SV=3,21.255577025555684,19.82324192089562,1.4323351046600656,0.02567111363312522,2.2900966928597777,0.59130042351004,0.20523011143114628
NET1,Q5SQI6,Neuroepithelial cell transforming 1 (Fragment) OS=Homo sapiens OX=9606 GN=NET1 PE=1 SV=1,23.06894175256741,21.79167117191622,1.2772705806511908,0.0014349655749548876,3.347817474216501,0.8644027549188459,0.032655716584330516
CAAP1,Q9H8G2,Caspase activity and apoptosis inhibitor 1 OS=Homo sapiens OX=9606 GN=CAAP1 PE=1 SV=2,26.264898110947026,26.36739547567614,-0.10249736472911408,0.5623329784474106,-0.5827313342810396,-0.15046058353224623,0.8164918044476492
TTK,P33981,Dual specificity protein kinase TTK OS=Homo sapiens OX=9606 GN=TTK PE=1 SV=2,24.972807730360223,24.76544683105728,0.20736089930294455,0.06680294309935009,1.8680959320970323,0.48234029560864183,0.3384823701258969
CDK12,H0YLT2,Cyclin-dependent kinase 12 OS=Homo sapiens OX=9606 GN=CDK12 PE=1 SV=2,21.627024216556222,21.640716240010082,-0.013692023453860003,0.9321692181294524,-0.08548628117024444,-0.022072462886770762,0.9802377340277638
AFAP1L1,Q8TED9,Actin filament-associated protein 1-like 1 OS=Homo sapiens OX=9606 GN=AFAP1L1 PE=1 SV=2,25.93768130389839,25.659476728151922,0.27820457574646795,0.5356466947955782,0.6231224974286917,0.16088953701256647,0.8044630407489055
CDK12,Q9NYV4,Cyclin-dependent kinase 12 OS=Homo sapiens OX=9606 GN=CDK12 PE=1 SV=2,20.118511586740226,19.78074780830913,0.3377637784310963,0.12463863251510147,1.5581473691342966,0.4023119207729354,0.42790806378568247
HEXA-AS1,Q9H8Q6,Putative uncharacterized protein encoded by HEXA-AS1 OS=Homo sapiens OX=9606 GN=HEXA-AS1 PE=5 SV=1,23.744386564857255,23.780425424871467,-0.036038860014212304,0.8541340431501694,-0.18466749547125128,-0.047680942303065986,0.9521592237496289
JAM2,P57087,Junctional adhesion molecule B OS=Homo sapiens OX=9606 GN=JAM2 PE=1 SV=1,20.86461086025166,20.254709769068914,0.6099010911827456,0.017696353229351047,2.44153778911339,0.6304023464248159,0.1668064538127587
WDHD1,O75717,WD repeat and HMG-box DNA-binding protein 1 OS=Homo sapiens OX=9606 GN=WDHD1 PE=1 SV=1,24.16048191014692,23.93556269785724,0.22491921228968081,0.2178130100654073,1.2458928514089893,0.3216881509777258,0.5464190945420375
ECT2,Q9H8V3,Protein ECT2 OS=Homo sapiens OX=9606 GN=ECT2 PE=1 SV=4,23.020159701942347,22.92141909404509,0.09874060789725903,0.29760951486134657,1.0510185643230638,0.27137182641187035,0.6312809016965714
TTC21B,Q7Z4L5,Tetratricopeptide repeat protein 21B OS=Homo sapiens OX=9606 GN=TTC21B PE=1 SV=2,24.94090868857445,25.12099676498763,-0.18008807641318114,0.43388649752960595,-0.7880327295626848,-0.20346917585751007,0.7339657460391342
CD96,P40200,T-cell surface protein tactile OS=Homo sapiens OX=9606 GN=CD96 PE=1 SV=2,26.90438461393727,26.99607843439228,-0.09169382045500996,0.2730633213930184,-1.1065353210848805,-0.28570619137013464,0.6134946551377323
CADPS2,Q86UW7,Calcium-dependent secretion activator 2 OS=Homo sapiens OX=9606 GN=CADPS2 PE=1 SV=2,27.14335982935146,26.45097782395861,0.6923820053928509,0.06940316778821777,1.8500458244729165,0.4776797778602783,0.34346083659108756
EPG5,Q9HCE0,Ectopic P granules protein 5 homolog OS=Homo sapiens OX=9606 GN=EPG5 PE=1 SV=2,24.33384774069547,24.450200335194737,-0.11635259449926494,0.29513343228973044,-1.0564717647244932,-0.2727798367010882,0.6306107130643441
THAP4,Q8WY91,Peroxynitrite isomerase THAP4 OS=Homo sapiens OX=9606 GN=THAP4 PE=1 SV=2,24.540897250097228,24.49115087411674,0.04974637598048659,0.6971566748957343,0.39109957974090115,0.10098147726968199,0.8870372069559942
RBM22,Q9NW64,Pre-mRNA-splicing factor RBM22 OS=Homo sapiens OX=9606 GN=RBM22 PE=1 SV=1,20.920950084446574,21.724293547786093,-0.8033434633395196,0.03239454335020613,-2.192164645085334,-0.5660144775040128,0.2415061400232771
CYB5R3,A0A8I5KW26,cytochrome-b5 reductase OS=Homo sapiens OX=9606 GN=CYB5R3 PE=1 SV=1,23.64939962992442,23.19052621357795,0.4588734163464707,0.04244211341301074,2.0748997828168516,0.5357368202599369,0.2718242618651794
LAMB1,P07942,Laminin subunit beta-1 OS=Homo sapiens OX=9606 GN=LAMB1 PE=1 SV=2,24.001954997428832,24.11475603298927,-0.11280103556043741,0.2449872831595816,-1.1745183181597718,-0.30325932573655606,0.583051906236495
TEX15,Q9BXT5,Testis-expressed protein 15 OS=Homo sapiens OX=9606 GN=TEX15 PE=1 SV=2,23.456014998472945,23.510412242647288,-0.054397244174342774,0.5319644277468645,-0.6287758268694265,-0.1623492203975391,0.8009634531198063
HMGN4,O00479,High mobility group nucleosome-binding domain-containing protein 4 OS=Homo sapiens OX=9606 GN=HMGN4 PE=1 SV=3,16.54330462881335,15.87944868605393,0.6638559427594188,0.2562141385636522,1.1467003428019122,0.2960767553841428,0.5984591242403196
BLTP2,Q14667,Bridge-like lipid transfer protein family member 2 OS=Homo sapiens OX=9606 GN=BLTP2 PE=1 SV=3,23.71222149889259,24.02503200175852,-0.3128105028659327,0.04919421373677771,-2.0090462629955,-0.5187335145561213,0.29185847657522146
AGPAT5,Q9NUQ2,1-acyl-sn-glycerol-3-phosphate acyltransferase epsilon OS=Homo sapiens OX=9606 GN=AGPAT5 PE=1 SV=3,23.514342968732258,23.14429327969676,0.37004968903549695,0.05178570343093864,1.9858313342243696,0.5127394457218559,0.2968590751309873
PIK3C2B,O00750,Phosphatidylinositol 4-phosphate 3-kinase C2 domain-containing subunit beta OS=Homo sapiens OX=9606 GN=PIK3C2B PE=1 SV=2,20.901058470472506,20.96716258340537,-0.06610411293286234,0.7760612093428493,-0.28578473207949123,-0.07378930052961453,0.9337692871803496
MAP3K13,O43283,Mitogen-activated protein kinase kinase kinase 13 OS=Homo sapiens OX=9606 GN=MAP3K13 PE=1 SV=1,26.790897329343196,26.850851166252582,-0.05995383690938638,0.685259145850509,-0.4073381959356018,-0.10517426994218396,0.8804918129517512
OR10T2,Q8NGX3,Olfactory receptor 10T2 OS=Homo sapiens OX=9606 GN=OR10T2 PE=3 SV=1,20.107040564450365,21.650886471030876,-1.5438459065805112,1.7617821392167152e-06,-5.3171777172781045,-1.3728893831895512,9.355063159240759e-05
DLC1,Q96QB1,Rho GTPase-activating protein 7 OS=Homo sapiens OX=9606 GN=DLC1 PE=1 SV=4,23.585869742709857,23.335963406659037,0.24990633605082024,0.30350358634636965,1.0381616406973453,0.26805218300614575,0.6376304564092033
RYR2,Q92736,Ryanodine receptor 2 OS=Homo sapiens OX=9606 GN=RYR2 PE=1 SV=3,24.159778515818267,24.377090442919854,-0.2173119271015871,0.24223632061658668,-1.1814738732201255,-0.3050552423307146,0.5806304113654782
CNOT1,A5YKK6,CCR4-NOT transcription complex subunit 1 OS=Homo sapiens OX=9606 GN=CNOT1 PE=1 SV=2,22.62740369756533,22.085753312218515,0.5416503853468164,0.07780131490973538,1.7953927430910253,0.4635684129262128,0.3502442685833193
SETD2,Q9BYW2,Histone-lysine N-methyltransferase SETD2 OS=Homo sapiens OX=9606 GN=SETD2 PE=1 SV=3,27.417155893315087,27.245808862214535,0.17134703110055227,0.10722623386068299,1.6361388036420612,0.4224492225726287,0.40380943390087
PEG3,Q9GZU2,Paternally-expressed gene 3 protein OS=Homo sapiens OX=9606 GN=PEG3 PE=1 SV=1,24.550944776695633,24.5437217479128,0.007223028782831875,0.9705659471823747,0.037058085265568426,0.009568356471725397,0.9905962189126991
TIAM2,Q8IVF5,Rho guanine nucleotide exchange factor TIAM2 OS=Homo sapiens OX=9606 GN=TIAM2 PE=1 SV=4,22.198868106928593,21.686188071019494,0.5126800359090993,0.5274256865951624,0.6357721611620752,0.16415566614420102,0.7986588581236632
TMPRSS13,Q9BYE2,Transmembrane protease serine 13 OS=Homo sapiens OX=9606 GN=TMPRSS13 PE=1 SV=5,16.10485432474013,15.248931569527212,0.8559227552129194,0.04677372515687335,2.031700622293104,0.5245828449746958,0.2843913899805315
OPTN,Q96CV9,Optineurin OS=Homo sapiens OX=9606 GN=OPTN PE=1 SV=3,22.929409211771098,23.074430409148167,-0.1450211973770692,0.1419735873230649,-1.4887392887037179,-0.3843908314662783,0.4500395630284168
DNAH10,Q8IVF4,Dynein axonemal heavy chain 10 OS=Homo sapiens OX=9606 GN=DNAH10 PE=1 SV=4,26.248268999070042,25.918957114797866,0.32931188427217606,0.06106746071421606,1.9101125342610954,0.4931889356383511,0.3225681480532579
GRK3,P35626,G protein-coupled receptor kinase 3 OS=Homo sapiens OX=9606 GN=GRK3 PE=1 SV=2,26.798368234152502,26.757390686433588,0.0409775477189136,0.7235391172430192,0.355453826765232,0.09177778342716265,0.900442838109251
FLT3,P36888,Receptor-type tyrosine-protein kinase FLT3 OS=Homo sapiens OX=9606 GN=FLT3 PE=1 SV=2,23.346887298899794,23.526382681353077,-0.17949538245328256,0.10708270475090964,-1.6368230032144486,-0.4226258821425846,0.40380943390087
Unknown,H0Y858,Toll-like receptor 9 (Fragment) OS=Homo sapiens OX=9606 PE=3 SV=1,24.21089638785973,24.04757442187721,0.1633219659825187,0.41431758380604355,0.8222227714511904,0.21229700671353116,0.7205881215116513
CEP63,Q96MT8,Centrosomal protein of 63 kDa OS=Homo sapiens OX=9606 GN=CEP63 PE=1 SV=1,24.324541509570476,24.06484114146804,0.25970036810243613,0.008582711090428123,2.7207631798636664,0.7024980323057542,0.10598650207017055
CCPG1,Q9ULG6,Cell cycle progression protein 1 OS=Homo sapiens OX=9606 GN=CCPG1 PE=1 SV=3,29.00371371432639,28.942493249797046,0.061220464529345264,0.7257769267850629,0.35245190720760333,0.09100269113027264,0.9009090522852716
PRDM2,Q13029,PR domain zinc finger protein 2 OS=Homo sapiens OX=9606 GN=PRDM2 PE=1 SV=3,24.763321323095276,24.788485592160008,-0.02516426906473157,0.7587110749541077,-0.308627047162129,-0.07968716092320643,0.9218398379814136
PIM1,P11309,Serine/threonine-protein kinase pim-1 OS=Homo sapiens OX=9606 GN=PIM1 PE=1 SV=4,26.043971350551843,26.13587655500715,-0.09190520445530836,0.24522584882514228,-1.173917783415339,-0.3031042683322889,0.583051906236495
HSD3B2,P26439,3 beta-hydroxysteroid dehydrogenase/Delta 5-->4-isomerase type 2 OS=Homo sapiens OX=9606 GN=HSD3B2 PE=1 SV=2,26.8632274381723,26.90962374156506,-0.04639630339276124,0.5535387546667059,-0.5959327579597944,-0.1538691764691826,0.8136859209496164
MCM5,P33992,DNA replication licensing factor MCM5 OS=Homo sapiens OX=9606 GN=MCM5 PE=1 SV=5,26.266305172002184,26.236673008372783,0.02963216362940102,0.616269369133399,0.5038585115338553,0.13009570826769862,0.849236250025523
NUAK2,Q9H093,NUAK family SNF1-like kinase 2 OS=Homo sapiens OX=9606 GN=NUAK2 PE=1 SV=1,19.484792994650018,19.401186631747272,0.0836063629027457,0.651436813929887,0.4541207318573502,0.11725346877673608,0.8632186878458499
TSHZ3,Q63HK5,Teashirt homolog 3 OS=Homo sapiens OX=9606 GN=TSHZ3 PE=1 SV=2,24.316790693431106,24.38746377544415,-0.07067308201304456,0.47513815720696295,-0.7188196146983507,-0.18559842644359628,0.7629990770470686
PPM1D,O15297,Protein phosphatase 1D OS=Homo sapiens OX=9606 GN=PPM1D PE=1 SV=1,27.286916891256954,27.333902181358287,-0.046985290101332566,0.5004610648582656,-0.6780105310583405,-0.1750615663561466,0.7823694566430001
TTC13,Q8NBP0,Tetratricopeptide repeat protein 13 OS=Homo sapiens OX=9606 GN=TTC13 PE=1 SV=3,24.16765842187737,24.16897760824467,-0.001319186367300773,0.9951387498722728,-0.006119029250565017,-0.001579926558826291,0.9980977137087316
TMC8,Q8IU68,Transmembrane channel-like protein 8 OS=Homo sapiens OX=9606 GN=TMC8 PE=1 SV=1,25.46739471049977,25.729690312959825,-0.26229560246005335,0.13895474051822657,-1.500324251305101,-0.3873820559477178,0.4480868454363055
UNC13C,Q8NB66,Protein unc-13 homolog C OS=Homo sapiens OX=9606 GN=UNC13C PE=1 SV=3,24.66163643292231,24.826166847361428,-0.16453041443911687,0.12950046220988304,-1.5379436616469686,-0.39709534593093093,0.4389239070220078
ABCA12,Q86UK0,Glucosylceramide transporter ABCA12 OS=Homo sapiens OX=9606 GN=ABCA12 PE=1 SV=3,25.92197020615814,25.58803938190483,0.3339308242533079,0.0933187623062623,1.7062104521500192,0.4405416444201367,0.38512121335201
CILP,O75339,Cartilage intermediate layer protein 1 OS=Homo sapiens OX=9606 GN=CILP PE=1 SV=4,25.003107700114203,24.779808260262364,0.2232994398518393,0.020529386775322053,2.3818014817336306,0.6149784981817668,0.1767746655842596
CHRNE,Q04844,Acetylcholine receptor subunit epsilon OS=Homo sapiens OX=9606 GN=CHRNE PE=1 SV=2,21.039143568215835,21.438005826315827,-0.3988622580999923,0.3568201669815123,-0.9288428520973177,-0.239826193161114,0.674292962669072
CCDC168,Q8NDH2,Leucine-rich repeat transmembrane protein CCDC168 OS=Homo sapiens OX=9606 GN=CCDC168 PE=1 SV=3,23.857792149604357,23.780529965665266,0.07726218393909079,0.7919796720452181,0.2649599968063862,0.06841237700282028,0.934977287639163
RAD54B,Q9Y620,DNA repair and recombination protein RAD54B OS=Homo sapiens OX=9606 GN=RAD54B PE=1 SV=1,20.824680922735848,21.296564241103525,-0.47188331836767716,0.01793973740726623,-2.436080843536333,-0.6289933691354088,0.1669872299023365
TSC2,A0A2R8Y670,TSC complex subunit 2 OS=Homo sapiens OX=9606 GN=TSC2 PE=1 SV=2,17.684617385902545,18.90629510273404,-1.2216777168314934,5.003794488472503e-05,-4.381803659227047,-1.1313768399024715,0.0020438575949068456
ZNF32,P17041,Zinc finger protein 32 OS=Homo sapiens OX=9606 GN=ZNF32 PE=1 SV=2,26.87045285616832,26.907365750419906,-0.036912894251585726,0.7169877837751898,-0.36426098250289846,-0.09405178126045846,0.8958129721991195
CKMT1A; CKMT1B,P12532,"Creatine kinase U-type, mitochondrial OS=Homo sapiens OX=9606 GN=CKMT1A PE=1 SV=1",23.40144439608279,23.159222568046324,0.24222182803646675,0.14112133812382338,1.4919899895170898,0.3852301588071911,0.4500395630284168
ATP9B,O43861,Probable phospholipid-transporting ATPase IIB OS=Homo sapiens OX=9606 GN=ATP9B PE=1 SV=4,28.126512227652434,27.79086796749017,0.33564426016226534,0.06194542756730893,1.9034694841792865,0.49147370748269326,0.32379050306990553
PPM1G,O15355,Protein phosphatase 1G OS=Homo sapiens OX=9606 GN=PPM1G PE=1 SV=1,24.18219640464582,24.263998581446558,-0.08180217680073909,0.5352501977096107,-0.6237302644031542,-0.16104646177059764,0.8044630407489055
TOP3B,F2Z2A5,DNA topoisomerase OS=Homo sapiens OX=9606 GN=TOP3B PE=1 SV=1,23.270114742830184,23.451679593335435,-0.18156485050525006,0.4144125329951429,-0.8220545572010657,-0.21225357398090933,0.7205881215116513
DNAH14,A0A804HLD3,Dynein axonemal heavy chain 14 OS=Homo sapiens OX=9606 GN=DNAH14 PE=1 SV=1,21.733974147452326,21.850633302530312,-0.1166591550779863,0.5933119957200217,-0.5370142286804713,-0.1386564776237258,0.831116257748757
MRPS31,Q92665,Small ribosomal subunit protein mS31 OS=Homo sapiens OX=9606 GN=MRPS31 PE=1 SV=3,21.55377612076221,21.65320111089571,-0.09942499013350314,0.6762537698164683,-0.4197020117774437,-0.10836659346558591,0.8778063906032335
ADGRV1,Q8WXG9,Adhesion G-protein coupled receptor V1 OS=Homo sapiens OX=9606 GN=ADGRV1 PE=1 SV=2,19.417592186140812,18.397414351310942,1.0201778348298696,0.0005846985857848988,3.638545986765762,0.9394685340769084,0.015022981405731353
DDA1,Q9BW61,DET1- and DDB1-associated protein 1 OS=Homo sapiens OX=9606 GN=DDA1 PE=1 SV=1,26.864514125029242,26.790332557784346,0.07418156724489577,0.5174004723160612,0.651338552620855,0.16817489113622766,0.7904166755911323
RIMS1,Q86UR5,Regulating synaptic membrane exocytosis protein 1 OS=Homo sapiens OX=9606 GN=RIMS1 PE=1 SV=1,23.637518770408203,23.579393534531896,0.05812523587630736,0.6456287575522255,0.46225376907238186,0.11935340995592962,0.8622153065643009
GLI1,P08151,Zinc finger protein GLI1 OS=Homo sapiens OX=9606 GN=GLI1 PE=1 SV=1,19.708819037348157,19.969968145282206,-0.2611491079340489,0.3645645434231378,-0.9138779002926388,-0.23596225922002614,0.6827114982357352
OPA1,O60313,"Dynamin-like GTPase OPA1, mitochondrial OS=Homo sapiens OX=9606 GN=OPA1 PE=1 SV=3",24.26012409580068,23.9760421043549,0.28408199144578106,0.10976545305460747,1.6241556927479683,0.41935519664405674,0.4081279119103774
BICRA,Q9NZM4,BRD4-interacting chromatin-remodeling complex-associated protein OS=Homo sapiens OX=9606 GN=BICRA PE=1 SV=2,25.811232265037688,25.962051782015397,-0.1508195169777089,0.2173204222677703,-1.2472453853666605,-0.3220373737439419,0.5460432691996184
TRHDE,Q9UKU6,Thyrotropin-releasing hormone-degrading ectoenzyme OS=Homo sapiens OX=9606 GN=TRHDE PE=1 SV=2,22.208971712565738,21.69240970875923,0.5165620038065093,0.05226966057082845,1.9816070073113625,0.5116487292029883,0.29844290067860113
MAP7D3,Q8IWC1,MAP7 domain-containing protein 3 OS=Homo sapiens OX=9606 GN=MAP7D3 PE=1 SV=2,19.492401148400578,20.081610207543303,-0.5892090591427248,0.49089765498289695,-0.6932852055135929,-0.1790054703417421,0.7742573904829256
UTP25,Q68CQ4,U3 small nucleolar RNA-associated protein 25 homolog OS=Homo sapiens OX=9606 GN=UTP25 PE=1 SV=2,19.663359544344512,19.63897494700783,0.02438459733668097,0.9148617394899288,0.10737539716563123,0.027724208334326452,0.977015253546606
NLRP2,A0A0G2JLQ8,NLR family pyrin domain containing 2 (Fragment) OS=Homo sapiens OX=9606 GN=NLRP2 PE=1 SV=1,20.388992320754706,20.866383461169864,-0.4773911404151576,0.00035647376667925345,-3.7936786587788003,-0.9795236177541854,0.009962503689825451
ABTB1,Q969K4,Ankyrin repeat and BTB/POZ domain-containing protein 1 OS=Homo sapiens OX=9606 GN=ABTB1 PE=1 SV=1,28.259958950764375,28.387422448888465,-0.12746349812409008,0.1635378039515362,-1.4111648301827273,-0.36436119240342135,0.4815447720791075
SMC5,Q8IY18,Structural maintenance of chromosomes protein 5 OS=Homo sapiens OX=9606 GN=SMC5 PE=1 SV=2,26.571929544928093,26.61873873882583,-0.046809193897736634,0.6205373271901968,-0.4977570430268842,-0.1285203158733714,0.8516399091114885
MAP7D1,Q3KQU3,MAP7 domain-containing protein 1 OS=Homo sapiens OX=9606 GN=MAP7D1 PE=1 SV=1,22.40927939651487,22.333461484865357,0.07581791164951213,0.6535345497494471,0.4511907633616016,0.11649695416413962,0.8632508604899414
DNAAF5,Q86Y56,Dynein axonemal assembly factor 5 OS=Homo sapiens OX=9606 GN=DNAAF5 PE=1 SV=4,25.983183777370492,26.123512356179138,-0.1403285788086457,0.6124737791481598,-0.5093006825582461,-0.13150087078401052,0.8462018475134593
TRPC6,Q9Y210,Short transient receptor potential channel 6 OS=Homo sapiens OX=9606 GN=TRPC6 PE=1 SV=1,21.973887460023228,21.811689638980532,0.16219782104269598,0.45001103393463804,0.7605428095307497,0.19637130902602623,0.7465572603638256
TRAF5,O00463,TNF receptor-associated factor 5 OS=Homo sapiens OX=9606 GN=TRAF5 PE=1 SV=2,18.28651224108027,18.53094676642191,-0.24443452534163868,0.3607145297907185,-0.9212916707865082,-0.2378764865303835,0.6784158748011978
DDB1,Q16531,DNA damage-binding protein 1 OS=Homo sapiens OX=9606 GN=DDB1 PE=1 SV=1,21.845038920829936,21.121659211473837,0.7233797093560987,0.008052723253917808,2.74451748339583,0.708631367104476,0.1034515172862183
SLC44A5,Q8NCS7,Choline transporter-like protein 5 OS=Homo sapiens OX=9606 GN=SLC44A5 PE=1 SV=5,23.42611366122775,23.171751034444142,0.25436262678360677,0.1544106994721687,1.442961008107549,0.3725709302418136,0.47121885873403213
LINC03122,Q2M2E5,Uncharacterized protein encoded by LINC03122 OS=Homo sapiens OX=9606 GN=LINC03122 PE=5 SV=2,21.937690422527137,21.23945018362586,0.6982402389012776,0.07444332871582758,1.8166220718591881,0.46904980204422986,0.3457382584382313
GRK4,P32298,G protein-coupled receptor kinase 4 OS=Homo sapiens OX=9606 GN=GRK4 PE=1 SV=3,25.164626751053966,25.226321336983876,-0.06169458592991006,0.5712831017212698,-0.5694005040595412,-0.14701857796964746,0.8205169221752868
RALGAPB,Q86X10,Ral GTPase-activating protein subunit beta OS=Homo sapiens OX=9606 GN=RALGAPB PE=1 SV=1,26.446049919511566,26.099327837825513,0.34672208168605323,0.40290745648035964,0.8426108710873383,0.21756119140363908,0.7115649425423646
AGAP2,F8VVT9,"ArfGAP with GTPase domain, ankyrin repeat and PH domain 2 OS=Homo sapiens OX=9606 GN=AGAP2 PE=1 SV=1",16.473307418938592,15.449359193398207,1.0239482255403853,0.01652211869712781,2.468853472626614,0.637455225580615,0.16147076738972146
ABCA8,O94911,ABC-type organic anion transporter ABCA8 OS=Homo sapiens OX=9606 GN=ABCA8 PE=1 SV=4,21.132584393623937,21.046343298463803,0.08624109516013334,0.8494024238110222,0.19073097769679148,0.04924652668170212,0.9511354679205313
PLEKHM1,Q9Y4G2,Pleckstrin homology domain-containing family M member 1 OS=Homo sapiens OX=9606 GN=PLEKHM1 PE=1 SV=3,22.121648318698263,24.027032203912206,-1.9053838852139435,0.0021435166862290014,-3.2133530970512565,-0.8296842020242361,0.043777206168753836
OSBPL5,Q9H0X9,Oxysterol-binding protein-related protein 5 OS=Homo sapiens OX=9606 GN=OSBPL5 PE=1 SV=1,25.047519146361637,24.992293699018276,0.055225447343360656,0.779447016915588,0.28134513291821145,0.07264300095524967,0.9337692871803496
ZNF83,P51522,Zinc finger protein 83 OS=Homo sapiens OX=9606 GN=ZNF83 PE=1 SV=3,21.119014435679677,21.38446515320073,-0.26545071752105187,0.010956971548350385,-2.62855604044789,-0.6786902512818392,0.12557162357210191
NFXL1,Q6ZNB6,NF-X1-type zinc finger protein NFXL1 OS=Homo sapiens OX=9606 GN=NFXL1 PE=1 SV=2,19.833860875555327,18.94328066075932,0.8905802147960067,0.006360205958608279,2.8313992065516116,0.731064131562619,0.09126538297664698
GFPT1,Q06210,Glutamine--fructose-6-phosphate aminotransferase [isomerizing] 1 OS=Homo sapiens OX=9606 GN=GFPT1 PE=1 SV=3,24.478691798521666,24.315048651999913,0.16364314652175338,0.3300661304183008,0.9822301071232421,0.25361072313545624,0.6574351167167192
PRB1,P04280,Basic salivary proline-rich protein 1 OS=Homo sapiens OX=9606 GN=PRB1 PE=1 SV=3,22.82157165100319,23.14426584898502,-0.3226941979818321,0.27053608293577697,-1.1124460751458682,-0.28723234150625016,0.6134732039134575
WDPCP,O95876,WD repeat-containing and planar cell polarity effector protein fritz homolog OS=Homo sapiens OX=9606 GN=WDPCP PE=1 SV=2,25.2172008968415,24.970794190194955,0.24640670664654607,0.011327041099337078,2.615863411327553,0.6754130285349957,0.1279714643350636
LRRCC1,Q9C099,Leucine-rich repeat and coiled-coil domain-containing protein 1 OS=Homo sapiens OX=9606 GN=LRRCC1 PE=1 SV=2,18.5523674412531,19.14004547118799,-0.5876780299348887,0.014700503705016518,-2.5149069310497176,-0.6493461774144774,0.1514142041479143
NPHP1,O15259,Nephrocystin-1 OS=Homo sapiens OX=9606 GN=NPHP1 PE=1 SV=1,25.86530197003195,25.83791429176222,0.02738767826972932,0.8184632345828013,0.23056612004470173,0.059531916208852655,0.9448696561800984
TESPA1,A2RU30,Protein TESPA1 OS=Homo sapiens OX=9606 GN=TESPA1 PE=1 SV=2,26.121024071878118,26.275453808524066,-0.15442973664594817,0.6911235013105499,-0.3993207476560136,-0.10310417369778901,0.88288671819383
ACSL1,P33121,Long-chain-fatty-acid--CoA ligase 1 OS=Homo sapiens OX=9606 GN=ACSL1 PE=1 SV=1,24.655480741019723,24.71179266070443,-0.05631191968470617,0.4292690646989059,-0.7960155127538359,-0.2055303216145576,0.7313642995351413
IGHV2-5,P01817,Immunoglobulin heavy variable 2-5 OS=Homo sapiens OX=9606 GN=IGHV2-5 PE=1 SV=2,25.10009822454408,24.829597181506095,0.27050104303798506,0.11417122597828963,1.6038868260566213,0.41412179776791774,0.41629545478406715
ZNF292,O60281,Zinc finger protein 292 OS=Homo sapiens OX=9606 GN=ZNF292 PE=1 SV=3,21.020301749740806,20.11360848340001,0.9066932663407954,0.041013636428739064,2.0899860537141395,0.5396320786560415,0.2715999437109178
DNAH12,Q6ZR08,Dynein axonemal heavy chain 12 OS=Homo sapiens OX=9606 GN=DNAH12 PE=1 SV=2,29.205868924615874,29.21095755925594,-0.005088634640067369,0.9264800288704984,-0.09267639702643575,-0.023928942817992814,0.9802377340277638
XPO6,Q96QU8,Exportin-6 OS=Homo sapiens OX=9606 GN=XPO6 PE=1 SV=1,22.680136976870916,21.740222930877643,0.9399140459932731,0.002581606778808151,3.149963453611114,0.8133170664665229,0.048450761320309524
SPATA31H1,C9JG08,SPATA31 subfamily H member 1 OS=Homo sapiens OX=9606 GN=SPATA31H1 PE=1 SV=2,25.469584748482415,25.513931061509215,-0.04434631302680003,0.29399482963758594,-1.058989919860485,-0.2734300215614124,0.6306057505840632
TTC6,G3V3A5,Tetratricopeptide repeat domain 6 OS=Homo sapiens OX=9606 GN=TTC6 PE=1 SV=1,22.675060800525582,22.7780250595203,-0.10296425899471728,0.39945845539610003,-0.8488432293007161,-0.21917037937483977,0.7100339939470728
SLC7A8,Q9UHI5,Large neutral amino acids transporter small subunit 2 OS=Homo sapiens OX=9606 GN=SLC7A8 PE=1 SV=1,20.676960423986483,19.120216547827727,1.5567438761587553,9.201933874225658e-05,4.203377769625006,1.085307473305075,0.0033315183321912436
MOV10,Q9HCE1,Helicase MOV-10 OS=Homo sapiens OX=9606 GN=MOV10 PE=1 SV=2,28.80312371619055,28.88315472428373,-0.08003100809317942,0.4246887080379309,-0.8039849494803076,-0.20758802132924284,0.7277004293129757
PRRG3,H7C0C2,Proline rich and Gla domain 3 (Fragment) OS=Homo sapiens OX=9606 GN=PRRG3 PE=4 SV=1,25.391505019872206,25.474311995153073,-0.08280697528086733,0.46003015478772213,-0.7437500713713444,-0.19203544267745296,0.7489112672099768
C3AR1,Q16581,C3a anaphylatoxin chemotactic receptor OS=Homo sapiens OX=9606 GN=C3AR1 PE=1 SV=2,25.13953050749636,25.237941679628424,-0.09841117213206374,0.45115323313015043,-0.7586175477993917,-0.19587420858451685,0.7465572603638256
SZT2,Q5T011,KICSTOR complex protein SZT2 OS=Homo sapiens OX=9606 GN=SZT2 PE=1 SV=3,24.250676992230378,24.32904093942544,-0.07836394719506146,0.7141424297219712,-0.36809498727456785,-0.09504171703578883,0.8943623353357705
BAHCC1,Q9P281,BAH and coiled-coil domain-containing protein 1 OS=Homo sapiens OX=9606 GN=BAHCC1 PE=1 SV=4,26.891762277406436,26.983448653979714,-0.0916863765732785,0.32371348823347057,-0.9953233410151582,-0.2569913815895489,0.6530448440456099
IMUP,Q9GZP8,Immortalization up-regulated protein OS=Homo sapiens OX=9606 GN=IMUP PE=1 SV=1,22.6751349661472,17.00652642758705,5.66860853856015,3.1790700771340346e-07,5.776115569984865,1.491386627221383,2.1101077636977156e-05
DENND1B,Q6P3S1,DENN domain-containing protein 1B OS=Homo sapiens OX=9606 GN=DENND1B PE=1 SV=2,26.243447397427435,25.960920679538834,0.28252671788860084,0.528485406517587,0.6341358316201647,0.16373316767321924,0.7992850959526996
MAGEE1,Q9HCI5,Melanoma-associated antigen E1 OS=Homo sapiens OX=9606 GN=MAGEE1 PE=1 SV=2,22.11367023455076,22.064739630927377,0.04893060362338275,0.8847914521328463,0.14553708329412618,0.03757751332358349,0.9653853377443401
ARHGAP22,D6R9V6,Rho GTPase activating protein 22 OS=Homo sapiens OX=9606 GN=ARHGAP22 PE=1 SV=1,23.495751522159193,23.488335565670635,0.00741595648855764,0.9530681883088572,0.059109368168238634,0.015261973234695404,0.9884359531093813
VEPH1,Q14D04,Ventricular zone-expressed PH domain-containing protein homolog 1 OS=Homo sapiens OX=9606 GN=VEPH1 PE=1 SV=1,26.321773836279124,26.43291861688727,-0.11114478060814648,0.2837347600886288,-1.0819906858914254,-0.2793687938139354,0.6220832459526832
ZMYM5,Q9UJ78,Zinc finger MYM-type protein 5 OS=Homo sapiens OX=9606 GN=ZMYM5 PE=1 SV=4,23.47373630208388,23.53228526176042,-0.05854895967654272,0.4174613300123228,-0.816665605791545,-0.2108621527100697,0.7205881215116513
NPHP3,Q7Z494,Nephrocystin-3 OS=Homo sapiens OX=9606 GN=NPHP3 PE=1 SV=1,21.73323236737597,21.973803607139054,-0.24057123976308503,0.09484862930435148,-1.6980988619370618,-0.43844724083306724,0.3864293260404908
MLIP,E9PFJ4,Muscular LMNA interacting protein (Fragment) OS=Homo sapiens OX=9606 GN=MLIP PE=1 SV=1,26.57538399239643,26.349389095257134,0.22599489713929444,0.6583858741411088,0.44442973785968637,0.11475126488599288,0.8667840475262697
DIXDC1,Q155Q3,Dixin OS=Homo sapiens OX=9606 GN=DIXDC1 PE=1 SV=2,23.966334273273514,23.015389763483007,0.9509445097905065,8.3825479964876e-07,5.517438037823221,1.4245963756147109,5.108843688388735e-05
MBTD1,Q05BQ5,MBT domain-containing protein 1 OS=Homo sapiens OX=9606 GN=MBTD1 PE=1 SV=2,30.258898963007447,30.12117265693627,0.1377263060711762,0.08600331850118502,1.7465855488656326,0.4509664495655423,0.3692810953433632
TARBP1,Q13395,Probable methyltransferase TARBP1 OS=Homo sapiens OX=9606 GN=TARBP1 PE=1 SV=1,24.33746021839362,24.619590048888032,-0.2821298304944122,0.026463671856705822,-2.2774451348783713,-0.5880338052856691,0.20869618449372465
