Gene,Accession,Description,Mean_Group1,Mean_Group2,Log2FC,P_value,T_statistic,Cohens_d,FDR
APOB,A0AAG2UUW0,Apolipoprotein B OS=Homo sapiens OX=9606 GN=APOB PE=1 SV=1,32.33046631642264,32.50268190397806,-0.17221558755542077,0.000225554054831679,-3.934400597489819,-1.0158578660924387,0.0026615378470138122
F5,P12259,Coagulation factor V OS=Homo sapiens OX=9606 GN=F5 PE=1 SV=4,31.656299111761378,31.72588670921068,-0.06958759744930276,0.08083713312703662,-1.776849322217246,-0.4587805222444886,0.20904797576520998
TLN1,Q9Y490,Talin-1 OS=Homo sapiens OX=9606 GN=TLN1 PE=1 SV=3,30.573702122328953,30.678130148477734,-0.10442802614878133,0.2650443194565183,-1.1254256249808106,-0.2905836468630502,0.4560504122131006
FGA,P02671,Fibrinogen alpha chain OS=Homo sapiens OX=9606 GN=FGA PE=1 SV=2,31.58025219843171,31.465248801175985,0.11500339725572672,0.09068840155894652,1.7204166785279915,0.444209676298426,0.22822531387583223
C3,P01024,Complement C3 OS=Homo sapiens OX=9606 GN=C3 PE=1 SV=2,31.68671392453173,31.803477663674652,-0.11676373914292171,0.0849096716859429,-1.7528636685730958,-0.4525874531037091,0.21770578678393182
FGB,P02675,Fibrinogen beta chain OS=Homo sapiens OX=9606 GN=FGB PE=1 SV=2,28.476136409150016,28.275455647363522,0.20068076178649363,0.13442357952309303,1.5180919826337886,0.39196966445011083,0.2939705090485404
APOE,P02649,Apolipoprotein E OS=Homo sapiens OX=9606 GN=APOE PE=1 SV=1,32.68524683663734,32.697100411055885,-0.011853574418545065,0.7720710600727527,-0.29102412942616646,-0.07514210710747031,0.8704240613559059
ALB,P02768,Albumin OS=Homo sapiens OX=9606 GN=ALB PE=1 SV=2,31.256259024572504,31.25346718992182,0.0027918346506830005,0.9482530568165914,0.06518223429900738,0.016829980527243032,0.9733035563845556
KRT1,P04264,"Keratin, type II cytoskeletal 1 OS=Homo sapiens OX=9606 GN=KRT1 PE=1 SV=6",30.677851000512014,30.604499234533492,0.07335176597852211,0.24965206048066277,1.1628512240639133,0.3002468949944297,0.4443527735706098
FGG,P02679,Fibrinogen gamma chain OS=Homo sapiens OX=9606 GN=FGG PE=1 SV=3,30.9911566395075,30.874500119902645,0.1166565196048559,0.07242326333776937,1.8297827258585626,0.47244786829521496,0.19654217801885282
KNG1,P01042,Kininogen-1 OS=Homo sapiens OX=9606 GN=KNG1 PE=1 SV=2,32.72713485325473,32.66634537827005,0.06078947498468068,0.15763889109314685,1.4315520204458059,0.3696251422944124,0.32655234526837834
KRT2,P35908,"Keratin, type II cytoskeletal 2 epidermal OS=Homo sapiens OX=9606 GN=KRT2 PE=1 SV=2",30.866157818583012,31.018766704396132,-0.1526088858131196,0.02656575543929502,-2.2758400814928095,-0.587619382283532,0.0942522236409732
FLNA,P21333,Filamin-A OS=Homo sapiens OX=9606 GN=FLNA PE=1 SV=4,31.025634006034725,31.17642764876092,-0.150793642726196,0.058438088371558373,-1.9305051733912073,-0.4984542924207605,0.16743142945304407
FN1,P02751,Fibronectin OS=Homo sapiens OX=9606 GN=FN1 PE=1 SV=5,28.43932603925289,28.419423067830465,0.019902971422425253,0.8995605781181304,0.12677041637563458,0.03273198076097418,0.9477513233744588
KRT9,P35527,"Keratin, type I cytoskeletal 9 OS=Homo sapiens OX=9606 GN=KRT9 PE=1 SV=3",29.993790099513596,29.924866287868916,0.0689238116446802,0.25848634274770466,1.1411767265565806,0.2946505638022088,0.4528036070848377
THBS1,P07996,Thrombospondin-1 OS=Homo sapiens OX=9606 GN=THBS1 PE=1 SV=2,29.629056109365045,29.793500112818098,-0.16444400345305255,0.08523835977431228,-1.7509698070915864,-0.45209846017184857,0.21795298093174875
ANPEP,P15144,Aminopeptidase N OS=Homo sapiens OX=9606 GN=ANPEP PE=1 SV=4,29.480686463723714,29.51023184145082,-0.02954537772710708,0.792075335133778,-0.26483521049978204,-0.06838015731699942,0.8791711498586963
VTN,P04004,Vitronectin OS=Homo sapiens OX=9606 GN=VTN PE=1 SV=1,30.07237557534525,30.18277723967933,-0.11040166433407705,0.2698157443407779,-1.114137921809836,-0.287669174436509,0.46068218728280724
MMRN1,Q13201,Multimerin-1 OS=Homo sapiens OX=9606 GN=MMRN1 PE=1 SV=3,29.521343536432635,29.61602883256022,-0.09468529612758658,0.4090131697968683,-0.8316576908150622,-0.21473309241813685,0.5934043529020139
C4A,A0A140TA44,Complement C4A (Rodgers blood group) OS=Homo sapiens OX=9606 GN=C4A PE=1 SV=1,23.236308814741722,23.04826988034744,0.18803893439428165,0.23992411323349405,1.1873643033772725,0.3065761448574231,0.4328415768753749
VWF,P04275,von Willebrand factor OS=Homo sapiens OX=9606 GN=VWF PE=1 SV=4,28.338713980234033,28.69549845540193,-0.35678447516789547,0.019923308988666635,-2.3939303274428756,-0.6181101526778083,0.07625246479760478
LPA,P08519,Apolipoprotein(a) OS=Homo sapiens OX=9606 GN=LPA PE=1 SV=2,29.57805310674844,29.552315558225473,0.02573754852296517,0.7477197451648714,0.32318199207072795,0.08344523153893779,0.8550055198644099
A2M,P01023,Alpha-2-macroglobulin OS=Homo sapiens OX=9606 GN=A2M PE=1 SV=3,31.205942111386612,31.327000835473886,-0.12105872408727336,0.10216780976547457,-1.6607154541818945,-0.42879488645571756,0.24772194970532876
HRG,P04196,Histidine-rich glycoprotein OS=Homo sapiens OX=9606 GN=HRG PE=1 SV=1,32.26623957558019,32.20747565903738,0.05876391654280866,0.2586637052399261,1.1407470231309698,0.29453961485479546,0.4528036070848377
TF,P02787,Serotransferrin OS=Homo sapiens OX=9606 GN=TF PE=1 SV=5,31.06887607962376,31.03979772978927,0.029078349834488648,0.6490920716079374,0.4574003865219787,0.11810027196989724,0.7839300000541655
APOA4,P06727,Apolipoprotein A-IV OS=Homo sapiens OX=9606 GN=APOA4 PE=1 SV=4,29.758016401956247,29.893510029161064,-0.1354936272048164,0.20272377894517452,-1.2883971463175254,-0.33266271273259573,0.3849093919662253
CFH,P08603,Complement factor H OS=Homo sapiens OX=9606 GN=CFH PE=1 SV=4,29.69923530507623,29.755480287197365,-0.056244982121135934,0.6522868765463733,-0.4529329499093499,-0.1169467847965007,0.7864058667360024
APOA1,P02647,Apolipoprotein A-I OS=Homo sapiens OX=9606 GN=APOA1 PE=1 SV=1,30.92292143767872,30.95635834588406,-0.03343690820533851,0.538264195936988,-0.6191160991881729,-0.1598550894349795,0.7021471951158421
LTBP1,Q14766,Latent-transforming growth factor beta-binding protein 1 OS=Homo sapiens OX=9606 GN=LTBP1 PE=1 SV=4,30.35511894507766,30.43997640214782,-0.08485745707016079,0.11114324728366295,-1.6177474234335485,-0.41770058862187276,0.26071450735068596
Unknown,H0YAC1,Uncharacterized protein (Fragment) OS=Homo sapiens OX=9606 PE=3 SV=1,30.937706820410835,31.033108821930764,-0.09540200151992906,0.07340230213261156,-1.8233663727113836,-0.4707911730363876,0.19807536506700968
GAPDH,P04406,Glyceraldehyde-3-phosphate dehydrogenase OS=Homo sapiens OX=9606 GN=GAPDH PE=1 SV=3,28.633392068169762,28.712342497310157,-0.07895042914039507,0.3998849956602134,-0.8480706767007241,-0.2189709071512506,0.58495573745337
KRT14,P02533,"Keratin, type I cytoskeletal 14 OS=Homo sapiens OX=9606 GN=KRT14 PE=1 SV=4",31.127992062163973,31.217893913453924,-0.08990185128995165,0.13670312997082623,-1.5090950530584273,-0.38964666722261915,0.29659387540332816
MME,P08473,Neprilysin OS=Homo sapiens OX=9606 GN=MME PE=1 SV=2,29.04679219248801,29.145098355854763,-0.09830616336675391,0.40861485969155686,-0.8323691646074495,-0.21491679416141543,0.5934043529020139
IGHG1,P01857,Immunoglobulin heavy constant gamma 1 OS=Homo sapiens OX=9606 GN=IGHG1 PE=1 SV=2,30.493266393883815,30.344113449844325,0.1491529440394892,0.004195107434234531,2.9808973397893417,0.769664383583874,0.02531365963157427
ACTB,P60709,"Actin, cytoplasmic 1 OS=Homo sapiens OX=9606 GN=ACTB PE=1 SV=1",30.48782112468586,30.504527897520177,-0.01670677283431843,0.7999370758035115,-0.25459419217434787,-0.06573593775549198,0.8837030247954187
DPP4,P27487,Dipeptidyl peptidase 4 OS=Homo sapiens OX=9606 GN=DPP4 PE=1 SV=2,28.803300541961182,28.631079598398703,0.17222094356247908,0.20078176832657021,1.2940370024927337,0.33411891733536825,0.3830483316697321
KRT5,P13647,"Keratin, type II cytoskeletal 5 OS=Homo sapiens OX=9606 GN=KRT5 PE=1 SV=3",29.413048029349774,29.157564220620284,0.2554838087294904,0.01229206228677224,2.5844602170867033,0.6673047586474937,0.054091865256431435
C1R,P00736,Complement C1r subcomponent OS=Homo sapiens OX=9606 GN=C1R PE=1 SV=2,29.893595754986983,29.919236579037996,-0.02564082405101331,0.6821166890872832,-0.4116453237483434,-0.10628636556143296,0.8084909863958646
F12,P00748,Coagulation factor XII OS=Homo sapiens OX=9606 GN=F12 PE=1 SV=3,31.13972541881873,31.040244807613423,0.09948061120530838,0.04834929396105165,2.0168428183403035,0.5207465764900018,0.1453215571319911
IGHA1,P01876,Immunoglobulin heavy constant alpha 1 OS=Homo sapiens OX=9606 GN=IGHA1 PE=1 SV=3,29.342132354722143,29.336274800688997,0.005857554033145362,0.9439076266236662,0.07066480444449379,0.018245574051768552,0.9712772588768844
HPR,P00739,Haptoglobin-related protein OS=Homo sapiens OX=9606 GN=HPR PE=1 SV=2,28.965404279826984,28.979519305756902,-0.01411502592991809,0.9268777065537412,-0.09217364963276715,-0.023799133999124304,0.9625268491135006
ITIH4,Q14624,Inter-alpha-trypsin inhibitor heavy chain H4 OS=Homo sapiens OX=9606 GN=ITIH4 PE=1 SV=4,30.45300032857433,30.5135012630272,-0.060500934452871746,0.3265477747891705,-0.989460715833051,-0.255477658276525,0.5196709343048438
CAVIN2,O95810,Caveolae-associated protein 2 OS=Homo sapiens OX=9606 GN=CAVIN2 PE=1 SV=3,29.639480828646537,29.599909786517802,0.039571042128734746,0.7235553805311208,0.35543199860543906,0.0917721474205389,0.8401047530510753
CAMP,P49913,Cathelicidin antimicrobial peptide OS=Homo sapiens OX=9606 GN=CAMP PE=1 SV=1,30.29616148781215,30.21298967700962,0.08317181080252922,0.2625861350882541,1.1312970313704451,0.2920996374741082,0.4551683495055373
RAP1B,P61224,Ras-related protein Rap-1b OS=Homo sapiens OX=9606 GN=RAP1B PE=1 SV=1,28.717251855434487,28.683628617084526,0.033623238349960616,0.45812998094190815,0.7469185549260599,0.19285354161346263,0.6382932921354553
GC,P02774,Vitamin D-binding protein OS=Homo sapiens OX=9606 GN=GC PE=1 SV=2,30.59064736417753,30.659752645523945,-0.06910528134641325,0.4041258823500973,-0.8404170214743394,-0.21699474186929052,0.5889959108725571
HRNR,Q86YZ3,Hornerin OS=Homo sapiens OX=9606 GN=HRNR PE=1 SV=2,28.80499323899392,28.74465048589219,0.060342753101728874,0.7969340743474826,0.25850276120347065,0.06674512593931163,0.881247905812637
CP,P00450,Ceruloplasmin OS=Homo sapiens OX=9606 GN=CP PE=1 SV=2,26.94104465023647,26.6172168167117,0.3238278335247706,0.07800158809221724,1.7941509929373818,0.4632477944151987,0.20470597995206272
IGHM,P01871,Immunoglobulin heavy constant mu OS=Homo sapiens OX=9606 GN=IGHM PE=1 SV=5,31.67680788656213,31.816431898639518,-0.1396240120773875,0.003640963922336499,-3.0307926195890698,-0.7825472894317879,0.02274531579718448
Unknown,B4E1Z4,Complement C2 OS=Homo sapiens OX=9606 PE=1 SV=1,30.28139151593697,30.263906328570975,0.01748518736599536,0.7001959864085027,0.3869682007535311,0.09991475980201829,0.8225753734135286
APOH,P02749,Beta-2-glycoprotein 1 OS=Homo sapiens OX=9606 GN=APOH PE=1 SV=3,28.951606115950838,28.954680001882505,-0.0030738859316663536,0.9641451536275694,-0.04514708621818006,-0.011656927536853452,0.9820225254019935
BASP1,P80723,Brain acid soluble protein 1 OS=Homo sapiens OX=9606 GN=BASP1 PE=1 SV=2,26.297654067159506,26.170238844870013,0.12741522228949265,0.4204933253922265,0.8113299034773525,0.20948448029652378,0.60183815575006
HABP2,Q14520,Hyaluronan-binding protein 2 OS=Homo sapiens OX=9606 GN=HABP2 PE=1 SV=1,29.99161636817605,30.24131468295969,-0.24969831478363957,0.03416052189275045,-2.1694363278953386,-0.5601460512397347,0.11480529825981323
Unknown,A0A8I5KW61,C-X-C motif chemokine OS=Homo sapiens OX=9606 PE=1 SV=1,29.92468534325023,30.151544518241394,-0.2268591749911657,0.09870154584985005,-1.6781363458749021,-0.43329294134925767,0.24115270328038518
TFPI,P10646,Tissue factor pathway inhibitor OS=Homo sapiens OX=9606 GN=TFPI PE=1 SV=1,29.732362335459836,29.62189699366694,0.1104653417928958,0.08994108888025666,1.7245147696499898,0.4452677988762087,0.22670277624406468
SAA2-SAA4,A0A096LPE2,SAA2-SAA4 readthrough OS=Homo sapiens OX=9606 GN=SAA2-SAA4 PE=3 SV=1,31.580815367728892,31.397482166804423,0.18333320092446925,0.026324147057179493,2.2796477733269063,0.5886025240875953,0.09402226778786714
SERPINA1,P01009,Alpha-1-antitrypsin OS=Homo sapiens OX=9606 GN=SERPINA1 PE=1 SV=3,27.469620921070497,27.1265629019407,0.3430580191297956,0.0769563055009987,1.800661634725258,0.46492883489636977,0.2033024787115936
CLU,P10909,Clusterin OS=Homo sapiens OX=9606 GN=CLU PE=1 SV=1,27.707276443133335,27.687771444669078,0.019504998464256573,0.8489460561192317,0.1913161779261256,0.04939762473119596,0.9162405605677073
EHD1,A0A024R571,EH domain containing 1 OS=Homo sapiens OX=9606 GN=EHD1 PE=1 SV=1,22.905900518700822,22.979358800304848,-0.0734582816040259,0.5439369383095135,-0.6104675186781352,-0.15762203554939885,0.7061870763871678
EHD1,Q9H4M9,EH domain-containing protein 1 OS=Homo sapiens OX=9606 GN=EHD1 PE=1 SV=2,29.705185759779727,29.782212527219105,-0.07702676743937786,0.4266672542321466,-0.8005361698763943,-0.2066975502645298,0.6090330967668544
IGFBP3,P17936,Insulin-like growth factor-binding protein 3 OS=Homo sapiens OX=9606 GN=IGFBP3 PE=1 SV=2,30.222259352453346,30.115288395550625,0.10697095690272107,0.43772918787084536,0.781427688081325,0.20176376148028902,0.619824530025117
FYB1,O15117,FYN-binding protein 1 OS=Homo sapiens OX=9606 GN=FYB1 PE=1 SV=2,28.454892431959895,28.140920167315393,0.31397226464450156,4.618443330746001e-06,5.054037408433526,1.304946847598156,9.680500297208396e-05
SERPING1,P05155,Plasma protease C1 inhibitor OS=Homo sapiens OX=9606 GN=SERPING1 PE=1 SV=2,30.48398733500521,30.27388913459134,0.21009820041387073,0.017053170508451548,2.4562903691054254,0.6342114461996655,0.0677448893265918
SERPING1,E9PGN7,Serpin family G member 1 OS=Homo sapiens OX=9606 GN=SERPING1 PE=1 SV=1,17.551351749676215,17.667295060208694,-0.11594331053247942,0.7283766799161695,-0.348968498492285,-0.09010327886744185,0.8420405905164117
CSRP1,P21291,Cysteine and glycine-rich protein 1 OS=Homo sapiens OX=9606 GN=CSRP1 PE=1 SV=3,27.959799383430877,27.751843097587223,0.2079562858436539,0.05194651124874952,1.9844239430032657,0.5123760588711269,0.15381188182018213
MARCKS,P29966,Myristoylated alanine-rich C-kinase substrate OS=Homo sapiens OX=9606 GN=MARCKS PE=1 SV=4,30.526864732154767,30.68730098941346,-0.16043625725869148,0.06785722840495871,-1.8607071028913298,-0.4804325081111981,0.18669527607789158
FHL1,Q5JXI8,Four and a half LIM domains 1 (Fragment) OS=Homo sapiens OX=9606 GN=FHL1 PE=1 SV=1,29.462230802538112,29.33489005238846,0.12734075014965285,0.020056360797361207,2.3912396683987045,0.6174154274999153,0.07625246479760478
IGHG3,A0A9H3ZR93,Immunoglobulin heavy constant gamma 3 (G3m marker) (Fragment) OS=Homo sapiens OX=9606 GN=IGHG3 PE=1 SV=1,29.920369167508927,29.916288585315375,0.004080582193552118,0.9408495246532663,0.07452445582517274,0.019242131753070955,0.9712772588768844
BIN2,Q9UBW5,Bridging integrator 2 OS=Homo sapiens OX=9606 GN=BIN2 PE=1 SV=3,28.414192286792385,28.18179989124749,0.23239239554489544,0.007978113222338051,2.747976142695905,0.7095243890957691,0.0400424501460651
EEF1A1,P68104,Elongation factor 1-alpha 1 OS=Homo sapiens OX=9606 GN=EEF1A1 PE=1 SV=1,29.31737709586895,29.323412939206214,-0.0060358433372655895,0.9436075898071365,-0.07104343464332039,-0.018343335948730326,0.9712772588768844
PON1,P27169,Serum paraoxonase/arylesterase 1 OS=Homo sapiens OX=9606 GN=PON1 PE=1 SV=3,28.847971927013273,28.968387464866012,-0.12041553785273962,0.11355394497369634,-1.6066881067347365,-0.41484508532887726,0.2621614990479685
MAPRE2,Q15555,Microtubule-associated protein RP/EB family member 2 OS=Homo sapiens OX=9606 GN=MAPRE2 PE=1 SV=1,28.510984405938185,28.336222046824467,0.17476235911371774,0.11136009671849625,1.61674470277094,0.4174416872600607,0.26071450735068596
C8B,A0A8Q3WL56,Complement component C8 beta chain OS=Homo sapiens OX=9606 GN=C8B PE=1 SV=1,30.17415138799367,30.42081585438122,-0.2466644663875499,0.0028614766538484935,-3.1145655561790844,-0.804177368650189,0.019087724049681086
CLEC3B,P05452,Tetranectin OS=Homo sapiens OX=9606 GN=CLEC3B PE=1 SV=3,30.424946898199845,30.4407067479698,-0.01575984976995315,0.8479744561185378,-0.19256228262348904,-0.04971936758056393,0.9158124126080208
APOA5,Q6Q788,Apolipoprotein A-V OS=Homo sapiens OX=9606 GN=APOA5 PE=1 SV=1,30.486616046998776,30.59495208964394,-0.10833604264516339,0.7058291207945857,-0.37932862442857906,-0.09794222967677696,0.827182522171031
C4BPA,P04003,C4b-binding protein alpha chain OS=Homo sapiens OX=9606 GN=C4BPA PE=1 SV=2,28.296451195621312,28.176753222517974,0.11969797310333874,0.0805070132115507,1.7788373406480469,0.45929382639611827,0.2085328000747972
ITIH2,P19823,Inter-alpha-trypsin inhibitor heavy chain H2 OS=Homo sapiens OX=9606 GN=ITIH2 PE=1 SV=2,28.56241773860933,28.285500466866253,0.276917271743077,1.792882354819726e-07,5.927710670545273,1.5305283138771892,6.491049070972326e-06
HP,P00738,Haptoglobin OS=Homo sapiens OX=9606 GN=HP PE=1 SV=1,28.403438719428006,28.3450901398481,0.05834857957990636,0.4197167617017258,0.8126942818609183,0.20983676128035555,0.6012669077255838
PRG4,Q92954,Proteoglycan 4 OS=Homo sapiens OX=9606 GN=PRG4 PE=1 SV=3,30.023592378865935,29.981709358943597,0.041883019922337894,0.5990088289787546,0.5287322128436779,0.13651807032979732,0.7472365423360658
DSP,P15924,Desmoplakin OS=Homo sapiens OX=9606 GN=DSP PE=1 SV=3,28.250963905592542,28.072973640721994,0.17799026487054803,0.0652241234676303,1.879347303111547,0.48524538711272297,0.18164690329359282
IGKC,P01834,Immunoglobulin kappa constant OS=Homo sapiens OX=9606 GN=IGKC PE=1 SV=2,29.84494494401231,30.007771580681023,-0.162826636668715,0.05707567909753967,-1.9413808835606952,-0.5012623887117341,0.16471296522170414
PDIA5,Q14554,Protein disulfide-isomerase A5 OS=Homo sapiens OX=9606 GN=PDIA5 PE=1 SV=1,29.116089233703846,29.069102243914692,0.046986989789154165,0.4815171327914749,0.7084279892866358,0.18291532029962312,0.6601177216323748
APOA2,V9GYM3,Apolipoprotein A-II OS=Homo sapiens OX=9606 GN=APOA2 PE=1 SV=1,30.731115140471573,30.875112639035002,-0.14399749856342936,0.14180543802588713,-1.4893794336143436,-0.3845561161714792,0.30240436783833763
F11,P03951,Coagulation factor XI OS=Homo sapiens OX=9606 GN=F11 PE=1 SV=1,29.742267165354324,29.531608989788026,0.21065817556629796,0.0018082659996084308,3.2707167853845793,0.8444954426637024,0.013222198849527926
WAS,P42768,Actin nucleation-promoting factor WAS OS=Homo sapiens OX=9606 GN=WAS PE=1 SV=4,27.234542091590374,27.36985257021767,-0.1353104786272965,0.7773560121324822,-0.2840862666810576,-0.073350758649465,0.8733511532866813
YARS1,P54577,"Tyrosine--tRNA ligase, cytoplasmic OS=Homo sapiens OX=9606 GN=YARS1 PE=1 SV=4",28.366514831710024,28.475201537494755,-0.10868670578473072,0.2650989841238739,-1.1252954963884176,-0.29055004780497,0.4560504122131006
IQGAP2,Q13576,Ras GTPase-activating-like protein IQGAP2 OS=Homo sapiens OX=9606 GN=IQGAP2 PE=1 SV=4,31.086776068072595,31.208464009962697,-0.12168794189010157,0.07160191230356677,-1.8352220812931135,-0.4738523038293561,0.1946447889071363
RHOA,P61586,Transforming protein RhoA OS=Homo sapiens OX=9606 GN=RHOA PE=1 SV=1,27.680446371994226,27.714607888038472,-0.034161516044246554,0.6741091476229217,-0.4226559893943279,-0.10912930720660335,0.8019834743564708
ILK,A0A0A0MTH3,Integrin-linked protein kinase OS=Homo sapiens OX=9606 GN=ILK PE=1 SV=1,30.255848235220334,30.150546986070093,0.10530124915024075,0.007241092977849569,2.783837710897075,0.7187838061899035,0.03723763190251661
C1QB,A0A8Q3SI33,Complement C1q B chain OS=Homo sapiens OX=9606 GN=C1QB PE=1 SV=1,12.991234504147114,13.415027179836425,-0.42379267568931134,0.7061947458585074,-0.37883354929329927,-0.09781440182650632,0.827182522171031
RAB8A,P61006,Ras-related protein Rab-8A OS=Homo sapiens OX=9606 GN=RAB8A PE=1 SV=1,28.395025784367636,28.58159269707547,-0.18656691270783554,0.043966694164446145,-2.059277052890906,-0.5317030487382379,0.13787193662197383
APOL1,O14791,Apolipoprotein L1 OS=Homo sapiens OX=9606 GN=APOL1 PE=1 SV=5,28.704912694866813,28.899713374228963,-0.1948006793621495,0.009779906561264881,-2.6717028704445784,-0.6898307148830937,0.04582173868263222
ANTXR2,P58335,Anthrax toxin receptor 2 OS=Homo sapiens OX=9606 GN=ANTXR2 PE=1 SV=5,30.402479745773395,30.378163318965452,0.02431642680794255,0.6803430814070306,0.41407969234716346,0.10691491683088367,0.8069892246324644
ANTXR2,J3KPY9,Anthrax toxin receptor OS=Homo sapiens OX=9606 GN=ANTXR2 PE=1 SV=1,21.387914404547324,20.153106864120925,1.2348075404263987,0.007618636689901165,2.765068479974393,0.7139376116042587,0.03877472283390593
GGT1,P19440,Glutathione hydrolase 1 proenzyme OS=Homo sapiens OX=9606 GN=GGT1 PE=1 SV=2,29.824140300884576,29.778567233668376,0.0455730672161998,0.32495942936939215,0.9927419503037446,0.25632486937385823,0.5186977665184787
CFL1,P23528,Cofilin-1 OS=Homo sapiens OX=9606 GN=CFL1 PE=1 SV=3,30.052656541501385,30.082917467347638,-0.030260925846253173,0.6179647794442645,-0.5014324924873458,-0.1294693128433844,0.760702036574141
HBB,P68871,Hemoglobin subunit beta OS=Homo sapiens OX=9606 GN=HBB PE=1 SV=2,25.65355016533984,25.435314304107887,0.21823586123195327,0.03608728836192857,2.145785102807885,0.5540393311809939,0.1182861118529881
APOC1,P02654,Apolipoprotein C-I OS=Homo sapiens OX=9606 GN=APOC1 PE=1 SV=1,30.070889973088892,30.07001402392519,0.0008759491637029271,0.9837941433337449,0.02040020069141266,0.0052673091691420185,0.9931593028826289
ZYX,Q15942,Zyxin OS=Homo sapiens OX=9606 GN=ZYX PE=1 SV=1,29.84041278283639,29.857348291868163,-0.016935509031775098,0.8337361494876885,-0.21085930177363732,-0.054443637610814756,0.9096860863930738
LIMS1,P48059,LIM and senescent cell antigen-like-containing domain protein 1 OS=Homo sapiens OX=9606 GN=LIMS1 PE=1 SV=4,28.867771146954375,28.973053952964232,-0.10528280600985696,0.09610313753990733,-1.6915271464338242,-0.43675043118639706,0.23735240015670137
APOD,C9JF17,Apolipoprotein D (Fragment) OS=Homo sapiens OX=9606 GN=APOD PE=1 SV=1,29.268141949285337,29.52295509078446,-0.25481314149912393,0.0871413118717121,-1.7401227242908421,-0.4492977554357007,0.22139730432478053
SELL,P14151,L-selectin OS=Homo sapiens OX=9606 GN=SELL PE=1 SV=2,29.11161111518694,29.121525360149956,-0.009914244963017182,0.8866940382592003,-0.1431167418941782,-0.036952583861307835,0.9410417074929421
SKAP2,O75563,Src kinase-associated phosphoprotein 2 OS=Homo sapiens OX=9606 GN=SKAP2 PE=1 SV=1,28.43206717038059,28.50081232151121,-0.06874515113061719,0.29005395999432587,-1.067757824067542,-0.275693884693084,0.48358994373937436
EHD3,Q9NZN3,EH domain-containing protein 3 OS=Homo sapiens OX=9606 GN=EHD3 PE=1 SV=2,30.171192176922304,30.200138634747365,-0.02894645782506089,0.5407572239621348,-0.6153095378436687,-0.15887223952207408,0.7037796223624841
F2,P00734,Prothrombin OS=Homo sapiens OX=9606 GN=F2 PE=1 SV=2,29.241599626167993,28.84593815370783,0.39566147246016214,0.10367047997423162,1.6533130017294277,0.42688358145108457,0.24946688005883833
ITIH1,P19827,Inter-alpha-trypsin inhibitor heavy chain H1 OS=Homo sapiens OX=9606 GN=ITIH1 PE=1 SV=3,28.64349429087867,28.75367581230223,-0.1101815214235593,0.40037312810571435,-0.8471871914914169,-0.2187427922510994,0.5851324707086265
IGLC6,P0CF74,Immunoglobulin lambda constant 6 OS=Homo sapiens OX=9606 GN=IGLC6 PE=1 SV=1,25.85841098262513,25.14172025316065,0.7166907294644815,1.1608947876191309e-07,6.042233987205358,1.5600981070889859,4.51050096750555e-06
RAC1,P63000,Ras-related C3 botulinum toxin substrate 1 OS=Homo sapiens OX=9606 GN=RAC1 PE=1 SV=1,28.49411700363514,28.372491286287584,0.12162571734755545,0.2736552806813249,1.1051563917257554,0.2853501533405688,0.4657402373134087
PIP4K2A,P48426,Phosphatidylinositol 5-phosphate 4-kinase type-2 alpha OS=Homo sapiens OX=9606 GN=PIP4K2A PE=1 SV=2,28.745112249327704,28.83956243773652,-0.09445018840881758,0.2757752607072292,-1.1002351270304151,-0.28407948826008,0.4678487649697722
LTF,P02788,Lactotransferrin OS=Homo sapiens OX=9606 GN=LTF PE=1 SV=6,29.198792948456735,28.979227843813216,0.21956510464351808,0.015495366013604248,2.4942117543099136,0.6440027057571387,0.06327272920622175
RALB,P11234,Ras-related protein Ral-B OS=Homo sapiens OX=9606 GN=RALB PE=1 SV=1,27.431417524261878,27.5670747399397,-0.13565721567782063,0.1995671096002565,-1.2975853212805328,-0.335035089306847,0.38210385287645265
C1S,P09871,Complement C1s subcomponent OS=Homo sapiens OX=9606 GN=C1S PE=1 SV=1,29.721413359178438,29.576143101198916,0.1452702579795222,0.07142997248593651,1.8363673772930866,0.4741480179849811,0.19450930969247326
TUBA1B,P68363,Tubulin alpha-1B chain OS=Homo sapiens OX=9606 GN=TUBA1B PE=1 SV=1,25.80906748507726,25.877425822769695,-0.06835833769243393,0.6081527985045516,-0.5155148266303471,-0.13310535588415587,0.7539201618815181
AHSG,P02765,Alpha-2-HS-glycoprotein OS=Homo sapiens OX=9606 GN=AHSG PE=1 SV=2,28.936106859213137,28.982996286915853,-0.04688942770271609,0.6133704330746022,-0.5080136746233253,-0.13116856676411814,0.7569215008075078
EPHX1,P07099,Epoxide hydrolase 1 OS=Homo sapiens OX=9606 GN=EPHX1 PE=1 SV=1,23.224094390051548,22.903084941438017,0.3210094486135304,0.02003493799167252,2.3916718124827465,0.6175270066226256,0.07625246479760478
SERPINA5,P05154,Plasma serine protease inhibitor OS=Homo sapiens OX=9606 GN=SERPINA5 PE=1 SV=3,27.482287543052834,27.435873394860554,0.04641414819228018,0.4263922783622154,0.8010149032240212,0.20682115868337198,0.6090330967668544
SYNCRIP,O60506,Heterogeneous nuclear ribonucleoprotein Q OS=Homo sapiens OX=9606 GN=SYNCRIP PE=1 SV=2,26.5227849583213,26.672296366665094,-0.14951140834379473,0.12355008137011395,-1.562757021343057,-0.4035021278553579,0.2768147392722806
CFHR1,Q03591,Complement factor H-related protein 1 OS=Homo sapiens OX=9606 GN=CFHR1 PE=1 SV=2,28.654423476695943,28.502932117399748,0.15149135929619462,0.05255304091871165,1.979149012896946,0.5110140777741813,0.15531909867070068
RAN,P62826,GTP-binding nuclear protein Ran OS=Homo sapiens OX=9606 GN=RAN PE=1 SV=3,26.71458115432854,26.748105545856596,-0.03352439152805786,0.772920651055485,-0.2899078706794553,-0.07485389033839893,0.8707656273913632
TTR,P02766,Transthyretin OS=Homo sapiens OX=9606 GN=TTR PE=1 SV=1,25.620034307245223,25.634583978562514,-0.014549671317290347,0.872837895014075,-0.16076403963876804,-0.041509096545998506,0.9319241064057785
WIPF1,O43516,WAS/WASL-interacting protein family member 1 OS=Homo sapiens OX=9606 GN=WIPF1 PE=1 SV=3,28.693399440651255,28.700676514782675,-0.007277074131419425,0.9267630385097936,-0.0923186114789438,-0.023836562986862812,0.9625268491135006
C1QC,P02747,Complement C1q subcomponent subunit C OS=Homo sapiens OX=9606 GN=C1QC PE=1 SV=3,29.23498392937252,29.370045847257888,-0.13506191788536626,0.13122063427268738,-1.530940178301095,-0.3952870543066636,0.29032565332832083
APOC4,P55056,Apolipoprotein C-IV OS=Homo sapiens OX=9606 GN=APOC4 PE=1 SV=1,28.57715316503801,28.57976707632543,-0.00261391128742261,0.9809749040626935,-0.02394974491296837,-0.006183797546256153,0.9931593028826289
SERPINF1,P36955,Pigment epithelium-derived factor OS=Homo sapiens OX=9606 GN=SERPINF1 PE=1 SV=4,29.583051204447077,29.381069320918815,0.20198188352826207,0.0006924780722409517,3.5847262622512526,0.925572340960764,0.006376402133409457
S100A8,P05109,Protein S100-A8 OS=Homo sapiens OX=9606 GN=S100A8 PE=1 SV=1,29.29885557405016,29.338487024451954,-0.03963145040179228,0.5369373605625163,-0.6211457201445869,-0.16037913531253317,0.7010993568656463
DSG1,Q02413,Desmoglein-1 OS=Homo sapiens OX=9606 GN=DSG1 PE=1 SV=2,29.921154988147006,30.120427663634846,-0.19927267548784044,0.029975836707685086,-2.2251299885472084,-0.5745260925860026,0.10291273248996195
ENO1,P06733,Alpha-enolase OS=Homo sapiens OX=9606 GN=ENO1 PE=1 SV=2,30.25655308491887,30.494548073128474,-0.23799498820960352,0.013581155483783278,-2.545836748070863,-0.6573322218294199,0.05847238023153179
ARHGAP18,Q8N392,Rho GTPase-activating protein 18 OS=Homo sapiens OX=9606 GN=ARHGAP18 PE=1 SV=3,28.370749333644635,28.42581146005655,-0.0550621264119151,0.4911583463676241,-0.6928666746189184,-0.17889740612941227,0.6658853155435108
KRT6B,P04259,"Keratin, type II cytoskeletal 6B OS=Homo sapiens OX=9606 GN=KRT6B PE=1 SV=5",24.070255889229202,23.818166025097785,0.2520898641314169,0.2523366526859434,1.1562075267315186,0.29853149971938925,0.4478638506942345
RSU1,Q15404,Ras suppressor protein 1 OS=Homo sapiens OX=9606 GN=RSU1 PE=1 SV=3,28.32589133149417,28.17863654455681,0.14725478693735994,0.07794845784651219,1.7944801556126397,0.4633327838524965,0.20470597995206272
APOC4-APOC2,K7ER74,Apolipoprotein C-II OS=Homo sapiens OX=9606 GN=APOC4-APOC2 PE=1 SV=1,27.598111573505676,27.74862937588154,-0.15051780237586243,0.027781211362891287,-2.2571378921229175,-0.582790497752385,0.09741953104427267
PYM1,Q9BRP8,Partner of Y14 and mago OS=Homo sapiens OX=9606 GN=PYM1 PE=1 SV=1,25.27155062419955,25.14374112478076,0.12780949941878816,0.28408275787672055,1.0812011966004336,0.27916494855553403,0.47736691276119814
PPIB,P23284,Peptidyl-prolyl cis-trans isomerase B OS=Homo sapiens OX=9606 GN=PPIB PE=1 SV=2,28.6632435572487,28.74253694772047,-0.07929339047177208,0.3223917111811726,-0.998069122827004,-0.2577003394048554,0.5160917878342809
ADAM10,O14672,Disintegrin and metalloproteinase domain-containing protein 10 OS=Homo sapiens OX=9606 GN=ADAM10 PE=1 SV=1,28.01052271518052,28.306650578591224,-0.2961278634107032,0.018739020088051984,-2.4186162581363932,-0.62448403257525,0.07316485049085003
PLG,P00747,Plasminogen OS=Homo sapiens OX=9606 GN=PLG PE=1 SV=2,31.0931835946169,31.084791194086094,0.008392400530805588,0.871179461984355,0.1628795387071524,0.0420553160567165,0.9307772521402264
ARF3,P61204,ADP-ribosylation factor 3 OS=Homo sapiens OX=9606 GN=ARF3 PE=1 SV=2,26.576175893281174,26.535849163759497,0.04032672952167715,0.5777501403489822,0.5598315662396018,0.14454788884847947,0.7321845454064667
SELENOP,P49908,Selenoprotein P OS=Homo sapiens OX=9606 GN=SELENOP PE=1 SV=3,28.85336300207994,28.874619283022863,-0.021256280942921535,0.7270822047792707,-0.35070242551909125,-0.09055097690066582,0.8420405905164117
ICAM1,P05362,Intercellular adhesion molecule 1 OS=Homo sapiens OX=9606 GN=ICAM1 PE=1 SV=2,24.81443709765052,24.893543343374958,-0.07910624572443936,0.44740699787616045,-0.7649427621380396,-0.1975073719041686,0.6279465617768489
DIAPH1,O60610,Protein diaphanous homolog 1 OS=Homo sapiens OX=9606 GN=DIAPH1 PE=1 SV=2,29.40384061360969,29.919866009738076,-0.5160253961283843,0.21561299568329303,-1.2519511791213214,-0.32325240446677445,0.3998016954562538
ORM2,P19652,Alpha-1-acid glycoprotein 2 OS=Homo sapiens OX=9606 GN=ORM2 PE=1 SV=2,27.69393378829286,27.577877743130717,0.11605604516214285,0.05449861592415911,1.9625736274293704,0.5067343316493221,0.1588069325754587
C9,P02748,Complement component C9 OS=Homo sapiens OX=9606 GN=C9 PE=1 SV=2,29.39559793590207,29.477282163589287,-0.08168422768721584,0.30318314215339,-1.0388562292901895,-0.2682315250096492,0.4954220127980752
H1-3,P16402,Histone H1.3 OS=Homo sapiens OX=9606 GN=H1-3 PE=1 SV=2,28.11294907192518,28.016708554918488,0.09624051700669156,0.43187434945916026,0.79150516194887,0.20436575404434518,0.6131691966920163
KRAS,P01116,GTPase KRas OS=Homo sapiens OX=9606 GN=KRAS PE=1 SV=1,28.270260583424363,28.186000258990685,0.08426032443367859,0.3393965815446487,0.9632992308292309,0.24872279189440166,0.5305777766443821
EIF2S3,P41091,Eukaryotic translation initiation factor 2 subunit 3 OS=Homo sapiens OX=9606 GN=EIF2S3 PE=1 SV=3,28.960451211297777,28.662919708980798,0.29753150231697845,4.311328700627274e-05,4.424955502356384,1.14251859788901,0.0006747223021007486
HMGB1,P09429,High mobility group protein B1 OS=Homo sapiens OX=9606 GN=HMGB1 PE=1 SV=3,27.59839557970737,27.432103615304907,0.1662919644024612,0.12855200611654796,1.541836939385217,0.398100585920424,0.2860102594185208
LBP,P18428,Lipopolysaccharide-binding protein OS=Homo sapiens OX=9606 GN=LBP PE=1 SV=3,29.062171212190318,29.122903487913614,-0.060732275723296425,0.2527492792053464,-1.1551908699115627,-0.29826900005722273,0.4478638506942345
KRT16,P08779,"Keratin, type I cytoskeletal 16 OS=Homo sapiens OX=9606 GN=KRT16 PE=1 SV=4",30.139659028111794,29.91209017993918,0.2275688481726128,0.0761601377484436,1.805670435987934,0.466222101821357,0.20262468975374867
CPB2,Q96IY4,Carboxypeptidase B2 OS=Homo sapiens OX=9606 GN=CPB2 PE=1 SV=2,27.09947911574687,26.94224013337608,0.1572389823707887,0.2665394384202363,1.121873323662344,0.28966644660657476,0.45719823467281423
CSTA,P01040,Cystatin-A OS=Homo sapiens OX=9606 GN=CSTA PE=1 SV=1,25.679877580789967,25.67804168539987,0.0018358953900978747,0.9857341771701369,0.017957768754920177,0.004636675954856649,0.9932160305072916
PKM,P14618,Pyruvate kinase PKM OS=Homo sapiens OX=9606 GN=PKM PE=1 SV=4,30.289334597018748,30.16252491828259,0.12680967873615856,0.05179004163234021,1.9857933170498268,0.5127296297295976,0.1536341458478919
NACA,E9PAV3,"Nascent polypeptide-associated complex subunit alpha, muscle-specific form OS=Homo sapiens OX=9606 GN=NACA PE=1 SV=1",27.26413411089789,27.093266945633978,0.17086716526391044,0.3068767686287641,1.0308801218432622,0.2661721029223485,0.49934085028153347
TUBB1,Q9H4B7,Tubulin beta-1 chain OS=Homo sapiens OX=9606 GN=TUBB1 PE=1 SV=1,30.609791918286145,30.749590401912243,-0.13979848362609815,0.04255286632165541,-2.073748615300113,-0.535439590085202,0.13503329890517343
HPX,P02790,Hemopexin OS=Homo sapiens OX=9606 GN=HPX PE=1 SV=2,28.73799139128864,28.55811156013619,0.17987983115245143,0.022842392095861336,2.3382762579029,0.6037403337126753,0.08384315808457858
SERPINC1,P01008,Antithrombin-III OS=Homo sapiens OX=9606 GN=SERPINC1 PE=1 SV=1,27.861126813452323,28.18670225187385,-0.32557543842152725,0.011705791708098882,-2.6032582959975636,-0.6721584017516575,0.052087503326819884
KRT78,Q8N1N4,"Keratin, type II cytoskeletal 78 OS=Homo sapiens OX=9606 GN=KRT78 PE=1 SV=2",28.329970009403432,28.155688033582454,0.17428197582097837,0.023373559713587462,2.3288388288807957,0.6013036000171004,0.08546524876469494
GSN,P06396,Gelsolin OS=Homo sapiens OX=9606 GN=GSN PE=1 SV=1,27.6307702553672,27.527244884182878,0.10352537118432181,0.23738074790988128,1.1938912313774055,0.3082613904205172,0.43069194922601467
IGKV2-28,A0A075B6P5,Immunoglobulin kappa variable 2-28 OS=Homo sapiens OX=9606 GN=IGKV2-28 PE=3 SV=1,26.156084854870826,26.724891968233894,-0.5688071133630679,0.019990873438858112,-2.392561991680375,-0.6177568499031293,0.07625246479760478
PRXL2A,Q9BRX8,Peroxiredoxin-like 2A OS=Homo sapiens OX=9606 GN=PRXL2A PE=1 SV=3,20.975751971237017,21.357126354220682,-0.3813743829836653,0.6058921307033165,-0.518774001625896,-0.13394687124949833,0.7528753230970228
LRRC59,Q96AG4,Leucine-rich repeat-containing protein 59 OS=Homo sapiens OX=9606 GN=LRRC59 PE=1 SV=1,24.407990278697607,24.637969754854204,-0.22997947615659697,0.14506163694386132,-1.4770878932553595,-0.3813824540975071,0.3073699701119151
PRDX1,Q06830,Peroxiredoxin-1 OS=Homo sapiens OX=9606 GN=PRDX1 PE=1 SV=1,23.94524963189199,23.49572224142722,0.44952739046476964,7.0464225490010575e-06,4.93731719215775,1.274809817344702,0.00013839291077081446
APOC3,B0YIW2,Apolipoprotein C-III OS=Homo sapiens OX=9606 GN=APOC3 PE=1 SV=1,27.761991012502946,27.642313868043168,0.11967714445977862,0.05790729268453818,1.934716386029651,0.4995416228484959,0.16622018374996164
RAB10,P61026,Ras-related protein Rab-10 OS=Homo sapiens OX=9606 GN=RAB10 PE=1 SV=1,29.591144802771176,29.855653403442723,-0.26450860067154736,0.003946620135421131,-3.002461225516482,-0.7752321549372564,0.024273999520177073
SERPINA3,P01011,Alpha-1-antichymotrypsin OS=Homo sapiens OX=9606 GN=SERPINA3 PE=1 SV=2,28.228427311881926,27.824022644796795,0.40440466708513156,0.0003425080337961645,3.806067710221197,0.9827224570816329,0.003637435318915267
RPS27A,P62979,Ubiquitin-ribosomal protein eS31 fusion protein OS=Homo sapiens OX=9606 GN=RPS27A PE=1 SV=2,27.74550770386757,27.46324594338923,0.28226176047834173,0.009293687356058218,2.69092643634842,0.6947942182564469,0.044062035589883156
ORM1,P02763,Alpha-1-acid glycoprotein 1 OS=Homo sapiens OX=9606 GN=ORM1 PE=1 SV=2,28.284235374372862,28.43906296445102,-0.15482759007815616,0.22479997526921539,-1.226946442715404,-0.3167962092883462,0.41114392721453513
SERPINA4,P29622,Kallistatin OS=Homo sapiens OX=9606 GN=SERPINA4 PE=1 SV=3,27.38098749032151,27.505547856005382,-0.12456036568387319,0.2146393893534233,-1.2546468484584614,-0.32394842329674944,0.39897380074679506
IGHA2,A0A0G2JMB2,Immunoglobulin heavy constant alpha 2 (A2m marker) (Fragment) OS=Homo sapiens OX=9606 GN=IGHA2 PE=1 SV=1,26.541231943149537,26.611729454483136,-0.07049751133359905,0.6852727976165298,-0.40731950126262406,-0.10516944299837691,0.810990199785783
EIF5,P55010,Eukaryotic translation initiation factor 5 OS=Homo sapiens OX=9606 GN=EIF5 PE=1 SV=2,25.374451023690497,25.522802831082792,-0.14835180739229514,0.06542130921090653,-1.877929565082677,-0.4848793287277164,0.1818780900051904
DSC1,Q08554,Desmocollin-1 OS=Homo sapiens OX=9606 GN=DSC1 PE=1 SV=2,26.794790154558175,26.937986044181894,-0.1431958896237191,0.15033561322562342,-1.4576317316144933,-0.3763588947630941,0.3156589430775988
C5,P01031,Complement C5 OS=Homo sapiens OX=9606 GN=C5 PE=1 SV=4,28.304544006829797,28.15464332358032,0.14990068324947714,0.022027173733758003,2.3531481494298707,0.6075802395933795,0.08196022457098308
AGT,A0A7P0T8D1,Angiotensinogen OS=Homo sapiens OX=9606 GN=AGT PE=1 SV=1,26.904902608297807,26.80653967279128,0.09836293550652542,0.17507062797435052,1.3728931068911376,0.35447947594082235,0.35109492411820176
CAP1,Q01518,Adenylyl cyclase-associated protein 1 OS=Homo sapiens OX=9606 GN=CAP1 PE=1 SV=5,31.41985605911061,31.44342084477456,-0.02356478566395026,0.7543743234269031,-0.3143617613258155,-0.08116785775328761,0.8602135270000405
MYH9,P35579,Myosin-9 OS=Homo sapiens OX=9606 GN=MYH9 PE=1 SV=4,30.573783749476295,30.770316513372155,-0.19653276389585983,0.003469626809168832,-3.0476600960842615,-0.7869024531356826,0.02197692079168618
BTF3L4,Q96K17,Transcription factor BTF3 homolog 4 OS=Homo sapiens OX=9606 GN=BTF3L4 PE=1 SV=1,24.27067867288181,24.118774483353732,0.1519041895280786,0.009461769919139228,2.6841790547545896,0.6930520518202195,0.04459348958931595
A1BG,P04217,Alpha-1B-glycoprotein OS=Homo sapiens OX=9606 GN=A1BG PE=1 SV=4,28.547586204274225,28.638982315402572,-0.091396111128347,0.33460344333237,-0.9729806017690632,-0.2512225111222968,0.5256639893771848
QSOX1,O00391,Sulfhydryl oxidase 1 OS=Homo sapiens OX=9606 GN=QSOX1 PE=1 SV=3,28.151224805527168,28.134641289059914,0.016583516467253645,0.8061141042423287,0.2465667923492397,0.06366327203309251,0.8880634633872957
NCL,H7BY16,Nucleolin OS=Homo sapiens OX=9606 GN=NCL PE=1 SV=9,27.688650412193475,27.54719973516958,0.1414506770238937,0.04774735139201838,2.022469218091958,0.5221993066591526,0.14443526929095873
ADD1,P35611,Alpha-adducin OS=Homo sapiens OX=9606 GN=ADD1 PE=1 SV=2,25.69397772717156,25.37736591966784,0.316611807503719,0.036259825794223946,2.1437215048288634,0.553506512473926,0.11860760264927873
CLIC1,O00299,Chloride intracellular channel protein 1 OS=Homo sapiens OX=9606 GN=CLIC1 PE=1 SV=4,29.397089895536677,29.68617611950865,-0.2890862239719745,0.0052490446428439435,-2.900945429179945,-0.7490208890313637,0.029651518142022704
APCS,P02743,Serum amyloid P-component OS=Homo sapiens OX=9606 GN=APCS PE=1 SV=2,24.721652790474625,24.57731649637002,0.1443362941046047,0.1259250890007793,1.5527409987849836,0.40091600195118077,0.2813445536861731
PROS1,P07225,Vitamin K-dependent protein S OS=Homo sapiens OX=9606 GN=PROS1 PE=1 SV=1,28.426330074613094,28.268999725324907,0.15733034928818768,0.08003116639821396,1.781714930011381,0.4600368167748794,0.2079765873937273
TTN,Q8WZ42,Titin OS=Homo sapiens OX=9606 GN=TTN PE=1 SV=4,30.64610032761181,30.921398629169477,-0.2752983015576689,0.00097484341060806,-3.474606639995313,-0.8971395767549036,0.008130500278003348
EIF2S2,P20042,Eukaryotic translation initiation factor 2 subunit 2 OS=Homo sapiens OX=9606 GN=EIF2S2 PE=1 SV=2,27.816234260553816,27.75391119198897,0.06232306856484726,0.506365900296367,0.6686586587098128,0.1726469232986996,0.6738477711305748
CETP,P11597,Cholesteryl ester transfer protein OS=Homo sapiens OX=9606 GN=CETP PE=1 SV=2,28.56769324038269,28.684306647643616,-0.11661340726092462,0.2910459944943458,-1.0655429819771076,-0.27512201492436855,0.48446841089811166
ENPEP,Q07075,Glutamyl aminopeptidase OS=Homo sapiens OX=9606 GN=ENPEP PE=1 SV=3,26.985934118929144,26.78557328734001,0.20036083158913343,0.06402113232132498,1.8880760810291124,0.4874991478798878,0.17892221717170295
CALD1,Q05682,Caldesmon OS=Homo sapiens OX=9606 GN=CALD1 PE=1 SV=3,28.49263810600015,28.712970364110408,-0.22033225811025758,0.12131645315803466,-1.5723185205629193,-0.40597089633824474,0.27334810449893804
PLEK,P08567,Pleckstrin OS=Homo sapiens OX=9606 GN=PLEK PE=1 SV=3,27.234575275603433,26.729387009911953,0.5051882656914799,0.011696783315387333,2.603553764228635,0.6722346913208755,0.052087503326819884
S100A9,P06702,Protein S100-A9 OS=Homo sapiens OX=9606 GN=S100A9 PE=1 SV=1,29.627330003349524,29.70691001926906,-0.0795800159195359,0.24291765580294328,-1.1797458954023645,-0.30460908037666107,0.4367582682777524
CCN2,P29279,CCN family member 2 OS=Homo sapiens OX=9606 GN=CCN2 PE=1 SV=2,28.194620290959616,28.063856251474007,0.13076403948560866,0.02270133257630524,2.340815358891908,0.6043959267689931,0.08351783555208833
IGKV3-20,P01619,Immunoglobulin kappa variable 3-20 OS=Homo sapiens OX=9606 GN=IGKV3-20 PE=1 SV=2,27.09932009150934,26.52272774853805,0.576592342971292,0.00024247432856196971,3.9123254894193398,1.0101580976975923,0.0027788604704979698
RAC2,P15153,Ras-related C3 botulinum toxin substrate 2 OS=Homo sapiens OX=9606 GN=RAC2 PE=1 SV=1,28.23137769439318,28.39149521228442,-0.16011751789123707,0.19101841280456877,-1.3230282457558538,-0.34160442415829567,0.37245083426888376
JUP,P14923,Junction plakoglobin OS=Homo sapiens OX=9606 GN=JUP PE=1 SV=3,26.819807327879897,26.44497368213923,0.37483364574066513,2.8726015206231604e-05,4.541718618699968,1.1726667048923418,0.0004669443084033362
PARVB,Q9HBI1,Beta-parvin OS=Homo sapiens OX=9606 GN=PARVB PE=1 SV=1,28.114323565403673,28.485373223343462,-0.37104965793978906,0.0036246167805891105,-3.0323696015986243,-0.7829544644358062,0.02273234067511202
CDHR2,Q9BYE9,Cadherin-related family member 2 OS=Homo sapiens OX=9606 GN=CDHR2 PE=1 SV=2,20.435773894880118,19.153394938028985,1.282378956851133,0.0009449345916826439,3.4847164287383454,0.899749912983933,0.007941230230043056
AMBP,P02760,Protein AMBP OS=Homo sapiens OX=9606 GN=AMBP PE=1 SV=1,27.633433688830912,27.60067729709608,0.032756391734832135,0.7353184859577603,0.3396880658310095,0.08770708145792724,0.847026568276805
HBA1; HBA2,P69905,Hemoglobin subunit alpha OS=Homo sapiens OX=9606 GN=HBA1 PE=1 SV=2,28.508921728809163,28.510252454932388,-0.0013307261232249346,0.991421666468131,-0.01079799986459811,-0.002788031576529228,0.9959075389632247
HPSE,Q9Y251,Heparanase OS=Homo sapiens OX=9606 GN=HPSE PE=1 SV=2,27.09180795962471,27.00585422944203,0.08595373018268049,0.1610463450034129,1.4197048357416677,0.36656621235717435,0.3310641339899316
SEC22B,O75396,Vesicle-trafficking protein SEC22b OS=Homo sapiens OX=9606 GN=SEC22B PE=1 SV=5,20.99263701297775,20.80489883125585,0.1877381817218975,0.49006212574399244,0.6946274450494451,0.17935203509967387,0.6649650479643782
IGKV4-1,P06312,Immunoglobulin kappa variable 4-1 OS=Homo sapiens OX=9606 GN=IGKV4-1 PE=1 SV=1,22.63095890593501,22.83264731048371,-0.20168840454870107,0.10737126048530357,-1.6354482210780485,-0.42227091492132185,0.2566098829892663
RASGRP2,Q7LDG7,RAS guanyl-releasing protein 2 OS=Homo sapiens OX=9606 GN=RASGRP2 PE=1 SV=1,27.0665495538668,27.002014711869457,0.06453484199734305,0.5114163220995336,0.6607065805254551,0.17059370554031578,0.6766496686914926
BANF1,O75531,Barrier-to-autointegration factor OS=Homo sapiens OX=9606 GN=BANF1 PE=1 SV=1,25.40295926560245,25.961791658793352,-0.558832393190901,1.0504893349170781e-06,-5.4567981442012465,-1.408939222407131,2.5745069392660084e-05
SYTL4,Q96C24,Synaptotagmin-like protein 4 OS=Homo sapiens OX=9606 GN=SYTL4 PE=1 SV=2,27.388352173969405,27.30638133804007,0.08197083592933652,0.5276207599822972,0.6354708163544615,0.1640778592494441,0.6929823256762744
FLG2,Q5D862,Filaggrin-2 OS=Homo sapiens OX=9606 GN=FLG2 PE=1 SV=1,27.847133522536968,27.862978022375092,-0.015844499838124193,0.791578542415824,-0.26548329011068705,-0.06854749075300288,0.8791711498586963
ARL8B,Q9NVJ2,ADP-ribosylation factor-like protein 8B OS=Homo sapiens OX=9606 GN=ARL8B PE=1 SV=1,28.1577898122011,27.97667808843801,0.18111172376308815,0.0011568422459909352,3.4187869329372247,0.8827269903664935,0.009499225246719381
LASP1,Q14847,LIM and SH3 domain protein 1 OS=Homo sapiens OX=9606 GN=LASP1 PE=1 SV=2,28.971757541215517,29.295127692199724,-0.32337015098420707,0.40528294838046397,-0.8383374106262101,-0.21645778865719736,0.590142355365703
INF2,Q27J81,Inverted formin-2 OS=Homo sapiens OX=9606 GN=INF2 PE=1 SV=2,27.62984945917162,27.986848028810076,-0.35699856963845633,0.0006244821662351641,-3.617654800472972,-0.9340744529706091,0.005832487651645788
HMGB2,P26583,High mobility group protein B2 OS=Homo sapiens OX=9606 GN=HMGB2 PE=1 SV=2,27.41281117205936,27.42606426003586,-0.013253087976501376,0.9012404907472552,-0.12463880243835901,-0.032181600409000054,0.9482669100134594
ARHGAP45,Q92619,Rho GTPase-activating protein 45 OS=Homo sapiens OX=9606 GN=ARHGAP45 PE=1 SV=2,26.820467465664024,27.09167504906039,-0.2712075833963681,0.023391618619841178,-2.3285213409962577,-0.6012216249978046,0.08546524876469494
CD5L,O43866,CD5 antigen-like OS=Homo sapiens OX=9606 GN=CD5L PE=1 SV=1,27.67804296863693,27.535222146683875,0.14282082195305534,0.1935480564747873,1.3154116367459654,0.3396378241683043,0.3744623973430236
C7,P10643,Complement component C7 OS=Homo sapiens OX=9606 GN=C7 PE=1 SV=2,28.223031779677896,28.310285673290668,-0.0872538936127718,0.4958645968781171,-0.6853318663968111,-0.17695192701200638,0.6672255455373771
ANTXR1,Q9H6X2,Anthrax toxin receptor 1 OS=Homo sapiens OX=9606 GN=ANTXR1 PE=1 SV=2,27.688870160058944,27.79750378230274,-0.10863362224379713,0.04886755570596006,-2.0120467451032233,-0.5195082357050415,0.14605256330130278
SRC,P12931,Proto-oncogene tyrosine-protein kinase Src OS=Homo sapiens OX=9606 GN=SRC PE=1 SV=3,29.532176161279814,29.390244563782673,0.14193159749714113,0.01181893790861222,2.5995647040699086,0.6712047204167578,0.052298800245609074
PTPN6,P29350,Tyrosine-protein phosphatase non-receptor type 6 OS=Homo sapiens OX=9606 GN=PTPN6 PE=1 SV=1,28.98306130643543,29.195402213983318,-0.21234090754788681,0.11278671652198853,-1.6101870685115827,-0.41574851337492674,0.26152727717544066
CORO1C,Q9ULV4,Coronin-1C OS=Homo sapiens OX=9606 GN=CORO1C PE=1 SV=1,28.77729571743886,28.621081200947767,0.15621451649109375,0.10078115671233714,1.6676256716223412,0.4305790969267524,0.24510592769885964
C6,P13671,Complement component C6 OS=Homo sapiens OX=9606 GN=C6 PE=1 SV=3,23.421051453280093,23.42795637260218,-0.00690491932208559,0.9689106555322213,-0.03914318610688956,-0.010106727193965387,0.9856160116620871
C1QA,P02745,Complement C1q subcomponent subunit A OS=Homo sapiens OX=9606 GN=C1QA PE=1 SV=2,30.505253850494196,30.285033471668118,0.22022037882607748,0.011230016475001253,2.619154189258741,0.6762627037432329,0.050822205240559644
HNRNPD,Q14103,Heterogeneous nuclear ribonucleoprotein D0 OS=Homo sapiens OX=9606 GN=HNRNPD PE=1 SV=1,26.131553618715145,26.185927064422433,-0.05437344570728797,0.6692509553336623,-0.42936151270117984,-0.11086066587960625,0.7997539452491383
VAMP8,Q9BV40,Vesicle-associated membrane protein 8 OS=Homo sapiens OX=9606 GN=VAMP8 PE=1 SV=1,29.930406522376753,29.688911002508753,0.24149551986799977,0.007905290330786843,2.751380730969116,0.7104034500079583,0.03997818252997917
IGHG2,P01859,Immunoglobulin heavy constant gamma 2 OS=Homo sapiens OX=9606 GN=IGHG2 PE=1 SV=3,27.97010861970197,27.99681810507935,-0.026709485377377717,0.7700149938378476,-0.29372707732604725,-0.07584000525426393,0.8692766650524408
CTSS,P25774,Cathepsin S OS=Homo sapiens OX=9606 GN=CTSS PE=1 SV=3,26.09231356815685,26.106677952243924,-0.014364384087073745,0.8413357475048391,-0.20108486198759648,-0.05191988811015853,0.9135977135481995
SELP,P16109,P-selectin OS=Homo sapiens OX=9606 GN=SELP PE=1 SV=4,28.650414124944074,28.673149101015152,-0.022734976071077995,0.7971614766327746,-0.25820664511101044,-0.06666866909300215,0.881247905812637
BLMH,Q13867,Bleomycin hydrolase OS=Homo sapiens OX=9606 GN=BLMH PE=1 SV=1,27.085210091889394,27.390299617274724,-0.3050895253853305,0.04148158402918711,-2.084994427321433,-0.5383432462634121,0.13216032671699013
RALA,P11233,Ras-related protein Ral-A OS=Homo sapiens OX=9606 GN=RALA PE=1 SV=1,26.018535655754484,26.181587307769213,-0.1630516520147296,0.37016196644168986,-0.9031881962352488,-0.2332021895006823,0.5602544822176028
SAA1,P0DJI8,Serum amyloid A-1 protein OS=Homo sapiens OX=9606 GN=SAA1 PE=1 SV=2,20.930248126126095,20.50584834470323,0.4243997814228635,0.19250563299242768,1.3185411638920228,0.3404458646028499,0.3736968562953129
SAR1A,Q9NR31,Small COPII coat GTPase SAR1A OS=Homo sapiens OX=9606 GN=SAR1A PE=1 SV=1,28.031546237189364,28.240594273782225,-0.2090480365928613,0.1306195377291008,-1.5333791218152728,-0.39591678681418035,0.28939766843179077
ITGB3,P05106,Integrin beta-3 OS=Homo sapiens OX=9606 GN=ITGB3 PE=1 SV=2,26.19421028606463,26.13644649189528,0.05776379416935029,0.6367562563430234,0.47473828310362676,0.12257689761782989,0.7737244213229871
IGLV3-21,P80748,Immunoglobulin lambda variable 3-21 OS=Homo sapiens OX=9606 GN=IGLV3-21 PE=1 SV=2,19.47889457372974,18.457303937903795,1.0215906358259446,0.02458103838387676,2.3080760796826745,0.5959426812260468,0.0891972531788512
COLEC11,Q9BWP8,Collectin-11 OS=Homo sapiens OX=9606 GN=COLEC11 PE=1 SV=1,27.23642270664256,26.95712093560253,0.27930177104003207,0.05323831817293596,1.9732516792713124,0.5094913927795741,0.15676273724489276
MSN,P26038,Moesin OS=Homo sapiens OX=9606 GN=MSN PE=1 SV=3,31.497465553081675,31.532366517224556,-0.03490096414288146,0.5926823991812051,-0.5379318134466711,-0.13889339699160744,0.7420624576269237
CDSN,Q15517,Corneodesmosin OS=Homo sapiens OX=9606 GN=CDSN PE=1 SV=4,24.907774169147363,24.992378104986464,-0.08460393583910175,0.4853856123704886,-0.7021635169356035,-0.1812978404937348,0.6641636796408211
ST6GAL1,P15907,"Beta-galactoside alpha-2,6-sialyltransferase 1 OS=Homo sapiens OX=9606 GN=ST6GAL1 PE=1 SV=1",24.539527933876496,24.074238567807264,0.4652893660692321,0.0008114202238710105,3.533914416378188,0.9124527787703349,0.0072474828952125234
TJP2,Q9UDY2,Tight junction protein ZO-2 OS=Homo sapiens OX=9606 GN=TJP2 PE=1 SV=2,27.822156520346585,27.888793515393562,-0.06663699504697718,0.25032281975878307,-1.1611864851504512,-0.2998170612552549,0.4450493882541757
JCHAIN,P01591,Immunoglobulin J chain OS=Homo sapiens OX=9606 GN=JCHAIN PE=1 SV=4,28.402373391247426,28.44826150739302,-0.04588811614559418,0.5856260367837767,-0.5482475438801269,-0.14155690713645677,0.7371391455822026
TMT1A,H0YI09,Thiol methyltransferase 1A (Fragment) OS=Homo sapiens OX=9606 GN=TMT1A PE=1 SV=1,24.54504961452515,24.303237155321984,0.2418124592031674,0.02638289623426027,2.2787190583779497,0.5883627309188831,0.09402226778786714
EIF3J,O75822,Eukaryotic translation initiation factor 3 subunit J OS=Homo sapiens OX=9606 GN=EIF3J PE=1 SV=2,27.351516580901762,27.44399034009102,-0.09247375918925727,0.2526084592231724,-1.1555376981170473,-0.2983585507148119,0.4478638506942345
DCD,P81605,Dermcidin OS=Homo sapiens OX=9606 GN=DCD PE=1 SV=2,26.542792968807117,26.432167547627238,0.11062542117987917,0.21181047365149994,1.2625310925822244,0.3259841263760006,0.39509845963330137
CD36,P16671,Platelet glycoprotein 4 OS=Homo sapiens OX=9606 GN=CD36 PE=1 SV=2,28.784315941610757,27.820863011578428,0.9634529300323287,0.009925666878064862,2.6661101981756516,0.6883866931125371,0.04623271151098633
NRGN,Q92686,Neurogranin OS=Homo sapiens OX=9606 GN=NRGN PE=1 SV=1,25.38823220509066,25.615552707556713,-0.2273205024660534,0.5234953668660793,-0.6418561229390986,-0.1657265383202926,0.6897668481535685
IGHV3-72,A0A4W8ZXM2,Immunoglobulin heavy variable 3-72 OS=Homo sapiens OX=9606 GN=IGHV3-72 PE=4 SV=1,28.259477448678073,28.27875246941758,-0.019275020739506488,0.8522990676045802,-0.18701815079672912,-0.048287878898282614,0.9192365705444118
GPLD1,P80108,Phosphatidylinositol-glycan-specific phospholipase D OS=Homo sapiens OX=9606 GN=GPLD1 PE=1 SV=3,25.556938181596912,25.644240406492425,-0.08730222489551309,0.11260211104254499,-1.6110318370055499,-0.4159666316621624,0.2614798292868428
GGT5,P36269,Glutathione hydrolase 5 proenzyme OS=Homo sapiens OX=9606 GN=GGT5 PE=1 SV=2,19.513497817507833,18.975473328551676,0.5380244889561574,0.19376625963583846,1.3147581634063503,0.33946909807753634,0.3744623973430236
APOM,O95445,Apolipoprotein M OS=Homo sapiens OX=9606 GN=APOM PE=1 SV=2,26.422770303741387,26.077436916979313,0.3453333867620749,0.12894146448321417,1.5402355066264908,0.3976870977601161,0.2864766428476432
SFTPB,P07988,Pulmonary surfactant-associated protein B OS=Homo sapiens OX=9606 GN=SFTPB PE=1 SV=3,26.381670149314736,26.43405066536152,-0.052380516046785175,0.48659091667773735,-0.700217368641837,-0.18079534716500098,0.6641636796408211
MARCKSL1,P49006,MARCKS-related protein OS=Homo sapiens OX=9606 GN=MARCKSL1 PE=1 SV=2,18.02716313796288,17.459910145759945,0.5672529922029348,0.14443797028162583,1.4794251898195854,0.38198594147540005,0.3067862488781733
TXN,P10599,Thioredoxin OS=Homo sapiens OX=9606 GN=TXN PE=1 SV=3,27.336665308252115,27.32919045724106,0.007474851011053829,0.947865814108624,0.06567072980740575,0.016956109525157966,0.9733035563845556
IGHV4-34,P06331,Immunoglobulin heavy variable 4-34 OS=Homo sapiens OX=9606 GN=IGHV4-34 PE=1 SV=2,26.761421384780384,26.825701395620317,-0.06428001083993351,0.7153511913653515,-0.3664655599733535,-0.09462100071569157,0.8341081832682191
CASP14,P31944,Caspase-14 OS=Homo sapiens OX=9606 GN=CASP14 PE=1 SV=2,24.94160676972739,24.779359911584866,0.16224685814252382,0.2041664400005843,1.28423355780155,0.33158767880040685,0.3858091802146273
FLG,P20930,Filaggrin OS=Homo sapiens OX=9606 GN=FLG PE=1 SV=3,28.05727465691534,27.756539051415572,0.3007356054997672,0.09272921932525952,1.7093655317304666,0.4413562824648722,0.23120451739954073
S100A7,P31151,Protein S100-A7 OS=Homo sapiens OX=9606 GN=S100A7 PE=1 SV=4,27.42122031658277,27.77763290025005,-0.35641258366728223,0.03262712066524526,-2.1891100320293564,-0.5652257798043522,0.11105769918746942
ANGPTL3,Q9Y5C1,Angiopoietin-related protein 3 OS=Homo sapiens OX=9606 GN=ANGPTL3 PE=1 SV=1,19.377760581168765,18.604574834462777,0.7731857467059875,0.0021616329696661353,3.210499622162144,0.8289474379759458,0.015169521236467637
CD9,A0A087WU13,Tetraspanin OS=Homo sapiens OX=9606 GN=CD9 PE=1 SV=2,30.071138752740158,29.956493825915892,0.11464492682426553,0.10982301762637763,1.6238866522943347,0.4192857306976315,0.2595668651021062
RAB8B,Q92930,Ras-related protein Rab-8B OS=Homo sapiens OX=9606 GN=RAB8B PE=1 SV=2,27.08433591904064,27.160420408175582,-0.07608448913494215,0.46681478049779146,-0.7324976910283865,-0.18913009056588845,0.6455173136571023
RAP1A,P62834,Ras-related protein Rap-1A OS=Homo sapiens OX=9606 GN=RAP1A PE=1 SV=1,28.79355353912261,28.96966911100851,-0.17611557188590155,0.10901408982708906,-1.6276778882628062,-0.4202646236154603,0.2580378084614456
CFHR2,P36980,Complement factor H-related protein 2 OS=Homo sapiens OX=9606 GN=CFHR2 PE=1 SV=1,25.99443184553416,25.41134325296355,0.5830885925706077,0.001260278550529242,3.3906742152004417,0.8754683178590809,0.010139513792894355
TNIK,Q9UKE5,TRAF2 and NCK-interacting protein kinase OS=Homo sapiens OX=9606 GN=TNIK PE=1 SV=1,27.815316153900692,27.984327813653024,-0.16901165975233212,0.06423842167224014,-1.8864892327059928,-0.4870894254046612,0.17921507132027764
GLIPR2,Q9H4G4,Golgi-associated plant pathogenesis-related protein 1 OS=Homo sapiens OX=9606 GN=GLIPR2 PE=1 SV=3,26.43621330489215,26.37806849427504,0.05814481061710808,0.4270756866887615,0.7998254289545275,0.20651403774760588,0.6090703392078757
HSPA5,P11021,Endoplasmic reticulum chaperone BiP OS=Homo sapiens OX=9606 GN=HSPA5 PE=1 SV=2,23.08799163980841,23.09033265467285,-0.0023410148644380513,0.9627887390967849,-0.04685628164994226,-0.01209823989969537,0.9812683694057442
EMILIN1,Q9Y6C2,EMILIN-1 OS=Homo sapiens OX=9606 GN=EMILIN1 PE=1 SV=3,27.105684580210685,27.10615378267035,-0.0004692024596657518,0.9965500928595663,-0.004342507715788946,-0.0011212306709351863,0.9978028271057757
C8A,P07357,Complement component C8 alpha chain OS=Homo sapiens OX=9606 GN=C8A PE=1 SV=2,27.350162674731596,27.205270216197395,0.1448924585342013,0.14040467975561238,1.494735515831908,0.3859390506534488,0.30080684136581193
MYL6,B7Z6Z4,Myosin light chain 6 OS=Homo sapiens OX=9606 GN=MYL6 PE=1 SV=1,26.907320875603272,27.00367344224601,-0.09635256664273939,0.37358899335360585,-0.8966942248278309,-0.2315254532932372,0.5624456139143534
SERPINF2,P08697,Alpha-2-antiplasmin OS=Homo sapiens OX=9606 GN=SERPINF2 PE=1 SV=3,25.19056511184355,25.260602427363082,-0.07003731551953152,0.2018567625037015,-1.29091006039021,-0.3333115443561929,0.38417899960381896
CYP2C9,P11712,Cytochrome P450 2C9 OS=Homo sapiens OX=9606 GN=CYP2C9 PE=1 SV=3,21.16509706310695,19.4593755101193,1.7057215529876473,0.00013011417479506554,4.100418579335056,1.0587235246829432,0.001669566948217428
RAP1B,F5GZG1,"RAP1B, member of RAS oncogene family (Fragment) OS=Homo sapiens OX=9606 GN=RAP1B PE=1 SV=8",21.445542032818288,19.483115263125455,1.9624267696928328,0.0013997543839473884,3.356043048741447,0.8665265891287192,0.010984279476000934
SCARB1,B7ZKQ9,Scavenger receptor class B member 1 OS=Homo sapiens OX=9606 GN=SCARB1 PE=1 SV=1,21.15784422743304,21.13870779939352,0.01913642803951987,0.9597515501481564,0.05068390564469396,0.013086528165509852,0.9794261495105785
CIRBP,Q14011,Cold-inducible RNA-binding protein OS=Homo sapiens OX=9606 GN=CIRBP PE=1 SV=1,24.09967191708889,23.853037850994657,0.24663406609423433,0.0347490732885561,2.1620904349262875,0.5582493498309241,0.11604879192593263
PIGR,P01833,Polymeric immunoglobulin receptor OS=Homo sapiens OX=9606 GN=PIGR PE=1 SV=4,26.032010503784498,26.065522641665567,-0.03351213788106833,0.7679939006250591,-0.2963861749506367,-0.07652658130866224,0.8682855100750313
SPTB,P11277,"Spectrin beta chain, erythrocytic OS=Homo sapiens OX=9606 GN=SPTB PE=1 SV=5",27.670658242782544,28.12420992381612,-0.4535516810335771,0.003283629744750228,-3.06687485374558,-0.7918636822305959,0.021092024933012557
DTD1,Q8TEA8,D-aminoacyl-tRNA deacylase 1 OS=Homo sapiens OX=9606 GN=DTD1 PE=1 SV=2,28.06924812312855,28.372674498679622,-0.3034263755510729,0.31724514977857776,-1.0088327496321614,-0.2604794958955998,0.5120278861167926
CDC42,P60953,Cell division control protein 42 homolog OS=Homo sapiens OX=9606 GN=CDC42 PE=1 SV=2,29.778355860837713,29.554618593883742,0.22373726695397167,0.0372157792251136,2.1324411754746673,0.5505939439586903,0.12098925776654279
LRRC47,Q8N1G4,Leucine-rich repeat-containing protein 47 OS=Homo sapiens OX=9606 GN=LRRC47 PE=1 SV=1,27.217666612267877,27.227412871988523,-0.009746259720646577,0.8775917769463005,-0.1547040001738949,-0.03994440108434429,0.9348963009380826
ITGA1,P56199,Integrin alpha-1 OS=Homo sapiens OX=9606 GN=ITGA1 PE=1 SV=2,23.298278152248084,20.193120628488707,3.1051575237593774,6.852351806402867e-10,7.37556132052276,1.9043617442210823,4.548248511499903e-08
UBE2O,Q9C0C9,(E3-independent) E2 ubiquitin-conjugating enzyme OS=Homo sapiens OX=9606 GN=UBE2O PE=1 SV=3,25.64435570247986,25.381271585787907,0.2630841166919531,0.035715510584977635,2.1502611706948045,0.5551950469398295,0.1180390214976543
PF4V1,P10720,Platelet factor 4 variant OS=Homo sapiens OX=9606 GN=PF4V1 PE=1 SV=1,25.533931662729746,24.670940904113753,0.8629907586159931,2.6974266796615354e-07,5.819683005524076,1.502635690706738,8.952084793126722e-06
C8G,P07360,Complement component C8 gamma chain OS=Homo sapiens OX=9606 GN=C8G PE=1 SV=3,23.03664514081097,22.862722095503393,0.17392304530757485,0.11777220107820865,1.587784587113775,0.40996421755043133,0.2677852562606775
IGLV3-25,P01717,Immunoglobulin lambda variable 3-25 OS=Homo sapiens OX=9606 GN=IGLV3-25 PE=1 SV=2,28.3427190260066,28.236361900342352,0.10635712566424615,0.1071452019304789,1.636524989203349,0.42254893525578957,0.2566098829892663
KRT4,P19013,"Keratin, type II cytoskeletal 4 OS=Homo sapiens OX=9606 GN=KRT4 PE=1 SV=5",27.048680379067683,27.04830766761349,0.00037271145419381924,0.9984976259360752,0.00189108106295844,0.00048827503087775053,0.9984976259360752
IGHV5-51,A0A0C4DH38,Immunoglobulin heavy variable 5-51 OS=Homo sapiens OX=9606 GN=IGHV5-51 PE=1 SV=1,25.393802727067165,25.130984058690316,0.2628186683768483,0.02854696465340687,2.2457237156106147,0.5798433700495301,0.09895546052310207
GNAI2,P04899,Guanine nucleotide-binding protein G(i) subunit alpha-2 OS=Homo sapiens OX=9606 GN=GNAI2 PE=1 SV=3,23.227566435914547,23.091405704800554,0.13616073111399274,0.3857521558566489,0.8739456981955588,0.22565180897340084,0.573230582350412
H1-5,P16401,Histone H1.5 OS=Homo sapiens OX=9606 GN=H1-5 PE=1 SV=3,27.721696507432657,27.697346151843135,0.024350355589522366,0.7353658153966235,0.339624894315645,0.08769077064279646,0.847026568276805
IGLL5,B9A064,Immunoglobulin lambda-like polypeptide 5 OS=Homo sapiens OX=9606 GN=IGLL5 PE=1 SV=2,27.21558296530527,27.139156336320728,0.07642662898454233,0.5285624162019649,0.6340169866844467,0.16370248204276477,0.6932435138267029
MYLK,Q15746,"Myosin light chain kinase, smooth muscle OS=Homo sapiens OX=9606 GN=MYLK PE=1 SV=4",28.475781777769352,28.5538770490387,-0.07809527126934768,0.18117674124777863,-1.3534077622528926,-0.3494483815888867,0.3576388461062099
STOM,P27105,Stomatin OS=Homo sapiens OX=9606 GN=STOM PE=1 SV=3,26.879405608706225,26.71255644674687,0.16684916195935529,0.22246594078877127,1.2332268325676146,0.31841779897536626,0.4092242998574049
KRT17,Q04695,"Keratin, type I cytoskeletal 17 OS=Homo sapiens OX=9606 GN=KRT17 PE=1 SV=2",28.270533564446186,28.224621522533507,0.04591204191267906,0.7805239563738933,0.2799341933605989,0.07227869792797376,0.8743389390241598
CFP,P27918,Properdin OS=Homo sapiens OX=9606 GN=CFP PE=1 SV=2,23.558696767017064,23.458170886815253,0.10052588020181119,0.28655192368312704,1.0756186835436083,0.2777235498822627,0.47870535496012057
HSPB1,P04792,Heat shock protein beta-1 OS=Homo sapiens OX=9606 GN=HSPB1 PE=1 SV=2,27.572865117496598,27.940907796717926,-0.36804267922132894,0.018682063795205206,-2.4198384182344057,-0.62479959295565,0.07312168949818647
CISD2,D6RCF4,CDGSH iron-sulfur domain-containing protein 2 OS=Homo sapiens OX=9606 GN=CISD2 PE=1 SV=1,20.8012366246678,20.62018581952316,0.18105080514463978,0.36207709487874984,0.9186620626460943,0.23719752462805854,0.5540718656501906
ACTA1,P68133,"Actin, alpha skeletal muscle OS=Homo sapiens OX=9606 GN=ACTA1 PE=1 SV=1",26.199277289114846,26.404652509548843,-0.20537522043399647,0.005698339960238897,-2.871321437778652,-0.7413720073416704,0.03175897645031062
BZW2,Q9Y6E2,eIF5-mimic protein 1 OS=Homo sapiens OX=9606 GN=BZW2 PE=1 SV=1,24.767000010807127,24.87835400489629,-0.11135399408916413,0.6125405455803753,-0.5092048202603909,-0.1314761192451357,0.7569215008075078
SERPINE1,P05121,Plasminogen activator inhibitor 1 OS=Homo sapiens OX=9606 GN=SERPINE1 PE=1 SV=1,16.92690063818915,15.625162344659326,1.301738293529823,0.01105225689382813,2.625251032552631,0.6778369019126776,0.05016024282583536
HMGN3,A0A087WZE9,High mobility group nucleosome-binding domain-containing protein 3 OS=Homo sapiens OX=9606 GN=HMGN3 PE=1 SV=1,24.01497493846123,23.664283749450767,0.3506911890104618,0.0066698997047207765,2.814021960555344,0.7265773459395195,0.0355652143772089
UGT2B17,O75795,UDP-glucuronosyltransferase 2B17 OS=Homo sapiens OX=9606 GN=UGT2B17 PE=1 SV=1,22.49356623778783,21.897225816830098,0.5963404209577341,0.0013612481124040065,3.3652654997067577,0.8689078157287103,0.01073499130227516
CFI,P05156,Complement factor I OS=Homo sapiens OX=9606 GN=CFI PE=1 SV=2,23.825151398150187,23.942823800222836,-0.11767240207264962,0.5057280850112509,-0.6696659547487547,-0.1729070060176011,0.6735993640659889
PPP2R5A,Q15172,Serine/threonine-protein phosphatase 2A 56 kDa regulatory subunit alpha isoform OS=Homo sapiens OX=9606 GN=PPP2R5A PE=1 SV=1,27.845152667175277,28.158294017246792,-0.3131413500715148,0.004508232087108347,-2.9553567620390013,-0.7630698347652353,0.026676348144311714
DNAJB11,Q9UBS4,DnaJ homolog subfamily B member 11 OS=Homo sapiens OX=9606 GN=DNAJB11 PE=1 SV=1,26.992715746087285,26.683520761479606,0.3091949846076787,0.013730417140738282,2.541581794979204,0.6562335976652274,0.058797189530097
IQGAP1,P46940,Ras GTPase-activating-like protein IQGAP1 OS=Homo sapiens OX=9606 GN=IQGAP1 PE=1 SV=1,29.01769042480606,29.527163591902696,-0.5094731670966368,0.025026725156063415,-2.3006411130959323,-0.5940229811080426,0.09036957782997027
ARF5,P84085,ADP-ribosylation factor 5 OS=Homo sapiens OX=9606 GN=ARF5 PE=1 SV=2,23.163641381810002,23.31445405874075,-0.15081267693074807,0.3434338679095943,-0.9552141551969657,-0.24663523434262902,0.5337464893463255
CFHR5,Q9BXR6,Complement factor H-related protein 5 OS=Homo sapiens OX=9606 GN=CFHR5 PE=1 SV=1,25.803092148493022,25.443001895080968,0.3600902534120536,0.0023173549215797693,3.1868595237732986,0.8228435908184324,0.016050201695985096
PSTPIP2,Q9H939,Proline-serine-threonine phosphatase-interacting protein 2 OS=Homo sapiens OX=9606 GN=PSTPIP2 PE=1 SV=4,27.223152217218384,27.323023807456615,-0.09987159023823011,0.20333810086377826,-1.2866214869934673,-0.3322042394665548,0.38561618413809384
KRT13,P13646,"Keratin, type I cytoskeletal 13 OS=Homo sapiens OX=9606 GN=KRT13 PE=1 SV=4",27.36623439465906,27.10845830883523,0.2577760858238278,0.11484912171045959,1.600824527746824,0.41333111574425346,0.2643853336485002
BDH1,Q02338,"D-beta-hydroxybutyrate dehydrogenase, mitochondrial OS=Homo sapiens OX=9606 GN=BDH1 PE=1 SV=3",24.76231629989952,24.362362474253203,0.39995382564631754,0.02086720666836781,2.3751794151808547,0.6132686879500082,0.07858501234683196
TBC1D10B,Q4KMP7,TBC1 domain family member 10B OS=Homo sapiens OX=9606 GN=TBC1D10B PE=1 SV=3,27.17563649777161,27.13800322960866,0.03763326816294921,0.7668614056300032,0.29787709779588445,0.07691153593200391,0.8681349251888905
EIF1AX,P47813,"Eukaryotic translation initiation factor 1A, X-chromosomal OS=Homo sapiens OX=9606 GN=EIF1AX PE=1 SV=2",26.63150448258194,26.307038438564575,0.32446604401736323,0.09363583918005343,1.7045203206597064,0.44010525434581127,0.23270185930393936
ANG,P03950,Angiogenin OS=Homo sapiens OX=9606 GN=ANG PE=1 SV=1,29.121649134612895,29.04532518317661,0.07632395143628301,0.2139503154494127,1.2565601899073096,0.3244424459345493,0.3981575379800403
MOB1A,Q9H8S9,MOB kinase activator 1A OS=Homo sapiens OX=9606 GN=MOB1A PE=1 SV=4,26.115798224354684,26.598892412079042,-0.4830941877243582,0.000947164936414426,-3.4839521095204984,-0.8995525666104727,0.007941230230043056
MTDH,Q86UE4,Protein LYRIC OS=Homo sapiens OX=9606 GN=MTDH PE=1 SV=2,23.92304045832738,24.019039250865774,-0.09599879253839205,0.2788865855244667,-1.0930602911625915,-0.2822269536048898,0.47162030864169374
S100A6,P06703,Protein S100-A6 OS=Homo sapiens OX=9606 GN=S100A6 PE=1 SV=1,22.170704805551114,21.84843239476289,0.3222724107882229,0.18365737813528543,1.3456346323667232,0.3474413680824172,0.36121245088836945
SPRR2D,P22532,Small proline-rich protein 2D OS=Homo sapiens OX=9606 GN=SPRR2D PE=1 SV=2,28.373444941527158,28.53877612507489,-0.1653311835477318,0.38554852915560545,-0.8743227922434789,-0.22574917423790405,0.573230582350412
SPRR2F,Q96RM1,Small proline-rich protein 2F OS=Homo sapiens OX=9606 GN=SPRR2F PE=1 SV=1,16.732983127969025,15.082820220763024,1.650162907206001,0.002330767777882536,3.1848937482545145,0.82233602976199,0.016073216753969177
ABCF1,Q8NE71,ATP-binding cassette sub-family F member 1 OS=Homo sapiens OX=9606 GN=ABCF1 PE=1 SV=2,25.35774196379797,24.35486582664605,1.0028761371519188,4.6015997116674194e-05,4.406100563471965,1.1376502736028025,0.0007116843049209902
LCP2,Q13094,Lymphocyte cytosolic protein 2 OS=Homo sapiens OX=9606 GN=LCP2 PE=1 SV=1,27.869405294560476,27.431736200247727,0.43766909431274925,0.0011306518858819675,3.426282988661841,0.8846624636320722,0.009332271783471369
DNAJC13,O75165,DnaJ homolog subfamily C member 13 OS=Homo sapiens OX=9606 GN=DNAJC13 PE=1 SV=5,30.855610882997414,30.75354402562362,0.10206685737379573,0.2902146806119535,1.0673986403954763,0.27560114386774126,0.48358994373937436
EHD4,Q9H223,EH domain-containing protein 4 OS=Homo sapiens OX=9606 GN=EHD4 PE=1 SV=1,23.78030627591033,23.744027068819626,0.03627920709070409,0.781964663666617,0.2780475519758505,0.07179156921708067,0.8743389390241598
SBSN,Q6UWP8,Suprabasin OS=Homo sapiens OX=9606 GN=SBSN PE=1 SV=2,23.4611328504115,23.452192250189555,0.008940600221944095,0.9304461652495659,0.08766341945460138,0.02263459757461776,0.9649744409131241
RASA3,Q14644,Ras GTPase-activating protein 3 OS=Homo sapiens OX=9606 GN=RASA3 PE=1 SV=3,26.70796221712444,26.744999059097424,-0.03703684197298429,0.6919409703131969,-0.39820522245964557,-0.10281614633060178,0.8164903449695724
EPB41,P11171,Protein 4.1 OS=Homo sapiens OX=9606 GN=EPB41 PE=1 SV=4,27.707088737420758,27.558171399552325,0.14891733786843275,0.07365900324439514,1.8216959154769805,0.47035986283309467,0.19820741920324572
FGG,C9JU00,Fibrinogen gamma chain (Fragment) OS=Homo sapiens OX=9606 GN=FGG PE=1 SV=1,25.448782874418278,24.87532603780984,0.573456836608436,0.0029274274857025518,3.106697862311311,0.8021459388286594,0.01943079993635069
LMAN2,Q12907,Vesicular integral-membrane protein VIP36 OS=Homo sapiens OX=9606 GN=LMAN2 PE=1 SV=1,23.543426888337542,23.5456888405645,-0.0022619522269593517,0.9837381780475905,-0.020470660714130815,-0.005285501868779405,0.9931593028826289
CALML5,Q9NZT1,Calmodulin-like protein 5 OS=Homo sapiens OX=9606 GN=CALML5 PE=1 SV=2,22.1210604430837,21.76061708655078,0.3604433565329188,0.047938414077687494,2.020676749479873,0.5217364932536056,0.14458831457494564
TGFB1,P01137,Transforming growth factor beta-1 proprotein OS=Homo sapiens OX=9606 GN=TGFB1 PE=1 SV=3,27.826619920292227,27.869947227254578,-0.04332730696235032,0.7664093439953406,-0.2984724218866964,-0.0770652479512913,0.8681349251888905
H2BC3,P33778,Histone H2B type 1-B OS=Homo sapiens OX=9606 GN=H2BC3 PE=1 SV=2,26.42150365637136,26.35155692153018,0.06994673484118152,0.5319217461294973,0.6288414741504392,0.16236617045261154,0.6962624006444447
PDAP1,Q13442,28 kDa heat- and acid-stable phosphoprotein OS=Homo sapiens OX=9606 GN=PDAP1 PE=1 SV=1,25.614522804191548,25.706407781592194,-0.09188497740064605,0.4123015847992788,-0.8257999036099675,-0.21322061826540628,0.5960660022779929
BPNT2,Q9NX62,"Golgi-resident adenosine 3',5'-bisphosphate 3'-phosphatase OS=Homo sapiens OX=9606 GN=BPNT2 PE=1 SV=1",25.166605719196145,25.348824605896517,-0.18221888670037245,0.009166189963919736,-2.696119511752484,-0.6961350645601494,0.04398114642326548
SEPTIN6,Q14141,Septin-6 OS=Homo sapiens OX=9606 GN=SEPTIN6 PE=1 SV=4,28.425351032184373,28.35654049853056,0.06881053365381362,0.14635383492493786,1.4722701796979907,0.3801385258058746,0.30920644434406636
MASP2,A0A8V8TQL2,MBL associated serine protease 2 OS=Homo sapiens OX=9606 GN=MASP2 PE=1 SV=1,26.201835071698003,25.972566344064937,0.22926872763306605,0.11033634974494985,1.621492525675935,0.41866756986284653,0.26016446821556677
ARF4,P18085,ADP-ribosylation factor 4 OS=Homo sapiens OX=9606 GN=ARF4 PE=1 SV=3,29.762089363018383,29.809557126304522,-0.04746776328613933,0.38375424539376535,-0.8776510197093728,-0.22660851887442388,0.5713275821609983
RAB35,Q15286,Ras-related protein Rab-35 OS=Homo sapiens OX=9606 GN=RAB35 PE=1 SV=1,26.800026520141827,26.678802125323397,0.12122439481843017,0.07693145524440555,1.8008173143472554,0.46496903120192584,0.2033024787115936
KRT74,Q7RTS7,"Keratin, type II cytoskeletal 74 OS=Homo sapiens OX=9606 GN=KRT74 PE=1 SV=2",28.25220099901329,28.625477236559576,-0.37327623754628547,0.2577506850327536,-1.1429612771548727,-0.2951113327853854,0.4526977301622674
ITGA2B,P08514,Integrin alpha-IIb OS=Homo sapiens OX=9606 GN=ITGA2B PE=1 SV=3,28.197494027505915,28.14810149912851,0.049392528377403266,0.5396075851828503,0.617063778607793,0.1593251825397202,0.7028576313951599
IGFBP5,P24593,Insulin-like growth factor-binding protein 5 OS=Homo sapiens OX=9606 GN=IGFBP5 PE=1 SV=1,25.910803980851153,25.909222225678327,0.0015817551728254386,0.9938021131397232,0.00780153264856973,0.0020143470681869336,0.9969312129921784
SPRR1B,P22528,Cornifin-B OS=Homo sapiens OX=9606 GN=SPRR1B PE=1 SV=2,27.63314851982144,27.99945176306692,-0.36630324324547914,0.26504830953986375,-1.1254161259928728,-0.2905811942349109,0.4560504122131006
BTK,Q06187,Tyrosine-protein kinase BTK OS=Homo sapiens OX=9606 GN=BTK PE=1 SV=3,26.887453459601986,27.158539447087854,-0.27108598748586843,0.3337737476493705,-0.9746657363685471,-0.25165761100495815,0.5253551095596971
RAB1A,P62820,Ras-related protein Rab-1A OS=Homo sapiens OX=9606 GN=RAB1A PE=1 SV=3,17.87027892179592,18.536514059180153,-0.6662351373842341,0.04238784950514362,-2.075464754480639,-0.5358826953162654,0.13477813225886984
APOF,Q13790,Apolipoprotein F OS=Homo sapiens OX=9606 GN=APOF PE=1 SV=2,22.6582524894441,22.561912909257277,0.09633958018682165,0.3495975901302194,0.9429898755733453,0.2434789389158514,0.5393220141018912
CKAP5,Q14008,Cytoskeleton-associated protein 5 OS=Homo sapiens OX=9606 GN=CKAP5 PE=1 SV=3,27.82861325996944,27.691124632309464,0.13748862765997671,0.0674966334862845,1.8632233135700116,0.4810821909148037,0.1863468581345775
TAGLN2,P37802,Transgelin-2 OS=Homo sapiens OX=9606 GN=TAGLN2 PE=1 SV=3,26.964841423448057,27.10807329212794,-0.1432318686798837,0.16427667206396326,-1.4086515658629049,-0.3637122703464021,0.3350739290626037
TUBB4B,P68371,Tubulin beta-4B chain OS=Homo sapiens OX=9606 GN=TUBB4B PE=1 SV=1,27.373162845181216,26.44965588465828,0.9235069605229356,5.5224142212619285e-06,5.004759693721448,1.2922233963702199,0.00011135703613253484
SERPINE2,P07093,Glia-derived nexin OS=Homo sapiens OX=9606 GN=SERPINE2 PE=1 SV=1,23.002530305076196,23.217367578830114,-0.21483727375391837,0.05529903365045629,-1.9559012204576927,-0.5050115235772937,0.16045785173984858
LORICRIN,P23490,Loricrin OS=Homo sapiens OX=9606 GN=LORICRIN PE=1 SV=2,27.022773128317574,26.90397064063037,0.11880248768720492,0.22462635782154125,1.2274119591301478,0.3169164051097921,0.41114392721453513
SERPIND1,P05546,Heparin cofactor 2 OS=Homo sapiens OX=9606 GN=SERPIND1 PE=1 SV=3,28.492046522921964,28.307645329914667,0.18440119300729663,0.0018828571415776952,3.2571347685553302,0.840988580997863,0.013633597393333039
DNAJA2,O60884,DnaJ homolog subfamily A member 2 OS=Homo sapiens OX=9606 GN=DNAJA2 PE=1 SV=1,22.352920515755255,20.11826448779847,2.2346560279567846,1.9454361120116206e-06,5.2902853716977765,1.3659458094180137,4.304277397825711e-05
C8B,A0A8Q3WM97,Complement component C8 beta chain OS=Homo sapiens OX=9606 GN=C8B PE=1 SV=1,26.30732745004686,25.9523149302044,0.35501251984246096,0.024865455618689677,2.30331773484165,0.5947140818710601,0.09002425181948331
ACTN1,P12814,Alpha-actinin-1 OS=Homo sapiens OX=9606 GN=ACTN1 PE=1 SV=2,28.029148876967287,27.83598382508599,0.19316505188129796,0.043635824187609085,2.062627201544149,0.5325680534009931,0.13712372167455694
KRT6A,P02538,"Keratin, type II cytoskeletal 6A OS=Homo sapiens OX=9606 GN=KRT6A PE=1 SV=3",29.998454155260433,30.00991071397423,-0.011456558713796028,0.8392646152838663,-0.20374673262871645,-0.052607180154346275,0.9120120137372187
CTSC,P53634,Dipeptidyl peptidase 1 OS=Homo sapiens OX=9606 GN=CTSC PE=1 SV=2,23.111061655430955,22.788298229227298,0.3227634262036574,0.019288816643039546,2.406987137224648,0.6214814064671019,0.07494410954234633
VASP,P50552,Vasodilator-stimulated phosphoprotein OS=Homo sapiens OX=9606 GN=VASP PE=1 SV=3,29.323846880369207,29.31192712454289,0.011919755826315992,0.903528353852165,0.12173669406794312,0.03143227924983273,0.9494199654924135
SARS1,P49591,"Serine--tRNA ligase, cytoplasmic OS=Homo sapiens OX=9606 GN=SARS1 PE=1 SV=3",25.112763410577646,24.96868926559044,0.14407414498720428,0.04364201311299458,2.0625643353081973,0.532551821408668,0.13712372167455694
KRT77,Q7Z794,"Keratin, type II cytoskeletal 1b OS=Homo sapiens OX=9606 GN=KRT77 PE=1 SV=3",28.00424352601694,27.66121865301066,0.3430248730062786,3.92514549126347e-06,5.098741063415075,1.3164892816820322,8.337009023443612e-05
C4BPB,P20851,C4b-binding protein beta chain OS=Homo sapiens OX=9606 GN=C4BPB PE=1 SV=1,25.724534103971017,25.691019274869213,0.033514829101804366,0.8779691564365171,0.15422318378640829,0.039820254826923,0.9348963009380826
FMNL1,O95466,Formin-like protein 1 OS=Homo sapiens OX=9606 GN=FMNL1 PE=1 SV=3,29.82170937212743,30.118751373903915,-0.2970420017764859,0.0017056784367310983,-3.2902859708192764,-0.8495481846161973,0.012756552815552298
GRK6,P43250,G protein-coupled receptor kinase 6 OS=Homo sapiens OX=9606 GN=GRK6 PE=1 SV=2,25.235707984430515,24.80271847340942,0.43298951102109484,0.09386631664952236,1.703294748319087,0.43978881292815847,0.23291128103222605
SYNJ2,O15056,Synaptojanin-2 OS=Homo sapiens OX=9606 GN=SYNJ2 PE=1 SV=3,23.961767806323117,24.088735403294972,-0.12696759697185556,0.25973342161162827,-1.1381598085582552,-0.2938715989245829,0.45377236574648794
POLG,P54098,DNA polymerase subunit gamma-1 OS=Homo sapiens OX=9606 GN=POLG PE=1 SV=1,25.935601005552176,25.880227606141183,0.05537339941099262,0.4872511204713984,0.6991525019198398,0.18052039975965256,0.6641636796408211
IGHG1,A0A0A0MS07,Immunoglobulin heavy constant gamma 1 (G1m marker) (Fragment) OS=Homo sapiens OX=9606 GN=IGHG1 PE=1 SV=1,19.2482597759251,18.824509992621334,0.4237497833037658,0.29935589333027424,1.047191113454556,0.27038358284705977,0.49148203136357727
ADD3,Q9UEY8,Gamma-adducin OS=Homo sapiens OX=9606 GN=ADD3 PE=1 SV=1,23.603563965044778,23.688033307296145,-0.08446934225136715,0.33128401426250254,-0.9797391638076031,-0.2529675643369351,0.5230281810903534
LPL,P06858,Lipoprotein lipase OS=Homo sapiens OX=9606 GN=LPL PE=1 SV=1,27.969303128533074,27.983225626053365,-0.013922497520290733,0.8745807959713676,-0.15854158111897373,-0.0409352602236785,0.9325349451020004
NPM1,P06748,Nucleophosmin OS=Homo sapiens OX=9606 GN=NPM1 PE=1 SV=2,24.35211804910274,24.216313429445233,0.135804619657506,0.4152781965345861,0.820522004174994,0.211857870491099,0.598677074280177
CC2D2B,Q6DHV5,Protein CC2D2B OS=Homo sapiens OX=9606 GN=CC2D2B PE=1 SV=4,27.59529056815673,27.63008589780272,-0.03479532964598775,0.5749718267501573,-0.5639360870690592,-0.14560767156958945,0.7292437261250005
METAP2,P50579,Methionine aminopeptidase 2 OS=Homo sapiens OX=9606 GN=METAP2 PE=1 SV=1,29.38771472160857,29.682790146217297,-0.2950754246087257,0.09727109615135868,-1.6854718360372472,-0.4351869567649264,0.23945385990591272
FUS,P35637,RNA-binding protein FUS OS=Homo sapiens OX=9606 GN=FUS PE=1 SV=1,26.814352214982765,25.903806597622502,0.9105456173602633,2.1184442837797582e-07,5.883631355369708,1.5191470836380436,7.180173923534372e-06
MAPRE1,Q15691,Microtubule-associated protein RP/EB family member 1 OS=Homo sapiens OX=9606 GN=MAPRE1 PE=1 SV=3,25.832903113203745,25.82616905566439,0.00673405753935441,0.9130136540116722,0.10971561487849299,0.028328449949554003,0.9556049611304822
IGF1,P05019,Insulin-like growth factor 1 OS=Homo sapiens OX=9606 GN=IGF1 PE=1 SV=1,25.972209084399484,25.59435619275779,0.37785289164169455,0.010991866039737603,2.6273426825087567,0.6783769636090891,0.05008422565962785
RPS19,P39019,Small ribosomal subunit protein eS19 OS=Homo sapiens OX=9606 GN=RPS19 PE=1 SV=2,29.45083954014546,29.253910612707426,0.1969289274380337,0.033601233308568006,2.1765205510571315,0.5619751897948307,0.113680254753278
KRT80,Q6KB66,"Keratin, type II cytoskeletal 80 OS=Homo sapiens OX=9606 GN=KRT80 PE=1 SV=2",22.987269289426834,23.224520474418714,-0.23725118499188014,0.37425759620164134,-0.8954316896890553,-0.2311994681221386,0.5624456139143534
DHX29,Q7Z478,ATP-dependent RNA helicase DHX29 OS=Homo sapiens OX=9606 GN=DHX29 PE=1 SV=2,24.356378325621897,24.084026485223447,0.27235184039844995,0.14979764663243897,1.4595916107456652,0.37686493337880134,0.31522807276813114
H2AX,P16104,Histone H2AX OS=Homo sapiens OX=9606 GN=H2AX PE=1 SV=2,29.4788442696134,29.31735640996725,0.16148785964615087,0.039334183994651654,2.1083185810146174,0.5443655168512844,0.12632934496669374
TPM4,P67936,Tropomyosin alpha-4 chain OS=Homo sapiens OX=9606 GN=TPM4 PE=1 SV=3,23.79236268144859,23.798668782403773,-0.006306100955182359,0.9455421165119761,-0.06860234631383348,-0.017713049652282056,0.971773284905534
ITGB1,P05556,Integrin beta-1 OS=Homo sapiens OX=9606 GN=ITGB1 PE=1 SV=2,24.697544267266107,24.606158852619266,0.09138541464684025,0.33005476774035836,0.982253375973208,0.25361673112668315,0.5230035361761666
G3BP1,Q13283,Ras GTPase-activating protein-binding protein 1 OS=Homo sapiens OX=9606 GN=G3BP1 PE=1 SV=1,23.18608338993142,22.811934829667166,0.3741485602642527,0.00014162718896726481,4.075039797002108,1.052170751261441,0.0017905723176575622
ASPN,Q9BXN1,Asporin OS=Homo sapiens OX=9606 GN=ASPN PE=1 SV=2,26.730111738805906,26.43479764277315,0.2953140960327545,0.028434510006243714,2.247382859805986,0.5802717592387054,0.09889994419202235
AFM,P43652,Afamin OS=Homo sapiens OX=9606 GN=AFM PE=1 SV=1,25.708891933256606,26.02466155994161,-0.31576962668500386,0.01942655984358417,-2.4041202394371664,-0.6207411766413554,0.07511288793890676
B2M,P61769,Beta-2-microglobulin OS=Homo sapiens OX=9606 GN=B2M PE=1 SV=1,23.57155744813129,22.8003889653654,0.7711684827658907,5.3485411573192245e-06,5.01359033140658,1.2945034572162808,0.0001092336674821734
MYO9A,B2RTY4,Unconventional myosin-IXa OS=Homo sapiens OX=9606 GN=MYO9A PE=1 SV=2,26.570099227595282,26.51476875012061,0.05533047747467279,0.44581269120574196,0.7676439825877475,0.19820482402524545,0.626260685265209
EIF4G1,Q04637,Eukaryotic translation initiation factor 4 gamma 1 OS=Homo sapiens OX=9606 GN=EIF4G1 PE=1 SV=4,26.768838481194283,27.18477978074461,-0.415941299550326,0.11851460581170832,-1.5845142672269419,-0.40911982458653295,0.2685544339374841
CAPN1,P07384,Calpain-1 catalytic subunit OS=Homo sapiens OX=9606 GN=CAPN1 PE=1 SV=1,25.553252437873237,25.413220586286844,0.14003185158639297,0.23216241447862948,1.2074433167894063,0.31176052382765446,0.42218576057586393
SERBP1,Q8NC51,SERPINE1 mRNA-binding protein 1 OS=Homo sapiens OX=9606 GN=SERBP1 PE=1 SV=2,25.342676419184716,25.413378143680855,-0.0707017244961392,0.5152787618784398,-0.6546533905889218,-0.16903077861927424,0.6811942470309996
NAA10,P41227,N-alpha-acetyltransferase 10 OS=Homo sapiens OX=9606 GN=NAA10 PE=1 SV=1,17.88770516520531,16.920096719103803,0.967608446101508,0.006913600102637752,2.800863269354031,0.7231797864808148,0.03633259532667235
GSTM5,P46439,Glutathione S-transferase Mu 5 OS=Homo sapiens OX=9606 GN=GSTM5 PE=1 SV=3,24.165309290891017,24.262899225857407,-0.09758993496638979,0.5699617655541696,-0.5713620928070655,-0.14752505800639876,0.7260169022391366
ARF6,P62330,ADP-ribosylation factor 6 OS=Homo sapiens OX=9606 GN=ARF6 PE=1 SV=2,23.888841830273773,23.85669892590132,0.03214290437245282,0.6746145756289723,0.42195948277918366,0.10894946997187155,0.8019858350574275
SYNE2,Q8WXH0,Nesprin-2 OS=Homo sapiens OX=9606 GN=SYNE2 PE=1 SV=3,26.911082753305305,26.454282874513375,0.45679987879193007,0.04576029871609328,2.0414873059036287,0.52710975581724,0.14154593369851767
TSC2,P49815,Tuberin OS=Homo sapiens OX=9606 GN=TSC2 PE=1 SV=2,28.561610815119646,28.51091474088489,0.050696074234757305,0.3612788029613062,0.9202019086579394,0.23759511115869852,0.553381858766693
OXSR1,O95747,Serine/threonine-protein kinase OSR1 OS=Homo sapiens OX=9606 GN=OXSR1 PE=1 SV=1,23.910901243865556,23.900428386544384,0.010472857321172313,0.9398287254930628,0.07581306194369056,0.019574848422193654,0.9709125549354404
RARRES2,Q99969,Retinoic acid receptor responder protein 2 OS=Homo sapiens OX=9606 GN=RARRES2 PE=1 SV=1,28.207287510867335,28.255266308640696,-0.04797879777336078,0.3415870115221842,-0.9589048832747891,-0.24758817623468168,0.5324853717226411
MBL2,P11226,Mannose-binding protein C OS=Homo sapiens OX=9606 GN=MBL2 PE=1 SV=2,17.79934735778516,17.945390693077695,-0.14604333529253566,0.7476180895476872,-0.32331692668903217,-0.08348007150757239,0.8550055198644099
CEP290,O15078,Centrosomal protein of 290 kDa OS=Homo sapiens OX=9606 GN=CEP290 PE=1 SV=2,26.241256192260416,26.091724093051614,0.14953209920880184,0.14569833985615444,1.4747098737313025,0.38076845209659843,0.30823035244469327
IGKV1-33,A0AAG2T928,Immunoglobulin kappa variable 1-33 OS=Homo sapiens OX=9606 GN=IGKV1-33 PE=1 SV=1,22.8907085438067,21.81736940550461,1.0733391383020887,0.008076644983192487,2.7434147859994593,0.7083466518610061,0.040081294262385145
CCT3,P49368,T-complex protein 1 subunit gamma OS=Homo sapiens OX=9606 GN=CCT3 PE=1 SV=4,27.769713959915407,27.953497206960506,-0.18378324704509907,0.05437177212900089,-1.9636387034556662,-0.507009333096808,0.1588069325754587
EEF1G,P26641,Elongation factor 1-gamma OS=Homo sapiens OX=9606 GN=EEF1G PE=1 SV=3,26.230030016086403,26.07387461653211,0.1561553995542937,0.1610638442198349,1.4196444977775562,0.3665506331618312,0.3310641339899316
MTARC2,Q969Z3,Mitochondrial amidoxime reducing component 2 OS=Homo sapiens OX=9606 GN=MTARC2 PE=1 SV=1,15.629356639579026,13.809311383813345,1.820045255765681,5.005707970698431e-05,4.381692666681094,1.1313481817503361,0.0007452423175067852
CAT,P04040,Catalase OS=Homo sapiens OX=9606 GN=CAT PE=1 SV=3,22.74995619782995,23.31586337722143,-0.5659071793914805,0.004165587448296484,-2.9833958970688355,-0.770309508299409,0.02531365963157427
AHNAK,Q09666,Neuroblast differentiation-associated protein AHNAK OS=Homo sapiens OX=9606 GN=AHNAK PE=1 SV=2,28.745317140301655,28.71470626296069,0.03061087734096546,0.8864346738028459,0.14344663730980306,0.037037762491354854,0.9410417074929421
LCN1,P31025,Lipocalin-1 OS=Homo sapiens OX=9606 GN=LCN1 PE=1 SV=1,27.034710022321295,26.96873114137966,0.06597888094163551,0.6506634903662987,0.45520185165407057,0.11753261270793296,0.7852325304193286
DYNLL1,P63167,"Dynein light chain 1, cytoplasmic OS=Homo sapiens OX=9606 GN=DYNLL1 PE=1 SV=1",25.42462788656219,25.294849450722243,0.12977843583994897,0.13565991396389657,1.5131975456680304,0.39070592625961453,0.29510182951774494
CCL18,P55774,C-C motif chemokine 18 OS=Homo sapiens OX=9606 GN=CCL18 PE=1 SV=1,21.464487732190886,21.49394020695195,-0.02945247476106516,0.811567096477408,-0.23949372881350453,-0.06183701488105456,0.8909899274214411
ATE1,A0A8I5KXC6,Arginyl-tRNA--protein transferase 1 OS=Homo sapiens OX=9606 GN=ATE1 PE=1 SV=1,15.739193911938221,16.46582591951552,-0.7266320075772992,0.054530691851083425,-1.962304629910508,-0.5066648767886072,0.1588069325754587
KIF2A,O00139,Kinesin-like protein KIF2A OS=Homo sapiens OX=9606 GN=KIF2A PE=1 SV=3,29.403545351141187,29.457063851479507,-0.05351850033832051,0.6552710689564918,-0.44876828459061463,-0.11587147283503473,0.7889998585394493
CD46,P15529,Membrane cofactor protein OS=Homo sapiens OX=9606 GN=CD46 PE=1 SV=3,20.87627099815708,20.177431920364313,0.6988390777927656,0.08856774827513102,1.7321197597021263,0.44723139886420854,0.2239498777814027
MASP1,P48740,Mannan-binding lectin serine protease 1 OS=Homo sapiens OX=9606 GN=MASP1 PE=1 SV=3,25.39760887781352,25.184908650200445,0.21270022761307672,0.006667713895548797,2.814141977450408,0.7266083341685758,0.0355652143772089
IGLV1-51,P01701,Immunoglobulin lambda variable 1-51 OS=Homo sapiens OX=9606 GN=IGLV1-51 PE=1 SV=2,22.87643860183493,22.902142956509287,-0.025704354674356722,0.8175372577749436,-0.23176377114258298,-0.05984114839263007,0.8950768739762784
FGD6,Q6ZV73,"FYVE, RhoGEF and PH domain-containing protein 6 OS=Homo sapiens OX=9606 GN=FGD6 PE=1 SV=2",18.628447060221678,18.256335398648506,0.37211166157317166,0.5008488447365195,0.6773945482908296,0.17490252028947192,0.671397603507587
MESD,Q14696,LRP chaperone MESD OS=Homo sapiens OX=9606 GN=MESD PE=1 SV=2,27.467550073108917,27.066747611343768,0.40080246176514933,9.751276513616741e-05,4.186223614439793,1.0808782894817026,0.001295066174017188
RHOC,P08134,Rho-related GTP-binding protein RhoC OS=Homo sapiens OX=9606 GN=RHOC PE=1 SV=1,27.16970326823884,27.0531785766812,0.11652469155763967,0.0635401321522259,1.8916050861874874,0.4884103330936923,0.1778900360606254
C4B; C4B_2,P0C0L5,Complement C4-B OS=Homo sapiens OX=9606 GN=C4B PE=1 SV=2,29.781829309773585,29.671482420927692,0.11034688884589272,0.11040249875312187,1.621184670757757,0.4185880820647699,0.26016446821556677
AFF4,Q9UHB7,AF4/FMR2 family member 4 OS=Homo sapiens OX=9606 GN=AFF4 PE=1 SV=1,26.17583717889782,26.08692708486941,0.08891009402841021,0.10236434501977601,1.6597422523285288,0.42854360681767867,0.24782127905243645
IGLV3-19,P01714,Immunoglobulin lambda variable 3-19 OS=Homo sapiens OX=9606 GN=IGLV3-19 PE=1 SV=2,23.514219163949523,23.797962909125317,-0.28374374517579426,0.04700115020427328,-2.0295295592008564,-0.5240222788947064,0.14343454458890295
SPTA1,P02549,"Spectrin alpha chain, erythrocytic 1 OS=Homo sapiens OX=9606 GN=SPTA1 PE=1 SV=5",27.624763059676066,27.714489053933608,-0.08972599425754169,0.16751067218813054,-1.3977527417566904,-0.3608982060626279,0.3399293003766777
FAM151A,Q8WW52,Protein FAM151A OS=Homo sapiens OX=9606 GN=FAM151A PE=1 SV=2,23.16816626713378,18.367800074432168,4.800366192701613,1.147611019998345e-16,11.54790232986173,2.981655560478954,1.661949413506694e-14
SF3B1,O75533,Splicing factor 3B subunit 1 OS=Homo sapiens OX=9606 GN=SF3B1 PE=1 SV=3,29.315277350386225,29.33590816771781,-0.020630817331586115,0.7826787991515706,-0.27711274710849565,-0.0715502036381994,0.8743389390241598
PAPOLA,P51003,Poly(A) polymerase alpha OS=Homo sapiens OX=9606 GN=PAPOLA PE=1 SV=4,23.605407262605073,23.67287844591762,-0.06747118331254498,0.8059183864330076,-0.24682088848789857,-0.06372887937398329,0.8880634633872957
ATP1A2,P50993,Sodium/potassium-transporting ATPase subunit alpha-2 OS=Homo sapiens OX=9606 GN=ATP1A2 PE=1 SV=1,22.304798502222294,22.02374732462325,0.28105117759904275,0.008582045597653652,2.720792153855428,0.7025055133582586,0.04183578927144924
DYNAP,Q8N1N2,Dynactin-associated protein OS=Homo sapiens OX=9606 GN=DYNAP PE=1 SV=1,25.34083138457034,25.49421983604099,-0.15338845147065072,0.5814212406249268,-0.5544226761909723,-0.14315131944315887,0.7337792316146474
CAPZA1,P52907,F-actin-capping protein subunit alpha-1 OS=Homo sapiens OX=9606 GN=CAPZA1 PE=1 SV=3,20.91172363304334,21.36335154038421,-0.45162790734086755,0.11800706208097653,-1.5867482260672885,-0.4096966302788514,0.2677852562606775
APOB,P04114,Apolipoprotein B-100 OS=Homo sapiens OX=9606 GN=APOB PE=1 SV=3,29.930901036594033,29.722838244686194,0.20806279190783883,0.04600101740266349,2.039145848955478,0.5265051942328367,0.1416428915941865
FYB1,A0A2R8YEE1,FYN binding protein 1 (Fragment) OS=Homo sapiens OX=9606 GN=FYB1 PE=1 SV=1,23.107613402114268,23.173548500641054,-0.06593509852678636,0.6915645301205693,-0.3987188534393528,-0.10294876527930195,0.8164903449695724
FAM3C,Q92520,Protein FAM3C OS=Homo sapiens OX=9606 GN=FAM3C PE=1 SV=1,21.321122406537604,21.04664030720037,0.27448209933723433,0.23982488450030082,1.1876180085965489,0.3066416512633634,0.4328415768753749
ARHGAP6,O43182,Rho GTPase-activating protein 6 OS=Homo sapiens OX=9606 GN=ARHGAP6 PE=1 SV=3,25.146966003519513,25.247373135638888,-0.10040713211937558,0.5067605962425792,-0.6680356618238646,-0.17248606619443185,0.6738477711305748
IPO7,O95373,Importin-7 OS=Homo sapiens OX=9606 GN=IPO7 PE=1 SV=1,26.433780794073154,26.513587602201813,-0.0798068081286587,0.3479440637097334,-0.9462553474372771,-0.24432208012561918,0.5376090140539334
HMOX1,P09601,Heme oxygenase 1 OS=Homo sapiens OX=9606 GN=HMOX1 PE=1 SV=1,22.818201690329616,20.920173956210753,1.8980277341188625,1.8739812683774436e-18,12.74064200338939,3.2896196199411865,3.7315652006565844e-16
PRG4,J3KP74,Proteoglycan 4 (Fragment) OS=Homo sapiens OX=9606 GN=PRG4 PE=1 SV=8,24.182484448174034,24.31681756460834,-0.13433311643430557,0.1626324086665603,-1.4142565399911478,-0.3651594684433759,0.3321454192382443
MAGED2,Q9UNF1,Melanoma-associated antigen D2 OS=Homo sapiens OX=9606 GN=MAGED2 PE=1 SV=2,26.613267495707777,26.85870558049138,-0.24543808478360418,0.26741228232890335,-1.1198060059982131,-0.2891326674809415,0.45755936170777983
MYL12B,O14950,Myosin regulatory light chain 12B OS=Homo sapiens OX=9606 GN=MYL12B PE=1 SV=2,24.723114801119273,24.801398758186117,-0.07828395706684432,0.45838513885936016,-0.7464926479575069,-0.1927435729070467,0.6382932921354553
KRT3,P12035,"Keratin, type II cytoskeletal 3 OS=Homo sapiens OX=9606 GN=KRT3 PE=1 SV=3",26.99216615198892,26.635562183444158,0.3566039685447606,3.5112240744271848e-06,5.129296844964602,1.3243787505534765,7.558621554814196e-05
MCF2,P10911,Proto-oncogene DBL OS=Homo sapiens OX=9606 GN=MCF2 PE=1 SV=3,20.635153181025427,19.780671212079923,0.8544819689455032,0.0539464916523791,1.9672252681444249,0.5079353801174519,0.15826291197465914
HPN,P05981,Serine protease hepsin OS=Homo sapiens OX=9606 GN=HPN PE=1 SV=1,23.961751919485312,23.481261070469536,0.48049084901577643,0.01965959290966217,2.3993112678645314,0.6194995055204755,0.0758298583658398
CORO1A,P31146,Coronin-1A OS=Homo sapiens OX=9606 GN=CORO1A PE=1 SV=4,27.363723826188178,27.268166531882922,0.09555729430525517,0.2644324150514055,1.1268835528840604,0.2909600822290007,0.4560504122131006
F10,P00742,Coagulation factor X OS=Homo sapiens OX=9606 GN=F10 PE=1 SV=2,17.27722960775058,16.182417228792524,1.094812378958057,0.016952162843795446,2.458652516796437,0.6348213501109035,0.06751198852541536
EIF5B,O60841,Eukaryotic translation initiation factor 5B OS=Homo sapiens OX=9606 GN=EIF5B PE=1 SV=4,27.040351845661917,27.126008095224673,-0.08565624956275641,0.36705949684596684,-0.9091002821760028,-0.2347286835266748,0.5595461994982059
IGHV3-7,P01780,Immunoglobulin heavy variable 3-7 OS=Homo sapiens OX=9606 GN=IGHV3-7 PE=1 SV=2,26.358919051808257,26.05431110900353,0.3046079428047257,0.0008711113066770729,3.511034435917332,0.9065451932179052,0.0075009746569544705
RBBP6,Q7Z6E9,E3 ubiquitin-protein ligase RBBP6 OS=Homo sapiens OX=9606 GN=RBBP6 PE=1 SV=1,26.494172859338576,26.060759730930993,0.43341312840758306,0.045740759218937235,2.0416778322524336,0.527158949508969,0.14154593369851767
GPRC5C,A0A0C4DFY5,G protein-coupled receptor class C group 5 member C OS=Homo sapiens OX=9606 GN=GPRC5C PE=1 SV=1,19.023048704683074,18.354207579670035,0.6688411250130386,0.1576096995800467,1.431654370281414,0.36965156890833223,0.32655234526837834
LINS1,Q8NG48,Protein Lines homolog 1 OS=Homo sapiens OX=9606 GN=LINS1 PE=1 SV=2,20.55830466345238,19.926527057307883,0.631777606144496,0.04778241488784385,2.0221398045331136,0.5221142524439913,0.14443526929095873
CTSH,A0A7I2V2L7,Pro-cathepsin H OS=Homo sapiens OX=9606 GN=CTSH PE=1 SV=1,24.81976511090956,24.717402078728565,0.10236303218099607,0.3982245921767762,0.8510808825672154,0.21974813896388903,0.5835986893630216
NEB,P20929,Nebulin OS=Homo sapiens OX=9606 GN=NEB PE=1 SV=6,28.582849059664923,28.830220302438743,-0.24737124277381994,0.34618075732207376,-0.9497487926525747,-0.2452240838016015,0.5354038314699646
RAP1B,B7ZB78,"RAP1B, member of RAS oncogene family OS=Homo sapiens OX=9606 GN=RAP1B PE=1 SV=1",19.753303303182953,19.692463474402448,0.0608398287805052,0.8564844511133662,0.18165806950994373,0.046903911861080096,0.9213206399126336
RBP4,P02753,Retinol-binding protein 4 OS=Homo sapiens OX=9606 GN=RBP4 PE=1 SV=3,20.503135345817594,20.88365853022824,-0.38052318441064514,0.2251842051797327,-1.2259171522244887,-0.31653044762636445,0.41137435648086484
RBM19,Q9Y4C8,Probable RNA-binding protein 19 OS=Homo sapiens OX=9606 GN=RBM19 PE=1 SV=3,26.77714266447235,27.122322068656484,-0.3451794041841332,0.0017150593750791649,-3.2884510204515376,-0.8490744024685061,0.012766773759350982
RAB13,P51153,Ras-related protein Rab-13 OS=Homo sapiens OX=9606 GN=RAB13 PE=1 SV=1,20.88414226105368,20.41713937465456,0.46700288639911847,0.06689171961581158,1.8674699705373636,0.48217867302891104,0.1851185777472686
AZGP1,P25311,Zinc-alpha-2-glycoprotein OS=Homo sapiens OX=9606 GN=AZGP1 PE=1 SV=2,24.712579659566625,23.855335532747826,0.8572441268187987,2.8541865691511033e-07,5.804710976746236,1.4987699294990373,9.126901864448878e-06
AGRN,O00468,Agrin OS=Homo sapiens OX=9606 GN=AGRN PE=1 SV=6,24.016147380206597,24.13314729189772,-0.11699991169112423,0.5055026816891764,-0.6700220962590234,-0.17299896136014536,0.6735993640659889
RGS12,O14924,Regulator of G-protein signaling 12 OS=Homo sapiens OX=9606 GN=RGS12 PE=1 SV=1,20.863537086861598,20.904665318573464,-0.04112823171186619,0.9163338936143887,-0.10551164719446357,-0.027242990161004666,0.9584503562230605
Unknown,Q5VST9,Obscurin OS=Homo sapiens OX=9606 GN=OBSCN PE=1 SV=3,22.663923956202982,22.78431614681715,-0.12039219061416873,0.46272337589166135,-0.7392720476833504,-0.19087922193295143,0.6415303201004495
DMD,P11532,Dystrophin OS=Homo sapiens OX=9606 GN=DMD PE=1 SV=4,27.312780660273567,27.357289697035796,-0.044509036762228504,0.5953524466190099,-0.5340435778979178,-0.13788945888984394,0.7438403509522218
LALBA,P00709,Alpha-lactalbumin OS=Homo sapiens OX=9606 GN=LALBA PE=1 SV=1,27.178088013932513,27.08086647069374,0.09722154323877419,0.30608987335485,1.032573863104968,0.2666094250356399,0.49856970169148884
MORC1,Q86VD1,MORC family CW-type zinc finger protein 1 OS=Homo sapiens OX=9606 GN=MORC1 PE=1 SV=2,20.649958479721967,21.142621615135116,-0.49266313541314943,0.11116447639255726,-1.6176491892420364,-0.4176752246626892,0.26071450735068596
HERC2,O95714,E3 ubiquitin-protein ligase HERC2 OS=Homo sapiens OX=9606 GN=HERC2 PE=1 SV=2,28.115536828473736,28.204875600353702,-0.08933877187996586,0.18958538610854508,-1.3273768460764572,-0.3427272279330296,0.3701097059692553
TAF15,Q92804,TATA-binding protein-associated factor 2N OS=Homo sapiens OX=9606 GN=TAF15 PE=1 SV=1,26.883977593919933,26.345937637273224,0.5380399566467098,0.0009300719879018282,3.4898539201257694,0.9010764075562516,0.007880875940040492
MPRIP,A0A494BZV2,Myosin phosphatase Rho interacting protein OS=Homo sapiens OX=9606 GN=MPRIP PE=1 SV=1,27.914490291106222,27.917706071416312,-0.0032157803100894,0.9706761564328377,-0.03691926525752614,-0.00953251329977419,0.9863636352702977
COLEC10,Q9Y6Z7,Collectin-10 OS=Homo sapiens OX=9606 GN=COLEC10 PE=1 SV=2,17.511811951793582,17.43954401384725,0.07226793794633224,0.8894649106365469,0.1395933457667565,0.036042846893068095,0.9414734901289165
MICU3,Q86XE3,"Calcium uptake protein 3, mitochondrial OS=Homo sapiens OX=9606 GN=MICU3 PE=1 SV=1",21.640042886874465,21.56479896310589,0.07524392376857492,0.8171242809112138,0.23229802101604818,0.05997909111680635,0.8950768739762784
PRKCB,P05771,Protein kinase C beta type OS=Homo sapiens OX=9606 GN=PRKCB PE=1 SV=4,28.973632155970208,28.67765860748221,0.2959735484879964,0.0006139821559684349,3.623042359469525,0.9354655147219665,0.00578741760034152
KRT10,A0A1B0GVI3,"Keratin, type I cytoskeletal 10 OS=Homo sapiens OX=9606 GN=KRT10 PE=1 SV=2",30.468795913340077,30.192952748174104,0.2758431651659734,6.276721210703717e-05,4.3157953370392965,1.1143335643995216,0.0008848510520930107
KLKB1,P03952,Plasma kallikrein OS=Homo sapiens OX=9606 GN=KLKB1 PE=1 SV=2,19.92554910624234,19.96526811740977,-0.03971901116743126,0.8658291416892101,-0.16970951914028737,-0.043818809421546784,0.9269259561229245
C4B,A0A140TA29,Complement C4B (Chido blood group) OS=Homo sapiens OX=9606 GN=C4B PE=1 SV=1,23.983373164724465,24.030062925587192,-0.04668976086272636,0.8376703140761408,-0.2057967672623756,-0.053136496820700305,0.9120120137372187
C4A,P0C0L4,Complement C4-A OS=Homo sapiens OX=9606 GN=C4A PE=1 SV=2,22.94930472064504,22.48044236819838,0.46886235244665997,0.17729550799127403,1.3657339977634757,0.3526310019124812,0.3525989316230955
FERMT3,A0A8V8TME2,FERM domain containing kindlin 3 OS=Homo sapiens OX=9606 GN=FERMT3 PE=1 SV=1,29.283449137969612,29.56229085470554,-0.27884171673592917,0.0038173352748474255,-3.014185986374621,-0.7782594751733789,0.023602558197278793
KRT76,Q01546,"Keratin, type II cytoskeletal 2 oral OS=Homo sapiens OX=9606 GN=KRT76 PE=1 SV=2",24.514035866205372,24.372121102516196,0.14191476368917577,0.0508667703669318,1.9939465945104384,0.514834796917728,0.15117680073604917
SERPINA1,A0A024R6N5,Serpin family A member 1 OS=Homo sapiens OX=9606 GN=SERPINA1 PE=1 SV=1,25.54719398806893,25.445626295651348,0.10156769241758212,0.45476001891446016,0.7525565354869082,0.19430926193468973,0.6346668558823733
LTBP1,C9JD84,Latent transforming growth factor beta binding protein 1 OS=Homo sapiens OX=9606 GN=LTBP1 PE=1 SV=1,26.324288517800106,26.22722451989593,0.09706399790417564,0.8106061125709723,0.2407393251125147,0.06215862646253216,0.89054864643142
ITIH4,B7ZKJ8,ITIH4 protein OS=Homo sapiens OX=9606 GN=ITIH4 PE=1 SV=1,28.538737312104356,27.077484383915273,1.461252928189083,0.0008143750397005912,3.532744693068525,0.9121507575104686,0.0072474828952125234
Unknown,A0A8Q3SIA1,Sushi domain-containing protein OS=Homo sapiens OX=9606 PE=4 SV=1,22.16076697942426,23.01825491463033,-0.8574879352060698,0.004475788917838396,-2.95792510341319,-0.7637329776565424,0.026605872530844718
KRT15,P19012,"Keratin, type I cytoskeletal 15 OS=Homo sapiens OX=9606 GN=KRT15 PE=1 SV=3",19.91132324156409,18.6499035973241,1.2614196442399894,0.0010887062203081914,3.438638562571224,0.8878526590976641,0.009032859421619526
CFH,A0A8Q3WLY2,Complement factor H (Fragment) OS=Homo sapiens OX=9606 GN=CFH PE=1 SV=1,23.569225044530093,23.517646373172624,0.05157867135746841,0.629772638704784,0.48461785547628217,0.12512779223562626,0.7681683104569073
IGHG4,P01861,Immunoglobulin heavy constant gamma 4 OS=Homo sapiens OX=9606 GN=IGHG4 PE=1 SV=2,25.75504050543647,25.25692792941936,0.49811257601711034,0.006694914959422677,2.812651017197794,0.7262233698866939,0.0355652143772089
IGLC2,P0DOY2,Immunoglobulin lambda constant 2 OS=Homo sapiens OX=9606 GN=IGLC2 PE=1 SV=1,27.26794440328862,27.417834440074603,-0.14989003678598323,0.11680263246588388,-1.5920806577252755,-0.41107345821259617,0.266571050885606
HBA1,G3V1N2,Alpha-globin OS=Homo sapiens OX=9606 GN=HBA1 PE=1 SV=1,17.411235213510146,19.015396314914486,-1.6041611014043404,1.6902162415083002e-05,-4.692471147263741,-1.2115908403940852,0.0002958807112882112
C1QB,A0A8Q3WM25,Complement C1q B chain OS=Homo sapiens OX=9606 GN=C1QB PE=1 SV=1,28.218156496986254,28.23725580448424,-0.019099307497985052,0.717367719809696,-0.3637494456259717,-0.09391970300677126,0.8347456374410853
KRT13,K7EMD9,Keratin 13 (Fragment) OS=Homo sapiens OX=9606 GN=KRT13 PE=1 SV=1,19.371415209745944,21.422560498437846,-2.0511452886919024,9.048026407842346e-10,-7.303764390538396,-1.8858238566118648,5.765402427077143e-08
ACTBL2,Q562R1,Beta-actin-like protein 2 OS=Homo sapiens OX=9606 GN=ACTBL2 PE=1 SV=2,20.997529885787465,20.941096855505418,0.05643303028204727,0.8049178647825789,0.24812009720453299,0.06406433362216811,0.8879737940433852
HBD,P02042,Hemoglobin subunit delta OS=Homo sapiens OX=9606 GN=HBD PE=1 SV=2,29.835560083233183,29.935788621296847,-0.10022853806366427,0.1750338065162155,-1.3730121733239886,-0.35451021876159056,0.35109492411820176
FHL1,Q5JXI2,Four and a half LIM domains 1 OS=Homo sapiens OX=9606 GN=FHL1 PE=1 SV=1,22.00225694022612,22.039783147309944,-0.03752620708382537,0.7847685295081801,-0.2743786949362433,-0.07084427440281303,0.8754455654807639
CSRP1,E9PP21,Cysteine and glycine-rich protein 1 OS=Homo sapiens OX=9606 GN=CSRP1 PE=1 SV=1,22.831684494785357,23.233164545608197,-0.40148005082284044,0.06277393440036455,-1.8972735806561218,-0.4898739320720316,0.1760543617953886
IGHA2,P01877,Immunoglobulin heavy constant alpha 2 OS=Homo sapiens OX=9606 GN=IGHA2 PE=1 SV=5,25.115796855463643,24.4766020068771,0.6391948485865413,0.0005605383632411109,3.6519059425812554,0.9429180598355402,0.005386696386016135
KRT73,Q86Y46,"Keratin, type II cytoskeletal 73 OS=Homo sapiens OX=9606 GN=KRT73 PE=1 SV=1",27.869156146729104,27.381542071988402,0.4876140747407014,0.0007904219801298577,3.5423457094461677,0.9146297292796202,0.00711379782116872
KRT72,Q14CN4,"Keratin, type II cytoskeletal 72 OS=Homo sapiens OX=9606 GN=KRT72 PE=1 SV=2",25.896349955922645,23.195301185319604,2.701048770603041,0.0005060550265436125,3.684174748350021,0.9512498296585021,0.0050384103580248425
TUBA4A,P68366,Tubulin alpha-4A chain OS=Homo sapiens OX=9606 GN=TUBA4A PE=1 SV=1,26.690592283312654,26.819126525616188,-0.12853424230353383,0.3537483403249416,-0.934836792079765,-0.24137382180979305,0.5434147600170028
HNRNPK,A0A994J4E9,Heterogeneous nuclear ribonucleoprotein K OS=Homo sapiens OX=9606 GN=HNRNPK PE=1 SV=1,28.42193256444064,28.307838263219192,0.11409430122144926,0.13143366831309994,1.530077927951396,0.39506442222368726,0.29039366660578114
FHL1,Q5JXI0,Four and a half LIM domains 1 (Fragment) OS=Homo sapiens OX=9606 GN=FHL1 PE=1 SV=1,31.993387023272682,32.17513800589032,-0.18175098261763623,0.06949045397540729,-1.849449863477539,-0.47752590139293927,0.19020325289144985
RAB1B,Q9H0U4,Ras-related protein Rab-1B OS=Homo sapiens OX=9606 GN=RAB1B PE=1 SV=1,27.38634212984598,27.280678686949464,0.10566344289651397,0.1771572786906319,1.3661767774849385,0.35274532714496554,0.3525989316230955
TUBA1C,F5H5D3,Tubulin alpha chain OS=Homo sapiens OX=9606 GN=TUBA1C PE=1 SV=1,16.85365284422984,17.893984864856392,-1.040332020626554,0.0018161110480093175,-3.2692637069412984,-0.8441202594229316,0.013222198849527926
CPN1,P15169,Carboxypeptidase N catalytic chain OS=Homo sapiens OX=9606 GN=CPN1 PE=1 SV=1,27.732110875234977,27.686311793520712,0.04579908171426439,0.5620001496327776,0.5832290793919389,0.1505891007672575,0.7208262788768234
KRT84,Q9NSB2,"Keratin, type II cuticular Hb4 OS=Homo sapiens OX=9606 GN=KRT84 PE=1 SV=2",18.97856441266048,19.208013559375615,-0.22944914671513672,0.38161915007189207,-0.8816241823417562,-0.2276343850548902,0.5692128333937492
CFB,P00751,Complement factor B OS=Homo sapiens OX=9606 GN=CFB PE=1 SV=2,23.43837595398572,23.668880606203246,-0.23050465221752603,0.4089296612125728,-0.8318068213538975,-0.21477159775769156,0.5934043529020139
AMBP,S4R3Y4,Alpha-1-microglobulin/bikunin precursor OS=Homo sapiens OX=9606 GN=AMBP PE=1 SV=1,30.341226090419106,30.554282546106474,-0.21305645568736864,0.07772784331824711,-1.7958489572868415,-0.46368620692505946,0.20470597995206272
SYNCRIP,A0A7I2YQV8,Synaptotagmin binding cytoplasmic RNA interacting protein OS=Homo sapiens OX=9606 GN=SYNCRIP PE=1 SV=1,24.57524883852069,24.612509011954806,-0.037260173434116695,0.79252339685944,-0.26425079871455603,-0.0682292628428989,0.8791711498586963
PCOLCE,Q15113,Procollagen C-endopeptidase enhancer 1 OS=Homo sapiens OX=9606 GN=PCOLCE PE=1 SV=2,27.96609397553774,27.86204520201243,0.10404877352531017,0.2474446027852503,1.1683526064156378,0.30166734580971954,0.4419049912969773
Unknown,H0YJW9,Uncharacterized protein (Fragment) OS=Homo sapiens OX=9606 PE=1 SV=3,20.40950507456728,19.5724446322718,0.8370604422954813,0.0004398470461980503,3.7281914629916364,0.9626148965092849,0.004520492545764478
WAS,A0A8V8TNH9,WASP actin nucleation promoting factor OS=Homo sapiens OX=9606 GN=WAS PE=1 SV=1,28.81402278322985,28.91357666928258,-0.09955388605273185,0.44081382012944015,-0.7761503737356524,-0.2004011647753896,0.6227423828014642
CALD1,E9PGZ1,Caldesmon 1 OS=Homo sapiens OX=9606 GN=CALD1 PE=1 SV=1,28.653103109098367,29.24589625111057,-0.5927931420122015,0.07534977778460507,-1.810813724818263,-0.46755009328699687,0.20139630203167092
PZP,P20742,Pregnancy zone protein OS=Homo sapiens OX=9606 GN=PZP PE=1 SV=4,27.389272061017788,27.491170732978254,-0.1018986719604662,0.20962377423098513,-1.268679134864086,-0.3275715440672959,0.3928596145293639
CFD,P00746,Complement factor D OS=Homo sapiens OX=9606 GN=CFD PE=1 SV=5,27.30981862446914,27.244711004303035,0.06510762016610627,0.6715449644820564,0.42619278393562066,0.11004250363042897,0.8010036197309665
TUBB,P07437,Tubulin beta chain OS=Homo sapiens OX=9606 GN=TUBB PE=1 SV=2,27.054488704700784,26.779538834328847,0.2749498703719375,0.006487523591504732,2.8241627531188076,0.7291956873205621,0.03515178599070421
BZW1,Q7L1Q6,eIF5-mimic protein 2 OS=Homo sapiens OX=9606 GN=BZW1 PE=1 SV=1,28.944800508007273,28.692973762926776,0.2518267450804963,0.0006054139929357851,3.6275042503882013,0.9366175700033416,0.005740621968730391
FCN1,O00602,Ficolin-1 OS=Homo sapiens OX=9606 GN=FCN1 PE=1 SV=2,28.822674275248684,28.844468595559487,-0.021794320310803528,0.7370619280232756,-0.33736196581486094,-0.08710648501631682,0.8477542608960853
CDH1,P12830,Cadherin-1 OS=Homo sapiens OX=9606 GN=CDH1 PE=1 SV=3,28.400192112927865,28.400801435238364,-0.0006093223104990386,0.9908735248465557,-0.011488004520219934,-0.0029661900125311554,0.9959075389632247
CDH1,H3BNC6,Cadherin 1 OS=Homo sapiens OX=9606 GN=CDH1 PE=1 SV=1,23.912950103840135,24.069927666433767,-0.1569775625936316,0.1613300726102653,-1.4187271581571934,-0.3663137770903324,0.3311840279228771
KRAS,A0A8I5KQ21,"KRAS proto-oncogene, GTPase OS=Homo sapiens OX=9606 GN=KRAS PE=1 SV=1",21.260989587594906,21.20784332511414,0.05314626248076593,0.8625496594412412,0.17389992180792835,0.04490076673792522,0.92637671054269
ROCK2,O75116,Rho-associated protein kinase 2 OS=Homo sapiens OX=9606 GN=ROCK2 PE=1 SV=4,27.94843295016248,28.330839747947604,-0.3824067977851229,4.7315174238112243e-05,-4.398033601350747,-1.1355673929394716,0.0007247410823203154
CD9,A0A2R8Y478,CD9 molecule OS=Homo sapiens OX=9606 GN=CD9 PE=1 SV=1,27.06311260052327,26.777145636681613,0.28596696384165554,0.12044394273658124,1.5760918610128596,0.4069451686530573,0.27215205784308355
H2BC12,O60814,Histone H2B type 1-K OS=Homo sapiens OX=9606 GN=H2BC12 PE=1 SV=3,22.858888427169305,22.782045822236544,0.07684260493276085,0.6327930738051528,0.480339085822743,0.12402301866159858,0.770382067756522
PGLYRP2,Q96PD5,N-acetylmuramoyl-L-alanine amidase OS=Homo sapiens OX=9606 GN=PGLYRP2 PE=1 SV=1,26.93296649120005,27.392928771636605,-0.4599622804365531,0.035987015226720084,-2.1469883669118843,-0.554350012636719,0.1182861118529881
UBC,F5H2Z3,Ubiquitin C (Fragment) OS=Homo sapiens OX=9606 GN=UBC PE=1 SV=1,17.388148138105684,18.545762404339882,-1.157614266234198,5.421651722106435e-05,-4.358494154462032,-1.1253583516515882,0.0007851537448468682
UBA52,P62987,Ubiquitin-ribosomal protein eL40 fusion protein OS=Homo sapiens OX=9606 GN=UBA52 PE=1 SV=2,27.91147784261402,27.44495439647955,0.4665234461344703,0.4424015472017079,0.7734424948486135,0.1997019934531864,0.623668729816213
FLNB,O75369,Filamin-B OS=Homo sapiens OX=9606 GN=FLNB PE=1 SV=2,20.451235902010207,20.124558737706653,0.326677164303554,0.15160175020848352,1.453040592712199,0.3751734677958467,0.3177652474764661
HBG2,P69892,Hemoglobin subunit gamma-2 OS=Homo sapiens OX=9606 GN=HBG2 PE=1 SV=2,26.027714414534785,25.76842338519899,0.2592910293357953,0.11649531816272901,1.593448335190964,0.4114265910157692,0.26625113605914963
RAB14,P61106,Ras-related protein Rab-14 OS=Homo sapiens OX=9606 GN=RAB14 PE=1 SV=4,26.273235297410373,26.032358214252437,0.24087708315793677,0.26556363233390623,1.1241901718435903,0.29026465423468534,0.45635692158350877
IGHV3OR16-9,A0A0B4J2B5,Immunoglobulin heavy variable 3/OR16-9 (non-functional) (Fragment) OS=Homo sapiens OX=9606 GN=IGHV3OR16-9 PE=1 SV=1,21.9162464615637,21.23493192960846,0.6813145319552376,8.508213709497396e-07,5.513445279543799,1.4235654498599353,2.297217701564297e-05
DNM2,P50570,Dynamin-2 OS=Homo sapiens OX=9606 GN=DNM2 PE=1 SV=2,27.957309446927592,28.075123493529073,-0.11781404660148098,0.1940682156367215,-1.3138547813477075,-0.3392358458329772,0.3744623973430236
NEFH,P12036,Neurofilament heavy polypeptide OS=Homo sapiens OX=9606 GN=NEFH PE=1 SV=5,23.758255497362526,23.990971741578118,-0.23271624421559167,0.33221203853161885,-0.9778451477912853,-0.25247853150435856,0.5239740370107613
EZR,P15311,Ezrin OS=Homo sapiens OX=9606 GN=EZR PE=1 SV=4,21.732660015611412,21.87853772645143,-0.14587771084001844,0.17823518632040916,-1.362730965584262,-0.3518556223379333,0.3532781759843161
MNDA,P41218,Myeloid cell nuclear differentiation antigen OS=Homo sapiens OX=9606 GN=MNDA PE=1 SV=1,27.753229642770453,27.42342999968763,0.32979964308282206,0.01274315585675842,2.570543324753376,0.6637114324982979,0.05561601994470182
RDX,P35241,Radixin OS=Homo sapiens OX=9606 GN=RDX PE=1 SV=1,23.914043420467447,23.90851546111925,0.005527959348196276,0.956468068301368,0.054822772400960215,0.014155178966789233,0.9779548349191779
RHOG,P84095,Rho-related GTP-binding protein RhoG OS=Homo sapiens OX=9606 GN=RHOG PE=1 SV=1,24.351596680397222,23.968010632743088,0.3835860476541342,0.000828765314137567,3.5271051300315053,0.9106946285956511,0.007334573030117467
IGF2,P01344,Insulin-like growth factor 2 OS=Homo sapiens OX=9606 GN=IGF2 PE=1 SV=1,22.620243743190525,22.430013353192937,0.19023038999758768,0.10145889805183522,1.6642385897846408,0.42970455615677533,0.24637808627526447
KRT31,Q15323,"Keratin, type I cuticular Ha1 OS=Homo sapiens OX=9606 GN=KRT31 PE=1 SV=3",27.303386605951207,26.770440946883607,0.5329456590676003,0.0001263918475315133,4.109090102082326,1.0609625022287055,0.0016369285619325259
ENO3,P13929,Beta-enolase OS=Homo sapiens OX=9606 GN=ENO3 PE=1 SV=5,24.561250591393765,24.053627793011348,0.5076227983824175,5.0564640974754865e-06,5.029078955685573,1.2985026028088276,0.00010460970528933052
PRAM1,Q96QH2,PML-RARA-regulated adapter molecule 1 OS=Homo sapiens OX=9606 GN=PRAM1 PE=1 SV=3,28.351815541425417,28.687918991607365,-0.3361034501819482,0.009024964216708871,-2.701949537455548,-0.697640370723878,0.043565963627931005
KIF2A,A0A6Q8PFA6,Kinesin-like protein OS=Homo sapiens OX=9606 GN=KIF2A PE=1 SV=1,22.665214322638963,23.087018818693824,-0.42180449605486103,0.30794587305182497,-1.0285836659397491,-0.2655791605577081,0.5005691589505685
HNRNPA3,P51991,Heterogeneous nuclear ribonucleoprotein A3 OS=Homo sapiens OX=9606 GN=HNRNPA3 PE=1 SV=2,28.488788054326157,28.59700734889334,-0.10821929456718138,0.13308339642003855,-1.5234380418511724,-0.39335001100456185,0.29241634551327095
INF2,A0A6Q8PHS8,Inverted formin 2 (Fragment) OS=Homo sapiens OX=9606 GN=INF2 PE=1 SV=1,24.663839365672473,24.37872258768381,0.2851167779886623,0.048651490289059865,2.01404089587731,0.5200231232208994,0.1459544708671796
KRT33B,Q14525,"Keratin, type I cuticular Ha3-II OS=Homo sapiens OX=9606 GN=KRT33B PE=1 SV=3",21.569803402393962,20.61705716456725,0.9527462378267124,0.03376295973731504,2.1744614786112795,0.5614435395754027,0.11394998911343826
TMA7,Q9Y2S6,Translation machinery-associated protein 7 OS=Homo sapiens OX=9606 GN=TMA7 PE=1 SV=1,25.360939202650584,25.47674319042454,-0.11580398777395473,0.27572507099600363,-1.1003513292962743,-0.28410949155611087,0.4678487649697722
KRT36,O76013,"Keratin, type I cuticular Ha6 OS=Homo sapiens OX=9606 GN=KRT36 PE=1 SV=1",30.658258989175035,31.03142695170703,-0.37316796253199414,0.48844430569694586,-0.6972299956546687,-0.18002401077645344,0.6641636796408211
VCL,P18206,Vinculin OS=Homo sapiens OX=9606 GN=VCL PE=1 SV=4,28.77416802068058,29.061869765532467,-0.28770174485188704,0.016244819750851517,-2.4755588214936313,-0.6391865392134463,0.06551391864077587
MYL6,G3V1V0,Myosin light chain 6 OS=Homo sapiens OX=9606 GN=MYL6 PE=1 SV=1,20.769891984609547,20.262994877548078,0.5068971070614694,0.09440121421028863,1.7004599232410704,0.4390568642403872,0.23351107800774812
ITGA6,P23229,Integrin alpha-6 OS=Homo sapiens OX=9606 GN=ITGA6 PE=1 SV=5,28.278334029864588,28.08152555939819,0.19680847046639727,0.037024821747742194,2.134674088136465,0.5511704795288689,0.12061460336227672
FAP,Q12884,Prolyl endopeptidase FAP OS=Homo sapiens OX=9606 GN=FAP PE=1 SV=5,27.486375283142273,27.674311856158468,-0.18793657301619504,0.02930684522480589,-2.2346614622580017,-0.5769871085157836,0.1009584170842799
SEPTIN11,Q9NVA2,Septin-11 OS=Homo sapiens OX=9606 GN=SEPTIN11 PE=1 SV=3,24.228015753668917,24.358651692070385,-0.13063593840146837,0.548818536643219,-0.603061897621783,-0.15570991241476054,0.7096330591498765
LYZ,P61626,Lysozyme C OS=Homo sapiens OX=9606 GN=LYZ PE=1 SV=1,23.750729432742506,24.17697209226357,-0.426242659521062,0.0018177410847750256,-3.2689625302757244,-0.8440424959422624,0.013222198849527926
LYZ,A0A0B4J259,Lysozyme C OS=Homo sapiens OX=9606 GN=LYZ PE=1 SV=1,22.576825201326425,22.735278312928504,-0.15845311160207842,0.33301846616145336,-0.9762021458741735,-0.25205431023350783,0.5247264259101833
IQGAP3,Q86VI3,Ras GTPase-activating-like protein IQGAP3 OS=Homo sapiens OX=9606 GN=IQGAP3 PE=1 SV=2,27.963171175229554,27.597977718164618,0.36519345706493667,0.00024042879408092544,3.914913991088862,1.0108264459547716,0.0027788604704979698
CHMP4B,Q9H444,Charged multivesicular body protein 4b OS=Homo sapiens OX=9606 GN=CHMP4B PE=1 SV=1,26.56356386582587,26.240812540747765,0.3227513250781051,0.11936498540840369,1.5807885032531035,0.40815783646502796,0.27009718999373167
CCT4,P50991,T-complex protein 1 subunit delta OS=Homo sapiens OX=9606 GN=CCT4 PE=1 SV=4,27.86703350779218,27.851629404507392,0.01540410328478714,0.8460442486285152,0.19503873280318995,0.050358784267476864,0.9150390271496083
MPIG6B,A0A140T9L8,C6orf25 OS=Homo sapiens OX=9606 GN=MPIG6B PE=1 SV=1,24.297162433558995,24.25564135411178,0.041521079447214504,0.6473990577458566,0.4597715529443723,0.11871250450756503,0.7831639350462583
HNRNPDL,O14979,Heterogeneous nuclear ribonucleoprotein D-like OS=Homo sapiens OX=9606 GN=HNRNPDL PE=1 SV=3,24.806593382074517,24.97857607805506,-0.1719826959805424,0.31243084126949067,-1.019008358181076,-0.2631068267254313,0.5073418248137601
CNN2,Q99439,Calponin-2 OS=Homo sapiens OX=9606 GN=CNN2 PE=1 SV=4,27.32457905954732,27.288325540346616,0.03625351920070585,0.6727785331328743,0.4244906425733061,0.10960301262048663,0.8015125364387724
ACTN1,A0A804HKE2,Alpha-actinin-1 OS=Homo sapiens OX=9606 GN=ACTN1 PE=1 SV=1,24.84448082396143,24.950626067722656,-0.10614524376122603,0.42857649611294235,-0.7972172521566155,-0.20584060939412072,0.6101182826701672
CHMP2A,O43633,Charged multivesicular body protein 2a OS=Homo sapiens OX=9606 GN=CHMP2A PE=1 SV=1,27.96338125532692,27.90146458593544,0.06191666939147922,0.24072850675671312,1.1853104480949712,0.30604584170383164,0.43380148332968776
IGFBP2,P18065,Insulin-like growth factor-binding protein 2 OS=Homo sapiens OX=9606 GN=IGFBP2 PE=1 SV=2,28.88312145145018,28.926590817469123,-0.043469366018943134,0.6266448719740755,-0.4890581670291292,-0.12627427574870284,0.7661130322752895
UNC13D,Q70J99,Protein unc-13 homolog D OS=Homo sapiens OX=9606 GN=UNC13D PE=1 SV=1,26.71941693372528,26.50266076809674,0.21675616562854216,0.38224646931971273,0.8804553673463077,0.22733259832074554,0.569615178322079
IGHV3-74,A0A0B4J1X5,Immunoglobulin heavy variable 3-74 OS=Homo sapiens OX=9606 GN=IGHV3-74 PE=1 SV=1,23.809258059335345,23.76158135467276,0.04767670466258522,0.568166544575274,0.5740307566944884,0.14821410405923968,0.7258133965584697
IGKV3D-20,A0A0C4DH25,Immunoglobulin kappa variable 3D-20 OS=Homo sapiens OX=9606 GN=IGKV3D-20 PE=1 SV=1,25.777374993408458,25.849766215267685,-0.07239122185922753,0.5287450529186717,-0.63373516934796,-0.1636297171193724,0.6932435138267029
CCT6A,P40227,T-complex protein 1 subunit zeta OS=Homo sapiens OX=9606 GN=CCT6A PE=1 SV=3,26.38108542334139,25.900423291979653,0.4806621313617363,0.00147367768800561,3.3389914777505743,0.8621238924304311,0.011382954671993238
HNRNPAB,D6RBZ0,Heterogeneous nuclear ribonucleoprotein A/B OS=Homo sapiens OX=9606 GN=HNRNPAB PE=1 SV=1,24.594432044906743,24.28080044099754,0.31363160390920086,0.00028593727241030677,3.8617820376926315,0.997107834577767,0.0031631810760390186
CAND1,Q86VP6,Cullin-associated NEDD8-dissociated protein 1 OS=Homo sapiens OX=9606 GN=CAND1 PE=1 SV=2,28.48555578577656,28.698306526992972,-0.21275074121641424,0.08500502158167332,-1.7523136484496504,-0.45244543851849695,0.21770578678393182
LECT2,O14960,Leukocyte cell-derived chemotaxin-2 OS=Homo sapiens OX=9606 GN=LECT2 PE=1 SV=2,21.645154168769118,21.532845567344854,0.1123086014242638,0.38151094253497553,0.8818259158185281,0.22768647241461754,0.5692128333937492
Unknown,A0A0U1RRH7,Histone H2A OS=Homo sapiens OX=9606 PE=3 SV=1,22.692764814397048,22.18026839311922,0.5124964212778274,0.015249651558902825,2.500504759775758,0.6456275527815926,0.0628057465824313
DNM1,Q05193,Dynamin-1 OS=Homo sapiens OX=9606 GN=DNM1 PE=1 SV=2,24.35699331710454,24.33538808992055,0.02160522718398994,0.8641607835444731,0.17184090294003646,0.04436913035226708,0.92637671054269
MYL9,P24844,Myosin regulatory light polypeptide 9 OS=Homo sapiens OX=9606 GN=MYL9 PE=1 SV=4,23.659039048685763,23.83072319768904,-0.17168414900327633,0.4478299059903972,-0.7642271755309882,-0.19732260823670997,0.6279868311995622
SNX2,O60749,Sorting nexin-2 OS=Homo sapiens OX=9606 GN=SNX2 PE=1 SV=2,24.79298721311876,24.41906012705871,0.3739270860600499,0.014472226925616696,2.5210373812665283,0.6509290528541082,0.06082917544197202
GP1BA,P07359,Platelet glycoprotein Ib alpha chain OS=Homo sapiens OX=9606 GN=GP1BA PE=1 SV=2,24.236462754860856,24.499116790369516,-0.2626540355086604,0.007334934478470187,-2.7790898210498995,-0.7175579063027209,0.03752808906650431
S100A7A,Q86SG5,Protein S100-A7A OS=Homo sapiens OX=9606 GN=S100A7A PE=1 SV=3,30.4440615548002,30.913740071432525,-0.4696785166323245,0.0004610577807002967,-3.713436828978054,-0.9588052663883521,0.004678121303538679
CCT7,Q99832,T-complex protein 1 subunit eta OS=Homo sapiens OX=9606 GN=CCT7 PE=1 SV=2,27.500214581813633,27.66480462381966,-0.16459004200602578,0.31503673571580515,-1.0134874712522515,-0.2616813398499892,0.5105325737490107
IGHV3-30,P01768,Immunoglobulin heavy variable 3-30 OS=Homo sapiens OX=9606 GN=IGHV3-30 PE=1 SV=2,25.172773077807665,25.411520028279902,-0.23874695047223682,0.015728686542500196,-2.488319015340011,-0.64248120709754,0.06375521033639393
APEX1,P27695,DNA repair nuclease/redox regulator APEX1 OS=Homo sapiens OX=9606 GN=APEX1 PE=1 SV=2,23.92678189995491,24.081343561648225,-0.15456166169331453,0.3306117771057123,-0.9811133402868301,-0.25332237517818823,0.5230035361761666
DENR,O43583,Density-regulated protein OS=Homo sapiens OX=9606 GN=DENR PE=1 SV=2,27.142773279319773,27.199400328401126,-0.056627049081352965,0.6640158142536081,-0.4366093102855927,-0.11273203916901381,0.7953211970721787
PGK1,P00558,Phosphoglycerate kinase 1 OS=Homo sapiens OX=9606 GN=PGK1 PE=1 SV=3,28.751428556789133,28.74451927158695,0.0069092852021839235,0.9441066952812044,0.07041359627897298,0.018180712382335658,0.9712772588768844
HLA-A,Q5RJ27,MHC class I antigen OS=Homo sapiens OX=9606 GN=HLA-A PE=1 SV=2,22.676632643115706,22.637391160004054,0.03924148311165254,0.9002707011295148,0.1258692818783239,0.032499308834255704,0.9478725888296874
KRT86,O43790,"Keratin, type II cuticular Hb6 OS=Homo sapiens OX=9606 GN=KRT86 PE=1 SV=1",19.29056771814478,17.99454328343708,1.2960244347077001,0.002571472656597854,3.151311648315138,0.8136651688422649,0.017580926789529536
HLA-A,A0A0G2JPD3,"Major histocompatibility complex, class I, A OS=Homo sapiens OX=9606 GN=HLA-A PE=1 SV=1",20.191804400648916,20.604552621002377,-0.4127482203534605,0.13035020401577044,-1.5344748395592467,-0.3961996999191507,0.289203168519669
DEFA3,P59666,Neutrophil defensin 3 OS=Homo sapiens OX=9606 GN=DEFA3 PE=1 SV=1,28.153541444104146,28.096115071805553,0.057426372298593265,0.41753829988035995,0.8165298652747109,0.2108271046593294,0.5992238844228949
RBMX,P38159,"RNA-binding motif protein, X chromosome OS=Homo sapiens OX=9606 GN=RBMX PE=1 SV=3",29.097446734356303,29.181706979642804,-0.08426024528650089,0.31321702505452226,-1.0173394728581344,-0.26267592238793247,0.5081005304601364
GP9,P14770,Platelet glycoprotein IX OS=Homo sapiens OX=9606 GN=GP9 PE=1 SV=3,26.027868676246452,26.331868308997226,-0.3039996327507737,0.005701862689760726,-2.871097834355412,-0.7413142731860461,0.03175897645031062
KRT85,P78386,"Keratin, type II cuticular Hb5 OS=Homo sapiens OX=9606 GN=KRT85 PE=1 SV=1",28.156853508204186,28.03945418803065,0.11739932017353638,0.2612110856180348,1.13459835149375,0.2929520346646456,0.45377236574648794
PDCD10,Q9BUL8,Programmed cell death protein 10 OS=Homo sapiens OX=9606 GN=PDCD10 PE=1 SV=1,23.358829140670423,23.447528186944748,-0.0886990462743249,0.661402299535179,-0.440236290974736,-0.11366852155608502,0.7927869549733184
NAP1L1,P55209,Nucleosome assembly protein 1-like 1 OS=Homo sapiens OX=9606 GN=NAP1L1 PE=1 SV=1,27.569699776831577,27.634297123492527,-0.06459734666094974,0.3931646942889354,-0.8603023455840162,-0.22212911047667147,0.5793814597615857
SEPTIN7,Q16181,Septin-7 OS=Homo sapiens OX=9606 GN=SEPTIN7 PE=1 SV=2,23.98249614787464,23.61486474694176,0.3676314009328827,0.0043357897620643245,2.9692103430661665,0.7666468140054715,0.02596583868785139
HLA-C,P10321,"HLA class I histocompatibility antigen, C alpha chain OS=Homo sapiens OX=9606 GN=HLA-C PE=1 SV=3",23.600700711393824,22.41778288406446,1.1829178273293621,1.0559068826745474e-07,6.06715750104818,1.5665333306918006,4.205149160251385e-06
HLA-A,A0A140T9I0,"Major histocompatibility complex, class I, A (Fragment) OS=Homo sapiens OX=9606 GN=HLA-A PE=1 SV=1",26.948564868799043,27.521008605213687,-0.5724437364146446,0.04044354952223065,-2.0961345440711536,-0.5412196120398438,0.12937063130303902
PLTP,P55058,Phospholipid transfer protein OS=Homo sapiens OX=9606 GN=PLTP PE=1 SV=1,21.846035282831977,20.943301250967906,0.9027340318640711,0.2021286439025348,1.2901211867137468,0.33310785804877935,0.3842373863206896
IGKV1-5,P01602,Immunoglobulin kappa variable 1-5 OS=Homo sapiens OX=9606 GN=IGKV1-5 PE=1 SV=2,24.6248480281029,24.253432684058215,0.371415344044685,0.003008683189804667,3.0972294073801327,0.7997011942778081,0.019887271042982716
HNRNPR,O43390,Heterogeneous nuclear ribonucleoprotein R OS=Homo sapiens OX=9606 GN=HNRNPR PE=1 SV=1,19.35306023772345,18.850001548167015,0.5030586895564362,0.20701847508915414,1.2760666225599815,0.32947898518839697,0.3900547780186226
CRTAC1,Q9NQ79,Cartilage acidic protein 1 OS=Homo sapiens OX=9606 GN=CRTAC1 PE=1 SV=2,23.44663025415865,23.804287953791842,-0.3576576996331937,0.25854355444912874,-1.1410380945050975,-0.2946147691604325,0.4528036070848377
IGHV3-48,P01763,Immunoglobulin heavy variable 3-48 OS=Homo sapiens OX=9606 GN=IGHV3-48 PE=1 SV=2,24.92548807624389,24.85935412809799,0.06613394814590023,0.7270103163365428,0.3507987501714584,0.09057584781896232,0.8420405905164117
HLA-A,P04439,"HLA class I histocompatibility antigen, A alpha chain OS=Homo sapiens OX=9606 GN=HLA-A PE=1 SV=2",23.44555607626585,23.017184164670326,0.4283719115955229,0.006697780485350076,2.8124942757579534,0.7261828994209496,0.0355652143772089
KIAA0513,O60268,Uncharacterized protein KIAA0513 OS=Homo sapiens OX=9606 GN=KIAA0513 PE=1 SV=1,26.870956677863262,27.367102093416637,-0.4961454155533751,0.002712426580046334,-3.132991604954579,-0.8089349539864487,0.01826791453607513
STK10,O94804,Serine/threonine-protein kinase 10 OS=Homo sapiens OX=9606 GN=STK10 PE=1 SV=1,26.30137606238253,26.658589310533426,-0.35721324815089517,0.00019294573942726757,-3.9818527832932316,-1.0281099677829557,0.002364327406981825
CAPZB,B1AK88,F-actin-capping protein subunit beta OS=Homo sapiens OX=9606 GN=CAPZB PE=1 SV=1,28.552720086462156,29.047074013745966,-0.4943539272838109,0.19998381917746638,-1.2963661908037298,-0.33472031117127954,0.38244204555786787
FBLN1,P23142,Fibulin-1 OS=Homo sapiens OX=9606 GN=FBLN1 PE=1 SV=4,30.096704514431675,30.32762848474548,-0.2309239703138033,0.004476066439589695,-2.9579030603151186,-0.7637272861530938,0.026605872530844718
ST13,P50502,Hsc70-interacting protein OS=Homo sapiens OX=9606 GN=ST13 PE=1 SV=2,25.23604834287745,24.800656109027805,0.4353922338496439,1.6950580950161402e-06,5.327637939063725,1.3755902008411076,3.8574679219438736e-05
AZU1,P20160,Azurocidin OS=Homo sapiens OX=9606 GN=AZU1 PE=1 SV=3,24.896904177710994,25.294074395256942,-0.3971702175459484,3.390688587489784e-05,-4.494183312160644,-1.1603931415200976,0.0005455926181688108
HLA-C,Q5QT33,HLA class I antigen OS=Homo sapiens OX=9606 GN=HLA-C PE=1 SV=1,25.219514839083516,24.98635205860892,0.23316278047459704,0.02014291343412981,2.389497912808523,0.6169657081403194,0.07639919309659236
MYH7,P12883,Myosin-7 OS=Homo sapiens OX=9606 GN=MYH7 PE=1 SV=5,28.459966493598266,28.396412443114794,0.06355405048347151,0.7055329551486533,0.37972971710712045,0.09804579136106208,0.827182522171031
TPM3,A0A087WWU8,Tropomyosin 3 OS=Homo sapiens OX=9606 GN=TPM3 PE=1 SV=1,23.976010769436165,23.89326945811226,0.08274131132390394,0.5307819371277003,0.6305955938287834,0.16281908220604363,0.6953417975694297
HLA-H,P01893,"Putative HLA class I histocompatibility antigen, alpha chain H OS=Homo sapiens OX=9606 GN=HLA-H PE=5 SV=3",22.0352906346148,21.05705845659707,0.9782321780177305,0.028574709253375363,2.2453152630266198,0.5797379080458284,0.09895546052310207
MYH10,P35580,Myosin-10 OS=Homo sapiens OX=9606 GN=MYH10 PE=1 SV=3,23.962061018598273,23.766466725179704,0.19559429341856926,0.26370983693189476,1.1286082488789404,0.2914053968200301,0.4560504122131006
PRKCA,P17252,Protein kinase C alpha type OS=Homo sapiens OX=9606 GN=PRKCA PE=1 SV=4,21.604654310749513,21.932084538591344,-0.3274302278418304,0.31834523560491634,-1.0065222093107835,-0.259882916949904,0.5127643683707095
TPM2,P07951,Tropomyosin beta chain OS=Homo sapiens OX=9606 GN=TPM2 PE=1 SV=1,26.625123250434182,26.659852514369735,-0.03472926393555298,0.7579786584090036,-0.3095948316493079,-0.07993704180331056,0.8632938048917841
FKBP3,Q00688,Peptidyl-prolyl cis-trans isomerase FKBP3 OS=Homo sapiens OX=9606 GN=FKBP3 PE=1 SV=1,23.102090830756673,22.993533724250327,0.1085571065063462,0.44471411293749663,0.7695085812029921,0.19868626131752576,0.626260685265209
PCSK9,A0AA34QVH0,Proprotein convertase subtilisin/kexin type 9 OS=Homo sapiens OX=9606 GN=PCSK9 PE=1 SV=1,23.523458648602766,24.19344432143715,-0.6699856728343825,0.007980715906440734,-2.7478549921866198,-0.7094931081687793,0.0400424501460651
TPM3,J3KN67,Tropomyosin 3 OS=Homo sapiens OX=9606 GN=TPM3 PE=1 SV=1,20.679987699506572,20.972143703566548,-0.29215600405997577,0.009293466175590742,-2.6909353885979046,-0.6947965297173245,0.044062035589883156
SERPINB3,P29508,Serpin B3 OS=Homo sapiens OX=9606 GN=SERPINB3 PE=1 SV=2,27.506391901328314,27.458551622480808,0.04784027884750586,0.6118681119388241,0.5101705076548826,0.13172545865823623,0.7569215008075078
CYFIP1,Q7L576,Cytoplasmic FMR1-interacting protein 1 OS=Homo sapiens OX=9606 GN=CYFIP1 PE=1 SV=1,27.30667205251597,27.52074179637866,-0.2140697438626873,0.02917398361227644,-2.236577232883698,-0.5774817583643487,0.10081161799209623
TPM3,P06753,Tropomyosin alpha-3 chain OS=Homo sapiens OX=9606 GN=TPM3 PE=1 SV=2,17.68465104440344,17.57037497211088,0.11427607229256154,0.7352242255285879,0.33981388114486893,0.08773956683227893,0.847026568276805
PRKCD,Q05655,Protein kinase C delta type OS=Homo sapiens OX=9606 GN=PRKCD PE=1 SV=2,23.799043346346252,23.735913756284397,0.06312959006185537,0.5250603758978569,0.6394306943997852,0.1651002953642808,0.6912571725663521
XPO1,O14980,Exportin-1 OS=Homo sapiens OX=9606 GN=XPO1 PE=1 SV=1,26.01266590856636,25.66740154382099,0.34526436474536837,0.0004225476662131021,3.740738708122972,0.9658545812715813,0.004370898910892674
HSPA8,P11142,Heat shock cognate 71 kDa protein OS=Homo sapiens OX=9606 GN=HSPA8 PE=1 SV=1,25.090785508296378,25.017118334054302,0.07366717424207536,0.49907665510176913,0.6802117682126503,0.1756299233454596,0.67034495073956
HLA-B,P01889,"HLA class I histocompatibility antigen, B alpha chain OS=Homo sapiens OX=9606 GN=HLA-B PE=1 SV=3",26.327459084689654,25.521494003093025,0.8059650815966286,0.036054772215581496,2.146174971422649,0.5541399948244732,0.1182861118529881
HLA-B,A0A1W2PP29,"Major histocompatibility complex, class I, B OS=Homo sapiens OX=9606 GN=HLA-B PE=1 SV=2",19.356516137505956,19.150809228655262,0.20570690885069354,0.527675807310308,0.6353857910754198,0.16405590581679508,0.6929823256762744
XPO7,E7ESC6,Exportin 7 OS=Homo sapiens OX=9606 GN=XPO7 PE=1 SV=1,25.015547173868054,24.97056559491779,0.04498157895026367,0.5435981834296322,0.6109826793563709,0.1577550494645607,0.7061870763871678
LCN1P1,Q5VSP4,Putative lipocalin 1-like protein 1 OS=Homo sapiens OX=9606 GN=LCN1P1 PE=5 SV=1,20.137090079226237,21.067492210368748,-0.930402131142511,0.06900411366001091,-1.852778503557464,-0.47838535256594383,0.18952336734551273
FUBP1,Q96AE4,Far upstream element-binding protein 1 OS=Homo sapiens OX=9606 GN=FUBP1 PE=1 SV=3,27.632683802801218,27.59919306126698,0.033490741534237145,0.7673157405310469,0.29727888803713254,0.07675707883645824,0.8681349251888905
ILF3,Q12906,Interleukin enhancer-binding factor 3 OS=Homo sapiens OX=9606 GN=ILF3 PE=1 SV=3,26.913775636558114,26.786375481561457,0.12740015499665702,0.1006286716181593,1.6683902962653119,0.4307765221606408,0.24510592769885964
PRNP,P04156,Major prion protein OS=Homo sapiens OX=9606 GN=PRNP PE=1 SV=1,18.007820422502885,18.23169013248991,-0.22386970998702438,0.5228771256363262,-0.6428153154241265,-0.16597420075498065,0.6895225671677712
ARL8A,Q96BM9,ADP-ribosylation factor-like protein 8A OS=Homo sapiens OX=9606 GN=ARL8A PE=1 SV=1,24.027203907694073,23.797238666650838,0.22996524104323512,0.02730302299629974,2.264407647236082,0.5846675404513377,0.0964383938649789
MPP1,Q00013,55 kDa erythrocyte membrane protein OS=Homo sapiens OX=9606 GN=MPP1 PE=1 SV=2,26.328738058832467,26.84707626228449,-0.5183382034520214,0.12187471465912436,-1.5699156217827346,-0.40535047054102613,0.2742181079830298
RHOF,Q9HBH0,Rho-related GTP-binding protein RhoF OS=Homo sapiens OX=9606 GN=RHOF PE=1 SV=1,25.06759551716533,23.788863323911027,1.278732193254303,2.3389307863737578e-06,5.240222313592132,1.3530195833977885,5.103995537936159e-05
ERAP2,Q6P179,Endoplasmic reticulum aminopeptidase 2 OS=Homo sapiens OX=9606 GN=ERAP2 PE=1 SV=2,27.707943215907836,27.828024007892946,-0.12008079198511012,0.2839791819990449,-1.0814361049870005,-0.27922560164013793,0.47736691276119814
KIF5B,P33176,Kinesin-1 heavy chain OS=Homo sapiens OX=9606 GN=KIF5B PE=1 SV=1,24.744257548655387,24.143940175574702,0.600317373080685,0.0031577013837882054,3.0804702927793,0.7953740094947277,0.020615648788420537
HSP90AB1,P08238,Heat shock protein HSP 90-beta OS=Homo sapiens OX=9606 GN=HSP90AB1 PE=1 SV=4,25.965132402408425,25.760127523034377,0.205004879374048,0.005974259570510357,2.8541831125522306,0.7369469107960825,0.03304512324938541
IGHV3-15,A0A0B4J1V0,Immunoglobulin heavy variable 3-15 OS=Homo sapiens OX=9606 GN=IGHV3-15 PE=1 SV=1,21.879619880224514,21.61190668466193,0.2677131955625853,0.025700975337308512,2.2896137711287414,0.5911757336552518,0.09221093178453256
CSE1L,P55060,Exportin-2 OS=Homo sapiens OX=9606 GN=CSE1L PE=1 SV=3,27.08098311957655,26.99480871285048,0.08617440672606946,0.2866823029704677,1.075324838949151,0.27764767953421565,0.47870535496012057
HNRNPA1,P09651,Heterogeneous nuclear ribonucleoprotein A1 OS=Homo sapiens OX=9606 GN=HNRNPA1 PE=1 SV=5,26.731246417419623,27.017620441808894,-0.2863740243892714,0.012854855107922218,-2.56716641643516,-0.6628395185197566,0.05595023001890736
HLA-B,A0A140T9D4,"Major histocompatibility complex, class I, B (Fragment) OS=Homo sapiens OX=9606 GN=HLA-B PE=1 SV=1",24.426140576369587,23.773113557218036,0.6530270191515513,6.094486454037231e-06,4.977518725438869,1.2851898086040205,0.00012135646151601638
HGFAC,Q04756,Hepatocyte growth factor activator OS=Homo sapiens OX=9606 GN=HGFAC PE=1 SV=1,23.853354695036707,23.72976893141112,0.12358576362558793,0.18389409772157414,1.3448970480127056,0.34725092462111506,0.36121245088836945
CHMP6,I3L4G8,Charged multivesicular body protein 6 (Fragment) OS=Homo sapiens OX=9606 GN=CHMP6 PE=1 SV=1,26.890080109973844,26.555667749649974,0.33441236032387067,0.00894514213336721,2.7052817904725224,0.6985007547532175,0.043311888809890474
FHOD1,Q9Y613,FH1/FH2 domain-containing protein 1 OS=Homo sapiens OX=9606 GN=FHOD1 PE=1 SV=3,27.876300827636317,27.536786556784698,0.33951427085161967,2.147288729425886e-05,4.624672747237975,1.1940853687807986,0.0003718077115190692
SERPINB4,P48594,Serpin B4 OS=Homo sapiens OX=9606 GN=SERPINB4 PE=1 SV=2,24.947274360743155,24.9932947659246,-0.046020405181444346,0.7873812993107959,-0.27096326192179204,-0.06996241339047592,0.8765188048931501
CPN2,P22792,Carboxypeptidase N subunit 2 OS=Homo sapiens OX=9606 GN=CPN2 PE=1 SV=3,23.890545608036454,23.543933551901844,0.3466120561346102,0.01408538323824472,2.5316288266238614,0.6536637522861891,0.05967557313437192
Unknown,K7ERQ8,PCAF N-terminal domain-containing protein (Fragment) OS=Homo sapiens OX=9606 PE=3 SV=1,24.164299420085136,24.06295671907106,0.10134270101407594,0.06693553093686548,1.8671613163004874,0.48209897884763386,0.1851185777472686
LGALS7; LGALS7B,P47929,Galectin-7 OS=Homo sapiens OX=9606 GN=LGALS7 PE=1 SV=2,29.846023438565865,29.790507051627777,0.05551638693808769,0.4622854303956705,0.7399992017671208,0.19106697231005604,0.6415303201004495
EIF5A,P63241,Eukaryotic translation initiation factor 5A-1 OS=Homo sapiens OX=9606 GN=EIF5A PE=1 SV=2,23.174193847712317,23.189664790623066,-0.01547094291074913,0.9096464971320415,-0.11398100291506524,-0.029429768404937783,0.9539610730291916
PRKCQ,Q04759,Protein kinase C theta type OS=Homo sapiens OX=9606 GN=PRKCQ PE=1 SV=3,21.611141915960552,21.29554329608557,0.31559861987498294,0.00695528203058196,2.798655565071003,0.7226097596860468,0.03633259532667235
CYFIP2,Q96F07,Cytoplasmic FMR1-interacting protein 2 OS=Homo sapiens OX=9606 GN=CYFIP2 PE=1 SV=2,17.24178692416638,16.759154612553754,0.4826323116126261,0.29957881509983275,1.0467036484570098,0.2702577199259028,0.49148203136357727
EIF5A2,F8WCJ1,Eukaryotic translation initiation factor 5A OS=Homo sapiens OX=9606 GN=EIF5A2 PE=1 SV=1,19.792033507743962,19.871860212992,-0.07982670524803837,0.8680297239542857,-0.1668993977797402,-0.04309323920619872,0.9280344632611927
IGKV2-29,A2NJV5,Immunoglobulin kappa variable 2-29 OS=Homo sapiens OX=9606 GN=IGKV2-29 PE=1 SV=2,27.972686029179165,27.669184723261537,0.3035013059176279,0.00021539020092934232,3.948440718177351,1.0194830096658756,0.0025798239855672356
MMP14,P50281,Matrix metalloproteinase-14 OS=Homo sapiens OX=9606 GN=MMP14 PE=1 SV=3,22.80667306772967,22.745759513838127,0.06091355389154174,0.6434808324440624,0.46526935230536964,0.12013203019862721,0.7807044676948905
MAN1A1,P33908,"Mannosyl-oligosaccharide 1,2-alpha-mannosidase IA OS=Homo sapiens OX=9606 GN=MAN1A1 PE=1 SV=3",27.456452630971445,27.94551000574668,-0.4890573747752356,0.007136416701540807,-2.7892010883789973,-0.7201686243010306,0.03703033161418405
HSPA1B,P0DMV9,Heat shock 70 kDa protein 1B OS=Homo sapiens OX=9606 GN=HSPA1B PE=1 SV=1,23.28784951143805,23.50938841775025,-0.22153890631220108,0.43269496610898694,-0.7900878382377967,-0.20399980263573375,0.61378724934249
RGS18,Q9NS28,Regulator of G-protein signaling 18 OS=Homo sapiens OX=9606 GN=RGS18 PE=1 SV=1,24.76815585452931,24.121435741594937,0.6467201129343749,0.010334115788918442,2.650829049038631,0.6844411173712973,0.04771665638187559
MASP1,F8W876,MBL associated serine protease 1 OS=Homo sapiens OX=9606 GN=MASP1 PE=1 SV=1,21.007962351400234,21.215858944462454,-0.20789659306221964,0.12120320696416978,-1.5728070429359013,-0.4060970322725652,0.27334810449893804
GNAS,A0A7I2V5R6,Guanine nucleotide-binding protein G(s) subunit alpha OS=Homo sapiens OX=9606 GN=GNAS PE=1 SV=2,19.83492074666627,19.760346221956993,0.07457452470927706,0.7514694533039397,0.3182088915890814,0.08216118251597557,0.8575149277315013
TFRC,P02786,Transferrin receptor protein 1 OS=Homo sapiens OX=9606 GN=TFRC PE=1 SV=2,29.902836844543835,29.689996261089828,0.2128405834540068,0.01975190728721356,2.3974203422813023,0.6190112706342914,0.07600190412688697
DNM1L,O00429,Dynamin-1-like protein OS=Homo sapiens OX=9606 GN=DNM1L PE=1 SV=2,25.83311793005675,25.71756556714276,0.1155523629139914,0.44120234269486924,0.7754872170214023,0.20022993844804188,0.6227423828014642
IGFBP4,P22692,Insulin-like growth factor-binding protein 4 OS=Homo sapiens OX=9606 GN=IGFBP4 PE=1 SV=2,23.93354988803856,24.195830857809838,-0.2622809697712789,0.030840318609950772,-2.213087275273244,-0.5714166773891216,0.10542623936835104
ASAP2,O43150,"Arf-GAP with SH3 domain, ANK repeat and PH domain-containing protein 2 OS=Homo sapiens OX=9606 GN=ASAP2 PE=1 SV=3",28.667806598173115,28.79722350212771,-0.1294169039545956,0.2606663084376365,-1.1359097018573507,-0.2932906238725968,0.45377236574648794
ANXA2P2,A6NMY6,Putative annexin A2-like protein OS=Homo sapiens OX=9606 GN=ANXA2P2 PE=5 SV=2,26.05241075163572,25.979864788705562,0.0725459629301568,0.4659857388700237,0.7338676350488598,0.1894838085909904,0.6449307402432214
ANXA2,P07355,Annexin A2 OS=Homo sapiens OX=9606 GN=ANXA2 PE=1 SV=2,27.660938019949928,27.692685312467255,-0.031747292517327,0.6330383720610717,-0.479991986519397,-0.12393339800684264,0.770382067756522
SHBG,P04278,Sex hormone-binding globulin OS=Homo sapiens OX=9606 GN=SHBG PE=1 SV=2,23.000925766119565,23.0965550368805,-0.0956292707609343,0.2648988399129216,-1.1257720297717444,-0.29067308819547244,0.4560504122131006
BPI,P17213,Bactericidal permeability-increasing protein OS=Homo sapiens OX=9606 GN=BPI PE=1 SV=4,27.253027022480484,27.272050058395937,-0.019023035915452624,0.7270927230762222,-0.3506883321357233,-0.09054733800472745,0.8420405905164117
ROCK1,Q13464,Rho-associated protein kinase 1 OS=Homo sapiens OX=9606 GN=ROCK1 PE=1 SV=1,27.56470083715168,27.18131308003564,0.38338775711604,3.2481387363726945e-07,5.770410573271948,1.4899136034040963,9.762801900078684e-06
IGHV3-49,A0A0A0MS15,Immunoglobulin heavy variable 3-49 OS=Homo sapiens OX=9606 GN=IGHV3-49 PE=1 SV=1,20.595942032965965,19.856946426305168,0.7389956066607972,0.009448889584202369,2.6846922166339278,0.6931845496477252,0.04459348958931595
EWSR1,Q01844,RNA-binding protein EWS OS=Homo sapiens OX=9606 GN=EWSR1 PE=1 SV=1,21.726652253058436,21.92431012516822,-0.19765787210978303,0.4889900338075055,-0.6963515634576964,-0.17979720055847703,0.6641636796408211
LDLRAP1,Q5SW96,Low density lipoprotein receptor adapter protein 1 OS=Homo sapiens OX=9606 GN=LDLRAP1 PE=1 SV=3,23.359168684642306,23.392814872665188,-0.03364618802288177,0.7094303808194083,-0.37445642072972485,-0.09668423209111081,0.8303619372853177
SAA2,P0DJI9,Serum amyloid A-2 protein OS=Homo sapiens OX=9606 GN=SAA2 PE=1 SV=1,29.19165383061342,29.243639833142105,-0.051986002528686015,0.592484561133827,-0.53822024065146,-0.13896786857565685,0.7420624576269237
ALYREF,E9PB61,Aly/REF export factor OS=Homo sapiens OX=9606 GN=ALYREF PE=1 SV=1,27.78191672350354,28.052324527056214,-0.2704078035526756,0.04755631604164757,-2.0242676249333686,-0.5226636533089185,0.14429945038922776
CNDP1,Q96KN2,Beta-Ala-His dipeptidase OS=Homo sapiens OX=9606 GN=CNDP1 PE=1 SV=5,23.37039909406919,23.5598206463624,-0.18942155229321145,0.13956506738756014,-1.4979661838397582,-0.3867732055462174,0.30080684136581193
PPP1R14A,Q96A00,Protein phosphatase 1 regulatory subunit 14A OS=Homo sapiens OX=9606 GN=PPP1R14A PE=1 SV=1,23.07169852322486,23.100888969481943,-0.02919044625708267,0.8096299458120231,-0.24200498967778838,-0.062485419648078154,0.89054864643142
PIN4,Q9Y237,Peptidyl-prolyl cis-trans isomerase NIMA-interacting 4 OS=Homo sapiens OX=9606 GN=PIN4 PE=1 SV=1,26.811713803352063,26.805862140668413,0.005851662683650005,0.9685775384712363,0.03956282019953317,0.010215076250786024,0.9856160116620871
CNDP2,Q96KP4,Cytosolic non-specific dipeptidase OS=Homo sapiens OX=9606 GN=CNDP2 PE=1 SV=2,22.764351784727044,22.678570384769944,0.08578139995709932,0.4806315792755861,0.7098659653396354,0.18328660411999062,0.6594712366804554
SLC2A1,P11166,"Solute carrier family 2, facilitated glucose transporter member 1 OS=Homo sapiens OX=9606 GN=SLC2A1 PE=1 SV=2",27.005523434529042,27.062720988286635,-0.057197553757593056,0.47945567234457875,-0.7117777132064095,-0.18378021529666816,0.6584249017628568
SYK,P43405,Tyrosine-protein kinase SYK OS=Homo sapiens OX=9606 GN=SYK PE=1 SV=1,25.47025621581439,24.919622026303777,0.5506341895106139,9.755677393726462e-05,4.1860900050196435,1.0808437916777602,0.001295066174017188
HNRNPCL3,B7ZW38,Heterogeneous nuclear ribonucleoprotein C-like 3 OS=Homo sapiens OX=9606 GN=HNRNPCL3 PE=2 SV=1,22.799373967853573,23.04022150995007,-0.24084754209649617,0.013320720905749135,-2.553363418161756,-0.6592755996903817,0.057662794572984705
HSP90AA1,P07900,Heat shock protein HSP 90-alpha OS=Homo sapiens OX=9606 GN=HSP90AA1 PE=1 SV=5,21.049324659265487,21.409715158480005,-0.3603904992145175,0.007835431519779048,-2.7546739345439146,-0.7112537515146828,0.039751090480917274
EPRS1,P07814,Bifunctional glutamate/proline--tRNA ligase OS=Homo sapiens OX=9606 GN=EPRS1 PE=1 SV=5,25.17480518825055,24.983426186838518,0.1913790014120309,0.008057309335235577,2.744305850240491,0.7085767236587338,0.040081294262385145
NAMPT,P43490,Nicotinamide phosphoribosyltransferase OS=Homo sapiens OX=9606 GN=NAMPT PE=1 SV=1,27.514302489005015,27.508823139587548,0.00547934941746675,0.9553073934605824,0.05628604126351953,0.014532993362503641,0.9776009951490865
AIMP1,Q12904,Aminoacyl tRNA synthase complex-interacting multifunctional protein 1 OS=Homo sapiens OX=9606 GN=AIMP1 PE=1 SV=2,25.487546734357377,24.837229472985122,0.6503172613722548,0.00026731743993862295,3.88246266081362,1.0024475485068856,0.002977878893861723
EIF2S1,P05198,Eukaryotic translation initiation factor 2 subunit 1 OS=Homo sapiens OX=9606 GN=EIF2S1 PE=1 SV=3,28.11461475009516,28.101744002933653,0.012870747161507268,0.814461869591415,0.23574388980633487,0.06086881061267276,0.8929372045830173
BTK,A0A8Q3WL62,Tyrosine-protein kinase OS=Homo sapiens OX=9606 GN=BTK PE=1 SV=1,18.58498815687053,18.875992701272605,-0.29100454440207457,0.18419055140065418,-1.3439743575182528,-0.3470126869598671,0.361349197513845
YWHAZ,P63104,14-3-3 protein zeta/delta OS=Homo sapiens OX=9606 GN=YWHAZ PE=1 SV=1,25.426489305451344,24.73897808616743,0.6875112192839126,0.09099382071054607,1.7187498500749019,0.4437793030424393,0.22827268723133842
EIF4H,Q15056,Eukaryotic translation initiation factor 4H OS=Homo sapiens OX=9606 GN=EIF4H PE=1 SV=5,21.77283204711881,21.926226522173618,-0.15339447505480663,0.38939222169915233,-0.8672256176823384,-0.2239166916458758,0.5759533975550136
SERPINB1,P30740,Leukocyte elastase inhibitor OS=Homo sapiens OX=9606 GN=SERPINB1 PE=1 SV=1,24.864312057903387,24.406635541532427,0.4576765163709595,0.014635616238058119,2.5166406977316296,0.6497938340468277,0.061106696286599434
SH3GLB1,A0A087WW40,Endophilin-B1 OS=Homo sapiens OX=9606 GN=SH3GLB1 PE=1 SV=1,26.34453386758695,25.918096923940784,0.42643694364616636,0.003362690707727595,3.05858617819592,0.7897235554061991,0.021427065189640236
PADI4,Q9UM07,Protein-arginine deiminase type-4 OS=Homo sapiens OX=9606 GN=PADI4 PE=1 SV=2,23.113102376597066,22.89451673654629,0.21858564005077596,0.4455497465692283,0.7680900293108203,0.1983199927939182,0.626260685265209
NMT1,P30419,Glycylpeptide N-tetradecanoyltransferase 1 OS=Homo sapiens OX=9606 GN=NMT1 PE=1 SV=2,21.131995656070803,20.935323480320996,0.1966721757498071,0.21545209853025707,1.2523960410449422,0.3233672673215441,0.3998016954562538
IGKV2-30,P06310,Immunoglobulin kappa variable 2-30 OS=Homo sapiens OX=9606 GN=IGKV2-30 PE=1 SV=2,17.62911168233016,17.159436916612307,0.4696747657178513,0.13406567733189853,1.5195155178878748,0.39233721967223184,0.29376426958695234
CD151,P48509,CD151 antigen OS=Homo sapiens OX=9606 GN=CD151 PE=1 SV=3,23.242724501901485,22.93746671111034,0.30525779079114557,0.04005549189372818,2.10036308253889,0.5423114159774663,0.12838711989277463
IGHV4-4,A0A075B6R2,Immunoglobulin heavy variable 4-4 OS=Homo sapiens OX=9606 GN=IGHV4-4 PE=1 SV=2,21.77821861360847,21.897098699360637,-0.11888008575216702,0.6836754014707436,-0.4095079514529299,-0.10573449840778087,0.8097359959426724
H4C1; H4C11; H4C12; H4C13; H4C14; H4C15; H4C16; H4C2; H4C3; H4C4; H4C5; H4C6; H4C8; H4C9,P62805,Histone H4 OS=Homo sapiens OX=9606 GN=H4C1 PE=1 SV=2,26.79100130156802,27.20368386232683,-0.41268256075881027,0.02207215087316493,-2.3523149441734943,-0.6073651069212515,0.08196022457098308
HSPA1L,P34931,Heat shock 70 kDa protein 1-like OS=Homo sapiens OX=9606 GN=HSPA1L PE=1 SV=2,27.52104720168039,27.550256116779323,-0.029208915098934085,0.759197948180832,-0.30798387576507197,-0.07952109478256919,0.8638588081800467
EEF1B2,P24534,Elongation factor 1-beta OS=Homo sapiens OX=9606 GN=EEF1B2 PE=1 SV=3,28.65552670693794,28.6899321267772,-0.03440541983925982,0.8882414864181162,-0.14114881215436054,-0.03644446658738649,0.9414295993772849
ILF2,Q12905,Interleukin enhancer-binding factor 2 OS=Homo sapiens OX=9606 GN=ILF2 PE=1 SV=2,25.174634218502607,25.43340297685569,-0.25876875835308155,0.11608127772085253,-1.5952955944072722,-0.4119035512944952,0.26606830994146485
FABP5,Q01469,Fatty acid-binding protein 5 OS=Homo sapiens OX=9606 GN=FABP5 PE=1 SV=3,27.379810846337232,26.963063082979588,0.41674776335764463,3.3556578575961135e-07,5.761764299277341,1.4876811450582395,9.899190679908535e-06
CTSG,P08311,Cathepsin G OS=Homo sapiens OX=9606 GN=CTSG PE=1 SV=2,28.173912167523806,28.471211662883533,-0.2972994953597272,0.1962699219907804,-1.3072995701082968,-0.3375432975689033,0.3771507668652752
PDLIM7,Q9NR12,PDZ and LIM domain protein 7 OS=Homo sapiens OX=9606 GN=PDLIM7 PE=1 SV=1,24.366887805186106,24.47928179984529,-0.11239399465918254,0.6457660522417519,-0.46206115903205003,-0.11930367825736177,0.7828807619643157
CCL5,P13501,C-C motif chemokine 5 OS=Homo sapiens OX=9606 GN=CCL5 PE=1 SV=3,28.912494105826408,28.715233445455432,0.19726066037097567,0.004189719746481579,2.981352127903857,0.7697818093701122,0.02531365963157427
ACTN4,O43707,Alpha-actinin-4 OS=Homo sapiens OX=9606 GN=ACTN4 PE=1 SV=2,21.920680649402335,21.893489941056416,0.027190708345919745,0.8235299257120301,0.22401880031256768,0.05784140552319597,0.9004002550852875
SUB1,P53999,Activated RNA polymerase II transcriptional coactivator p15 OS=Homo sapiens OX=9606 GN=SUB1 PE=1 SV=3,26.429663002419932,26.63278672955514,-0.20312372713520688,0.03078764098164097,-2.213812539000339,-0.5716039396782313,0.10542623936835104
PRDX6,P30041,Peroxiredoxin-6 OS=Homo sapiens OX=9606 GN=PRDX6 PE=1 SV=3,25.16588261545437,25.170455515826607,-0.0045729003722350114,0.942727943169488,-0.0721535609354186,-0.01862996932482922,0.9712772588768844
PPIA,P62937,Peptidyl-prolyl cis-trans isomerase A OS=Homo sapiens OX=9606 GN=PPIA PE=1 SV=2,21.032548586538404,20.70988662550565,0.3226619610327539,0.1570323559278652,1.4336816587576429,0.3701750125420917,0.3261595255107007
PKN1,Q16512,Serine/threonine-protein kinase N1 OS=Homo sapiens OX=9606 GN=PKN1 PE=1 SV=2,28.732099494092292,29.02748882308379,-0.2953893289914973,0.07635836463475068,-1.804419282505147,-0.465899055381198,0.20273145810526305
TAOK3,Q9H2K8,Serine/threonine-protein kinase TAO3 OS=Homo sapiens OX=9606 GN=TAOK3 PE=1 SV=2,27.09653994576354,27.05764793305617,0.038892012707368195,0.6566954665992615,0.4467832133478023,0.11535892964407157,0.7895214175793385
MCTS1,Q9ULC4,Malignant T-cell-amplified sequence 1 OS=Homo sapiens OX=9606 GN=MCTS1 PE=1 SV=1,26.304170321884037,26.383382672442448,-0.0792123505584108,0.520359681977755,-0.6467272831499512,-0.1669842664785153,0.6867713118397378
YWHAQ,P27348,14-3-3 protein theta OS=Homo sapiens OX=9606 GN=YWHAQ PE=1 SV=1,20.64411809382646,20.163813500735994,0.4803045930904659,0.010326549643683012,2.651107065044981,0.684512900795469,0.04771665638187559
TGFBI,Q15582,Transforming growth factor-beta-induced protein ig-h3 OS=Homo sapiens OX=9606 GN=TGFBI PE=1 SV=1,22.74433559529574,22.571099719811613,0.1732358754841279,0.33706114120501696,0.9680050999470158,0.24993784207590922,0.5281309793367645
SPARC,P09486,SPARC OS=Homo sapiens OX=9606 GN=SPARC PE=1 SV=1,21.156966830449395,20.993298502586494,0.16366832786290075,0.3258338669069969,0.9909342000547289,0.25585811026662225,0.519053349982846
DNAJB1,P25685,DnaJ homolog subfamily B member 1 OS=Homo sapiens OX=9606 GN=DNAJB1 PE=1 SV=4,24.901690034346682,24.84447137607909,0.05721865826759398,0.5674671219607614,0.5750715942048596,0.1484828471488247,0.7258133965584697
IGLV3-1,P01715,Immunoglobulin lambda variable 3-1 OS=Homo sapiens OX=9606 GN=IGLV3-1 PE=1 SV=2,24.77541955962553,24.77250961389933,0.002909945726198515,0.9845300372370804,0.019473723300511944,0.005028093735435606,0.9931593028826289
SFN,P31947,14-3-3 protein sigma OS=Homo sapiens OX=9606 GN=SFN PE=1 SV=1,26.785927389006076,26.76858480955261,0.017342579453465845,0.83511660116565,0.20908229959174943,0.05398481762037302,0.9105686144126491
IGHV4-28,A0A0C4DH34,Immunoglobulin heavy variable 4-28 OS=Homo sapiens OX=9606 GN=IGHV4-28 PE=1 SV=1,24.70091811701959,24.82262914999118,-0.12171103297158936,0.37589896941105194,-0.8923383100770615,-0.2304007609407553,0.5638484541165779
PFN1,P07737,Profilin-1 OS=Homo sapiens OX=9606 GN=PFN1 PE=1 SV=2,23.73373040038196,23.51277356819139,0.22095683219056994,0.029343218524809533,2.2341383217866437,0.5768520342268971,0.1009584170842799
BNIP3,Q12983,BCL2/adenovirus E1B 19 kDa protein-interacting protein 3 OS=Homo sapiens OX=9606 GN=BNIP3 PE=1 SV=4,19.681697205904378,19.927010624317596,-0.2453134184132182,0.21074069674247817,-1.2655329211603263,-0.32675919518207786,0.3944887543017247
NCF2,P19878,Neutrophil cytosol factor 2 OS=Homo sapiens OX=9606 GN=NCF2 PE=1 SV=2,26.89492007551297,27.718834438915223,-0.8239143634022525,0.06781882062759531,-1.86097457244391,-0.4805015684527154,0.18669527607789158
RBM3,P98179,RNA-binding protein 3 OS=Homo sapiens OX=9606 GN=RBM3 PE=1 SV=1,19.11491957494794,18.9349589291156,0.17996064583234173,0.613424769329876,0.5079357107387703,0.13114843657568567,0.7569215008075078
RPL12,P30050,Large ribosomal subunit protein uL11 OS=Homo sapiens OX=9606 GN=RPL12 PE=1 SV=1,23.50454407698622,23.105663544839043,0.398880532147178,0.015258354481606364,2.5002803096257424,0.6455696000020551,0.0628057465824313
PABPC1,P11940,Polyadenylate-binding protein 1 OS=Homo sapiens OX=9606 GN=PABPC1 PE=1 SV=2,25.18779408327674,25.30582616932065,-0.11803208604391102,0.5113896584726698,-0.6607484523949693,-0.170604516810536,0.6766496686914926
PABPC1,H0YAR2,Polyadenylate-binding protein OS=Homo sapiens OX=9606 GN=PABPC1 PE=1 SV=2,15.39426148884159,15.596507394321739,-0.2022459054801491,0.7442145881925285,-0.32783810169002436,-0.0846474338731812,0.8535160827866796
PDLIM1,O00151,PDZ and LIM domain protein 1 OS=Homo sapiens OX=9606 GN=PDLIM1 PE=1 SV=4,23.556319387865734,23.657625931187457,-0.10130654332172284,0.5636210217028149,-0.5808064406588167,-0.14996357813610692,0.721853957020908
DSTN,P60981,Destrin OS=Homo sapiens OX=9606 GN=DSTN PE=1 SV=3,22.72805850116087,22.39712322840226,0.3309352727586088,0.00541938254821613,2.889447510040811,0.7460521390752366,0.030505570315577015
PRDX2,P32119,Peroxiredoxin-2 OS=Homo sapiens OX=9606 GN=PRDX2 PE=1 SV=5,17.212474952039347,16.44938193294446,0.7630930190948888,0.0007353360070528754,3.5655211771525295,0.920613609310774,0.006693658624201317
GPX1,P07203,Glutathione peroxidase 1 OS=Homo sapiens OX=9606 GN=GPX1 PE=1 SV=4,26.255707965989508,26.14804240141698,0.10766556457252818,0.30251290490147054,1.0403106431925477,0.26860705306447086,0.49527549589726877
NPEPPS,P55786,Puromycin-sensitive aminopeptidase OS=Homo sapiens OX=9606 GN=NPEPPS PE=1 SV=2,23.008432649822517,22.787178222924886,0.2212544268976302,0.010543801530410454,2.643197198405293,0.6824705820110535,0.048544149820646976
CRP,P02741,C-reactive protein OS=Homo sapiens OX=9606 GN=CRP PE=1 SV=1,22.31471555864175,22.379064038325563,-0.06434847968381163,0.553027902292885,-0.5967028368064956,-0.15406800997241862,0.7110358743765665
SLK,Q9H2G2,STE20-like serine/threonine-protein kinase OS=Homo sapiens OX=9606 GN=SLK PE=1 SV=1,22.748493041068734,22.831110702761737,-0.08261766169300344,0.46376550409418604,-0.7375433048892296,-0.19043286246285102,0.6424160417582943
SERPINA11,Q86U17,Serpin A11 OS=Homo sapiens OX=9606 GN=SERPINA11 PE=1 SV=2,23.502782154257034,23.52938249715514,-0.026600342898106533,0.7941384556307537,-0.26214501916140515,-0.06768555290022309,0.880349728475846
PLIN1,O60240,Perilipin-1 OS=Homo sapiens OX=9606 GN=PLIN1 PE=1 SV=2,23.287601391621322,23.521187458910436,-0.23358606728911369,0.2352128899252604,-1.1994946451750677,-0.3097081856418675,0.4272453063294639
SEPTIN5,G3XAH0,Septin OS=Homo sapiens OX=9606 GN=SEPTIN5 PE=1 SV=1,20.311791959482797,20.154500031603245,0.1572919278795517,0.41893403122330863,0.8140710364599005,0.21019223778926707,0.600685789143772
ARPC3,O15145,Actin-related protein 2/3 complex subunit 3 OS=Homo sapiens OX=9606 GN=ARPC3 PE=1 SV=3,26.616987068071733,26.545420920847526,0.07156614722420684,0.5263754154175722,0.6373955992787489,0.1645748360634994,0.6924162153263356
CNP,P09543,"2',3'-cyclic-nucleotide 3'-phosphodiesterase OS=Homo sapiens OX=9606 GN=CNP PE=1 SV=2",25.689001485906388,25.946407737012546,-0.25740625110615767,0.0009088109398986547,-3.4973404427864576,-0.9030094193953082,0.0077419028195644755
IGLV1-47,P01700,Immunoglobulin lambda variable 1-47 OS=Homo sapiens OX=9606 GN=IGLV1-47 PE=1 SV=2,26.12461540058418,26.070030498768382,0.05458490181579734,0.6067261398118134,0.517570973904132,0.1336362508274038,0.7533240379736702
IVL,P07476,Involucrin OS=Homo sapiens OX=9606 GN=IVL PE=1 SV=2,22.739014137498014,22.50247788772726,0.23653624977075438,0.34183071672266063,0.9584171180366755,0.24746223579174348,0.5324853717226411
IGHV6-1,A0A0B4J1U7,Immunoglobulin heavy variable 6-1 OS=Homo sapiens OX=9606 GN=IGHV6-1 PE=1 SV=1,28.774420100017053,29.034440529490404,-0.26002042947335013,0.09821718412245772,-1.6806103875168885,-0.43393173615440683,0.24033790216140577
IGKV3D-11,A0A0A0MRZ8,Immunoglobulin kappa variable 3D-11 OS=Homo sapiens OX=9606 GN=IGKV3D-11 PE=3 SV=6,26.651726644195342,26.46704904024314,0.18467760395220267,0.15703977154218923,1.43365558280194,0.3701682797592801,0.3261595255107007
BID,P55957,BH3-interacting domain death agonist OS=Homo sapiens OX=9606 GN=BID PE=1 SV=1,20.03591896649592,20.262180885680756,-0.22626191918483585,0.412344466108191,-0.8257237056848598,-0.2132009440457424,0.5960660022779929
CTTN,Q14247,Src substrate cortactin OS=Homo sapiens OX=9606 GN=CTTN PE=1 SV=2,25.328121425500893,25.164254570031986,0.1638668554689069,0.28631028876239345,1.0761635175162394,0.2778642254090926,0.47870535496012057
PCBP1,Q15365,Poly(rC)-binding protein 1 OS=Homo sapiens OX=9606 GN=PCBP1 PE=1 SV=2,28.65760494175547,28.875305437293044,-0.2177004955375743,0.13180253396220692,-1.5285875777141706,-0.39467961544710123,0.29080531385290254
ACTN2,P35609,Alpha-actinin-2 OS=Homo sapiens OX=9606 GN=ACTN2 PE=1 SV=1,26.504805183712985,26.410218713684646,0.09458647002833942,0.6697248982814504,0.4287064951027498,0.11069154106292677,0.7997539452491383
KRT33A,O76009,"Keratin, type I cuticular Ha3-I OS=Homo sapiens OX=9606 GN=KRT33A PE=1 SV=2",28.741292721396864,29.028985007418587,-0.2876922860217235,0.07423481584853729,-1.8179665616973852,-0.4693969478277288,0.1994200027769307
VAT1,Q99536,Synaptic vesicle membrane protein VAT-1 homolog OS=Homo sapiens OX=9606 GN=VAT1 PE=1 SV=2,23.605949097927926,23.150980809126164,0.4549682888017621,0.007184534344812505,2.7867267145269285,0.7195297437196071,0.03715897146521533
SMC1A,Q14683,Structural maintenance of chromosomes protein 1A OS=Homo sapiens OX=9606 GN=SMC1A PE=1 SV=2,22.859842238351554,22.930375030660382,-0.07053279230882836,0.6653133106792946,-0.43481083596234554,-0.11226767509551262,0.7962765619174428
MOB3A,Q96BX8,MOB kinase activator 3A OS=Homo sapiens OX=9606 GN=MOB3A PE=1 SV=1,27.44288937002003,27.971649933493612,-0.5287605634735826,0.014064808265703891,-2.5321994962751466,-0.6538110985565635,0.05967557313437192
WDR1,O75083,WD repeat-containing protein 1 OS=Homo sapiens OX=9606 GN=WDR1 PE=1 SV=4,27.360229641361556,27.498144515740577,-0.13791487437902106,0.1179804695669116,-1.5868654863140625,-0.4097269067443799,0.2677852562606775
COG4,A0A0A0MS45,Conserved oligomeric Golgi complex subunit 4 OS=Homo sapiens OX=9606 GN=COG4 PE=1 SV=1,24.91545871560404,24.728690513890587,0.186768201713452,0.2797096955706709,1.091171525724047,0.2817392764656648,0.47251065222065614
KPLCE,Q5T750,Protein KPLCE OS=Homo sapiens OX=9606 GN=KPLCE PE=1 SV=1,23.693183271369758,23.51589570312693,0.17728756824282854,0.11725892416369388,1.5900553069654275,0.41055051489505484,0.2672295653687616
ITIH3,Q06033,Inter-alpha-trypsin inhibitor heavy chain H3 OS=Homo sapiens OX=9606 GN=ITIH3 PE=1 SV=2,24.3021184571163,23.892222384084864,0.4098960730314367,0.0050233942717085745,2.916721463976699,0.7530942437004983,0.028785133362704173
DOCK2,Q92608,Dedicator of cytokinesis protein 2 OS=Homo sapiens OX=9606 GN=DOCK2 PE=1 SV=2,27.224705052924264,26.683291447045814,0.54141360587845,0.003356542016252556,3.059224236759633,0.7898883014189437,0.021427065189640236
FCN2,Q15485,Ficolin-2 OS=Homo sapiens OX=9606 GN=FCN2 PE=1 SV=2,19.343717456768594,18.45310552047339,0.8906119362952047,0.0015814426694959615,3.315529177571693,0.8560659525733295,0.011883198926920125
BDNF,P23560,Neurotrophic factor BDNF precursor form OS=Homo sapiens OX=9606 GN=BDNF PE=1 SV=1,25.556537420753884,25.791533816687586,-0.23499639593370247,0.025074295920180074,-2.2998544982090166,-0.5938198780175824,0.09036957782997027
UFL1,O94874,E3 UFM1-protein ligase 1 OS=Homo sapiens OX=9606 GN=UFL1 PE=1 SV=2,26.339427689912668,26.15446140926343,0.18496628064923826,0.09088551445070077,1.7193404037192561,0.44393178333774774,0.22827268723133842
PLA2G2A,A0A3B3IRX2,Phospholipase A2 OS=Homo sapiens OX=9606 GN=PLA2G2A PE=1 SV=1,24.843740773936645,25.19378309513336,-0.35004232119671386,0.021346481908071976,-2.3659470865691357,-0.6108849109526813,0.08001163689307919
KARS1,Q15046,Lysine--tRNA ligase OS=Homo sapiens OX=9606 GN=KARS1 PE=1 SV=3,26.926194150351375,27.07119223767866,-0.14499808732728425,0.13948627599041286,-1.4982701449557112,-0.3868516879688828,0.30080684136581193
HNRNPU,Q00839,Heterogeneous nuclear ribonucleoprotein U OS=Homo sapiens OX=9606 GN=HNRNPU PE=1 SV=6,24.920328081017637,24.157202354049385,0.7631257269682514,6.806431855004858e-05,4.292094790917821,1.108214109704555,0.0009511092934230473
PA2G4,Q9UQ80,Proliferation-associated protein 2G4 OS=Homo sapiens OX=9606 GN=PA2G4 PE=1 SV=3,28.670633396944925,28.866708759383602,-0.19607536243867685,0.16183473783550298,-1.4169914540314612,-0.3658656202121388,0.3316983976097859
MACROH2A1,O75367,Core histone macro-H2A.1 OS=Homo sapiens OX=9606 GN=MACROH2A1 PE=1 SV=5,17.22438623236683,18.599176485754736,-1.374790253387907,0.016471639143857443,-2.470066526287198,-0.6377684346889814,0.06626091201051744
EEF1D,P29692,Elongation factor 1-delta OS=Homo sapiens OX=9606 GN=EEF1D PE=1 SV=5,23.867672405264795,23.678574134300984,0.18909827096381093,0.27649007749104615,1.0985817439233272,0.2836525865775032,0.4685624398332303
MMP2,P08253,72 kDa type IV collagenase OS=Homo sapiens OX=9606 GN=MMP2 PE=1 SV=2,26.166080966634986,26.412868148215814,-0.24678718158082802,0.0006260862450919207,-3.616839369318979,-0.9338639095519828,0.005832487651645788
FCN3,O75636,Ficolin-3 OS=Homo sapiens OX=9606 GN=FCN3 PE=1 SV=2,21.051295759731044,21.200833579884474,-0.1495378201534301,0.1790808232714159,-1.3600387892076835,-0.3511605053864971,0.35437981549237957
ALDOA,P04075,Fructose-bisphosphate aldolase A OS=Homo sapiens OX=9606 GN=ALDOA PE=1 SV=2,27.275762623867674,27.395622916753755,-0.1198602928860808,0.20403313453881844,-1.2846173606477322,-0.33168677626917287,0.3858091802146273
YWHAH,Q04917,14-3-3 protein eta OS=Homo sapiens OX=9606 GN=YWHAH PE=1 SV=4,22.55655024010385,21.616444530744793,0.9401057093590559,0.0005460288774099532,3.6601962315401444,0.9450586032404085,0.005336343568797887
H1-10,A0A994J4R3,H1.10 linker histone OS=Homo sapiens OX=9606 GN=H1-10 PE=1 SV=1,25.816414723968133,25.94327366677988,-0.12685894281174726,0.5105609259723609,-0.6620504562971953,-0.17094069277253723,0.6766418927404084
SEPTIN2,Q15019,Septin-2 OS=Homo sapiens OX=9606 GN=SEPTIN2 PE=1 SV=1,23.979656580653103,23.75233847049058,0.22731811016252124,0.01988944711159916,2.3946176724723207,0.6182876244012843,0.07625246479760478
OLFM1,Q99784,Noelin OS=Homo sapiens OX=9606 GN=OLFM1 PE=1 SV=4,19.196788605944285,19.71305971969534,-0.5162711137510563,0.08401144982003282,-1.7580703268371822,-0.4539318064867891,0.21620394113620725
SSB,P05455,Lupus La protein OS=Homo sapiens OX=9606 GN=SSB PE=1 SV=2,25.019225869843282,24.387040261089908,0.6321856087533746,0.00019659093878645503,3.9761794653814464,1.0266451233969502,0.0023906058434108616
KPRP,Q5T749,Keratinocyte proline-rich protein OS=Homo sapiens OX=9606 GN=KPRP PE=1 SV=1,25.999223058528198,25.654234365352842,0.3449886931753561,0.16935396671267153,1.3916131068947244,0.3593129591578153,0.3423615088493474
NCKAP1L,P55160,Nck-associated protein 1-like OS=Homo sapiens OX=9606 GN=NCKAP1L PE=1 SV=3,24.263469995661204,24.301541143210937,-0.03807114754973284,0.7819912567888165,-0.27801273710244806,-0.07178258005542147,0.8743389390241598
HSP90B1,A0A7P0T823,Endoplasmin OS=Homo sapiens OX=9606 GN=HSP90B1 PE=1 SV=1,22.526526597724455,21.302346275467304,1.2241803222571512,0.005630224853555577,2.8756703480585992,0.7424948911475626,0.031580803491950825
RTCB,Q9Y3I0,RNA-splicing ligase RtcB homolog OS=Homo sapiens OX=9606 GN=RTCB PE=1 SV=1,20.36512589995131,20.54020483884795,-0.1750789388966396,0.39567256371733195,-0.8557227165557266,-0.2209466553461133,0.5808315805548186
ARHGAP17,Q68EM7,Rho GTPase-activating protein 17 OS=Homo sapiens OX=9606 GN=ARHGAP17 PE=1 SV=1,22.245546625047535,22.671920002205468,-0.4263733771579332,0.2543968394917684,-1.151143284144,-0.29722391790588154,0.44928399701816746
H2AZ1,P0C0S5,Histone H2A.Z OS=Homo sapiens OX=9606 GN=H2AZ1 PE=1 SV=2,22.794580206451137,23.032880790498535,-0.23830058404739773,0.1130731501172976,-1.6088785375923444,-0.41541065214437956,0.2618103606640335
ANXA1,P04083,Annexin A1 OS=Homo sapiens OX=9606 GN=ANXA1 PE=1 SV=2,26.988009221336483,26.250239425828294,0.7377697955081892,4.9574342639733945e-05,4.384505495713184,1.1320744510834706,0.0007450181870292091
UBASH3B,Q8TF42,Ubiquitin-associated and SH3 domain-containing protein B OS=Homo sapiens OX=9606 GN=UBASH3B PE=1 SV=2,16.939411376255226,17.397672662128254,-0.4582612858730286,0.28020538585561944,-1.090035949922703,-0.28144607205453404,0.4728465886313578
DDX5,P17844,Probable ATP-dependent RNA helicase DDX5 OS=Homo sapiens OX=9606 GN=DDX5 PE=1 SV=1,24.019186717663775,23.93655882276407,0.08262789489970501,0.4413535154945719,0.7752292777943353,0.2001633388259909,0.6227423828014642
IGLV3-9,A0A075B6K5,Immunoglobulin lambda variable 3-9 OS=Homo sapiens OX=9606 GN=IGLV3-9 PE=1 SV=1,24.083119412036613,23.079080950976252,1.004038461060361,1.5446276754780307e-14,10.188852109774656,2.630750302541836,1.757565633597502e-12
DDX17,Q92841,Probable ATP-dependent RNA helicase DDX17 OS=Homo sapiens OX=9606 GN=DDX17 PE=1 SV=2,15.45944959574579,16.368039364912548,-0.9085897691667579,0.00024112070661949056,-3.9140360532557477,-1.0105997633809944,0.0027788604704979698
PACSIN2,Q9UNF0,Protein kinase C and casein kinase substrate in neurons protein 2 OS=Homo sapiens OX=9606 GN=PACSIN2 PE=1 SV=2,24.88638961222718,24.61633823516078,0.2700513770664017,0.001994682736932107,3.2376939638692823,0.8359689868121339,0.014271434442022897
LMNA,P02545,Prelamin-A/C OS=Homo sapiens OX=9606 GN=LMNA PE=1 SV=1,24.488087313905,24.845309971175272,-0.35722265727027036,0.18625577695595233,-1.3375775866251394,-0.3453610478172982,0.36405577017280005
DOK3,Q7L591,Docking protein 3 OS=Homo sapiens OX=9606 GN=DOK3 PE=1 SV=2,22.36868099328802,22.43044559313249,-0.06176459984446936,0.6188762331450639,-0.5001294983431788,-0.1291328812020134,0.760702036574141
EIF4G2,P78344,Eukaryotic translation initiation factor 4 gamma 2 OS=Homo sapiens OX=9606 GN=EIF4G2 PE=1 SV=1,23.54500324895106,23.55454712485082,-0.009543875899762355,0.9391838095000753,-0.07662723770561916,-0.01978506769998267,0.9708759302619208
KLC1,Q07866,Kinesin light chain 1 OS=Homo sapiens OX=9606 GN=KLC1 PE=1 SV=2,25.790446679333748,25.60092008785878,0.1895265914749693,0.08976777534417418,1.7254691957787196,0.4455142306429924,0.22662451049646506
LOC100653049,A0A140TA62,IF rod domain-containing protein OS=Homo sapiens OX=9606 GN=LOC100653049 PE=3 SV=2,21.972456007456728,23.320073564303915,-1.3476175568471866,0.009721297900392334,-2.6739731280505623,-0.6904168928763987,0.04568149721334805
ADD2,P35612,Beta-adducin OS=Homo sapiens OX=9606 GN=ADD2 PE=1 SV=3,23.41126986127043,23.520338242793763,-0.10906838152333265,0.24825557642263257,-1.1663274362343883,-0.3011444491173719,0.44285681214026174
DDX3X,O00571,ATP-dependent RNA helicase DDX3X OS=Homo sapiens OX=9606 GN=DDX3X PE=1 SV=3,24.926011646218942,25.02034948725206,-0.09433784103311638,0.2916857086219297,-1.0641175010033783,-0.2747539573195959,0.4850264445038978
TPP2,P29144,Tripeptidyl-peptidase 2 OS=Homo sapiens OX=9606 GN=TPP2 PE=1 SV=4,21.692482669090552,21.990925289574744,-0.2984426204841917,0.05997353171812409,-1.9185041703271013,-0.49535564675375604,0.17047136085496956
EFEMP1,Q12805,EGF-containing fibulin-like extracellular matrix protein 1 OS=Homo sapiens OX=9606 GN=EFEMP1 PE=1 SV=2,16.23172121269296,16.89720237316973,-0.6654811604767694,0.03731512599187063,-2.131283443966073,-0.5502950189685459,0.1210651643687371
PSME1,Q06323,Proteasome activator complex subunit 1 OS=Homo sapiens OX=9606 GN=PSME1 PE=1 SV=1,22.42441900585841,23.79820077065902,-1.3737817648006079,2.282633592807827e-17,-12.009803759883726,-3.1009179968832594,3.6362353133428684e-15
MYO1F,O00160,Unconventional myosin-If OS=Homo sapiens OX=9606 GN=MYO1F PE=1 SV=3,29.84069668594592,29.790071837021557,0.050624848924364585,0.4945734833439913,0.6873950440248822,0.17748463718492552,0.6672255455373771
NAP1L4,Q99733,Nucleosome assembly protein 1-like 4 OS=Homo sapiens OX=9606 GN=NAP1L4 PE=1 SV=1,17.591548703954746,17.323066281253563,0.26848242270118305,0.36966372978111217,0.9041355020931258,0.23344678282143716,0.5602544822176028
ATE1,A0A8I5KZ24,Arginyl-tRNA--protein transferase 1 OS=Homo sapiens OX=9606 GN=ATE1 PE=1 SV=1,27.82625046139975,27.915867425199608,-0.08961696379985895,0.1345288770222134,-1.517673740412195,-0.39186167477284994,0.2939705090485404
GTPBP1,O00178,GTP-binding protein 1 OS=Homo sapiens OX=9606 GN=GTPBP1 PE=1 SV=3,24.636012852295938,24.611283034560078,0.024729817735860138,0.8925624120308833,0.13565669641080647,0.03502640840003793,0.9422477948079503
SERPINB9,P50453,Serpin B9 OS=Homo sapiens OX=9606 GN=SERPINB9 PE=1 SV=1,19.94958304696542,19.22014698102136,0.7294360659440571,0.12285175831847325,1.5657313408007072,0.40427009383707657,0.2760265881542001
PLEKHF2,Q9H8W4,Pleckstrin homology domain-containing family F member 2 OS=Homo sapiens OX=9606 GN=PLEKHF2 PE=1 SV=1,29.396799820721665,26.79636494360613,2.6004348771155357,5.3450311847813766e-11,8.035288513761355,2.0747025730512982,4.481386672293018e-09
TPI1,P60174,Triosephosphate isomerase OS=Homo sapiens OX=9606 GN=TPI1 PE=1 SV=4,23.09369857663756,22.783874857119944,0.3098237195176168,0.022634290884164437,2.342027057735542,0.6047087860651275,0.08351783555208833
PGM1,P36871,Phosphoglucomutase-1 OS=Homo sapiens OX=9606 GN=PGM1 PE=1 SV=3,22.121482749644127,22.70671618035469,-0.5852334307105629,0.15981159214200355,-1.423975202306689,-0.3676688162630763,0.32976666616866795
MYL2,P10916,"Myosin regulatory light chain 2, ventricular/cardiac muscle isoform OS=Homo sapiens OX=9606 GN=MYL2 PE=1 SV=3",22.663358221110425,22.543231180868208,0.12012704024221676,0.3877355761511414,0.8702791281066543,0.22470510464726556,0.5748163832168834
IGLV2-11,P01706,Immunoglobulin lambda variable 2-11 OS=Homo sapiens OX=9606 GN=IGLV2-11 PE=1 SV=2,21.629296957051952,21.0403352695964,0.5889616874555514,0.08764828390273603,1.7372660430977693,0.4485601635232878,0.22197729134667488
NAA15,Q9BXJ9,"N-alpha-acetyltransferase 15, NatA auxiliary subunit OS=Homo sapiens OX=9606 GN=NAA15 PE=1 SV=1",21.95317605342025,21.199048317434766,0.7541277359854845,2.757299165065413e-05,4.553432113044427,1.175691116127141,0.00045753933020304196
APMAP,Q9HDC9,Adipocyte plasma membrane-associated protein OS=Homo sapiens OX=9606 GN=APMAP PE=1 SV=2,23.867848819302257,24.616370865661178,-0.7485220463589215,0.0035105832338229127,-3.0435585219396772,-0.7858434312453354,0.022104186132331623
EIF4G3,A0A804HJV5,Eukaryotic translation initiation factor 4 gamma 3 OS=Homo sapiens OX=9606 GN=EIF4G3 PE=1 SV=1,16.029411267325198,16.24347995696047,-0.2140686896352726,0.6213190139228184,-0.49664158201038017,-0.12823230507735384,0.762527880723459
IGKV3-7,A0A075B6H7,Probable non-functional immunoglobulin kappa variable 3-7 OS=Homo sapiens OX=9606 GN=IGKV3-7 PE=1 SV=1,26.756067302801352,26.48909946560864,0.26696783719271266,0.04352750924932057,2.0637287023164492,0.5328524596774568,0.13712372167455694
IGHV1-69,P01742,Immunoglobulin heavy variable 1-69 OS=Homo sapiens OX=9606 GN=IGHV1-69 PE=1 SV=2,25.22073771126865,24.99184972069249,0.22888799057616183,0.09740495996172721,1.6847816320531463,0.4350087468625325,0.23945385990591272
LRRFIP1,Q32MZ4,Leucine-rich repeat flightless-interacting protein 1 OS=Homo sapiens OX=9606 GN=LRRFIP1 PE=1 SV=2,20.053505432345048,19.46130463496295,0.5922007973820982,0.0014756676121750534,3.3385437391915818,0.8620082868316021,0.011382954671993238
FNBP1,Q96RU3,Formin-binding protein 1 OS=Homo sapiens OX=9606 GN=FNBP1 PE=1 SV=2,26.639114281180234,26.554354624030086,0.08475965715014766,0.24885796420793976,1.1648262202682769,0.3007568368216512,0.4434348288403222
PRKDC,P78527,DNA-dependent protein kinase catalytic subunit OS=Homo sapiens OX=9606 GN=PRKDC PE=1 SV=3,27.37981362856091,26.911227625315973,0.46858600324493693,4.894639477588564e-05,4.388204561336003,1.133029545720384,0.0007425867321712937
EIF3E,P60228,Eukaryotic translation initiation factor 3 subunit E OS=Homo sapiens OX=9606 GN=EIF3E PE=1 SV=1,21.229838844995363,20.53271164934464,0.6971271956507223,0.008587760886229694,2.720543390729204,0.7024412829952577,0.04183578927144924
YWHAE,P62258,14-3-3 protein epsilon OS=Homo sapiens OX=9606 GN=YWHAE PE=1 SV=1,25.16717131734778,25.24872188817917,-0.08155057083138928,0.5637076726516068,-0.5806770248500575,-0.14993016311796956,0.721853957020908
LDHA,P00338,L-lactate dehydrogenase A chain OS=Homo sapiens OX=9606 GN=LDHA PE=1 SV=2,27.07867303421655,27.243903902642874,-0.16523086842632395,0.038197852561013226,-2.12111315842147,-0.5476690625325178,0.12317647597104062
EIF3C,Q99613,Eukaryotic translation initiation factor 3 subunit C OS=Homo sapiens OX=9606 GN=EIF3C PE=1 SV=1,20.647364752937683,20.590168580963613,0.0571961719740699,0.813078925846928,0.23753490766137514,0.061331249434361496,0.8920349372411545
TSPAN2,O60636,Tetraspanin-2 OS=Homo sapiens OX=9606 GN=TSPAN2 PE=1 SV=2,23.778753891017246,23.657731319836685,0.12102257118056059,0.5092589560821212,0.6640982453562231,0.1714694296340146,0.676041264199016
RPS2,P15880,Small ribosomal subunit protein uS5 OS=Homo sapiens OX=9606 GN=RPS2 PE=1 SV=2,22.283250493702457,22.187576042139263,0.09567445156319465,0.6950963561700323,0.39390405232821296,0.10170558897805224,0.8185659909315222
IGLV3-16,A0A075B6K0,Immunoglobulin lambda variable 3-16 OS=Homo sapiens OX=9606 GN=IGLV3-16 PE=1 SV=2,24.575785052512703,24.499898538274223,0.07588651423847992,0.2558294267385959,1.1476390084335233,0.2963191178080686,0.4508144654807336
TAOK1,Q7L7X3,Serine/threonine-protein kinase TAO1 OS=Homo sapiens OX=9606 GN=TAOK1 PE=1 SV=1,27.12168860459246,27.120834292825812,0.0008543117666484079,0.9915312974235244,0.01065999625971732,0.0027523991989679025,0.9959075389632247
TARS1,P26639,"Threonine--tRNA ligase 1, cytoplasmic OS=Homo sapiens OX=9606 GN=TARS1 PE=1 SV=3",24.87359303896004,25.31540225146091,-0.44180921250087124,0.015296761292056323,-2.499291169235113,-0.6453142050513903,0.0628057465824313
FNBP1L,Q5T0N5,Formin-binding protein 1-like OS=Homo sapiens OX=9606 GN=FNBP1L PE=1 SV=3,23.576262893307945,23.68222877394488,-0.10596588063693346,0.32343191959432394,-0.9959076256719309,-0.2571422432392239,0.5167773800539198
ELMO1,Q92556,Engulfment and cell motility protein 1 OS=Homo sapiens OX=9606 GN=ELMO1 PE=1 SV=2,24.23385643613779,24.53482683784771,-0.30097040170992173,0.027639856989432825,-2.259275258125536,-0.5833423632812442,0.09726991910691048
CRIP1,P50238,Cysteine-rich protein 1 OS=Homo sapiens OX=9606 GN=CRIP1 PE=1 SV=3,25.904754401785542,25.430646954465203,0.47410744732033905,0.0066475894986963765,2.8152486620536266,0.7268940789044271,0.0355652143772089
PDIA3,P30101,Protein disulfide-isomerase A3 OS=Homo sapiens OX=9606 GN=PDIA3 PE=1 SV=4,21.718366448523096,20.84503158986297,0.873334858660126,0.005163218128218024,2.906870399712991,0.7505507098447808,0.029270485687727086
ENPP2,Q13822,Autotaxin OS=Homo sapiens OX=9606 GN=ENPP2 PE=1 SV=3,24.435468505642422,24.5104596007473,-0.07499109510487756,0.551242704475368,-0.5993967298624688,-0.15476357016856854,0.710589866368092
NID1,P14543,Nidogen-1 OS=Homo sapiens OX=9606 GN=NID1 PE=1 SV=3,24.97067698510762,24.714302439014887,0.2563745460927329,0.015530217903096489,2.4933264683413796,0.6437741259029545,0.06327272920622175
CXCL12,P48061,Stromal cell-derived factor 1 OS=Homo sapiens OX=9606 GN=CXCL12 PE=1 SV=1,21.99079769086217,22.239477081196217,-0.24867939033404696,0.050671340015565496,-1.995688698205501,-0.5152846061576176,0.1508774666257866
SLC4A1,P02730,Band 3 anion transport protein OS=Homo sapiens OX=9606 GN=SLC4A1 PE=1 SV=3,29.776836083153338,29.513033677016473,0.2638024061368647,0.014294883584612552,2.5258606735810503,0.6521744215746437,0.06036366286230022
TADA2B,Q86TJ2,Transcriptional adapter 2-beta OS=Homo sapiens OX=9606 GN=TADA2B PE=1 SV=2,21.44873325091788,20.582743175854535,0.865990075063344,0.0026609695891809497,3.139573829868061,0.8106344771511758,0.018037976832192562
HNRNPA0,Q13151,Heterogeneous nuclear ribonucleoprotein A0 OS=Homo sapiens OX=9606 GN=HNRNPA0 PE=1 SV=1,22.538169637970764,22.5503811524174,-0.01221151444663704,0.9230951955903455,-0.09695650883402068,-0.02503406293470496,0.9607049122769727
IGLV7-43,P04211,Immunoglobulin lambda variable 7-43 OS=Homo sapiens OX=9606 GN=IGLV7-43 PE=1 SV=2,21.459045028374476,21.485587111617843,-0.026542083243366932,0.8734525705125025,-0.15998014516236406,-0.041306695862512066,0.9319557567491068
SLPI,P03973,Antileukoproteinase OS=Homo sapiens OX=9606 GN=SLPI PE=1 SV=2,20.55827849143719,20.18435492392098,0.3739235675162078,0.3452123717656598,0.951672296346473,0.24572073031979064,0.534612049379839
STIP1,P31948,Stress-induced-phosphoprotein 1 OS=Homo sapiens OX=9606 GN=STIP1 PE=1 SV=1,25.768393291747877,25.171822603693688,0.5965706880541894,0.0001591322781202581,4.0400369871428685,1.0431330646177543,0.0019804509300435248
NCF1B,A6NI72,Putative neutrophil cytosol factor 1B OS=Homo sapiens OX=9606 GN=NCF1B PE=5 SV=2,21.566648779927835,21.40274639199304,0.16390238793479384,0.49533514153629166,0.6861775705661985,0.17717028688959677,0.6672255455373771
AARS1,A0A6Q8PFK3,Alanine--tRNA ligase OS=Homo sapiens OX=9606 GN=AARS1 PE=1 SV=1,20.89308556178469,20.730104634292243,0.1629809274924483,0.5817722344816696,0.5539063933704181,0.14301801579209625,0.7337792316146474
PTPN12,Q05209,Tyrosine-protein phosphatase non-receptor type 12 OS=Homo sapiens OX=9606 GN=PTPN12 PE=1 SV=3,24.520261302177435,24.716426764041323,-0.19616546186388817,0.06003417039525293,-1.9180356111043624,-0.495234665282664,0.17047136085496956
ARG1,P05089,Arginase-1 OS=Homo sapiens OX=9606 GN=ARG1 PE=1 SV=2,16.55421824623073,15.998354713981012,0.5558635322497167,0.2637665515305418,1.128472757972172,0.2913704132183317,0.4560504122131006
VARS1,P26640,Valine--tRNA ligase OS=Homo sapiens OX=9606 GN=VARS1 PE=1 SV=4,26.61314124078138,26.33418620244273,0.2789550383386512,0.0008584260464614969,3.5157692066651043,0.9077677057681874,0.007483749872353216
HMGB3,O15347,High mobility group protein B3 OS=Homo sapiens OX=9606 GN=HMGB3 PE=1 SV=4,26.430282565783724,26.077050139956985,0.3532324258267394,0.0028637577199458757,3.1142906112766564,0.8041063781816403,0.019087724049681086
CD14,P08571,Monocyte differentiation antigen CD14 OS=Homo sapiens OX=9606 GN=CD14 PE=1 SV=2,22.38416338112289,22.385269082280438,-0.0011057011575488218,0.9911192771357062,-0.01117864908508783,-0.0028863147826427957,0.9959075389632247
OLA1,J3KQ32,Obg-like ATPase 1 OS=Homo sapiens OX=9606 GN=OLA1 PE=1 SV=1,25.8203991443283,25.9119008675761,-0.09150172324780215,0.1783023562406718,-1.3625167668449751,-0.35180031646126414,0.3532781759843161
IPO5,O00410,Importin-5 OS=Homo sapiens OX=9606 GN=IPO5 PE=1 SV=4,20.648235784368385,20.118378484386774,0.5298572999816109,0.0006600803935161154,3.600011506939126,0.9295189741686867,0.006113418993437045
EIF2A,Q9BY44,Eukaryotic translation initiation factor 2A OS=Homo sapiens OX=9606 GN=EIF2A PE=1 SV=3,22.691342534821047,21.53259667540087,1.1587458594201756,0.007022953166136792,2.7950971584988613,0.7216909830598509,0.03656066795312388
HCK,P08631,Tyrosine-protein kinase HCK OS=Homo sapiens OX=9606 GN=HCK PE=1 SV=5,24.854295022033746,24.919696276958987,-0.0654012549252414,0.8105020053539349,-0.24087428827986274,-0.062193473802498185,0.89054864643142
EEF2,P13639,Elongation factor 2 OS=Homo sapiens OX=9606 GN=EEF2 PE=1 SV=4,25.28851519347693,26.023127052256246,-0.7346118587793171,0.16199708307621685,-1.4164339884675001,-0.36572168322245174,0.3316983976097859
PRKACB,P22694,cAMP-dependent protein kinase catalytic subunit beta OS=Homo sapiens OX=9606 GN=PRKACB PE=1 SV=2,21.82967246988675,21.895808441874433,-0.06613597198768417,0.5352315645579115,-0.6237588317877019,-0.16105383783757085,0.7000196078331307
NT5C3A,Q9H0P0,Cytosolic 5'-nucleotidase 3A OS=Homo sapiens OX=9606 GN=NT5C3A PE=1 SV=3,20.323693233510458,20.058758234544026,0.2649349989664316,0.6102799560692527,0.5124531873393366,0.1323148440184107,0.7559688724870292
STX11,O75558,Syntaxin-11 OS=Homo sapiens OX=9606 GN=STX11 PE=1 SV=1,24.746378959135686,24.885913841469282,-0.1395348823335958,0.613420799711704,-0.5079414064036348,-0.13114990719003009,0.7569215008075078
KRT82,Q9NSB4,"Keratin, type II cuticular Hb2 OS=Homo sapiens OX=9606 GN=KRT82 PE=1 SV=3",28.110116429857516,27.816341191873782,0.29377523798373417,0.007350134205115722,2.778326060919885,0.7173607042851179,0.03752808906650431
RAP2B,P61225,Ras-related protein Rap-2b OS=Homo sapiens OX=9606 GN=RAP2B PE=1 SV=1,18.522615489180108,17.727220257873697,0.7953952313064114,0.01355620876702425,2.546552025946673,0.6575169057828149,0.05847238023153179
S100A14,Q9HCY8,Protein S100-A14 OS=Homo sapiens OX=9606 GN=S100A14 PE=1 SV=1,20.37204822786422,21.701509660203676,-1.329461432339457,1.7498954259069694e-13,-9.536276763701277,-2.4622560727093203,1.8583889423132017e-11
CAND2,O75155,Cullin-associated NEDD8-dissociated protein 2 OS=Homo sapiens OX=9606 GN=CAND2 PE=1 SV=3,22.22892297099951,22.509625298828723,-0.2807023278292142,0.004724189521018568,-2.938685778169765,-0.7587654052392055,0.027465817178768538
MAPK1,P28482,Mitogen-activated protein kinase 1 OS=Homo sapiens OX=9606 GN=MAPK1 PE=1 SV=3,31.31393538769563,31.415158977874967,-0.10122359017933746,0.3188962201170367,-1.005366978284075,-0.25958463758140643,0.5131330087337772
FDPS,P14324,Farnesyl pyrophosphate synthase OS=Homo sapiens OX=9606 GN=FDPS PE=1 SV=4,24.333827832426962,23.16825055831339,1.1655772741135735,1.90312148565257e-07,5.911954745490951,1.5264601515212242,6.737050059210098e-06
RPL4,P36578,Large ribosomal subunit protein uL4 OS=Homo sapiens OX=9606 GN=RPL4 PE=1 SV=5,26.997845475608006,27.38443993559006,-0.386594459982053,0.39435332929383904,-0.8581295214799185,-0.2215680897053776,0.5800598832549266
YBX1,P67809,Y-box-binding protein 1 OS=Homo sapiens OX=9606 GN=YBX1 PE=1 SV=3,16.691723016333125,17.210324651193183,-0.5186016348600582,0.127330604409057,-1.5468845062843384,-0.3994038620897017,0.28368902492815073
PKP1,Q13835,Plakophilin-1 OS=Homo sapiens OX=9606 GN=PKP1 PE=1 SV=2,26.35293664838039,26.82643549372585,-0.4734988453454605,0.008337672255501761,-2.7315735151582214,-0.705289248876603,0.04112047028796999
HDGF,P51858,Hepatoma-derived growth factor OS=Homo sapiens OX=9606 GN=HDGF PE=1 SV=1,19.851065896061407,19.456889525340028,0.3941763707213788,0.07309169812066686,1.8253941649433425,0.4713147467393173,0.1980188352146638
CCT5,P48643,T-complex protein 1 subunit epsilon OS=Homo sapiens OX=9606 GN=CCT5 PE=1 SV=1,21.767328488259995,21.539361513409702,0.22796697485029327,0.2116977822419215,1.2628467776557575,0.3260656359114966,0.39509845963330137
ABI1,Q8IZP0,Abl interactor 1 OS=Homo sapiens OX=9606 GN=ABI1 PE=1 SV=4,27.55322825678947,27.55600990430262,-0.0027816475131494656,0.9753487849471578,-0.031034235069667043,-0.008013005039140441,0.9890073930113447
TOMM34,Q15785,Mitochondrial import receptor subunit TOM34 OS=Homo sapiens OX=9606 GN=TOMM34 PE=1 SV=2,25.627399531833913,25.727634107779398,-0.10023457594548546,0.3642930337202467,-0.9143990800827753,-0.23609682726319806,0.5563938664586319
RPL22,P35268,Large ribosomal subunit protein eL22 OS=Homo sapiens OX=9606 GN=RPL22 PE=1 SV=2,22.666368094006476,22.8194904606564,-0.1531223666499244,0.20776959605209222,-1.2739297103636862,-0.3289272368318263,0.3900547780186226
MAPKAPK3,Q16644,MAP kinase-activated protein kinase 3 OS=Homo sapiens OX=9606 GN=MAPKAPK3 PE=1 SV=1,25.59717459180701,24.747526154524028,0.8496484372829833,1.1839651827964969e-05,4.792635856495592,1.2374532571095964,0.00021432460638577496
IGHV1-18,A0A0C4DH31,Immunoglobulin heavy variable 1-18 OS=Homo sapiens OX=9606 GN=IGHV1-18 PE=1 SV=1,21.765588263248734,21.691416304827392,0.07417195842134205,0.5712965124149514,0.5693806065927142,0.14701344046580392,0.7260169022391366
UNC45A,A0A1W2PNX8,Unc-45 myosin chaperone A OS=Homo sapiens OX=9606 GN=UNC45A PE=1 SV=1,19.856583048443614,19.64445746783677,0.21212558060684472,0.3861871270223135,0.8731405975095634,0.22544393287014217,0.5733421186827077
A2ML1,A8K2U0,Alpha-2-macroglobulin-like protein 1 OS=Homo sapiens OX=9606 GN=A2ML1 PE=1 SV=3,23.421371504200184,23.319967963637875,0.10140354056230905,0.27809577790649276,1.094878601275454,0.28269643925724697,0.4707827568597694
PCBP2,Q15366,Poly(rC)-binding protein 2 OS=Homo sapiens OX=9606 GN=PCBP2 PE=1 SV=1,24.749987325464677,25.190707428218783,-0.44072010275410634,0.04422502292616034,-2.0566765512162335,-0.5310316020930519,0.13813815984583022
FBXO7,Q9Y3I1,F-box only protein 7 OS=Homo sapiens OX=9606 GN=FBXO7 PE=1 SV=1,22.347729978984372,22.42044159732293,-0.07271161833855899,0.7967250379920112,-0.25877498207755284,-0.06681541306676565,0.881247905812637
SRP9,P49458,Signal recognition particle 9 kDa protein OS=Homo sapiens OX=9606 GN=SRP9 PE=1 SV=2,16.673219741628593,17.560684417463506,-0.887464675834913,0.01823852584598831,-2.429471923634464,-0.6272869533543185,0.07205563104990344
OSTF1,Q92882,Osteoclast-stimulating factor 1 OS=Homo sapiens OX=9606 GN=OSTF1 PE=1 SV=2,25.006368017217685,24.883865779883674,0.122502237334011,0.28165606569813667,1.0867206136123748,0.28059005590006886,0.47456787894457125
DDX1,Q92499,ATP-dependent RNA helicase DDX1 OS=Homo sapiens OX=9606 GN=DDX1 PE=1 SV=2,17.304335866647488,14.215401905455884,3.0889339611916036,0.0004979946718636912,3.689228540610532,0.9525547132091788,0.005020920963790254
CRISPLD2,Q9H0B8,Cysteine-rich secretory protein LCCL domain-containing 2 OS=Homo sapiens OX=9606 GN=CRISPLD2 PE=1 SV=1,27.119942584457963,27.639695393,-0.5197528085420373,0.015621215466215607,-2.491023431738624,-0.6431794844090759,0.06348111285122822
WDR44,Q5JSH3,WD repeat-containing protein 44 OS=Homo sapiens OX=9606 GN=WDR44 PE=1 SV=1,19.871780495911423,21.836548538028993,-1.9647680421175693,0.0002186842733389854,-3.9438217219725775,-1.0182903899740567,0.002599731697231371
IPO9,Q96P70,Importin-9 OS=Homo sapiens OX=9606 GN=IPO9 PE=1 SV=3,16.653893203583028,18.644554687397886,-1.9906614838148577,0.018793366561408006,-2.417453203270349,-0.6241837331001224,0.07319763553135196
DDX1,A0A7I2V4J3,ATP-dependent RNA helicase DDX1 OS=Homo sapiens OX=9606 GN=DDX1 PE=1 SV=1,25.768994442414225,25.500727476252273,0.2682669661619528,0.10840515060307006,1.6305469170893294,0.4210054036731213,0.25759515818114453
GP1BB,P13224,Platelet glycoprotein Ib beta chain OS=Homo sapiens OX=9606 GN=GP1BB PE=1 SV=1,21.525709336348918,21.206885562476284,0.3188237738726336,0.2947523482665197,1.0573138324050957,0.2729972576413117,0.48758098731938304
FGD3,Q5JSP0,"FYVE, RhoGEF and PH domain-containing protein 3 OS=Homo sapiens OX=9606 GN=FGD3 PE=1 SV=1",21.88899552452226,21.897936966497266,-0.008941441975004238,0.95550831729261,-0.05603272684932867,-0.014467587862002609,0.9776009951490865
SNRPA,P09012,U1 small nuclear ribonucleoprotein A OS=Homo sapiens OX=9606 GN=SNRPA PE=1 SV=3,23.42375777037567,23.30724792025764,0.11650985011802817,0.15434992647875362,1.4431775647931935,0.3726268449376143,0.3226675921095284
ICAM2,P13598,Intercellular adhesion molecule 2 OS=Homo sapiens OX=9606 GN=ICAM2 PE=1 SV=2,16.14960330097727,15.647105055640255,0.5024982453370139,0.37203173160468106,0.8996404062993754,0.23228615407818365,0.5617816985720961
P2RX1,P51575,P2X purinoceptor 1 OS=Homo sapiens OX=9606 GN=P2RX1 PE=1 SV=1,24.051983034181696,24.715563849259706,-0.66358081507801,0.004825694013174199,-2.9310932560902465,-0.7568050244678931,0.027947047925795297
PRDX5,P30044,"Peroxiredoxin-5, mitochondrial OS=Homo sapiens OX=9606 GN=PRDX5 PE=1 SV=4",20.59738164433569,18.95739978883568,1.639981855500011,0.1164508205468039,1.593646609153673,0.41147778513280636,0.26625113605914963
UBAP2L,A0AA34QVE6,Ubiquitin associated protein 2 like OS=Homo sapiens OX=9606 GN=UBAP2L PE=1 SV=1,23.23817573125463,23.43024822173028,-0.19207249047565256,0.25512306938152884,-1.1493650866474128,-0.2967647892865116,0.45006760744714885
CHMP5,Q9NZZ3,Charged multivesicular body protein 5 OS=Homo sapiens OX=9606 GN=CHMP5 PE=1 SV=1,25.617967980235974,25.529643688443613,0.08832429179236101,0.3720525373468685,0.8996009923190171,0.23227597743221465,0.5617816985720961
IDH2,P48735,"Isocitrate dehydrogenase [NADP], mitochondrial OS=Homo sapiens OX=9606 GN=IDH2 PE=1 SV=2",26.442861551671193,26.69051905894835,-0.2476575072771574,0.042717954852715394,-2.072037498553761,-0.534997781641066,0.13528767809219805
PAK2,Q13177,Serine/threonine-protein kinase PAK 2 OS=Homo sapiens OX=9606 GN=PAK2 PE=1 SV=3,27.429306026192567,26.660042451446643,0.7692635747459242,0.0012402845469715136,3.3959335200315706,0.8768262645273203,0.010029306006729041
TRRAP,Q9Y4A5,Transformation/transcription domain-associated protein OS=Homo sapiens OX=9606 GN=TRRAP PE=1 SV=3,22.18137628745577,22.0158498171702,0.16552647028557033,0.1559066132040575,1.4376513325496276,0.37119997790784054,0.32507753250531884
MYO16,F8W883,Myosin XVI OS=Homo sapiens OX=9606 GN=MYO16 PE=1 SV=2,22.52034576270578,22.538715298635807,-0.018369535930027325,0.9235138534963181,-0.09642702083950248,-0.02489734972238591,0.9607049122769727
PPP1CA,P62136,Serine/threonine-protein phosphatase PP1-alpha catalytic subunit OS=Homo sapiens OX=9606 GN=PPP1CA PE=1 SV=1,18.055508194706906,18.159132681531013,-0.1036244868241063,0.847774217291142,-0.19281913234526152,-0.049785685893557446,0.9158124126080208
SFPQ,P23246,"Splicing factor, proline- and glutamine-rich OS=Homo sapiens OX=9606 GN=SFPQ PE=1 SV=2",24.396464483269657,24.835565693358248,-0.43910121008859093,0.10869250740747007,-1.6291914044774765,-0.42065541182170246,0.2576594706846723
IGHV1OR15-1,A0A075B7D0,Immunoglobulin heavy variable 1/OR15-1 (non-functional) (Fragment) OS=Homo sapiens OX=9606 GN=IGHV1OR15-1 PE=4 SV=1,26.609553932819903,25.89133896850358,0.7182149643163243,0.03603435414884849,2.1464199412759806,0.5542032457686249,0.1182861118529881
LANCL1,O43813,Glutathione S-transferase LANCL1 OS=Homo sapiens OX=9606 GN=LANCL1 PE=1 SV=1,15.991932488393866,18.238419820227158,-2.2464873318332916,7.033385032002257e-12,-8.562713416145163,-2.210883097271802,6.590695503517409e-10
FARP1,C9JME2,"FERM, ARHGEF and pleckstrin domain-containing protein 1 OS=Homo sapiens OX=9606 GN=FARP1 PE=1 SV=2",23.51047867863252,23.69615244664101,-0.18567376800848834,0.14137388748716312,-1.4910250904272149,-0.3849810229334674,0.30188820746253464
S100A11,P31949,Protein S100-A11 OS=Homo sapiens OX=9606 GN=S100A11 PE=1 SV=2,25.408554312795847,25.575495469840543,-0.1669411570446968,0.3528343522584544,-0.9366267297684312,-0.24183598173372323,0.5425339026522373
LSM8,O95777,U6 snRNA-associated Sm-like protein LSm8 OS=Homo sapiens OX=9606 GN=LSM8 PE=1 SV=3,19.768443459753605,17.43571619283094,2.3327272669226637,1.1628236794937275e-05,4.79768510121537,1.238756966490305,0.00021291702545212735
SNRPD2,P62316,Small nuclear ribonucleoprotein Sm D2 OS=Homo sapiens OX=9606 GN=SNRPD2 PE=1 SV=1,22.170247079078607,22.338870377654303,-0.1686232985756959,0.3169559224223095,-1.0094411161909522,-0.260636575465639,0.5120278861167926
INHBE,P58166,Inhibin beta E chain OS=Homo sapiens OX=9606 GN=INHBE PE=1 SV=1,21.217892193656215,21.261588432555982,-0.04369623889976637,0.7160876751314657,-0.3654732539163822,-0.09436478839349219,0.8341081832682191
STXBP2,Q15833,Syntaxin-binding protein 2 OS=Homo sapiens OX=9606 GN=STXBP2 PE=1 SV=2,18.911700860921126,19.603923320227636,-0.6922224593065103,0.006098460777357269,-2.8467062326437333,-0.7350163887049358,0.03361539106688626
SASH3,O75995,SAM and SH3 domain-containing protein 3 OS=Homo sapiens OX=9606 GN=SASH3 PE=1 SV=2,22.63227755406573,22.58763076199242,0.044646792073312014,0.8872895920760278,0.1423592944492073,0.03675701177197452,0.9410468176944822
ARHGAP1,Q07960,Rho GTPase-activating protein 1 OS=Homo sapiens OX=9606 GN=ARHGAP1 PE=1 SV=1,19.650281848233302,19.7673679400456,-0.1170860918122969,0.7832972375667144,-0.27630340865818603,-0.07134123334889977,0.8744166078793105
MAP2K4,P45985,Dual specificity mitogen-activated protein kinase kinase 4 OS=Homo sapiens OX=9606 GN=MAP2K4 PE=1 SV=1,24.2671909820176,24.37255842721306,-0.10536744519546204,0.6219517164770948,-0.4957391784818664,-0.12799930548818766,0.7627167700908484
HNRNPUL2,Q1KMD3,Heterogeneous nuclear ribonucleoprotein U-like protein 2 OS=Homo sapiens OX=9606 GN=HNRNPUL2 PE=1 SV=1,25.410426474730023,25.465154140627973,-0.05472766589794986,0.647966143371606,-0.4589770246668498,-0.118507358188436,0.7831639350462583
FGL1,Q08830,Fibrinogen-like protein 1 OS=Homo sapiens OX=9606 GN=FGL1 PE=1 SV=3,24.192936286401153,24.263022106596868,-0.07008582019571463,0.5513427965040563,-0.5992455730901974,-0.15472454165779026,0.710589866368092
ECM1,Q16610,Extracellular matrix protein 1 OS=Homo sapiens OX=9606 GN=ECM1 PE=1 SV=2,25.78733742596587,25.434643472357898,0.3526939536079716,0.062287314408513594,1.9009042460256442,0.49081136583948576,0.17530687606495082
PARP1,P09874,Poly [ADP-ribose] polymerase 1 OS=Homo sapiens OX=9606 GN=PARP1 PE=1 SV=4,20.770452365034302,22.800826434956775,-2.0303740699224733,1.3064276295305902e-06,-5.3980434290614605,-1.3937688201906278,3.0604988438856325e-05
EIF3A,Q14152,Eukaryotic translation initiation factor 3 subunit A OS=Homo sapiens OX=9606 GN=EIF3A PE=1 SV=1,24.95167013342496,24.878589736813346,0.07308039661161558,0.6358271681870594,0.47604991825450477,0.12291556035753992,0.7731852510854852
P4HB,A0A7P0TA97,Protein disulfide-isomerase OS=Homo sapiens OX=9606 GN=P4HB PE=1 SV=1,25.028806867961915,24.815186132317006,0.21362073564490913,0.05943478624032943,1.9226848906059955,0.49643510408811,0.16938014657189374
RPS14,P62263,Small ribosomal subunit protein uS11 OS=Homo sapiens OX=9606 GN=RPS14 PE=1 SV=3,21.92798778391731,21.87520416200887,0.052783621908439216,0.7023043361062347,0.3841062272633903,0.09917580142437812,0.8244442206464494
TRMT1L,Q7Z2T5,TRMT1-like protein OS=Homo sapiens OX=9606 GN=TRMT1L PE=1 SV=2,19.224624446399353,19.669310350917108,-0.4446859045177547,0.17177530033687485,-1.3836257871506294,-0.3572506420678344,0.34637728283119196
LACRT,Q9GZZ8,Extracellular glycoprotein lacritin OS=Homo sapiens OX=9606 GN=LACRT PE=1 SV=1,21.81032733401196,22.556665960949488,-0.7463386269375292,0.02238127110356437,-2.3466291083401076,-0.6058970304217864,0.08291480201855359
PDHA2,P29803,"Pyruvate dehydrogenase E1 component subunit alpha, testis-specific form, mitochondrial OS=Homo sapiens OX=9606 GN=PDHA2 PE=1 SV=1",20.664684942481234,18.7494588735859,1.9152260688953326,1.27663154359582e-07,6.017228010602234,1.553641591693016,4.842081068924146e-06
NOTUM,Q6P988,Palmitoleoyl-protein carboxylesterase NOTUM OS=Homo sapiens OX=9606 GN=NOTUM PE=1 SV=2,21.715624317129954,21.79084568523262,-0.07522136810266744,0.8445081602906596,-0.1970103978476846,-0.05086786599291866,0.9150390271496083
PLCB2,Q00722,"1-phosphatidylinositol 4,5-bisphosphate phosphodiesterase beta-2 OS=Homo sapiens OX=9606 GN=PLCB2 PE=1 SV=2",26.212559839152185,26.163260729639823,0.04929910951236138,0.7319057655075815,0.34424673669071865,0.08888412521262687,0.8454865006914991
CSTB,P04080,Cystatin-B OS=Homo sapiens OX=9606 GN=CSTB PE=1 SV=2,19.102486262344392,17.696502801004325,1.4059834613400675,0.004622515452841289,2.9464443936854123,0.7607686711513207,0.027172203381461896
H3-3A; H3-3B,P84243,Histone H3.3 OS=Homo sapiens OX=9606 GN=H3-3A PE=1 SV=2,24.31885987780278,24.46773197012491,-0.1488720923221294,0.2696034956333708,-1.1146370328199446,-0.2877980443451797,0.46068218728280724
AP3B1,O00203,AP-3 complex subunit beta-1 OS=Homo sapiens OX=9606 GN=AP3B1 PE=1 SV=3,17.230372506205367,18.27724431618968,-1.0468718099843137,2.7556263739994862e-05,-4.553605542497273,-1.1757358954193153,0.00045753933020304196
CLINT1,Q14677,Clathrin interactor 1 OS=Homo sapiens OX=9606 GN=CLINT1 PE=1 SV=1,21.901717566373765,22.234587874002663,-0.33287030762889813,0.03179622169420546,-2.200112364659137,-0.5680665698739904,0.1084612016249878
LAP3,P28838,Cytosol aminopeptidase OS=Homo sapiens OX=9606 GN=LAP3 PE=1 SV=3,26.01847037721531,25.878378112677993,0.1400922645373157,0.1368465150166015,1.5085331247943528,0.38950157796871754,0.29659387540332816
CTSD,C9JH19,Cathepsin D OS=Homo sapiens OX=9606 GN=CTSD PE=1 SV=2,21.20851827235095,20.638565910356192,0.5699523619947584,0.008000773549661135,2.7469225588389867,0.7092523549136572,0.0400424501460651
PPP2R5E,Q16537,Serine/threonine-protein phosphatase 2A 56 kDa regulatory subunit epsilon isoform OS=Homo sapiens OX=9606 GN=PPP2R5E PE=1 SV=1,17.969015834810083,17.132973988216445,0.8360418465936377,0.060309245905033955,1.9159151260943101,0.49468715840734306,0.17076374651184814
HK1,P19367,Hexokinase-1 OS=Homo sapiens OX=9606 GN=HK1 PE=1 SV=3,17.712690163238562,18.508859628821597,-0.7961694655830343,0.07529419296413223,-1.8111682118469148,-0.4676416214442245,0.20139630203167092
STK39,Q9UEW8,STE20/SPS1-related proline-alanine-rich protein kinase OS=Homo sapiens OX=9606 GN=STK39 PE=1 SV=3,17.75784953680563,19.056458481689823,-1.2986089448841938,0.02794772485074238,-2.2546324111955225,-0.5821435853586489,0.09741953104427267
LSM2,Q9Y333,U6 snRNA-associated Sm-like protein LSm2 OS=Homo sapiens OX=9606 GN=LSM2 PE=1 SV=1,17.63941475114312,18.444232587175524,-0.8048178360324023,0.08609780981643965,-1.7460462305412006,-0.45082719817295375,0.2190955447884798
PACS1,Q6VY07,Phosphofurin acidic cluster sorting protein 1 OS=Homo sapiens OX=9606 GN=PACS1 PE=1 SV=2,23.05147050765142,22.800959948306385,0.2505105593450345,0.11216300923083118,1.6130457102293547,0.4164866114926403,0.26088908673634265
TRIP10,Q15642,Cdc42-interacting protein 4 OS=Homo sapiens OX=9606 GN=TRIP10 PE=1 SV=3,27.830140093714242,27.82058342066329,0.009556673050951758,0.9444497639675418,0.06998068259537066,0.018068934549873183,0.9712772588768844
RPL5,P46777,Large ribosomal subunit protein uL18 OS=Homo sapiens OX=9606 GN=RPL5 PE=1 SV=3,23.34680383262954,24.034345262987298,-0.6875414303577578,0.059437226574820215,-1.9226658807675987,-0.4964301957689417,0.16938014657189374
ABCE1,P61221,ATP-binding cassette sub-family E member 1 OS=Homo sapiens OX=9606 GN=ABCE1 PE=1 SV=1,24.085360464996647,23.916806348340895,0.16855411665575204,0.3921295050399667,0.8621979999123434,0.22261856631958998,0.5785396205603526
MANF,P55145,Mesencephalic astrocyte-derived neurotrophic factor OS=Homo sapiens OX=9606 GN=MANF PE=1 SV=3,27.630605510458874,28.106442793209922,-0.47583728275104775,0.01662772698819922,-2.4663264063621626,-0.6368027398768162,0.06658115519725266
PGAM1,P18669,Phosphoglycerate mutase 1 OS=Homo sapiens OX=9606 GN=PGAM1 PE=1 SV=2,25.396892912308804,24.8103777336873,0.5865151786215037,1.6714105492394953e-05,4.695631316685206,1.2124067926301205,0.0002958396672153907
PFKP,Q01813,"ATP-dependent 6-phosphofructokinase, platelet type OS=Homo sapiens OX=9606 GN=PFKP PE=1 SV=2",24.216453301914978,23.29101388340092,0.9254394185140562,0.003809260202414998,3.0149305323945343,0.7784517161290861,0.023602558197278793
CDA,P32320,Cytidine deaminase OS=Homo sapiens OX=9606 GN=CDA PE=1 SV=2,16.72632363890982,16.09135172446805,0.6349719144417705,0.10850367303173132,1.6300818412155595,0.42088532159886566,0.25759515818114453
POLR1B,Q9H9Y6,DNA-directed RNA polymerase I subunit RPA2 OS=Homo sapiens OX=9606 GN=POLR1B PE=1 SV=2,21.63127092375675,21.270388927140868,0.36088199661588405,0.16825878946938755,1.3952546742302923,0.36025320780079845,0.3410130427795603
CRYAB,P02511,Alpha-crystallin B chain OS=Homo sapiens OX=9606 GN=CRYAB PE=1 SV=2,23.90041833010012,23.054595661975586,0.8458226681245335,1.3422245577494711e-07,6.004036810747321,1.5502356385360445,4.972473768592808e-06
MTPN,P58546,Myotrophin OS=Homo sapiens OX=9606 GN=MTPN PE=1 SV=2,20.149017034040877,19.97831635931722,0.17070067472365835,0.49524219823399374,0.6863260808994726,0.17720863209276408,0.6672255455373771
POF1B,Q8WVV4,Protein POF1B OS=Homo sapiens OX=9606 GN=POF1B PE=1 SV=3,18.320479001542086,18.847352899998512,-0.5268738984564258,0.07912521892609188,-1.787233133237616,-0.4614616107212926,0.20629537438504805
IGHD,P01880,Immunoglobulin heavy constant delta OS=Homo sapiens OX=9606 GN=IGHD PE=1 SV=4,20.67544386192373,20.879683768198923,-0.20423990627519473,0.18570421833641257,-1.339280679538849,-0.34580078451675433,0.36342361156008013
CPNE3,O75131,Copine-3 OS=Homo sapiens OX=9606 GN=CPNE3 PE=1 SV=1,21.564350603305332,21.8621526490929,-0.2978020457875665,0.13977572185733272,-1.4971541868492548,-0.3865635488247914,0.30080684136581193
KIAA0825,A0A994J718,KIAA0825 OS=Homo sapiens OX=9606 GN=KIAA0825 PE=1 SV=1,30.583423389993065,30.35140097019489,0.23202241979817373,0.010923192560275768,2.6297339700892413,0.6789943914074363,0.05000185559919339
NONO,A0A7I2V535,Non-POU domain containing octamer binding OS=Homo sapiens OX=9606 GN=NONO PE=1 SV=1,15.806209102253717,15.710040407609778,0.09616869464393929,0.8197370211555222,0.22891916318498295,0.059106673776211795,0.8968688699867766
PIP5K1C,O60331,Phosphatidylinositol 4-phosphate 5-kinase type-1 gamma OS=Homo sapiens OX=9606 GN=PIP5K1C PE=1 SV=2,18.402054331940864,18.35616883561279,0.04588549632807215,0.9213368233224327,0.09918067358576914,0.025608339804221183,0.9605298164611488
GSTP1,P09211,Glutathione S-transferase P OS=Homo sapiens OX=9606 GN=GSTP1 PE=1 SV=2,23.780996396330117,24.107285430093093,-0.3262890337629756,0.285929735384028,-1.0770222288537334,-0.27808594372304685,0.47870535496012057
CALR,P27797,Calreticulin OS=Homo sapiens OX=9606 GN=CALR PE=1 SV=1,24.577086439355188,23.77788935078882,0.7991970885663697,0.0003089825588335536,3.837908443205008,0.9909436989867887,0.0033257379474449385
SERPINB5,P36952,Serpin B5 OS=Homo sapiens OX=9606 GN=SERPINB5 PE=1 SV=2,24.81448579763971,24.829588353629017,-0.015102555989308541,0.890388998619777,-0.13841868449872397,-0.0357395506578331,0.941825813281079
COL1A1,P02452,Collagen alpha-1(I) chain OS=Homo sapiens OX=9606 GN=COL1A1 PE=1 SV=6,20.995146848497534,20.9044963850488,0.09065046344873195,0.828221845316843,0.21796446883029,0.05627818385631058,0.9042888276831602
ANK1,P16157,Ankyrin-1 OS=Homo sapiens OX=9606 GN=ANK1 PE=1 SV=3,20.34699547511656,20.404605005687028,-0.057609530570466916,0.6230049185331825,-0.49423793583175996,-0.12761168630268907,0.7634206424795076
CAPG,P40121,Macrophage-capping protein OS=Homo sapiens OX=9606 GN=CAPG PE=1 SV=2,15.961174414762848,16.928005987327868,-0.9668315725650203,0.06257459903577331,-1.898757921624134,-0.4902571872619786,0.17580482586241072
GRN,P28799,Progranulin OS=Homo sapiens OX=9606 GN=GRN PE=1 SV=2,22.546484383359207,23.220822279208644,-0.6743378958494368,4.3202557949953774e-05,-4.424357454980623,-1.1423641827205722,0.0006747223021007486
CST3,P01034,Cystatin-C OS=Homo sapiens OX=9606 GN=CST3 PE=1 SV=1,21.96570217112808,21.629837398020804,0.335864773107275,0.04598477785898567,2.0393034765982962,0.5265458935152059,0.1416428915941865
EIF3B,P55884,Eukaryotic translation initiation factor 3 subunit B OS=Homo sapiens OX=9606 GN=EIF3B PE=1 SV=3,25.999745062951913,25.416996052356854,0.5827490105950588,0.0011833428184332645,3.411364096262769,0.8808104221783747,0.009617679131449952
MAPKAPK2,P49137,MAP kinase-activated protein kinase 2 OS=Homo sapiens OX=9606 GN=MAPKAPK2 PE=1 SV=1,23.999507186805026,23.327663753504655,0.6718434333003707,0.14099384675924517,1.4924776048770287,0.38535606055175103,0.30148080253352694
SDF2L1,Q9HCN8,Stromal cell-derived factor 2-like protein 1 OS=Homo sapiens OX=9606 GN=SDF2L1 PE=1 SV=2,20.85815110679183,19.711533045881705,1.146618060910125,0.018482814948746876,2.4241403504489383,0.6259103470772099,0.07252001037771866
STK26,Q9P289,Serine/threonine-protein kinase 26 OS=Homo sapiens OX=9606 GN=STK26 PE=1 SV=2,23.1120157814084,23.21626946077647,-0.10425367936807106,0.3362903831912646,-0.9695628798212821,-0.25034005910991525,0.5277936752942705
ACTR1A,P61163,Alpha-centractin OS=Homo sapiens OX=9606 GN=ACTR1A PE=1 SV=1,24.040633946483823,23.628162165291723,0.4124717811920995,0.0034765750404927294,3.046961093819376,0.7867219715269586,0.02197692079168618
CORO1B,Q9BR76,Coronin-1B OS=Homo sapiens OX=9606 GN=CORO1B PE=1 SV=1,24.32931524608805,24.80715850563332,-0.4778432595452706,0.16609165480223773,-1.4025147621092422,-0.3621277544306101,0.3379106080459319
PTGES3,A0A087WYT3,Prostaglandin E synthase 3 OS=Homo sapiens OX=9606 GN=PTGES3 PE=1 SV=1,17.80871278273725,17.379051529671862,0.4296612530653867,0.3695845210019679,0.9042861780818489,0.233485687194437,0.5602544822176028
EDF1,O60869,Endothelial differentiation-related factor 1 OS=Homo sapiens OX=9606 GN=EDF1 PE=1 SV=1,21.219360814636328,21.300184936483753,-0.08082412184742438,0.536560008051669,-0.6217234173533608,-0.16052829609044866,0.7010993568656463
TSPAN9,B5MD23,Tetraspanin OS=Homo sapiens OX=9606 GN=TSPAN9 PE=1 SV=1,17.804388184279208,17.484974129922282,0.31941405435692616,0.2940760186170495,1.0588101389057405,0.2733836023184996,0.4874746073433506
EIF4E,P06730,Eukaryotic translation initiation factor 4E OS=Homo sapiens OX=9606 GN=EIF4E PE=1 SV=2,19.388054892150638,19.939626199072578,-0.5515713069219395,0.0019978216450540526,-3.237163211650319,-0.8358319471784668,0.014271434442022897
SERPINB12,Q96P63,Serpin B12 OS=Homo sapiens OX=9606 GN=SERPINB12 PE=1 SV=1,23.185162535938776,23.487923350741386,-0.3027608148026104,0.0065993304346555655,-2.817915175814746,-0.7275825697970437,0.0355652143772089
AP2A1,O95782,AP-2 complex subunit alpha-1 OS=Homo sapiens OX=9606 GN=AP2A1 PE=1 SV=3,24.423903129563776,24.472549894814346,-0.04864676525057021,0.6673708692942483,-0.4319617490476512,-0.11153204401734537,0.798139485574878
MAP4,P27816,Microtubule-associated protein 4 OS=Homo sapiens OX=9606 GN=MAP4 PE=1 SV=3,18.671374069485193,18.800144239867468,-0.12877017038227478,0.7109671920045114,-0.37237999339441735,-0.09614810085849375,0.8315497333797258
RPS12,P25398,Small ribosomal subunit protein eS12 OS=Homo sapiens OX=9606 GN=RPS12 PE=1 SV=3,20.421102502460347,20.48636584311823,-0.0652633406578822,0.6603700312154437,-0.44167046764080603,-0.11403882437896558,0.7927426222503404
CRABP2,P29373,Cellular retinoic acid-binding protein 2 OS=Homo sapiens OX=9606 GN=CRABP2 PE=1 SV=2,23.200522649968857,21.480250965440856,1.7202716845280008,3.043065301361921e-07,5.787717280633918,1.4943821760301361,9.505103970724589e-06
ALDH1A3,P47895,Retinaldehyde dehydrogenase 3 OS=Homo sapiens OX=9606 GN=ALDH1A3 PE=1 SV=2,17.86209197322572,16.31405633068852,1.5480356425372008,0.00035139190288882284,3.798132018849818,0.9806734703801666,0.0037070682205423496
RAB11A,P62491,Ras-related protein Rab-11A OS=Homo sapiens OX=9606 GN=RAB11A PE=1 SV=3,19.71553433185387,19.98826222990722,-0.2727278980533505,0.299431696672203,-1.0470253257474575,-0.2703407766451533,0.49148203136357727
EVPL,Q92817,Envoplakin OS=Homo sapiens OX=9606 GN=EVPL PE=1 SV=3,21.60462430549826,22.689492433781577,-1.0848681282833184,0.004984309220659984,-2.9195206179545776,-0.7538169821498178,0.028664276492820776
TRIM25,Q14258,E3 ubiquitin/ISG15 ligase TRIM25 OS=Homo sapiens OX=9606 GN=TRIM25 PE=1 SV=2,20.90927948903305,20.121626721601544,0.7876527674315064,0.054288489933697205,1.9643391606684062,0.5071901903714527,0.1588069325754587
NCKAP1,A0A994J6K9,Nck-associated protein 1 OS=Homo sapiens OX=9606 GN=NCKAP1 PE=1 SV=1,25.411725401247363,25.52543235754031,-0.11370695629294758,0.5839084366314718,-0.5507674298395492,-0.14220753889346904,0.7358909331914041
EIF3I,A0A7I2V607,Eukaryotic translation initiation factor 3 subunit I OS=Homo sapiens OX=9606 GN=EIF3I PE=1 SV=1,21.32834763464386,21.47864858551097,-0.1503009508671127,0.6036765731857643,-0.5219735644242267,-0.1347729948117036,0.7518817678537314
KPNB1,Q14974,Importin subunit beta-1 OS=Homo sapiens OX=9606 GN=KPNB1 PE=1 SV=2,21.96588758312193,21.746175335019682,0.21971224810224754,0.5433142863028056,0.6114145414957094,0.15786655578946174,0.7061870763871678
DNAJC8,O75937,DnaJ homolog subfamily C member 8 OS=Homo sapiens OX=9606 GN=DNAJC8 PE=1 SV=2,16.238389825092607,18.73804078625319,-2.499650961160583,0.0007067625284862434,-3.5782023408171963,-0.9238878716896931,0.006470532803899917
KTN1,Q86UP2,Kinectin OS=Homo sapiens OX=9606 GN=KTN1 PE=1 SV=1,16.773967512326276,17.180986411273658,-0.4070188989473813,0.7225981733034832,-0.35671703022988316,-0.09210394115926034,0.8399129558423526
DAZAP1,Q96EP5,DAZ-associated protein 1 OS=Homo sapiens OX=9606 GN=DAZAP1 PE=1 SV=1,17.704892763709633,16.75318138652602,0.9517113771836136,0.012355303765198328,2.5824814341180384,0.6667938390819339,0.05422038263901085
STXBP3,O00186,Syntaxin-binding protein 3 OS=Homo sapiens OX=9606 GN=STXBP3 PE=1 SV=2,26.134487412292167,26.094972566728913,0.03951484556325369,0.4136201274202608,0.8234591197249304,0.21261623046515166,0.5973679628109477
PPP1CB,A0A8V8TRH9,Serine/threonine-protein phosphatase OS=Homo sapiens OX=9606 GN=PPP1CB PE=1 SV=1,22.35217101399907,21.742753403977346,0.6094176100217226,0.29647664442766397,1.05350966098939,0.2720150248053686,0.4894168855681541
IDH1,O75874,Isocitrate dehydrogenase [NADP] cytoplasmic OS=Homo sapiens OX=9606 GN=IDH1 PE=1 SV=2,16.924611609634052,17.451696090375517,-0.5270844807414647,0.07981699696345733,-1.7830147339372968,-0.4603724247054399,0.207758947978411
SPN,P16150,Leukosialin OS=Homo sapiens OX=9606 GN=SPN PE=1 SV=1,18.911353531018044,19.301595407866316,-0.39024187684827183,0.3798852658099231,-0.8848610460283264,-0.2284701396650255,0.5682227497044202
ZWINT,O95229,Outer kinetochore KNL1 complex subunit ZWINT OS=Homo sapiens OX=9606 GN=ZWINT PE=1 SV=2,23.549066825956913,23.7624683194635,-0.21340149350658777,0.605133579554884,-0.5198688445034233,-0.13422955846492343,0.7528753230970228
IGFBP7,Q16270,Insulin-like growth factor-binding protein 7 OS=Homo sapiens OX=9606 GN=IGFBP7 PE=1 SV=1,21.487729787420687,21.673524312130105,-0.1857945247094186,0.25407021120986634,-1.1519442254944916,-0.2974307200733311,0.4492051570003519
RAB27B,O00194,Ras-related protein Rab-27B OS=Homo sapiens OX=9606 GN=RAB27B PE=1 SV=4,26.40949320238615,26.323747794797825,0.08574540758832683,0.4782628752311697,0.7137196044075742,0.1842816094488187,0.6573535463703652
GCA,P28676,Grancalcin OS=Homo sapiens OX=9606 GN=GCA PE=1 SV=2,20.75394551236352,20.834524326472174,-0.0805788141086552,0.3791605208028358,-0.886216780856497,-0.2288201888924507,0.5676717195854487
DAAM1,Q9Y4D1,Disheveled-associated activator of morphogenesis 1 OS=Homo sapiens OX=9606 GN=DAAM1 PE=1 SV=2,21.586881657249574,20.34053476477236,1.246346892477213,2.9364750522268566e-08,6.402062234260371,1.6530053609782573,1.299390210610384e-06
PDCD4,Q53EL6,Programmed cell death protein 4 OS=Homo sapiens OX=9606 GN=PDCD4 PE=1 SV=2,22.503373014203458,21.775564852846877,0.727808161356581,0.0007819948454598616,3.5457895055225643,0.9155189136030616,0.007077941981917951
RNASE1,P07998,Ribonuclease pancreatic OS=Homo sapiens OX=9606 GN=RNASE1 PE=1 SV=4,25.830828146128553,25.854754205557533,-0.023926059428980295,0.9571452056029855,-0.05396915720155636,-0.013934776470031857,0.9779745466949248
ALOX12,P18054,Polyunsaturated fatty acid lipoxygenase ALOX12 OS=Homo sapiens OX=9606 GN=ALOX12 PE=1 SV=4,20.53493364942134,21.008811834685137,-0.4738781852637963,0.00151179294812577,-3.330513128373266,-0.8599347920343217,0.011413678513575127
IGLV8-61,A0A075B6I0,Immunoglobulin lambda variable 8-61 OS=Homo sapiens OX=9606 GN=IGLV8-61 PE=1 SV=7,22.989179426272035,23.137166364614547,-0.14798693834251253,0.34972984341949376,-0.9427291297846422,-0.24341161464270197,0.5393220141018912
MYH7B,A7E2Y1,Myosin-7B OS=Homo sapiens OX=9606 GN=MYH7B PE=1 SV=4,20.117019482066684,20.672560482640346,-0.5555410005736618,0.39025991118998227,-0.8656295383461844,-0.22350458573333243,0.5767013344393709
TRIM29,Q14134,Tripartite motif-containing protein 29 OS=Homo sapiens OX=9606 GN=TRIM29 PE=1 SV=2,22.260128040314747,22.02162261251588,0.23850542779886652,0.0003784365945088533,3.7751070393256123,0.9747284462305658,0.003966115099030285
Unknown,A0A087WV05,c-Myc-binding protein OS=Homo sapiens OX=9606 PE=3 SV=1,18.414277924028266,17.819908659648892,0.5943692643793739,0.207426768378509,1.2749043282089085,0.3291788820773905,0.3900547780186226
PPL,O60437,Periplakin OS=Homo sapiens OX=9606 GN=PPL PE=1 SV=4,26.07539167624145,25.18471897434015,0.8906727019012983,6.217005591341948e-08,6.206111400213981,1.6024110731824495,2.6766729478399254e-06
GGCT,O75223,Gamma-glutamylcyclotransferase OS=Homo sapiens OX=9606 GN=GGCT PE=1 SV=1,20.60365924580122,20.815438279286468,-0.21177903348524652,0.34519844323006743,-0.9516999883160976,-0.2457278803556026,0.534612049379839
SLIT1,O75093,Slit homolog 1 protein OS=Homo sapiens OX=9606 GN=SLIT1 PE=1 SV=4,29.054385862696147,29.272484140750166,-0.21809827805401838,0.04801457527316148,-2.0199639542682952,-0.5215524503213591,0.14458831457494564
ITGAM,P11215,Integrin alpha-M OS=Homo sapiens OX=9606 GN=ITGAM PE=1 SV=2,21.31391998395816,21.449123350907126,-0.1352033669489643,0.5599313189116492,-0.5863262996964133,-0.15138879961117513,0.7187514835022216
SH3BP1,Q9Y3L3,SH3 domain-binding protein 1 OS=Homo sapiens OX=9606 GN=SH3BP1 PE=1 SV=3,17.18864240813993,17.852380882899208,-0.6637384747592776,0.018409284652074212,-2.425738448010866,-0.6263229740934073,0.07240985296482523
VPS13A,Q96RL7,Intermembrane lipid transfer protein VPS13A OS=Homo sapiens OX=9606 GN=VPS13A PE=1 SV=2,25.3111503173189,25.420641743871215,-0.1094914265523137,0.3703377085845171,-0.9028542486221478,-0.23311596459774594,0.5602544822176028
RSF1,Q96T23,Remodeling and spacing factor 1 OS=Homo sapiens OX=9606 GN=RSF1 PE=1 SV=2,19.52890766316335,18.48053452573516,1.0483731374281895,0.0005175377721540599,3.6771065020530003,0.9494248163121519,0.0050891214261815886
CCDC150,Q8NCX0,Coiled-coil domain-containing protein 150 OS=Homo sapiens OX=9606 GN=CCDC150 PE=1 SV=2,28.713027391010204,28.902220813964803,-0.18919342295459884,0.09117267610486997,-1.7177758866370878,-0.4435278267641414,0.2283617500551224
EPB42,P16452,Protein 4.2 OS=Homo sapiens OX=9606 GN=EPB42 PE=1 SV=3,21.002812518704655,21.082335314117643,-0.07952279541298779,0.4882568678405952,-0.6975318305523965,-0.18010194421193373,0.6641636796408211
GUCY1A2,P33402,Guanylate cyclase soluble subunit alpha-2 OS=Homo sapiens OX=9606 GN=GUCY1A2 PE=1 SV=1,21.45726605364849,21.08788219238846,0.36938386126002953,0.3302195115974007,0.9819160603680205,0.25352963661192934,0.5230035361761666
EIF3D,O15371,Eukaryotic translation initiation factor 3 subunit D OS=Homo sapiens OX=9606 GN=EIF3D PE=1 SV=1,23.034223018735783,23.03465258236208,-0.00042956362629809064,0.9972910099440392,-0.0034098876640181503,-0.0008804292090120272,0.9979174490206372
MTHFD1,P11586,"C-1-tetrahydrofolate synthase, cytoplasmic OS=Homo sapiens OX=9606 GN=MTHFD1 PE=1 SV=4",25.461199208083414,25.350525604678225,0.11067360340518917,0.49391032982984706,0.6884559003796832,0.17775854911791636,0.6672255455373771
NARS1,O43776,"Asparagine--tRNA ligase, cytoplasmic OS=Homo sapiens OX=9606 GN=NARS1 PE=1 SV=1",18.281998818059318,18.082980027045018,0.19901879101429998,0.7132718500592425,0.36926915508921615,0.09534488586190785,0.8324117634757314
CBL,P22681,E3 ubiquitin-protein ligase CBL OS=Homo sapiens OX=9606 GN=CBL PE=1 SV=2,16.71368504000069,17.362069107441226,-0.648384067440535,0.0786706096846693,-1.7900220854727342,-0.4621817150919579,0.2054463626683249
PTPN1,P18031,Tyrosine-protein phosphatase non-receptor type 1 OS=Homo sapiens OX=9606 GN=PTPN1 PE=1 SV=1,17.28590803637725,17.62347182025506,-0.3375637838778083,0.5948586142803356,-0.5347620998592945,-0.13807498046253033,0.743806728845035
TESK1,Q15569,Dual specificity testis-specific protein kinase 1 OS=Homo sapiens OX=9606 GN=TESK1 PE=1 SV=2,21.32685912159055,20.812225608240944,0.514633513349608,0.1992501006641603,1.2985140448104104,0.33527488469114336,0.3819559691432098
RPS3A,P61247,Small ribosomal subunit protein eS1 OS=Homo sapiens OX=9606 GN=RPS3A PE=1 SV=2,17.580112273865463,17.56544650362639,0.014665770239073339,0.9770308677338557,0.02891598258447979,0.007466074599260929,0.9900828068066363
USP8,H0YNL5,Ubiquitin specific peptidase 8 (Fragment) OS=Homo sapiens OX=9606 GN=USP8 PE=1 SV=1,21.372968935130157,21.499283669412613,-0.126314734282456,0.5185880948259847,-0.6494862322564945,-0.16769662407469368,0.6850006924193976
EIF3H,O15372,Eukaryotic translation initiation factor 3 subunit H OS=Homo sapiens OX=9606 GN=EIF3H PE=1 SV=1,21.515262128712042,21.136031180929354,0.3792309477826876,0.059056293853583165,1.9256413654956666,0.4971984626221884,0.16889887990800356
DSC3,Q14574,Desmocollin-3 OS=Homo sapiens OX=9606 GN=DSC3 PE=1 SV=3,21.382372151737876,21.30029038265487,0.08208176908300402,0.6188088356413124,0.500225818862204,0.1291577510530856,0.760702036574141
TGM1,P22735,Protein-glutamine gamma-glutamyltransferase K OS=Homo sapiens OX=9606 GN=TGM1 PE=1 SV=4,25.473055678583297,25.14193229787476,0.33112338070853653,0.0001579478236824815,4.042285186349341,1.0437135471567962,0.0019804509300435248
ADAMTSL4,Q6UY14,ADAMTS-like protein 4 OS=Homo sapiens OX=9606 GN=ADAMTSL4 PE=1 SV=2,20.537725454738556,20.943567127810887,-0.4058416730723309,0.07331326622899727,-1.8239469101575472,-0.4709410671604437,0.19807536506700968
RARS1,P54136,"Arginine--tRNA ligase, cytoplasmic OS=Homo sapiens OX=9606 GN=RARS1 PE=1 SV=2",15.574562043333316,18.227981251638425,-2.6534192083051096,2.60974868764593e-08,-6.432801772193826,-1.6609422755440162,1.1878084741199904e-06
LIPC,E7EUK6,Hepatic triacylglycerol lipase OS=Homo sapiens OX=9606 GN=LIPC PE=1 SV=1,23.0115239625057,22.405013846949974,0.6065101155557251,0.010308005803296447,2.651789240842626,0.6846890378290331,0.04771665638187559
LCP1,P13796,Plastin-2 OS=Homo sapiens OX=9606 GN=LCP1 PE=1 SV=6,22.120483201854547,22.139098253146326,-0.01861505129177843,0.9750392052218168,-0.031424105002195876,-0.008113669022865188,0.9890073930113447
EIF4B,P23588,Eukaryotic translation initiation factor 4B OS=Homo sapiens OX=9606 GN=EIF4B PE=1 SV=2,23.63036327666775,23.912796179661886,-0.2824329029941346,0.12476379154416634,-1.557619430059612,-0.4021756074899977,0.2791414605756418
NEK7,Q8TDX7,Serine/threonine-protein kinase Nek7 OS=Homo sapiens OX=9606 GN=NEK7 PE=1 SV=1,17.132757526526543,17.15566463153791,-0.022907105011366724,0.9577151869705478,-0.05325065632284058,-0.013749260340865082,0.9779745466949248
TNNT3,P45378,"Troponin T, fast skeletal muscle OS=Homo sapiens OX=9606 GN=TNNT3 PE=1 SV=3",24.43466375129245,24.563888465136984,-0.1292247138445326,0.5029487363628755,-0.6740633930017108,-0.1740424196922461,0.6723678238685492
SNRPC,A0A0A0MRR7,U1 small nuclear ribonucleoprotein C OS=Homo sapiens OX=9606 GN=SNRPC PE=1 SV=1,19.79590251193989,20.054993232124996,-0.2590907201851067,0.1357875963819881,-1.512694089655906,-0.3905759344762476,0.29510182951774494
GPX3,P22352,Glutathione peroxidase 3 OS=Homo sapiens OX=9606 GN=GPX3 PE=1 SV=2,17.951240431422555,17.1766079701613,0.7746324612612554,0.05271961038375774,1.9777095168663628,0.5106424014972892,0.15552285063208535
VAPA,Q9P0L0,Vesicle-associated membrane protein-associated protein A OS=Homo sapiens OX=9606 GN=VAPA PE=1 SV=3,20.637956179615095,20.580301660320668,0.05765451929442733,0.7125998059763271,0.37017590749280144,0.09557900832578914,0.8323524785796561
IDE,P14735,Insulin-degrading enzyme OS=Homo sapiens OX=9606 GN=IDE PE=1 SV=4,22.011482064977496,21.88693954204359,0.12454252293390766,0.25715307471328597,1.1444136239477212,0.29548632711482675,0.45264624090415967
NUCKS1,Q9H1E3,Nuclear ubiquitous casein and cyclin-dependent kinase substrate 1 OS=Homo sapiens OX=9606 GN=NUCKS1 PE=1 SV=1,16.074228396990726,21.170734451283803,-5.0965060542930765,1.4563328524076044e-36,-29.43237537113084,-7.599406643447671,2.3199382338853136e-33
GNL3,Q9BVP2,Guanine nucleotide-binding protein-like 3 OS=Homo sapiens OX=9606 GN=GNL3 PE=1 SV=2,19.46725678540362,18.929816386446706,0.5374403989569139,0.14768201970835146,1.4673529715072078,0.37886890811035884,0.31159928131841574
FEN1,P39748,Flap endonuclease 1 OS=Homo sapiens OX=9606 GN=FEN1 PE=1 SV=1,20.318536226001946,20.662218964831602,-0.3436827388296564,0.14254511631359487,-1.4865679324091048,-0.38383018968176374,0.30357536134700086
CKM,P06732,Creatine kinase M-type OS=Homo sapiens OX=9606 GN=CKM PE=1 SV=2,26.251685691827635,26.52294609822964,-0.27126040640200344,0.015297319318256963,-2.499276814202345,-0.6453104985978674,0.0628057465824313
GSTO1,P78417,Glutathione S-transferase omega-1 OS=Homo sapiens OX=9606 GN=GSTO1 PE=1 SV=2,24.528133923608227,24.574190456241567,-0.0460565326333402,0.7791667624997071,-0.2817123981444817,-0.07273782842891538,0.8742073336071812
EIF4A1,P60842,Eukaryotic initiation factor 4A-I OS=Homo sapiens OX=9606 GN=EIF4A1 PE=1 SV=1,18.799254182232055,18.792413625342043,0.00684055689001184,0.986403547216484,0.017115082283644396,0.00441909524356829,0.9932622318052207
RGS6,P49758,Regulator of G-protein signaling 6 OS=Homo sapiens OX=9606 GN=RGS6 PE=1 SV=5,18.56712421658972,15.638471003010341,2.928653213579377,0.0005818137534773543,3.640113208154417,0.9398731888994473,0.005549876103529494
UGT1A4,P22310,UDP-glucuronosyltransferase 1A4 OS=Homo sapiens OX=9606 GN=UGT1A4 PE=1 SV=1,24.09930534569256,24.123494730277457,-0.024189384584897056,0.8433841026870089,-0.19845368881472253,-0.05124052211818997,0.9150390271496083
NEBL,O76041,Nebulette OS=Homo sapiens OX=9606 GN=NEBL PE=1 SV=1,19.52890766316335,18.48053452573516,1.0483731374281895,0.0005175377721540599,3.6771065020530003,0.9494248163121519,0.0050891214261815886
HMGA1,P17096,High mobility group protein HMG-I/HMG-Y OS=Homo sapiens OX=9606 GN=HMGA1 PE=1 SV=3,23.79469107805113,23.84351251289815,-0.04882143484702084,0.770507627780318,-0.2930792525508294,-0.07567273761655198,0.8692766650524408
DEK,P35659,Protein DEK OS=Homo sapiens OX=9606 GN=DEK PE=1 SV=1,27.52716622267217,27.737126675366465,-0.2099604526942933,0.08595307528611387,-1.746872516923759,-0.45104054439954344,0.21907719828924704
DAB2,P98082,Disabled homolog 2 OS=Homo sapiens OX=9606 GN=DAB2 PE=1 SV=3,23.82707948654651,23.957553675447816,-0.13047418890130658,0.3452466555982131,-0.9516041381775864,-0.24570313195625684,0.534612049379839
RPL6,Q02878,Large ribosomal subunit protein eL6 OS=Homo sapiens OX=9606 GN=RPL6 PE=1 SV=3,18.258878209430453,18.1361546732899,0.1227235361405512,0.7481969207099732,0.3225486833560237,0.08328171193193395,0.8550055198644099
AMPD3,Q01432,AMP deaminase 3 OS=Homo sapiens OX=9606 GN=AMPD3 PE=1 SV=1,19.85568917749131,18.6914646332805,1.1642245442108106,0.0020264345976365736,3.2323609721225535,0.8345920142640978,0.014411206759085098
IFI6,P09912,Interferon alpha-inducible protein 6 OS=Homo sapiens OX=9606 GN=IFI6 PE=1 SV=2,26.11616491454341,25.885974292339945,0.23019062220346598,0.03565623676617474,2.1509785702341486,0.5553802787043932,0.1180390214976543
FAM98A,Q8NCA5,Protein FAM98A OS=Homo sapiens OX=9606 GN=FAM98A PE=1 SV=2,25.73036706691733,24.918522116290593,0.8118449506267389,0.0005538296728602348,3.6557132866248,0.9439011118404687,0.005379577249185085
IGHV2-70D,A0A0C4DH43,Immunoglobulin heavy variable 2-70D OS=Homo sapiens OX=9606 GN=IGHV2-70D PE=1 SV=1,28.18157522585193,28.20014816525283,-0.01857293940090088,0.8453951719296933,-0.19587176868543504,-0.05057387320739209,0.9150390271496083
RTRAF,Q9Y224,"RNA transcription, translation and transport factor protein OS=Homo sapiens OX=9606 GN=RTRAF PE=1 SV=1",21.4794552662755,21.418118373208568,0.06133689306693313,0.6875164042719639,0.40424907077794664,0.10437666125618739,0.8124730207753995
SIGLEC16,A6NMB1,Sialic acid-binding Ig-like lectin 16 OS=Homo sapiens OX=9606 GN=SIGLEC16 PE=2 SV=3,26.626968543665253,26.62514928206027,0.0018192616049823584,0.9924487070574896,0.009505167525899444,0.0024542237020480067,0.9962008760822816
PSMD2,Q13200,26S proteasome non-ATPase regulatory subunit 2 OS=Homo sapiens OX=9606 GN=PSMD2 PE=1 SV=3,23.128722388065714,23.28447495722242,-0.1557525691567072,0.20052539583924325,-1.2947845885919642,-0.3343119432361799,0.383017932340425
SPP2,Q13103,Secreted phosphoprotein 24 OS=Homo sapiens OX=9606 GN=SPP2 PE=1 SV=1,17.17483761820092,18.57213558051135,-1.3972979623104287,2.645480383564385e-11,-8.217779171806205,-2.1218214583477075,2.3412501394544808e-09
LUM,P51884,Lumican OS=Homo sapiens OX=9606 GN=LUM PE=1 SV=2,17.405968492873175,17.239094080452066,0.1668744124211088,0.5814486579790779,0.5543823421566358,0.14314090524027417,0.7337792316146474
VCP,P55072,Transitional endoplasmic reticulum ATPase OS=Homo sapiens OX=9606 GN=VCP PE=1 SV=4,23.923147716803726,23.94141507390443,-0.018267357100704373,0.9367343661759457,-0.07972001889458566,-0.020583620369204726,0.9696022386733474
CYB5R1,Q9UHQ9,NADH-cytochrome b5 reductase 1 OS=Homo sapiens OX=9606 GN=CYB5R1 PE=1 SV=1,23.443320695719205,23.402974413750453,0.040346281968751896,0.7766734274972806,0.2849815471380068,0.07358191906946161,0.8733511532866813
SLC16A3,O15427,Monocarboxylate transporter 4 OS=Homo sapiens OX=9606 GN=SLC16A3 PE=1 SV=1,20.62128265007711,20.803094926497767,-0.18181227642065778,0.5000034502618893,-0.6787377794340049,-0.17524934107931361,0.6710240069647765
CAST,P20810,Calpastatin OS=Homo sapiens OX=9606 GN=CAST PE=1 SV=4,13.690986301276547,15.346795041713696,-1.6558087404371484,0.0005613255493274817,-3.651462052569447,-0.9428034479273213,0.005386696386016135
PROSER2,Q86WR7,Proline and serine-rich protein 2 OS=Homo sapiens OX=9606 GN=PROSER2 PE=1 SV=2,21.86288085375086,21.290181602606506,0.5726992511443534,0.0017451214164397992,3.2826338937516244,0.8475724268130698,0.01287027044624352
MTHFD1,A0A8V8TKS0,"C-1-tetrahydrofolate synthase, cytoplasmic OS=Homo sapiens OX=9606 GN=MTHFD1 PE=1 SV=1",27.72621440547112,27.908067693363076,-0.18185328789195765,0.11154446796548476,-1.6158934053956375,-0.417221883222913,0.26071450735068596
FAM83H,A0A494C1T9,Family with sequence similarity 83 member H OS=Homo sapiens OX=9606 GN=FAM83H PE=1 SV=1,30.871224328832525,30.930056504612775,-0.058832175780249685,0.507887592334292,-0.6662582245410591,-0.17202713386141624,0.6747830980721662
CLTC,Q00610,Clathrin heavy chain 1 OS=Homo sapiens OX=9606 GN=CLTC PE=1 SV=5,22.147867426591585,22.406478207508712,-0.2586107809171274,0.40269002304485824,-0.8430028017651249,-0.2176623874695014,0.5874406654857685
GIMAP4,G5E9W9,"GTPase, IMAP family member 4 OS=Homo sapiens OX=9606 GN=GIMAP4 PE=1 SV=1",20.519533281006066,21.10010512034607,-0.5805718393400028,0.037764209816761644,-2.1260834190577578,-0.5489523783105613,0.12227314276036849
CCDC138,Q96M89,Coiled-coil domain-containing protein 138 OS=Homo sapiens OX=9606 GN=CCDC138 PE=1 SV=1,19.94100814040058,19.92974394063541,0.01126419976516857,0.9748679942474993,0.03163972201555594,0.008169341096325356,0.9890073930113447
CCT2,F5GWF6,T-complex protein 1 subunit beta OS=Homo sapiens OX=9606 GN=CCT2 PE=1 SV=2,24.475621946656855,24.389884307946193,0.0857376387106612,0.6309191286997924,0.4829926753198655,0.12470817252360035,0.7689779433961509
BCL2L2-PABPN1,A0A7I2V383,BCL2L2-PABPN1 readthrough OS=Homo sapiens OX=9606 GN=BCL2L2-PABPN1 PE=1 SV=1,17.257553810916303,17.834210797749385,-0.5766569868330826,0.47705420995705516,-0.7156901015115071,-0.1847903896133042,0.6562585116248608
KHSRP,M0R0C6,KH-type splicing regulatory protein OS=Homo sapiens OX=9606 GN=KHSRP PE=1 SV=2,18.803118614535492,19.705333552312627,-0.9022149377771349,0.014323581018172934,-2.525076516602747,-0.6519719531134583,0.06036366286230022
PYGB,P11216,"Glycogen phosphorylase, brain form OS=Homo sapiens OX=9606 GN=PYGB PE=1 SV=5",24.978239254218575,24.81334848157533,0.16489077264324692,0.047532789133841714,2.0244895379824874,0.5227209510118214,0.14429945038922776
RIPOR2,A0A2R8YF77,Rho family-interacting cell polarization regulator 2 OS=Homo sapiens OX=9606 GN=RIPOR2 PE=1 SV=1,16.650476496165854,18.74985560400936,-2.099379107843504,0.01691670414484771,-2.459484753393143,-0.63503623267618,0.06751198852541536
LCN2,X6R8F3,Lipocalin 2 OS=Homo sapiens OX=9606 GN=LCN2 PE=1 SV=1,16.694915754048267,16.392935280789494,0.301980473258773,0.45050666901337955,0.7597070313975733,0.19615551203996512,0.6311848053986927
CD248,Q9HCU0,Endosialin OS=Homo sapiens OX=9606 GN=CD248 PE=1 SV=1,17.175458492755123,17.686827158735127,-0.5113686659800045,0.19416568751119742,-1.3135633942187674,-0.3391606099997983,0.3744623973430236
RPS4X,P62701,"Small ribosomal subunit protein eS4, X isoform OS=Homo sapiens OX=9606 GN=RPS4X PE=1 SV=2",23.17902493983998,23.10136717557373,0.07765776426624882,0.5029910243569515,0.6739963872100804,0.17402511887124048,0.6723678238685492
FANCE,Q9HB96,Fanconi anemia group E protein OS=Homo sapiens OX=9606 GN=FANCE PE=1 SV=1,26.960805244196308,26.832799582074085,0.12800566212222364,0.7488940458709948,0.3216236929058305,0.08304288042466733,0.8551886846397811
RPL23A,P62750,Large ribosomal subunit protein uL23 OS=Homo sapiens OX=9606 GN=RPL23A PE=1 SV=1,16.85753857188617,16.718567957141474,0.13897061474469652,0.6857525418150971,0.4066626331362785,0.10499984037744418,0.810990199785783
F9,P00740,Coagulation factor IX OS=Homo sapiens OX=9606 GN=F9 PE=1 SV=2,21.230585555313375,20.566638154660822,0.6639474006525532,0.2961466511296723,1.0542365196488968,0.27220269890425636,0.48937926893108713
RNH1,P13489,Ribonuclease inhibitor OS=Homo sapiens OX=9606 GN=RNH1 PE=1 SV=2,18.387517508623336,18.330984428541914,0.05653308008142233,0.8387251362854404,0.20444032465369993,0.052786264845134497,0.9120120137372187
ACTR3,P61158,Actin-related protein 3 OS=Homo sapiens OX=9606 GN=ACTR3 PE=1 SV=3,24.30677186842404,24.632906652498114,-0.3261347840740747,0.4672508068893727,-0.7317777380616255,-0.1889441995092006,0.6455598745661498
PYGL,E9PK47,"Alpha-1,4 glucan phosphorylase OS=Homo sapiens OX=9606 GN=PYGL PE=1 SV=1",23.96508082223555,23.57818686310022,0.3868939591353282,0.41685914605127994,0.8177281125604382,0.21113649077814672,0.5992238844228949
PLEC,Q15149,Plectin OS=Homo sapiens OX=9606 GN=PLEC PE=1 SV=3,23.8526664440983,23.822791413213118,0.02987503088518295,0.8037595996113809,0.24962467268280797,0.06445281334019952,0.8873104935418779
UMOD,X6RBG4,Uromodulin OS=Homo sapiens OX=9606 GN=UMOD PE=1 SV=1,22.12525273613031,21.050440323140702,1.0748124129896084,1.515899260156952e-06,5.357870173259937,1.3833961301451456,3.4997500310580065e-05
IGLV2-14,P01704,Immunoglobulin lambda variable 2-14 OS=Homo sapiens OX=9606 GN=IGLV2-14 PE=1 SV=2,24.650652547740467,24.509457031880306,0.14119551586016144,0.4860204927499876,0.7011380715047935,0.18103307162200336,0.6641636796408211
ERN1,A0A7P0TAB0,non-specific serine/threonine protein kinase OS=Homo sapiens OX=9606 GN=ERN1 PE=1 SV=1,22.990383458389047,22.257144640324764,0.733238818064283,8.840719315978665e-05,4.215206641923376,1.0883616749994751,0.0012246318148133924
MYO1G,B0I1T2,Unconventional myosin-Ig OS=Homo sapiens OX=9606 GN=MYO1G PE=1 SV=2,17.132516449368158,17.035729526752526,0.09678692261563171,0.7794398145068321,0.28135457098168243,0.07264543785275923,0.8742073336071812
DOCK5,Q9H7D0,Dedicator of cytokinesis protein 5 OS=Homo sapiens OX=9606 GN=DOCK5 PE=1 SV=3,20.528248960765154,20.62163343453015,-0.09338447376499559,0.43915123906310694,-0.7789920717647291,-0.20113488805149393,0.6212859003796886
PDGFB,P01127,Platelet-derived growth factor subunit B OS=Homo sapiens OX=9606 GN=PDGFB PE=1 SV=1,22.84284586416112,22.729709181060894,0.11313668310022607,0.3729912507379025,0.8978241686626179,0.23181720353685586,0.5624456139143534
SIPA1L2,A0A6Q8PFQ0,Signal induced proliferation associated 1 like 2 OS=Homo sapiens OX=9606 GN=SIPA1L2 PE=1 SV=1,24.551634447029933,22.387622658372443,2.16401178865749,6.091147694343579e-19,13.075891426628731,3.376180648809961,1.3861711824413318e-16
RPLP0,P05388,Large ribosomal subunit protein uL10 OS=Homo sapiens OX=9606 GN=RPLP0 PE=1 SV=1,18.12150295561728,18.239155430968744,-0.11765247535146273,0.7384991349187225,-0.3354458378033724,-0.08661174289113704,0.8487944602637266
ATP5F1A,P25705,"ATP synthase subunit alpha, mitochondrial OS=Homo sapiens OX=9606 GN=ATP5F1A PE=1 SV=1",23.435627173949396,22.88418262540355,0.5514445485458452,0.1759791197112885,1.3699614469866137,0.35372252460835796,0.3517374375157874
ACSL4,O60488,Long-chain-fatty-acid--CoA ligase 4 OS=Homo sapiens OX=9606 GN=ACSL4 PE=1 SV=2,17.64584841720784,17.234798121955563,0.4110502952522772,0.12626792574614948,1.5513076723079282,0.40054591864615985,0.28171541416472845
MGAM,O43451,Maltase-glucoamylase OS=Homo sapiens OX=9606 GN=MGAM PE=1 SV=6,17.937371505570976,20.295172428983143,-2.3578009234121673,1.2875686828850486e-14,-10.238278225236218,-2.6435120706785264,1.577766855258371e-12
ROGDI,Q9GZN7,Protein rogdi homolog OS=Homo sapiens OX=9606 GN=ROGDI PE=1 SV=1,27.46210075264741,27.452211975722093,0.009888776925315312,0.9426288291315512,0.07227864987391058,0.0186622671498675,0.9712772588768844
EIF2B4,E7ERK9,Translation initiation factor eIF2B subunit delta OS=Homo sapiens OX=9606 GN=EIF2B4 PE=1 SV=1,19.05443150540223,19.378964979453873,-0.32453347405164124,0.4308078547037968,-0.7933495474843247,-0.20484197234186535,0.6122006356317112
RCSD1,Q6JBY9,CapZ-interacting protein OS=Homo sapiens OX=9606 GN=RCSD1 PE=1 SV=1,16.660240334911595,17.529707349002635,-0.8694670140910397,0.019342317329097133,-2.4058714353712705,-0.6211933334872709,0.07496912775000422
RPS8,P62241,Small ribosomal subunit protein eS8 OS=Homo sapiens OX=9606 GN=RPS8 PE=1 SV=2,21.349945201516768,21.355966159660188,-0.006020958143420074,0.9847721743034776,-0.01916888077978474,-0.004949383735036117,0.9931593028826289
RNASE3,P12724,Eosinophil cationic protein OS=Homo sapiens OX=9606 GN=RNASE3 PE=1 SV=2,24.75149650905409,25.19103941376321,-0.4395429047091213,0.0446985779454421,-2.0519434101141334,-0.529809510315473,0.1390719427091587
FBL,M0R1H0,Fibrillarin (Fragment) OS=Homo sapiens OX=9606 GN=FBL PE=1 SV=1,23.876613704837062,23.19989153737186,0.6767221674652006,0.05770016537606792,1.936368618147147,0.49996822734683793,0.16621403877771462
H1-0,P07305,Histone H1.0 OS=Homo sapiens OX=9606 GN=H1-0 PE=1 SV=3,16.727751795404497,16.323691938850025,0.40405985655447196,0.5710270842876102,0.5697804012667281,0.14711666700676118,0.7260169022391366
PI3,P19957,Elafin OS=Homo sapiens OX=9606 GN=PI3 PE=1 SV=3,20.62929780533771,20.709910054243668,-0.08061224890595753,0.8924277240847384,-0.13582782793616005,-0.03507059436988496,0.9422477948079503
RPS3,P23396,Small ribosomal subunit protein uS3 OS=Homo sapiens OX=9606 GN=RPS3 PE=1 SV=2,18.239916636052968,18.506622688460364,-0.26670605240739675,0.3215230433861397,-0.9998777474813932,-0.2581673242825881,0.5157967856134145
SNAPC2,M0QXY9,Small nuclear RNA activating complex polypeptide 2 (Fragment) OS=Homo sapiens OX=9606 GN=SNAPC2 PE=1 SV=1,23.66737060983168,23.99792792414224,-0.33055731431056046,0.39597181197899123,-0.855177462140745,-0.2208058712615353,0.5808315805548186
RABGAP1,Q9Y3P9,Rab GTPase-activating protein 1 OS=Homo sapiens OX=9606 GN=RABGAP1 PE=1 SV=3,18.10546359070878,17.863032886592126,0.24243070411665357,0.5509297980485959,0.5998693635753694,0.1548856036684965,0.710589866368092
CCL21,O00585,C-C motif chemokine 21 OS=Homo sapiens OX=9606 GN=CCL21 PE=1 SV=1,24.598277525316316,23.847436784217294,0.7508407410990223,0.006898492061239193,2.8016665039891575,0.7233871807718109,0.03633259532667235
IFI16,Q16666,Gamma-interferon-inducible protein 16 OS=Homo sapiens OX=9606 GN=IFI16 PE=1 SV=3,18.0884425640028,17.088245261713737,1.0001973022890631,0.006955607613801213,2.7986383684293292,0.7226053195322591,0.03633259532667235
BAX,Q07812,Apoptosis regulator BAX OS=Homo sapiens OX=9606 GN=BAX PE=1 SV=1,18.69235407324022,18.479902077512165,0.21245199572805618,0.39223025122735766,0.8620133753177222,0.22257089645423875,0.5785396205603526
PYGM,P11217,"Glycogen phosphorylase, muscle form OS=Homo sapiens OX=9606 GN=PYGM PE=1 SV=6",24.312895761619597,24.64039655967548,-0.3275007980558833,0.17234182047615051,-1.3817694903237594,-0.3567713482880954,0.34691745160345905
EIF3G,O75821,Eukaryotic translation initiation factor 3 subunit G OS=Homo sapiens OX=9606 GN=EIF3G PE=1 SV=2,18.734060468053322,18.497696615881008,0.23636385217231393,0.33106482106377566,0.980187031544824,0.2530832032894392,0.5230281810903534
MBNL1,A0A0A0MQX8,Muscleblind like splicing regulator 1 OS=Homo sapiens OX=9606 GN=MBNL1 PE=1 SV=1,24.422768467815047,23.929587453737042,0.4931810140780044,0.003209719589548874,3.0747939456794144,0.7939083829757176,0.020720999165889188
OLFML3,Q9NRN5,Olfactomedin-like protein 3 OS=Homo sapiens OX=9606 GN=OLFML3 PE=1 SV=1,25.07616025670628,25.28033982291622,-0.2041795662099375,0.2416804387296501,-1.1828862811031002,-0.3054199244779688,0.43502478971337016
EPB41L3,Q9Y2J2,Band 4.1-like protein 3 OS=Homo sapiens OX=9606 GN=EPB41L3 PE=1 SV=2,23.102118520884538,22.99340575130756,0.10871276957697873,0.2866610997488898,1.0753726197743314,0.27766001649022837,0.47870535496012057
C2CD2,H7BZB0,C2 calcium dependent domain containing 2 (Fragment) OS=Homo sapiens OX=9606 GN=C2CD2 PE=1 SV=1,20.95741386736863,19.09462275780372,1.8627911095649097,0.00425134305181983,2.9761825242573856,0.7684470234481603,0.025556186722826377
DNAJA1,P31689,DnaJ homolog subfamily A member 1 OS=Homo sapiens OX=9606 GN=DNAJA1 PE=1 SV=2,16.74292331573457,16.426433736317104,0.31648957941746403,0.46255833439273153,0.739546032315277,0.19094996446072265,0.6415303201004495
ARPC1B,O15143,Actin-related protein 2/3 complex subunit 1B OS=Homo sapiens OX=9606 GN=ARPC1B PE=1 SV=3,22.376810967803195,22.322865626400123,0.05394534140307172,0.856544800822731,0.18158082081534288,0.04688396633389974,0.9213206399126336
MUCL1,Q96DR8,Mucin-like protein 1 OS=Homo sapiens OX=9606 GN=MUCL1 PE=1 SV=1,19.742896058942435,19.807011250123864,-0.06411519118142905,0.782405775177022,-0.2774701069796328,-0.07164247356016722,0.8743389390241598
MYO5B,Q9ULV0,Unconventional myosin-Vb OS=Homo sapiens OX=9606 GN=MYO5B PE=1 SV=3,21.07137414056948,21.228908098556715,-0.15753395798723702,0.2017427956597546,-1.291240975700843,-0.3333969863219987,0.38417899960381896
BPIFB4,A0A669KBJ0,BPI fold containing family B member 4 OS=Homo sapiens OX=9606 GN=BPIFB4 PE=1 SV=1,21.509191605841515,21.391080506590477,0.11811109925103835,0.7698177541396276,0.2939864870796724,0.07590698456463954,0.8692766650524408
SND1,Q7KZF4,Staphylococcal nuclease domain-containing protein 1 OS=Homo sapiens OX=9606 GN=SND1 PE=1 SV=1,28.312749078317328,28.41763082082275,-0.10488174250542315,0.3163728442424387,-1.0106687112221884,-0.26095353913976327,0.5116567927697512
VDAC2,P45880,Voltage-dependent anion-selective channel protein 2 OS=Homo sapiens OX=9606 GN=VDAC2 PE=1 SV=2,17.69557573647369,19.148153281433565,-1.4525775449598761,0.03840886499584652,-2.1187123891410926,-0.5470491865697853,0.12360671098663333
TNFAIP8,D6RCM8,Tumor necrosis factor alpha-induced protein 8 OS=Homo sapiens OX=9606 GN=TNFAIP8 PE=1 SV=1,18.499094951269804,18.12899549898475,0.3700994522850536,0.5102787275756692,0.6624940707916432,0.17105523354247945,0.6766418927404084
Unknown,E5RI56,S-phase kinase-associated protein 1 OS=Homo sapiens OX=9606 PE=3 SV=2,24.584649536211973,24.50949964592178,0.07514989029019148,0.5459750826088687,0.6073714625050857,0.15682263728292262,0.7065298997529877
DYNC1H1,Q14204,Cytoplasmic dynein 1 heavy chain 1 OS=Homo sapiens OX=9606 GN=DYNC1H1 PE=1 SV=5,19.78118439638776,20.00457936697147,-0.22339497058370839,0.22768845458707043,-1.219239988514817,-0.3148064113698672,0.4145230950368037
SPON1,Q9HCB6,Spondin-1 OS=Homo sapiens OX=9606 GN=SPON1 PE=1 SV=2,20.997162997559688,20.722618266736625,0.2745447308230631,0.28484076707179434,1.0794838519045467,0.2787215320617429,0.4781362928823692
RPL15,E7EX53,Ribosomal protein L15 (Fragment) OS=Homo sapiens OX=9606 GN=RPL15 PE=1 SV=1,18.513968069941242,18.566164337347313,-0.05219626740607097,0.8647345691004269,-0.17110778348907862,-0.04417983972397773,0.92637671054269
NCCRP1,Q6ZVX7,F-box only protein 50 OS=Homo sapiens OX=9606 GN=NCCRP1 PE=1 SV=1,22.5543112499238,22.306769956219217,0.24754129370458244,0.0705849356728708,1.8420301212928183,0.47561013219863413,0.19253733309397805
NPC1L1,Q9UHC9,NPC1-like intracellular cholesterol transporter 1 OS=Homo sapiens OX=9606 GN=NPC1L1 PE=1 SV=2,25.118821966546122,25.131147402628653,-0.012325436082530672,0.9085040902734924,-0.11542863641014643,-0.029803545766128547,0.9533906559984674
DRGX,A6NNA5,Dorsal root ganglia homeobox protein OS=Homo sapiens OX=9606 GN=DRGX PE=1 SV=1,22.482542362321546,20.550706729428644,1.931835632892902,8.298519752818967e-07,5.5201409693623384,1.4252942695371733,2.2792313734897614e-05
STK38,Q15208,Serine/threonine-protein kinase 38 OS=Homo sapiens OX=9606 GN=STK38 PE=1 SV=1,16.993070152878392,16.6143585811553,0.3787115717230911,0.3739278585726544,0.8960541602563366,0.23136018933151087,0.5624456139143534
RANBP3,Q9H6Z4,Ran-binding protein 3 OS=Homo sapiens OX=9606 GN=RANBP3 PE=1 SV=1,23.535336500198742,23.61451769646916,-0.07918119627041875,0.6076998437059452,-0.5161674004391884,-0.13327384971707676,0.7539201618815181
ARFGEF1,Q9Y6D6,Brefeldin A-inhibited guanine nucleotide-exchange protein 1 OS=Homo sapiens OX=9606 GN=ARFGEF1 PE=1 SV=2,19.40103813644381,19.254675510474623,0.1463626259691857,0.626483497845654,0.48928752510670415,0.12633349574968722,0.7661130322752895
EIF2AK2,P19525,"Interferon-induced, double-stranded RNA-activated protein kinase OS=Homo sapiens OX=9606 GN=EIF2AK2 PE=1 SV=2",21.34391674581063,18.677621200055274,2.666295545755357,1.0424900415983544e-09,7.267173561459275,1.8763761451687078,6.387256293331456e-08
RPL7A,P62424,Large ribosomal subunit protein eL8 OS=Homo sapiens OX=9606 GN=RPL7A PE=1 SV=2,24.079465793256187,24.50699080805527,-0.4275250147990839,0.3055103679838557,-1.0338231053662275,-0.2669319780005223,0.4982573230482529
DMTN,Q08495,Dematin OS=Homo sapiens OX=9606 GN=DMTN PE=1 SV=3,17.35033309829419,17.445572367753808,-0.09523926945961847,0.7599153196525152,-0.3070364462020272,-0.07927646952127738,0.8640578902258792
CLIP2,Q9UDT6,CAP-Gly domain-containing linker protein 2 OS=Homo sapiens OX=9606 GN=CLIP2 PE=1 SV=1,21.547091830841655,21.727406867921875,-0.18031503708022,0.3809699850669571,-0.8828349743644711,-0.22794701021086988,0.5692128333937492
SRSF3,P84103,Serine/arginine-rich splicing factor 3 OS=Homo sapiens OX=9606 GN=SRSF3 PE=1 SV=1,20.382467641624622,18.641250866624542,1.7412167750000798,0.0002933125067917186,3.853946547564874,0.9950847197261552,0.0032069021798107355
KALRN,O60229,Kalirin OS=Homo sapiens OX=9606 GN=KALRN PE=1 SV=3,14.138165290058458,15.369473140479602,-1.2313078504211443,0.01166970894344294,-2.6044430306307675,-0.6724642989185958,0.052087503326819884
ARPC4,P59998,Actin-related protein 2/3 complex subunit 4 OS=Homo sapiens OX=9606 GN=ARPC4 PE=1 SV=3,16.81684519437149,18.381382993984367,-1.5645377996128786,0.00026206650070925903,-3.8885453880997654,-1.0040181019388033,0.0029607938697152458
SLC3A1,Q07837,Amino acid transporter heavy chain SLC3A1 OS=Homo sapiens OX=9606 GN=SLC3A1 PE=1 SV=2,23.770363407092045,23.54284015797767,0.22752324911437682,0.015465620849299457,2.4949687454489324,0.6441981600287818,0.06327272920622175
CHMP3,Q9Y3E7,Charged multivesicular body protein 3 OS=Homo sapiens OX=9606 GN=CHMP3 PE=1 SV=3,15.808897102628993,17.05877361901278,-1.249876516383786,0.02407556843371368,-2.3166547817797163,-0.5981576925829746,0.08756251259110935
PCSK5,Q92824,Proprotein convertase subtilisin/kexin type 5 OS=Homo sapiens OX=9606 GN=PCSK5 PE=1 SV=4,25.079561423117447,24.933416051233987,0.14614537188345977,0.3419538827823364,0.958170693426435,0.247398609230973,0.5324853717226411
P3H1,Q32P28,Prolyl 3-hydroxylase 1 OS=Homo sapiens OX=9606 GN=P3H1 PE=1 SV=2,20.099326537444384,21.751044005360665,-1.6517174679162814,0.00012570473132063686,-4.1107177590009565,-1.0613827614379854,0.0016369285619325259
CPNE4,Q96A23,Copine-4 OS=Homo sapiens OX=9606 GN=CPNE4 PE=1 SV=1,26.407404443819612,26.76870137112568,-0.36129692730606777,0.2925455220772313,-1.0622049624003298,-0.2742601419756902,0.48579016897739247
CPNE7,Q9UBL6,Copine-7 OS=Homo sapiens OX=9606 GN=CPNE7 PE=1 SV=1,22.549037716917102,22.907829891064527,-0.3587921741474247,0.08758748137566257,-1.737607929633867,-0.44864843824732764,0.22197729134667488
RHCE,P18577,Blood group Rh(CE) polypeptide OS=Homo sapiens OX=9606 GN=RHCE PE=1 SV=3,26.14395615419623,26.609834471248586,-0.4658783170523577,0.0008597151454115748,-3.5152850236493687,-0.90764269025109,0.007483749872353216
XRCC5,P13010,X-ray repair cross-complementing protein 5 OS=Homo sapiens OX=9606 GN=XRCC5 PE=1 SV=3,23.58351336092188,23.62709833578208,-0.043584974860198855,0.7672163216355495,-0.29740978080853187,-0.0767908752047095,0.8681349251888905
AMPD2,Q01433,AMP deaminase 2 OS=Homo sapiens OX=9606 GN=AMPD2 PE=1 SV=3,18.504456792253524,17.72912708251121,0.7753297097423157,0.026510654358774803,2.2767057517869915,0.587842897392377,0.0942522236409732
NAT8L,Q8N9F0,N-acetylaspartate synthetase OS=Homo sapiens OX=9606 GN=NAT8L PE=1 SV=3,22.94213611644327,22.54375680169222,0.3983793147510504,0.4012325026892605,0.8456333966360724,0.2183416041445546,0.5858509411402308
CNBP,P62633,CCHC-type zinc finger nucleic acid binding protein OS=Homo sapiens OX=9606 GN=CNBP PE=1 SV=1,16.736100347047664,16.14182776575584,0.5942725812918255,0.5701880725177619,0.5710259712947482,0.1474382718050983,0.7260169022391366
DARS1,P14868,"Aspartate--tRNA ligase, cytoplasmic OS=Homo sapiens OX=9606 GN=DARS1 PE=1 SV=2",17.833745630383564,18.93059815118208,-1.0968525207985138,0.033611676075827955,-2.176387333246431,-0.5619407931040133,0.113680254753278
TRAJ56,A0A075B6Z2,T cell receptor alpha joining 56 (Fragment) OS=Homo sapiens OX=9606 GN=TRAJ56 PE=4 SV=1,30.581942284404704,30.350277981831788,0.23166430257291637,0.01100406715685483,2.626919251327689,0.6782676341482531,0.05008422565962785
DDX43,Q9NXZ2,Probable ATP-dependent RNA helicase DDX43 OS=Homo sapiens OX=9606 GN=DDX43 PE=1 SV=2,22.316284921561767,22.317125203723624,-0.0008402821618567202,0.9957991931195406,-0.0052876972334969545,-0.001365277555008049,0.9978028271057757
ANGPTL6,Q8NI99,Angiopoietin-related protein 6 OS=Homo sapiens OX=9606 GN=ANGPTL6 PE=1 SV=1,18.585427545874786,19.10264240124433,-0.517214855369545,0.00801854463063074,-2.7460982147954978,-0.7090395101968587,0.0400424501460651
SVIL,O95425,Supervillin OS=Homo sapiens OX=9606 GN=SVIL PE=1 SV=2,23.604247975416182,24.146976112753105,-0.5427281373369226,0.16587004414125903,-1.403261286587525,-0.3623205062220718,0.3378912791777821
RPL3,P39023,Large ribosomal subunit protein uL3 OS=Homo sapiens OX=9606 GN=RPL3 PE=1 SV=2,25.236897522010622,25.083398923969064,0.1534985980415584,0.41101850018446573,0.8280821152547359,0.21380988277825355,0.5952295189035035
SCN9A,Q15858,Sodium channel protein type 9 subunit alpha OS=Homo sapiens OX=9606 GN=SCN9A PE=1 SV=3,20.797142518981776,20.33141938537038,0.4657231336113945,0.10333171210664567,1.654974159591272,0.4273124905667074,0.24937526570324522
SNRPF,P62306,Small nuclear ribonucleoprotein F OS=Homo sapiens OX=9606 GN=SNRPF PE=1 SV=1,16.884445596272403,18.206760493562548,-1.3223148972901448,2.643359530069562e-05,-4.565486132482403,-1.1788034505630167,0.00045278190660223786
TXK,E7EQN8,Tyrosine-protein kinase OS=Homo sapiens OX=9606 GN=TXK PE=1 SV=2,19.585073062528295,19.025533455439877,0.5595396070884178,0.0488626138854343,2.0120922701266366,0.5195199902155425,0.14605256330130278
ENTPD4,Q9Y227,Ectonucleoside triphosphate diphosphohydrolase 4 OS=Homo sapiens OX=9606 GN=ENTPD4 PE=1 SV=1,26.043736063452904,24.684619146271302,1.359116917181602,0.0024071726593289807,3.1738945879453255,0.8194960587820065,0.01652856054444425
TYMP,P19971,Thymidine phosphorylase OS=Homo sapiens OX=9606 GN=TYMP PE=1 SV=2,17.101486938990117,18.13877921217122,-1.0372922731811016,0.004676179829539,-2.9423298063088725,-0.7597062892589306,0.027345130590634835
DPYSL2,A0A1C7CYX9,Dihydropyrimidinase-related protein 2 OS=Homo sapiens OX=9606 GN=DPYSL2 PE=1 SV=1,22.186956231442593,21.99367677353433,0.19327945790826462,0.32578141367736113,0.9910425468110354,0.2558860852788083,0.519053349982846
SENP2,Q9HC62,Sentrin-specific protease 2 OS=Homo sapiens OX=9606 GN=SENP2 PE=1 SV=3,23.113416628691724,22.973655565807782,0.13976106288394163,0.37353274483377286,0.8968005053497602,0.23155289480600114,0.5624456139143534
DOCK10,A0A2R8YD85,Dedicator of cytokinesis 10 OS=Homo sapiens OX=9606 GN=DOCK10 PE=1 SV=1,20.5824955193108,18.03163714474583,2.550858374564971,4.626902539959958e-12,8.672140659698725,2.2391370900654244,4.6066598413476326e-10
HNRNPA2B1,P22626,Heterogeneous nuclear ribonucleoproteins A2/B1 OS=Homo sapiens OX=9606 GN=HNRNPA2B1 PE=1 SV=2,17.843656093209326,18.512835524107516,-0.6691794308981898,0.07348558741657421,-1.8228238654735665,-0.4706510982699034,0.19807536506700968
SULT2B1,O00204,Sulfotransferase 2B1 OS=Homo sapiens OX=9606 GN=SULT2B1 PE=1 SV=2,19.659319074806948,19.500463189075237,0.15885588573171106,0.8261587562408025,0.2206256119484798,0.056965288054885495,0.9026549373742101
MKI67,P46013,Proliferation marker protein Ki-67 OS=Homo sapiens OX=9606 GN=MKI67 PE=1 SV=2,21.557900936258658,18.802279454824255,2.755621481434403,1.0668025570863732e-10,7.856300167895867,2.0284879808711485,7.85876767730112e-09
BLVRB,P30043,Flavin reductase (NADPH) OS=Homo sapiens OX=9606 GN=BLVRB PE=1 SV=3,17.99110190451409,17.47221187780126,0.5188900267128282,0.1777480762337835,1.3642861624501235,0.3522571724420369,0.3530582112723405
UBXN6,Q9BZV1,UBX domain-containing protein 6 OS=Homo sapiens OX=9606 GN=UBXN6 PE=1 SV=1,27.18992823409576,27.560612501161565,-0.3706842670658048,0.3300486266980809,-0.9822659520146316,-0.25361997824661614,0.5230035361761666
HLA-DRB5,Q30154,"HLA class II histocompatibility antigen, DR beta 5 chain OS=Homo sapiens OX=9606 GN=HLA-DRB5 PE=1 SV=1",20.36846320791711,19.483857128384457,0.8846060795326522,0.00928857673340433,2.6911333379348825,0.6948476400163585,0.044062035589883156
NOMO1,A0A0G2JN29,NODAL modulator 1 OS=Homo sapiens OX=9606 GN=NOMO1 PE=1 SV=1,21.240322752575334,21.36643730995273,-0.1261145573773952,0.5681549588041673,-0.5740479927974433,-0.1482185544018862,0.7258133965584697
PIK3CD,O00329,"Phosphatidylinositol 4,5-bisphosphate 3-kinase catalytic subunit delta isoform OS=Homo sapiens OX=9606 GN=PIK3CD PE=1 SV=2",18.68646045228922,18.582780462261262,0.10367999002795969,0.722862939397279,0.35636152729601017,0.09201215069643247,0.8399129558423526
CTSL,P07711,Procathepsin L OS=Homo sapiens OX=9606 GN=CTSL PE=1 SV=2,19.704634534625946,19.84830547953344,-0.14367094490749466,0.4743999127346823,-0.7200272939137393,-0.18591024787618035,0.6531711849493076
PREX1,Q8TCU6,"Phosphatidylinositol 3,4,5-trisphosphate-dependent Rac exchanger 1 protein OS=Homo sapiens OX=9606 GN=PREX1 PE=1 SV=3",18.742778811088375,14.114342004238324,4.6284368068500505,3.341630835916276e-09,6.966098833598831,1.7986389847042126,1.7171670714885897e-07
GRK2,P25098,Beta-adrenergic receptor kinase 1 OS=Homo sapiens OX=9606 GN=GRK2 PE=1 SV=2,24.589803427431978,23.526302693567608,1.0635007338643696,0.38790182797121764,0.8699723270124744,0.22462588894537508,0.5748163832168834
SEC16B,Q96JE7,Protein transport protein Sec16B OS=Homo sapiens OX=9606 GN=SEC16B PE=1 SV=2,20.581687639323835,20.756218814433126,-0.17453117510929061,0.6526230733364691,-0.45246336508827567,-0.1168255385170572,0.7864058667360024
BCAP31,P51572,B-cell receptor-associated protein 31 OS=Homo sapiens OX=9606 GN=BCAP31 PE=1 SV=3,21.134131894442394,21.623025896444894,-0.48889400200249966,0.07841685026184722,-1.7915847130499323,-0.46258518379747865,0.20532458271460666
SLCO4A1,Q96BD0,Solute carrier organic anion transporter family member 4A1 OS=Homo sapiens OX=9606 GN=SLCO4A1 PE=1 SV=2,23.144042673497612,22.205797889019838,0.9382447844777744,9.710133246343369e-05,4.187475544265075,1.0812015363726317,0.001295066174017188
PREX1,H0YDZ4,"Phosphatidylinositol-3,4,5-trisphosphate dependent Rac exchange factor 1 (Fragment) OS=Homo sapiens OX=9606 GN=PREX1 PE=1 SV=1",22.962898863666176,22.121671962006065,0.8412269016601108,0.00025112839790594467,3.9016018048003263,1.0073892542349643,0.0028574824133154987
ERC1,X6RLX0,ELKS/RAB6-interacting/CAST family member 1 OS=Homo sapiens OX=9606 GN=ERC1 PE=1 SV=1,22.77998382125331,23.044213227175238,-0.26422940592192745,0.29867170787093106,-1.0486887815058477,-0.2707702790751131,0.49148203136357727
FAT1,Q14517,Protocadherin Fat 1 OS=Homo sapiens OX=9606 GN=FAT1 PE=1 SV=2,17.881399307209627,17.767343676203087,0.11405563100653993,0.7906316652677694,0.2667188311609294,0.0688665060804125,0.8791711498586963
CHRNB1,P11230,Acetylcholine receptor subunit beta OS=Homo sapiens OX=9606 GN=CHRNB1 PE=1 SV=3,24.599835136889364,24.698686094815255,-0.09885095792589027,0.32267885793028483,-0.9974719816116433,-0.25754615820602705,0.5160917878342809
ARHGAP4,P98171,Rho GTPase-activating protein 4 OS=Homo sapiens OX=9606 GN=ARHGAP4 PE=1 SV=2,18.888408593979374,17.792145645195,1.096262948784375,0.060351531253088835,1.9155898892442798,0.49460318261376046,0.17076374651184814
D2HGDH,Q8N465,"D-2-hydroxyglutarate dehydrogenase, mitochondrial OS=Homo sapiens OX=9606 GN=D2HGDH PE=1 SV=3",28.847016938567208,28.98127889875694,-0.13426196018973258,0.16067322560649527,-1.4209925766377614,-0.36689870562682775,0.3310641339899316
HARBI1,Q96MB7,Putative nuclease HARBI1 OS=Homo sapiens OX=9606 GN=HARBI1 PE=1 SV=1,17.28529178935271,19.32573765716834,-2.040445867815631,0.00044864698080900045,-3.72198909717311,-0.9610134525411355,0.004581375900184217
MARS1,P56192,"Methionine--tRNA ligase, cytoplasmic OS=Homo sapiens OX=9606 GN=MARS1 PE=1 SV=2",19.047416129164517,18.740268646934982,0.30714748222953503,0.47051657925086077,0.7263974939389354,0.18755502645015332,0.6489462430706677
DHX9,Q08211,ATP-dependent RNA helicase A OS=Homo sapiens OX=9606 GN=DHX9 PE=1 SV=4,21.739347906872457,22.446252393302316,-0.7069044864298597,0.03335201252601673,-2.1797106774890413,-0.5627988768977029,0.11328306173548966
TGFB1I1,O43294,Transforming growth factor beta-1-induced transcript 1 protein OS=Homo sapiens OX=9606 GN=TGFB1I1 PE=1 SV=2,25.996741739877788,27.079913953194918,-1.0831722133171304,0.011521716410076247,-2.6093373357377314,-0.6737280030632977,0.0517016739190182
SERPINA6,P08185,Corticosteroid-binding globulin OS=Homo sapiens OX=9606 GN=SERPINA6 PE=1 SV=1,30.630001066085626,31.000640114789288,-0.37063904870366216,0.4945572273956659,-0.687421039567254,-0.17749134920510432,0.6672255455373771
RENBP,P51606,N-acylglucosamine 2-epimerase OS=Homo sapiens OX=9606 GN=RENBP PE=1 SV=4,18.54614590093898,18.087061165879053,0.4590847350599283,0.22201569863917536,1.2344438985086568,0.3187320440500924,0.4088682172626663
UBE2M,P61081,NEDD8-conjugating enzyme Ubc12 OS=Homo sapiens OX=9606 GN=UBE2M PE=1 SV=1,18.832083803929983,18.751574973639443,0.08050883029054035,0.7434426738969472,0.32886444836954093,0.08491243544632805,0.8532450861079517
PIBF1,Q8WXW3,Progesterone-induced-blocking factor 1 OS=Homo sapiens OX=9606 GN=PIBF1 PE=1 SV=2,18.733369473690217,19.531396075136204,-0.7980266014459865,0.005839773188861785,-2.862442951146914,-0.7390795919507206,0.03241379334444886
PCLO,Q9Y6V0,Protein piccolo OS=Homo sapiens OX=9606 GN=PCLO PE=1 SV=5,24.34128879877038,24.251508991101993,0.08977980766838556,0.6297667801439312,0.4846261634700587,0.12512993735039535,0.7681683104569073
KPNA4,O00629,Importin subunit alpha-3 OS=Homo sapiens OX=9606 GN=KPNA4 PE=1 SV=1,19.46417665216677,17.094730595014546,2.3694460571522242,1.44421087313974e-09,7.182964083602374,1.8546333514798676,7.668759736372021e-08
ALG13,A0A096LP10,UDP-N-acetylglucosamine transferase subunit ALG13 (Fragment) OS=Homo sapiens OX=9606 GN=ALG13 PE=1 SV=1,26.74391526895353,25.79381295441196,0.9501023145415708,3.641877482490843e-05,4.473633011806118,1.1550870767845882,0.0005801510829607913
PCID2,Q5JVF3,PCI domain-containing protein 2 OS=Homo sapiens OX=9606 GN=PCID2 PE=1 SV=2,20.61801547409976,20.012588381072604,0.6054270930271564,0.10441540128023383,1.649675766594556,0.4259444513775113,0.25088044380001884
LSM6,P62312,U6 snRNA-associated Sm-like protein LSm6 OS=Homo sapiens OX=9606 GN=LSM6 PE=1 SV=1,24.827042203482666,24.71584477969998,0.11119742378268427,0.4626322510966291,0.7394233166197121,0.19091827940437323,0.6415303201004495
RPA1,P27694,Replication protein A 70 kDa DNA-binding subunit OS=Homo sapiens OX=9606 GN=RPA1 PE=1 SV=2,28.756244201894205,28.72470035072167,0.03154385117253611,0.7417004891029715,0.33118217385358656,0.08551086959304735,0.8518593216590005
FSIP2,Q5CZC0,Fibrous sheath-interacting protein 2 OS=Homo sapiens OX=9606 GN=FSIP2 PE=1 SV=4,27.61726204938556,27.371506842039857,0.24575520734570233,0.0114220468190688,2.612665893675332,0.6745874330272452,0.051399210685809604
CCL27,Q9Y4X3,C-C motif chemokine 27 OS=Homo sapiens OX=9606 GN=CCL27 PE=1 SV=1,20.440045639998505,19.417432937247938,1.0226127027505676,0.0038226365441920455,3.013697991209773,0.7781334753636131,0.023602558197278793
CHMP1B,Q7LBR1,Charged multivesicular body protein 1b OS=Homo sapiens OX=9606 GN=CHMP1B PE=1 SV=1,23.465305728243738,23.283060229647976,0.182245498595762,0.056283999146089336,1.9478028043931552,0.5029205215407195,0.16284166470523873
ACAD8,Q9UKU7,"Isobutyryl-CoA dehydrogenase, mitochondrial OS=Homo sapiens OX=9606 GN=ACAD8 PE=1 SV=1",17.74561601735193,17.166710423302735,0.5789055940491963,0.1838727507785026,1.3449635324254758,0.3472680908226778,0.36121245088836945
TSPAN33,Q86UF1,Tetraspanin-33 OS=Homo sapiens OX=9606 GN=TSPAN33 PE=1 SV=1,24.940051359924972,24.826132653727356,0.1139187061976159,0.34533320703820103,0.9514320887894325,0.24565870899525394,0.534612049379839
ATP5F1B,P06576,"ATP synthase subunit beta, mitochondrial OS=Homo sapiens OX=9606 GN=ATP5F1B PE=1 SV=3",23.048499012536546,22.489397411214842,0.5591016013217036,0.0001310080781714868,4.09837186903878,1.0581950663568107,0.001669566948217428
SCFD1,A0A7I2V4B8,Sec1 family domain containing 1 OS=Homo sapiens OX=9606 GN=SCFD1 PE=1 SV=1,19.27064772467876,18.144433919587563,1.1262138050911972,0.004007913819357178,2.9970270772414622,0.773829063885925,0.024556179670138397
RPS25,P62851,Small ribosomal subunit protein eS25 OS=Homo sapiens OX=9606 GN=RPS25 PE=1 SV=1,16.89207783575556,15.573450488417611,1.3186273473379497,0.0379885888978199,2.1235054839218774,0.5482867583206368,0.1227501462763227
ERICH6B,Q5W0A0,Glutamate-rich protein 6B OS=Homo sapiens OX=9606 GN=ERICH6B PE=1 SV=1,22.171748593772016,22.556531213378275,-0.38478261960625915,0.11210956352729116,-1.6132912659774132,-0.41655001371416017,0.26088908673634265
TXLNA,P40222,Alpha-taxilin OS=Homo sapiens OX=9606 GN=TXLNA PE=1 SV=3,19.05126549161527,19.130027649605314,-0.07876215799004527,0.8454881372692851,-0.19575244695034366,-0.05054306446786879,0.9150390271496083
RP1,P56715,Oxygen-regulated protein 1 OS=Homo sapiens OX=9606 GN=RP1 PE=1 SV=1,20.58439228053966,20.66871664836727,-0.08432436782760888,0.7798170879195256,-0.2808602247234176,-0.0725177981977246,0.8742073336071812
PSMB8,P28062,Proteasome subunit beta type-8 OS=Homo sapiens OX=9606 GN=PSMB8 PE=1 SV=3,23.16811017608242,23.083561069307155,0.08454910677526328,0.4959165385538321,0.6852489260978145,0.17693051191889017,0.6672255455373771
ATN1,P54259,Atrophin-1 OS=Homo sapiens OX=9606 GN=ATN1 PE=1 SV=3,23.677749915073708,22.540603141530866,1.1371467735428418,9.047438768201693e-07,5.4969486608427784,1.4193060412267495,2.4020949929575498e-05
CTPS1,P17812,CTP synthase 1 OS=Homo sapiens OX=9606 GN=CTPS1 PE=1 SV=2,19.818566328432436,18.375892341289717,1.4426739871427188,7.123803316513991e-06,4.934287471543521,1.274027546845864,0.00013839291077081446
MYBPC3,Q14896,"Myosin-binding protein C, cardiac-type OS=Homo sapiens OX=9606 GN=MYBPC3 PE=1 SV=4",19.692785887644355,20.29936895504626,-0.6065830674019033,0.17702385107404792,-1.3666044268439443,-0.35285574573466194,0.3525989316230955
PUM3,Q15397,Pumilio homolog 3 OS=Homo sapiens OX=9606 GN=PUM3 PE=1 SV=3,18.010976963153492,18.06132156750158,-0.050344604348087074,0.8539863212155573,-0.18485669286183995,-0.047729792859259046,0.9203006318962245
SRL,Q86TD4,Sarcalumenin OS=Homo sapiens OX=9606 GN=SRL PE=1 SV=3,18.921202722936105,19.729849743925396,-0.8086470209892909,0.0064272743340547875,-2.8275706936632585,-0.7300756137854635,0.03506386306215506
NINL,Q9Y2I6,Ninein-like protein OS=Homo sapiens OX=9606 GN=NINL PE=1 SV=2,18.414764524278738,19.98600213479658,-1.5712376105178407,6.244408420558973e-05,-4.317303261880307,-1.1147229089192923,0.0008848510520930107
RXFP1,B4DGP2,Relaxin family peptide receptor 1 OS=Homo sapiens OX=9606 GN=RXFP1 PE=1 SV=1,22.086002648195983,22.330084165740956,-0.24408151754497354,0.1326599833616875,-1.525135943044122,-0.3937884072074819,0.2922923284857098
COPB2,P35606,Coatomer subunit beta' OS=Homo sapiens OX=9606 GN=COPB2 PE=1 SV=2,21.350710431129734,21.49538660906908,-0.1446761779393455,0.6057895236862332,-0.5189220610025721,-0.13398510001617273,0.7528753230970228
BRINP3,Q76B58,BMP/retinoic acid-inducible neural-specific protein 3 OS=Homo sapiens OX=9606 GN=BRINP3 PE=1 SV=1,22.70189404616203,23.12402320855201,-0.4221291623899788,0.078495085293908,-1.7911024991776567,-0.4624606767110365,0.20532458271460666
TOMM20L,Q6UXN7,TOMM20-like protein 1 OS=Homo sapiens OX=9606 GN=TOMM20L PE=1 SV=1,21.488559240915865,21.930294363852045,-0.4417351229361799,0.1134565552081247,-1.607131193982354,-0.4149594899642733,0.2621614990479685
IL1RAP,Q9NPH3,Interleukin-1 receptor accessory protein OS=Homo sapiens OX=9606 GN=IL1RAP PE=1 SV=2,22.873916147889364,22.96677630581518,-0.09286015792581637,0.76261704631674,-0.3034707897539445,-0.07835582098516262,0.8665113800160962
HCLS1,P14317,Hematopoietic lineage cell-specific protein OS=Homo sapiens OX=9606 GN=HCLS1 PE=1 SV=3,17.087877846615473,17.3664423349677,-0.27856448835222736,0.5719718846893387,-0.568378850342626,-0.1467547881142339,0.7260169022391366
DROSHA,Q9NRR4,Ribonuclease 3 OS=Homo sapiens OX=9606 GN=DROSHA PE=1 SV=2,20.341063835477463,20.36065902491735,-0.019595189439886695,0.911287317598345,-0.111902214523899,-0.028893027550319365,0.9550530900882656
SNX33,Q8WV41,Sorting nexin-33 OS=Homo sapiens OX=9606 GN=SNX33 PE=1 SV=1,19.77348886565606,21.442164788669913,-1.6686759230138541,0.0027178253264593883,-3.1323078122169323,-0.8087583994607712,0.01826791453607513
OLFML1,Q6UWY5,Olfactomedin-like protein 1 OS=Homo sapiens OX=9606 GN=OLFML1 PE=1 SV=2,25.07752790045148,25.188442944031575,-0.1109150435800963,0.3635276152574576,-0.9158696911853814,-0.2364765374171408,0.5557576690068425
TRA,P0DTU3,T cell receptor alpha chain MC.7.G5 OS=Homo sapiens OX=9606 GN=TRA PE=1 SV=1,21.535985228729775,21.37264924874786,0.16333597998191607,0.5043602069286806,0.6718285494286906,0.1734653855629337,0.6734667306264779
CRCP,O75575,DNA-directed RNA polymerase III subunit RPC9 OS=Homo sapiens OX=9606 GN=CRCP PE=1 SV=1,20.450892936714254,21.069591599979205,-0.6186986632649507,0.07443195759205132,-1.8166953113605935,-0.46906871240217846,0.19961297717868307
SLF2,Q8IX21,SMC5-SMC6 complex localization factor protein 2 OS=Homo sapiens OX=9606 GN=SLF2 PE=1 SV=2,20.312628759657283,19.50394625847325,0.808682501184034,0.00634910546236956,2.832036456082423,0.7312286686839665,0.03475644330431172
CDKN2AIP,Q9NXV6,CDKN2A-interacting protein OS=Homo sapiens OX=9606 GN=CDKN2AIP PE=1 SV=3,20.455260686607794,20.573796606694223,-0.11853592008642977,0.49174600039450156,-0.6919236654101009,-0.17865392219867424,0.6661151178813274
CHD1L,A0A494C1F7,Chromodomain helicase DNA binding protein 1 like (Fragment) OS=Homo sapiens OX=9606 GN=CHD1L PE=1 SV=1,23.23550811079344,23.347608621769435,-0.1121005109759956,0.5538840714306105,-0.595412416313245,-0.15373482483375436,0.7115623595072278
TRIM33,Q9UPN9,E3 ubiquitin-protein ligase TRIM33 OS=Homo sapiens OX=9606 GN=TRIM33 PE=1 SV=3,22.993893518017668,23.27846818885894,-0.2845746708412733,0.21842409459907194,-1.2442180842264468,-0.32125572795060836,0.4032951918901178
SRSF5,Q13243,Serine/arginine-rich splicing factor 5 OS=Homo sapiens OX=9606 GN=SRSF5 PE=1 SV=1,21.09519788933966,21.32717520847805,-0.23197731913839092,0.18324110725631568,-1.3469334271597067,-0.347776715455975,0.36121245088836945
TG,P01266,Thyroglobulin OS=Homo sapiens OX=9606 GN=TG PE=1 SV=5,26.37239576744049,26.764451322136832,-0.39205555469634135,0.211044154891652,-1.2646802613533834,-0.3265390393665932,0.3945931205896733
RNF17,Q9BXT8,RING finger protein 17 OS=Homo sapiens OX=9606 GN=RNF17 PE=1 SV=3,20.975068155330764,21.19029281568854,-0.21522466035777654,0.42842543202843464,-0.7974795312478458,-0.20590832956428026,0.6101182826701672
SLC22A1,O15245,Solute carrier family 22 member 1 OS=Homo sapiens OX=9606 GN=SLC22A1 PE=1 SV=2,22.239038582978246,22.241309589027875,-0.00227100604962871,0.9824812760814754,-0.02205312207233913,-0.005694091634536576,0.9931593028826289
MELK,Q14680,Maternal embryonic leucine zipper kinase OS=Homo sapiens OX=9606 GN=MELK PE=1 SV=3,18.056892223886116,18.45515973969038,-0.3982675158042639,0.09812652832526181,-1.6810745529345432,-0.4340515831499042,0.24033790216140577
MACF1,H3BQK9,Microtubule actin crosslinking factor 1 OS=Homo sapiens OX=9606 GN=MACF1 PE=1 SV=1,18.594778252983534,17.131377301089163,1.4634009518943714,5.568861558056907e-05,4.350696455773459,1.1233449945076162,0.0007992068884670857
POC1A,Q8NBT0,POC1 centriolar protein homolog A OS=Homo sapiens OX=9606 GN=POC1A PE=1 SV=2,26.725791146975645,27.169687129537284,-0.44389598256163865,0.018273995570722526,-2.4286938368677986,-0.6270860522150385,0.07205563104990344
CUBN,O60494,Cubilin OS=Homo sapiens OX=9606 GN=CUBN PE=1 SV=5,21.51815140821331,21.483362680943475,0.034788727269834396,0.9203507659323231,0.1004281550918319,0.025930438144066703,0.9601301703537595
TTC24,A2A3L6,Tetratricopeptide repeat protein 24 OS=Homo sapiens OX=9606 GN=TTC24 PE=1 SV=1,22.702809386056916,24.0099058127976,-1.307096426740685,0.046415242496033675,-2.035141374639205,-0.525471243410354,0.1421913101849647
MLPH,H7C052,Melanophilin (Fragment) OS=Homo sapiens OX=9606 GN=MLPH PE=1 SV=1,24.943471773684813,25.180532568876853,-0.23706079519203982,0.061214126570307704,-1.9089971804728034,-0.49290095252853877,0.1725913338522127
TMEM14C,Q9P0S9,Transmembrane protein 14C OS=Homo sapiens OX=9606 GN=TMEM14C PE=1 SV=1,20.344564779255325,19.802919921181775,0.5416448580735498,0.10744431384421885,1.6351006452676116,0.422181171232964,0.2566098829892663
ZNF25,P17030,Zinc finger protein 25 OS=Homo sapiens OX=9606 GN=ZNF25 PE=1 SV=2,18.887591376746833,18.947225673729942,-0.05963429698310918,0.9042006172224479,-0.12088414077463938,-0.031212150936051418,0.949500054868398
PHF13,Q86YI8,PHD finger protein 13 OS=Homo sapiens OX=9606 GN=PHF13 PE=1 SV=2,19.436475784670616,19.65379104792384,-0.21731526325322292,0.47381866460288913,-0.7209788914504536,-0.1861559493036461,0.6529352359103827
DICER1,A0A8Q3SJI0,Endoribonuclease Dicer OS=Homo sapiens OX=9606 GN=DICER1 PE=1 SV=1,23.169995173381707,22.27461555318858,0.895379620193129,5.333360298749873e-07,5.638427030330763,1.455835599151786,1.5171505278408123e-05
RB1,P06400,Retinoblastoma-associated protein OS=Homo sapiens OX=9606 GN=RB1 PE=1 SV=2,21.747749320056112,21.407734183844546,0.34001513621156576,0.24456353086787214,1.1755860570369128,0.3035350147291737,0.4387271449014868
RGS2,P41220,Regulator of G-protein signaling 2 OS=Homo sapiens OX=9606 GN=RGS2 PE=1 SV=1,18.083446708899242,17.4328399916966,0.650606717202642,0.10345183400300277,1.6543846309320864,0.42716027492143155,0.24937526570324522
PAPPA,Q13219,Pappalysin-1 OS=Homo sapiens OX=9606 GN=PAPPA PE=1 SV=3,21.830853823282816,20.496933928393034,1.3339198948897817,0.010649429440252463,2.6394050176989357,0.6814914451629512,0.04888916743032327
CHODL,Q9H9P2,Chondrolectin OS=Homo sapiens OX=9606 GN=CHODL PE=1 SV=2,23.32601203599929,23.30669915839742,0.019312877601869616,0.8641558128336676,0.1718472543718934,0.04437077028492086,0.92637671054269
TFDP1,Q14186,Transcription factor Dp-1 OS=Homo sapiens OX=9606 GN=TFDP1 PE=1 SV=1,19.218767089492665,18.776406926933998,0.4423601625586677,0.27167208872314613,1.109784384283333,0.28654509588069343,0.4633550720941882
LIPJ,Q5W064,Lipase member J OS=Homo sapiens OX=9606 GN=LIPJ PE=2 SV=3,22.679820750343726,22.557018952037918,0.12280179830580806,0.5858243303873625,0.5479568549533094,0.14148185157829068,0.7371391455822026
HK3,P52790,Hexokinase-3 OS=Homo sapiens OX=9606 GN=HK3 PE=1 SV=2,23.866724850648268,23.00337231972553,0.8633525309227394,8.966525720868853e-06,4.870319083444804,1.25751098005986,0.00016804324086287155
BIRC6,Q9NR09,Dual E2 ubiquitin-conjugating enzyme/E3 ubiquitin-protein ligase BIRC6 OS=Homo sapiens OX=9606 GN=BIRC6 PE=1 SV=3,28.77155711707693,28.717640834885444,0.05391628219148714,0.5870896826081968,0.5461030108731623,0.14100319109503237,0.7377558421776498
SLC15A2,Q16348,Solute carrier family 15 member 2 OS=Homo sapiens OX=9606 GN=SLC15A2 PE=1 SV=2,23.945867684917648,23.851314819925516,0.09455286499213145,0.26052713345446177,1.136245026227009,0.2933772042525477,0.45377236574648794
MDN1,Q9NU22,Midasin OS=Homo sapiens OX=9606 GN=MDN1 PE=1 SV=2,30.497175148699917,30.659136928364507,-0.16196177966459047,0.03657251322404518,-2.1400034545600404,-0.5525465160224917,0.1193852737006229
ECM2,O94769,Extracellular matrix protein 2 OS=Homo sapiens OX=9606 GN=ECM2 PE=1 SV=1,17.55193412265637,17.380222271575448,0.17171185108092146,0.5985183572177104,0.5294438064684349,0.13670180301366075,0.7472098299747748
CSMD3,Q7Z407,CUB and sushi domain-containing protein 3 OS=Homo sapiens OX=9606 GN=CSMD3 PE=1 SV=3,22.484083206799223,23.218284487068217,-0.7342012802689943,0.10764338265627468,-1.6341544823727423,-0.42193687302398886,0.25670046193330176
GRAP,A8MW78,GRB2 related adaptor protein OS=Homo sapiens OX=9606 GN=GRAP PE=1 SV=1,24.258012732979335,24.15435309003192,0.10365964294741659,0.6291796116813703,0.4854589959737046,0.1253449737781821,0.7681683104569073
FSTL4,Q6MZW2,Follistatin-related protein 4 OS=Homo sapiens OX=9606 GN=FSTL4 PE=1 SV=3,23.267022881506065,22.90748661270255,0.35953626880351663,0.0020686233684992523,3.22539541444613,0.8327935150055754,0.014645853448974707
VPS13B,Q7Z7G8,Intermembrane lipid transfer protein VPS13B OS=Homo sapiens OX=9606 GN=VPS13B PE=1 SV=2,22.77235016041664,22.900172522621556,-0.12782236220491683,0.7126985441196805,-0.37004266616453374,-0.09554460556276198,0.8323524785796561
FSBP,O95073,Fibrinogen silencer-binding protein OS=Homo sapiens OX=9606 GN=FSBP PE=1 SV=1,26.22585665110644,25.916699929771728,0.3091567213347126,0.0011628935940326693,3.4170778475323584,0.8822857064124742,0.009499946129713038
SNX3,O60493,Sorting nexin-3 OS=Homo sapiens OX=9606 GN=SNX3 PE=1 SV=3,15.147041247169055,15.655733050158046,-0.5086918029889915,0.10347586354666986,-1.6542667668710203,-0.42712984255172326,0.24937526570324522
RPL10,P27635,Large ribosomal subunit protein uL16 OS=Homo sapiens OX=9606 GN=RPL10 PE=1 SV=5,22.018763922099456,20.808833928319597,1.209929993779859,0.003086952979469622,3.088332503294769,0.7974040235207801,0.020236691754300856
AP3M1,Q9Y2T2,AP-3 complex subunit mu-1 OS=Homo sapiens OX=9606 GN=AP3M1 PE=1 SV=1,18.2225095260666,17.92271675617273,0.2997927698938696,0.19259580603794849,1.3182699454703617,0.340375836307498,0.3736968562953129
KIF4A,O95239,Chromosome-associated kinesin KIF4A OS=Homo sapiens OX=9606 GN=KIF4A PE=1 SV=3,20.953080856682444,21.202760394610998,-0.24967953792855369,0.417004886074254,-0.8174708805035141,-0.21107007374664158,0.5992238844228949
LOXL1,Q08397,Lysyl oxidase homolog 1 OS=Homo sapiens OX=9606 GN=LOXL1 PE=1 SV=2,22.501800900894775,22.76274395580536,-0.2609430549105838,0.3013776280467,-1.0427792186654057,-0.2692444365108199,0.49392444596542495
GAS8,O95995,Dynein regulatory complex subunit 4 OS=Homo sapiens OX=9606 GN=GAS8 PE=1 SV=1,19.87213205070202,19.588501311740604,0.283630738961417,0.37031735287335066,0.9028929236494696,0.23312595044686135,0.5602544822176028
GTF3C4,Q9UKN8,General transcription factor 3C polypeptide 4 OS=Homo sapiens OX=9606 GN=GTF3C4 PE=1 SV=2,20.82377207209816,21.192749973470043,-0.3689779013718848,0.22757864019420612,-1.2195316607555526,-0.3148817208185952,0.4145230950368037
SAMD9,Q5K651,Sterile alpha motif domain-containing protein 9 OS=Homo sapiens OX=9606 GN=SAMD9 PE=1 SV=1,21.915523799515174,19.570935225357104,2.3445885741580703,1.8588207387034615e-16,11.411428341878358,2.94641812830228,2.4675845306288454e-14
FLOT2,E7EMK3,Flotillin OS=Homo sapiens OX=9606 GN=FLOT2 PE=1 SV=1,24.310243426511274,24.512619882040376,-0.20237645552910166,0.14013487952222806,-1.4957719888013994,-0.3862066668234244,0.30080684136581193
STX12,B1AJQ6,Syntaxin 12 (Fragment) OS=Homo sapiens OX=9606 GN=STX12 PE=1 SV=2,22.206591842406944,19.280082459640507,2.9265093827664366,4.551680022138721e-20,13.866737766232811,3.580376295656341,1.4501652550533967e-17
ATP6V0A4,Q9HBG4,V-type proton ATPase 116 kDa subunit a 4 OS=Homo sapiens OX=9606 GN=ATP6V0A4 PE=1 SV=2,18.600685177450433,17.03384353670658,1.5668416407438528,9.640162119084917e-08,6.0910796065789405,1.5727099917802576,3.93763545018007e-06
OR51G2,Q8NGK0,Olfactory receptor 51G2 OS=Homo sapiens OX=9606 GN=OR51G2 PE=2 SV=1,20.48187503385628,19.787299291926608,0.6945757419296719,0.01192352920180618,2.5961788857502857,0.6703305058857456,0.05261546265506162
TMEM201,Q5SNT2,Transmembrane protein 201 OS=Homo sapiens OX=9606 GN=TMEM201 PE=1 SV=1,23.120096841087577,23.49071955786032,-0.3706227167727434,0.31975614635351357,-1.0035666751461758,-0.25911980130999257,0.5139975188104411
RPS15A,P62244,Small ribosomal subunit protein uS8 OS=Homo sapiens OX=9606 GN=RPS15A PE=1 SV=2,18.78248191480039,19.37119185502286,-0.588709940222472,0.4172738759957402,-0.816996254392735,-0.2109475258117934,0.5992238844228949
DPP9,Q86TI2,Dipeptidyl peptidase 9 OS=Homo sapiens OX=9606 GN=DPP9 PE=1 SV=3,26.109313213235474,26.043016529283552,0.06629668395192212,0.4878781314632109,0.6981419129836641,0.18025946681834126,0.6641636796408211
UCHL3,P15374,Ubiquitin carboxyl-terminal hydrolase isozyme L3 OS=Homo sapiens OX=9606 GN=UCHL3 PE=1 SV=1,22.10272592919706,21.259856896276883,0.8428690329201771,0.020847678901186086,2.375559585134535,0.6133668474099637,0.07858501234683196
PTPN23,Q9H3S7,Tyrosine-protein phosphatase non-receptor type 23 OS=Homo sapiens OX=9606 GN=PTPN23 PE=1 SV=1,20.6518087348845,20.46520503911021,0.18660369577429137,0.20358700418126977,1.2859031882664067,0.3320187755327209,0.38562912920423636
ALDH3A2,J3KTD9,aldehyde dehydrogenase (NAD(+)) (Fragment) OS=Homo sapiens OX=9606 GN=ALDH3A2 PE=1 SV=2,19.32319832998808,19.68625554770094,-0.3630572177128606,0.22113461290204817,-1.2368308515784567,-0.3193483526825934,0.40771694253815133
SF3B4,Q15427,Splicing factor 3B subunit 4 OS=Homo sapiens OX=9606 GN=SF3B4 PE=1 SV=1,20.50508644041532,20.257292954477805,0.24779348593751394,0.24562618293240981,1.1729109776430566,0.30284431219969454,0.43964326900149314
DNAH8,Q96JB1,Dynein axonemal heavy chain 8 OS=Homo sapiens OX=9606 GN=DNAH8 PE=1 SV=2,24.586113912418913,24.576238280248187,0.009875632170725623,0.9358876168350618,0.08078934294013784,0.02085971865054624,0.9696022386733474
SPIN4,Q56A73,Spindlin-4 OS=Homo sapiens OX=9606 GN=SPIN4 PE=1 SV=1,26.143745618007262,25.272099004886545,0.871646613120717,0.08572525152587397,1.7481754977254558,0.4513769725959034,0.2188466757703802
HUWE1,Q7Z6Z7,E3 ubiquitin-protein ligase HUWE1 OS=Homo sapiens OX=9606 GN=HUWE1 PE=1 SV=3,24.876358157748776,25.305158396410587,-0.42880023866181105,0.014674861237977906,-2.5155912586940685,-0.6495228700524721,0.061106696286599434
ALKBH7,Q9BT30,"Alpha-ketoglutarate-dependent dioxygenase alkB homolog 7, mitochondrial OS=Homo sapiens OX=9606 GN=ALKBH7 PE=1 SV=1",21.43244100073731,21.670403715258395,-0.23796271452108542,0.2047718405023454,-1.28249288503107,-0.33113823902365586,0.38649471791497186
ZFHX4,E7EVZ1,Zinc finger homeobox 4 OS=Homo sapiens OX=9606 GN=ZFHX4 PE=1 SV=1,22.737428274692036,22.77056845613793,-0.03314018144589426,0.8954883429763336,-0.13194006142167172,-0.03406677737224788,0.9440853278367303
TRMT11,Q7Z4G4,tRNA (guanine(10)-N(2))-methyltransferase homolog OS=Homo sapiens OX=9606 GN=TRMT11 PE=1 SV=1,19.820448684505983,22.66965095010566,-2.8492022655996756,1.4222372138682106e-29,-21.749807464178883,-5.615776139465505,1.1328119408460297e-26
SMARCA2,P51531,Probable global transcription activator SNF2L2 OS=Homo sapiens OX=9606 GN=SMARCA2 PE=1 SV=2,18.778354681031626,18.308938553082054,0.46941612794957166,0.06937317833287036,1.8502507282357863,0.4777326837843563,0.19020325289144985
DUS4L-BCAP29,A0A669KAY5,DUS4L-BCAP29 readthrough OS=Homo sapiens OX=9606 GN=DUS4L-BCAP29 PE=1 SV=1,19.467599920583673,19.992621202042187,-0.525021281458514,0.28182122629100087,-1.086343915581411,-0.2804927928867041,0.47456787894457125
RAB24,Q969Q5,Ras-related protein Rab-24 OS=Homo sapiens OX=9606 GN=RAB24 PE=1 SV=1,18.094034962987752,17.568600035477324,0.5254349275104282,0.13498147765033816,1.515878959309455,0.39139826428478336,0.29415252243090106
TENT4B,A0A7N4YH79,Terminal nucleotidyltransferase 4B OS=Homo sapiens OX=9606 GN=TENT4B PE=1 SV=1,21.961895424668782,19.97441056166379,1.9874848630049904,1.3766381478060014e-09,7.1953450978897315,1.857830115622807,7.562015756741243e-08
DLK2,Q6UY11,Protein delta homolog 2 OS=Homo sapiens OX=9606 GN=DLK2 PE=1 SV=1,28.17981477443385,28.199139436631068,-0.01932466219721718,0.8393029580280995,-0.20369744030454587,-0.05259445293097237,0.9120120137372187
MAP9,Q49MG5,Microtubule-associated protein 9 OS=Homo sapiens OX=9606 GN=MAP9 PE=1 SV=3,21.821258564213725,20.430708246269422,1.390550317944303,0.0014862866112834861,3.336164040453552,0.8613938512595103,0.011382954671993238
DCLK3,A0A1B0GTZ4,non-specific serine/threonine protein kinase OS=Homo sapiens OX=9606 GN=DCLK3 PE=1 SV=1,24.86672485064827,24.003372319725532,0.8633525309227394,8.966525720868853e-06,4.870319083444804,1.25751098005986,0.00016804324086287155
PER1,J3QL46,Period circadian regulator 1 (Fragment) OS=Homo sapiens OX=9606 GN=PER1 PE=1 SV=1,22.565175936022822,22.922272406523344,-0.3570964705005224,0.09719520052823903,-1.6858635012359275,-0.4352880842843783,0.23945385990591272
CDK14,O94921,Cyclin-dependent kinase 14 OS=Homo sapiens OX=9606 GN=CDK14 PE=1 SV=3,23.4529104564707,23.004837127139595,0.44807332933110544,0.02375670540774265,2.3221492199202274,0.5995763504106391,0.08660053023920834
BICD1,A0A087WYJ7,BICD cargo adaptor 1 (Fragment) OS=Homo sapiens OX=9606 GN=BICD1 PE=1 SV=1,27.573141046068294,27.41810493348411,0.1550361125841846,0.1144956411319989,1.6024194999143155,0.4137429357870774,0.2639530482247095
SRGAP2,O75044,SLIT-ROBO Rho GTPase-activating protein 2 OS=Homo sapiens OX=9606 GN=SRGAP2 PE=1 SV=3,22.111813109193346,22.415102443495375,-0.3032893343020291,0.04405978879068234,-2.0583383817446657,-0.5314606848904408,0.13789242346474848
CEP164,Q9UPV0,Centrosomal protein of 164 kDa OS=Homo sapiens OX=9606 GN=CEP164 PE=1 SV=3,19.424482823238566,22.143661101511814,-2.7191782782732474,3.695336858776641e-09,-6.940069326994598,-1.7919181949983332,1.8395848800097465e-07
DNAH5,Q8TE73,Dynein axonemal heavy chain 5 OS=Homo sapiens OX=9606 GN=DNAH5 PE=1 SV=3,18.415158742446994,18.236377100113177,0.1787816423338171,0.3689730925782546,0.9054499700127769,0.23378617697889933,0.5602544822176028
HLF,Q16534,Hepatic leukemia factor OS=Homo sapiens OX=9606 GN=HLF PE=1 SV=1,19.254203643390646,19.421488823046342,-0.16728517965569623,0.42908253027255683,-0.7963390719027179,-0.20561386422756645,0.6102932774323062
PTPRZ1,A0A494C087,protein-tyrosine-phosphatase OS=Homo sapiens OX=9606 GN=PTPRZ1 PE=1 SV=1,20.964162643891907,21.196554292074705,-0.2323916481827979,0.5800661914656854,-0.5564172464238427,-0.14366631526280876,0.733369399210188
MFN1,Q8IWA4,Mitofusin-1 OS=Homo sapiens OX=9606 GN=MFN1 PE=1 SV=3,22.494156714269007,22.65994374115676,-0.16578702688775238,0.41101519212165205,-0.8280880048805264,-0.21381140347309363,0.5952295189035035
SPATS2L,Q9NUQ6,SPATS2-like protein OS=Homo sapiens OX=9606 GN=SPATS2L PE=1 SV=2,25.005696365539265,23.97306159289133,1.0326347726479348,0.00026614883057756664,3.8838063844206565,1.0027944964503495,0.002977878893861723
STAR,P49675,"Steroidogenic acute regulatory protein, mitochondrial OS=Homo sapiens OX=9606 GN=STAR PE=1 SV=2",22.93096606261359,23.13741139307418,-0.20644533046059266,0.1566610946426417,-1.4349883724668901,-0.37051240457103674,0.3261595255107007
ZBTB24,A0A8V8TLS8,Zinc finger and BTB domain containing 24 OS=Homo sapiens OX=9606 GN=ZBTB24 PE=1 SV=1,23.4543835423206,21.172261307164334,2.2821222351562653,0.00031837395887632626,3.8286668586035333,0.9885575321031834,0.0034038236006039444
ACTL7B,Q9Y614,Actin-like protein 7B OS=Homo sapiens OX=9606 GN=ACTL7B PE=1 SV=1,21.02852408928059,21.213439147148843,-0.18491505786825257,0.6009473969160217,-0.525922316789723,-0.13579255828836126,0.7490682341840552
DDX11,Q96FC9,ATP-dependent DNA helicase DDX11 OS=Homo sapiens OX=9606 GN=DDX11 PE=1 SV=1,21.622509444135105,21.15175281870669,0.47075662542841457,0.17563790440062815,1.3710611714249616,0.35400647223736725,0.3514964594349254
APOLD1,Q96LR9,Apolipoprotein L domain-containing protein 1 OS=Homo sapiens OX=9606 GN=APOLD1 PE=1 SV=2,27.87347844357656,27.367554533498172,0.505923910078387,0.02188828897791949,2.3557306193270473,0.6082470304536358,0.0816581834703179
CNTRL,Q7Z7A1,Centriolin OS=Homo sapiens OX=9606 GN=CNTRL PE=1 SV=2,22.202206913352885,22.130922746692043,0.07128416666084192,0.48905461156226193,0.6962476516345164,0.17977037064110035,0.6641636796408211
ING5,A0A1B0GW41,Inhibitor of growth family member 5 OS=Homo sapiens OX=9606 GN=ING5 PE=1 SV=1,21.801024007281914,21.282696682308874,0.5183273249730398,0.03406411187466711,2.1706502122850035,0.5604594748414276,0.11472331969628903
MYO3A,Q8NEV4,Myosin-IIIa OS=Homo sapiens OX=9606 GN=MYO3A PE=1 SV=2,20.102164382602936,20.185735463959535,-0.08357108135659885,0.8616296168413918,-0.1750760733089657,-0.04520444774966754,0.9261646286291073
CMAS,Q8NFW8,N-acylneuraminate cytidylyltransferase OS=Homo sapiens OX=9606 GN=CMAS PE=1 SV=2,17.964685431810768,17.99610343093416,-0.03141799912339138,0.920222918288475,-0.10058990937767937,-0.025972202921084358,0.9601301703537595
PLXDC1,Q8IUK5,Plexin domain-containing protein 1 OS=Homo sapiens OX=9606 GN=PLXDC1 PE=1 SV=2,16.62180664948582,17.757488219659177,-1.1356815701733574,0.0004007785799875211,-3.7572463103813374,-0.9701168258470789,0.004172812273987719
USO1,O60763,General vesicular transport factor p115 OS=Homo sapiens OX=9606 GN=USO1 PE=1 SV=2,21.750100086986347,21.96892068839675,-0.21882060141040327,0.29275490409183724,-1.0617398071354105,-0.27414003940272796,0.48579016897739247
DCANP1,Q8TF63,Dendritic cell nuclear protein 1 OS=Homo sapiens OX=9606 GN=DCANP1 PE=1 SV=1,21.784215463991412,20.539930403563847,1.2442850604275648,0.0001822532257155049,3.9991109709246158,1.0325660126684273,0.0022506154152310024
PPIE,Q9UNP9,Peptidyl-prolyl cis-trans isomerase E OS=Homo sapiens OX=9606 GN=PPIE PE=1 SV=1,20.322142441328914,19.10076690426569,1.2213755370632242,0.020837066724462283,2.3757663183891897,0.6134202257067893,0.07858501234683196
CFAP52,Q8N1V2,Cilia- and flagella-associated protein 52 OS=Homo sapiens OX=9606 GN=CFAP52 PE=1 SV=3,27.8061764235989,27.755602631355384,0.050573792243515214,0.5923022844716966,0.5384860211010317,0.13903649279265276,0.7420624576269237
BNIP5,P0C671,Protein BNIP5 OS=Homo sapiens OX=9606 GN=BNIP5 PE=1 SV=1,20.01071715964156,20.02989299853054,-0.019175838888980223,0.9548549558397403,-0.05685646477878035,-0.014680276080829656,0.9776009951490865
ZNF41,P51814,Zinc finger protein 41 OS=Homo sapiens OX=9606 GN=ZNF41 PE=1 SV=2,20.33962423535231,21.59258604510945,-1.2529618097571387,2.7981216830321397e-05,-4.54923126858978,-1.1746064627529504,0.00045952658155362874
GOLGA4,C9J0Y3,Golgin A4 OS=Homo sapiens OX=9606 GN=GOLGA4 PE=1 SV=2,21.821258564213725,20.430708246269422,1.390550317944303,0.0014862866112834861,3.336164040453552,0.8613938512595103,0.011382954671993238
CFAP47,Q6ZTR5,Cilia- and flagella-associated protein 47 OS=Homo sapiens OX=9606 GN=CFAP47 PE=1 SV=5,27.671046672341593,27.833086672569955,-0.1620400002283624,0.11505856732676092,-1.5998813375983925,-0.413087585095108,0.26448527814073614
HMGXB3,A0A8C8PVR7,HMG-box containing 3 OS=Homo sapiens OX=9606 GN=HMGXB3 PE=1 SV=1,25.02988063300635,25.075603811019853,-0.04572317801350323,0.6582667093011754,-0.44459556361204317,-0.11479408091114289,0.7908136258799188
PRRC2B,Q5JSZ5,Protein PRRC2B OS=Homo sapiens OX=9606 GN=PRRC2B PE=1 SV=2,21.4610983865922,21.527000522433664,-0.06590213584146198,0.7746954678813628,-0.2875771598160028,-0.07425210338113385,0.872148325325096
FLII,Q13045,Protein flightless-1 homolog OS=Homo sapiens OX=9606 GN=FLII PE=1 SV=2,16.695489253917927,16.21732218137862,0.478167072539307,0.07619095364877304,1.805475755765665,0.4661718356041114,0.20262468975374867
WDR54,Q9H977,WD repeat-containing protein 54 OS=Homo sapiens OX=9606 GN=WDR54 PE=1 SV=1,18.691036003993393,18.362534018363775,0.3285019856296181,0.2453928891674276,1.1734975476502727,0.30299576392431676,0.43964326900149314
MUC5B,Q9HC84,Mucin-5B OS=Homo sapiens OX=9606 GN=MUC5B PE=1 SV=3,19.160530956552858,18.181026845374657,0.9795041111782012,0.08378558243051479,1.7593868659790293,0.4542717354315227,0.2159715741291425
HIP1R,O75146,Huntingtin-interacting protein 1-related protein OS=Homo sapiens OX=9606 GN=HIP1R PE=1 SV=2,22.68943965124272,22.904110568118785,-0.21467091687606654,0.25341828969115243,-1.1535450355318606,-0.2978440474476759,0.4485503727533398
RABEP1,Q15276,Rab GTPase-binding effector protein 1 OS=Homo sapiens OX=9606 GN=RABEP1 PE=1 SV=2,21.906579470515414,22.22636072897288,-0.31978125845746774,0.40685241635543634,-0.835522393400027,-0.21573095433477776,0.59188666598558
TNPO1,Q92973,Transportin-1 OS=Homo sapiens OX=9606 GN=TNPO1 PE=1 SV=2,18.317107521487262,15.975955405905593,2.3411521155816697,1.2979265618722107e-09,7.210556666646989,1.8617577257872435,7.384275046651541e-08
CACNA1A,O00555,Voltage-dependent P/Q-type calcium channel subunit alpha-1A OS=Homo sapiens OX=9606 GN=CACNA1A PE=1 SV=3,29.91004114013385,29.963751845367202,-0.053710705233353195,0.5453123862872353,-0.6083774886562395,-0.15708239211820715,0.7062460417524926
SMARCD2,Q92925,SWI/SNF-related matrix-associated actin-dependent regulator of chromatin subfamily D member 2 OS=Homo sapiens OX=9606 GN=SMARCD2 PE=1 SV=3,16.888811527856777,17.759873265670834,-0.8710617378140562,0.004842049734789393,-2.929883741659891,-0.7564927291848422,0.027947047925795297
Unknown,A0A1W2PRG0,glutathione transferase OS=Homo sapiens OX=9606 PE=3 SV=1,23.88885789976955,24.161947234811826,-0.2730893350422754,0.07583937591567118,-1.8077007813720039,-0.46674633474532706,0.20236536990563514
NUTM2F,A1L443,NUT family member 2F OS=Homo sapiens OX=9606 GN=NUTM2F PE=2 SV=2,25.388711404159547,25.41431820536045,-0.025606801200900975,0.7948725135143492,-0.26118831535367326,-0.06743853303924983,0.8805507051657568
OCEL1,Q9H607,Occludin/ELL domain-containing protein 1 OS=Homo sapiens OX=9606 GN=OCEL1 PE=1 SV=1,18.20841396704483,17.587251185970608,0.6211627810742222,0.008119035456883394,2.741468098552113,0.7078440193234166,0.04016653255532685
COL6A3,P12111,Collagen alpha-3(VI) chain OS=Homo sapiens OX=9606 GN=COL6A3 PE=1 SV=5,18.350620889508185,19.142762687494937,-0.7921417979867513,0.1334619880136484,-1.5219235055739113,-0.3929589594192912,0.292844279484493
GLUL,P15104,Glutamine synthetase OS=Homo sapiens OX=9606 GN=GLUL PE=1 SV=4,22.037641977519538,21.885113905234505,0.1525280722850333,0.3407109633876022,0.9606601449060803,0.24804138283909682,0.5321103575259316
CCDC80,Q76M96,Coiled-coil domain-containing protein 80 OS=Homo sapiens OX=9606 GN=CCDC80 PE=1 SV=1,20.193857950538227,20.58484842932354,-0.39099047878531223,0.04283824692433013,-2.0707942991987736,-0.5346767889478738,0.1353994590286863
ADAM23,E7EWD3,ADAM metallopeptidase domain 23 OS=Homo sapiens OX=9606 GN=ADAM23 PE=1 SV=2,18.54850072126107,17.078337299056823,1.470163422204248,9.710554692670913e-07,5.477944317126721,1.41439914077889,2.517269401453608e-05
GPR182,Q7Z4H2,G protein-coupled receptor 182 OS=Homo sapiens OX=9606 GN=GPR182 PE=2 SV=1,18.24797245618072,19.200364994619452,-0.9523925384387333,0.0019769210513177695,-3.240712150864144,-0.8367482793432566,0.014249933188910437
NASP,P49321,Nuclear autoantigenic sperm protein OS=Homo sapiens OX=9606 GN=NASP PE=1 SV=2,21.879226751941122,22.21695030498477,-0.33772355304364865,0.20788230165587607,-1.2736095632910576,-0.3288445752131178,0.3900547780186226
LARS1,Q9P2J5,"Leucine--tRNA ligase, cytoplasmic OS=Homo sapiens OX=9606 GN=LARS1 PE=1 SV=2",24.060588438048416,24.175052818088652,-0.11446438004023562,0.37537757661239435,-0.8933200124235058,-0.23065423539666935,0.5635970589477326
BBX,C9IYG9,BBX high mobility group box domain containing (Fragment) OS=Homo sapiens OX=9606 GN=BBX PE=1 SV=1,26.02417279182063,26.032487951048285,-0.008315159227656466,0.953351459471911,-0.058752176542362027,-0.01516974675346708,0.9772772683003567
COPG1,Q9Y678,Coatomer subunit gamma-1 OS=Homo sapiens OX=9606 GN=COPG1 PE=1 SV=1,25.518647280498385,25.563253721597302,-0.044606441098917315,0.7465110535853889,-0.32478676068601475,-0.08385958101370591,0.8550015778843564
ELMOD2,Q8IZ81,ELMO domain-containing protein 2 OS=Homo sapiens OX=9606 GN=ELMOD2 PE=1 SV=1,18.744552715310455,18.478590496501102,0.2659622188093529,0.5450434464776532,0.6087859383993143,0.1571878533883866,0.7062460417524926
PLXNB1,O43157,Plexin-B1 OS=Homo sapiens OX=9606 GN=PLXNB1 PE=1 SV=3,20.36810805725123,21.011344774536624,-0.6432367172853937,0.13491328774544517,-1.5161490597330554,-0.3914680039142772,0.29415252243090106
FRAS1,Q86XX4,Extracellular matrix organizing protein FRAS1 OS=Homo sapiens OX=9606 GN=FRAS1 PE=1 SV=2,24.786724559372164,24.802282154788905,-0.015557595416741066,0.9120303277206345,-0.11096104237971796,-0.02865001794763087,0.9552033609855166
FLVCR1,Q9Y5Y0,Choline/ethanolamine transporter FLVCR1 OS=Homo sapiens OX=9606 GN=FLVCR1 PE=1 SV=1,19.735414190460038,20.216565549986043,-0.48115135952600596,0.03443022327702983,-2.1660564422043542,-0.55927336850685,0.11546809616907057
DENND11,A4D1U4,DENN domain-containing protein 11 OS=Homo sapiens OX=9606 GN=DENND11 PE=1 SV=1,19.661417700489917,20.1441477846893,-0.4827300841993818,0.36924015945314104,-0.9049414841072956,-0.233654886482652,0.5602544822176028
ADAP1,O75689,Arf-GAP with dual PH domain-containing protein 1 OS=Homo sapiens OX=9606 GN=ADAP1 PE=1 SV=2,19.125723736671024,19.584765910414987,-0.4590421737439634,0.14893468298535187,-1.4627470327856578,-0.37767965984621116,0.31382665343342
MUC2,Q02817,Mucin-2 OS=Homo sapiens OX=9606 GN=MUC2 PE=1 SV=3,21.534484429822268,20.842616375157135,0.6918680546651323,0.045013271415641425,2.0488220225313705,0.5290035715071331,0.1397780533433076
LDHC,P07864,L-lactate dehydrogenase C chain OS=Homo sapiens OX=9606 GN=LDHC PE=1 SV=4,20.643511392062898,20.315033962280985,0.32847742978191263,0.3293070420104448,0.9837857637537988,0.2540123919502938,0.5230035361761666
MYT1,Q01538,Myelin transcription factor 1 OS=Homo sapiens OX=9606 GN=MYT1 PE=1 SV=2,22.679244462566725,23.53769646532458,-0.8584520027578542,0.027892961919489003,-2.255454952831958,-0.5823559646959473,0.09741953104427267
ZC3H7A,Q8IWR0,Zinc finger CCCH domain-containing protein 7A OS=Homo sapiens OX=9606 GN=ZC3H7A PE=1 SV=1,23.327369138068374,22.241594184242608,1.0857749538257657,1.3849165521386078e-05,4.74862108871104,1.226088692935146,0.0002478845019726744
GOLGB1,A0A8J9C4H3,Golgin B1 OS=Homo sapiens OX=9606 GN=GOLGB1 PE=1 SV=1,18.91540284056157,18.751901390236934,0.1635014503246346,0.5450151072389242,0.6088289843231238,0.15719896779812234,0.7062460417524926
Unknown,V9GYY9,SUZ domain-containing protein (Fragment) OS=Homo sapiens OX=9606 PE=4 SV=1,19.463358616309414,19.801465308376887,-0.33810669206747335,0.1950343182486596,-1.3109715191631266,-0.3384913907380685,0.37549001211565647
CDC5L,Q99459,Cell division cycle 5-like protein OS=Homo sapiens OX=9606 GN=CDC5L PE=1 SV=2,16.128633427738418,17.03266578648472,-0.9040323587463028,0.15445654648107235,-1.4427976821971729,-0.37252875967308746,0.3226675921095284
SIK2,Q9H0K1,Serine/threonine-protein kinase SIK2 OS=Homo sapiens OX=9606 GN=SIK2 PE=1 SV=1,21.32443413113824,21.567361902159366,-0.24292777102112595,0.022700530296432847,-2.3408298402756276,-0.6043996658461915,0.08351783555208833
ASAP1,Q9ULH1,"Arf-GAP with SH3 domain, ANK repeat and PH domain-containing protein 1 OS=Homo sapiens OX=9606 GN=ASAP1 PE=1 SV=4",16.71629009713193,16.39314968668953,0.32314041044240227,0.3207911983585238,1.001404040388295,0.25856141141657907,0.5151415110737182
NSD3,Q9BZ95,Histone-lysine N-methyltransferase NSD3 OS=Homo sapiens OX=9606 GN=NSD3 PE=1 SV=1,24.147128585987844,24.220749782815187,-0.07362119682734303,0.5011247649532461,-0.6769564109047804,-0.1747893937028373,0.671397603507587
BECN2,A8MW95,Beclin-2 OS=Homo sapiens OX=9606 GN=BECN2 PE=1 SV=2,20.25902046305936,20.443726779445093,-0.1847063163857321,0.33730854296450685,-0.9675055742882884,-0.2498088651054256,0.5281309793367645
RNF214,Q8ND24,RING finger protein 214 OS=Homo sapiens OX=9606 GN=RNF214 PE=1 SV=2,20.5737187804443,21.708078353033024,-1.1343595725887248,0.0015102708034494298,-3.330847821329008,-0.8600212093839001,0.011413678513575127
GRIP2,A0A087WX15,Glutamate receptor interacting protein 2 OS=Homo sapiens OX=9606 GN=GRIP2 PE=1 SV=1,22.759428328128244,22.69910607931235,0.06032224881589343,0.9226033750987143,0.0975785628617031,0.025194676594015305,0.9607049122769727
FBXO24,O75426,F-box only protein 24 OS=Homo sapiens OX=9606 GN=FBXO24 PE=1 SV=2,19.520981141566914,18.787269870127705,0.7337112714392084,0.009130807086030646,2.697572409599606,0.6965102011711923,0.043943733196516066
DNAH17,Q9UFH2,Dynein axonemal heavy chain 17 OS=Homo sapiens OX=9606 GN=DNAH17 PE=1 SV=3,19.551764953735532,18.43261871552606,1.1191462382094706,0.07019088059616205,1.8446902791998645,0.47629698201678566,0.1917908624179865
ERVK-19,O71037,Endogenous retrovirus group K member 19 Env polyprotein OS=Homo sapiens OX=9606 GN=ERVK-19 PE=1 SV=2,18.150123416148272,19.120265893732334,-0.9701424775840621,0.05477525426197431,-1.960258102516055,-0.5061364656875221,0.15922806576519177
FRMPD3,Q5JV73,FERM and PDZ domain-containing protein 3 OS=Homo sapiens OX=9606 GN=FRMPD3 PE=1 SV=3,21.59001308883339,21.16321402312358,0.42679906570981174,0.13866474515061233,1.501447550201464,0.3876720904756129,0.2997190488804959
TRAPPC10,P48553,Trafficking protein particle complex subunit 10 OS=Homo sapiens OX=9606 GN=TRAPPC10 PE=1 SV=2,19.123870440461168,19.699190297957404,-0.5753198574962362,0.04733460549204547,-2.026362637308257,-0.5232045831781214,0.1441759589843756
GCC2,Q8IWJ2,GRIP and coiled-coil domain-containing protein 2 OS=Homo sapiens OX=9606 GN=GCC2 PE=1 SV=4,22.65678309500381,22.231564747268532,0.425218347735278,0.0012890978256396293,3.383230862719835,0.8735464525125914,0.010270746260345544
HARBI1,E9PQI1,Harbinger transposase derived 1 (Fragment) OS=Homo sapiens OX=9606 GN=HARBI1 PE=1 SV=8,19.24237917509946,22.02017904607822,-2.7777998709787575,1.0194126677279605e-06,-5.464876814491243,-1.4110251261066415,2.5373818432666266e-05
FGF2,A0A0A0MQV6,Fibroblast growth factor OS=Homo sapiens OX=9606 GN=FGF2 PE=1 SV=1,17.732149854856168,16.55316965151264,1.178980203343528,2.0111541820148258e-07,5.897368370378731,1.5226939656618133,6.9647143738035166e-06
IREB2,H0YLE0,Iron responsive element binding protein 2 (Fragment) OS=Homo sapiens OX=9606 GN=IREB2 PE=1 SV=1,20.017547846314514,20.04046425548295,-0.022916409168434626,0.9361887387708745,-0.08040905804050061,-0.020761529511672303,0.9696022386733474
RPL10A,P62906,Large ribosomal subunit protein uL1 OS=Homo sapiens OX=9606 GN=RPL10A PE=1 SV=2,19.063415774975333,17.874530888647403,1.18888488632793,0.0005033323768474598,3.68587316865257,0.9516883598949443,0.0050384103580248425
SYNE1,Q8NF91,Nesprin-1 OS=Homo sapiens OX=9606 GN=SYNE1 PE=1 SV=4,19.53279398409478,20.22328035504349,-0.6904863709487081,0.05358747219508459,-1.9702719235762822,-0.5087220231673996,0.15749971071359734
G3BP2,Q9UN86,Ras GTPase-activating protein-binding protein 2 OS=Homo sapiens OX=9606 GN=G3BP2 PE=1 SV=2,24.72959368107606,25.084680995824964,-0.35508731474890354,0.4950279287581243,-0.6866685116168723,-0.17729704732381202,0.6672255455373771
ZNF491,Q8N8L2,Zinc finger protein 491 OS=Homo sapiens OX=9606 GN=ZNF491 PE=1 SV=1,17.491036485401285,19.652845061090407,-2.161808575689122,3.989675472564597e-09,-6.920238634523238,-1.7867979322193106,1.9259251599380006e-07
PARP6,Q2NL67,Protein mono-ADP-ribosyltransferase PARP6 OS=Homo sapiens OX=9606 GN=PARP6 PE=1 SV=1,20.975077941807495,19.486877126102357,1.488200815705138,5.3609035673586495e-05,4.361772115034741,1.1262047174320968,0.0007834788424589292
CLMN,Q96JQ2,Calmin OS=Homo sapiens OX=9606 GN=CLMN PE=1 SV=1,19.717339861583653,20.156494745841812,-0.4391548842581585,0.1596169330364862,-1.4246507600005842,-0.36784324450960015,0.32976666616866795
ALDH3B1,P43353,Aldehyde dehydrogenase family 3 member B1 OS=Homo sapiens OX=9606 GN=ALDH3B1 PE=1 SV=1,25.38031616213205,25.424681433624844,-0.04436527149279357,0.6780095811736492,-0.4172863409619109,-0.10774286994302074,0.8048206131219249
XPA,P23025,DNA repair protein complementing XP-A cells OS=Homo sapiens OX=9606 GN=XPA PE=1 SV=1,22.326974126458577,22.307577621292193,0.019396505166383804,0.8791984101200376,0.15265725159799093,0.0394159328744543,0.9353555460938878
PARP14,Q460N5,Protein mono-ADP-ribosyltransferase PARP14 OS=Homo sapiens OX=9606 GN=PARP14 PE=1 SV=3,23.898967083177137,23.903519341701717,-0.004552258524579855,0.9708839799772924,-0.03665749186537294,-0.009464923700554885,0.9863636352702977
OR5K2,Q8NHB8,Olfactory receptor 5K2 OS=Homo sapiens OX=9606 GN=OR5K2 PE=1 SV=3,23.69530617951484,23.826908763676336,-0.13160258416149517,0.3955507358837983,-0.8559447698859772,-0.22100398926944861,0.5808315805548186
CTSV,A0A7P0T8X8,Cathepsin V OS=Homo sapiens OX=9606 GN=CTSV PE=1 SV=1,21.840817885160227,21.121551276966763,0.7192666081934647,0.0020925703865905245,3.221500902268413,0.8317879562851821,0.014749843477162412
RASGRP4,Q8TDF6,RAS guanyl-releasing protein 4 OS=Homo sapiens OX=9606 GN=RASGRP4 PE=1 SV=2,16.90880029669196,15.776626938092198,1.132173358599763,0.00021492875380334947,3.9490931920541144,1.019651477696445,0.0025798239855672356
TCF7,P36402,Transcription factor 7 OS=Homo sapiens OX=9606 GN=TCF7 PE=1 SV=3,22.580098795099463,22.495626862545336,0.084471932554127,0.5719514788642829,0.568409109137659,0.1467626009015165,0.7260169022391366
CCDC144A,A0A8V8TL21,Coiled-coil domain containing 144A OS=Homo sapiens OX=9606 GN=CCDC144A PE=1 SV=1,23.78327580770334,24.012433217986928,-0.22915741028358738,0.26662721909042336,-1.1216652005697134,-0.2896127094551268,0.45719823467281423
TRIM6,E9PFM0,Tripartite motif containing 6 OS=Homo sapiens OX=9606 GN=TRIM6 PE=1 SV=1,23.297164463991756,23.505162348666058,-0.20799788467430247,0.4510791851894912,-0.7587422752179641,-0.1959064130655133,0.6314315834858167
SERF2,F8WBV6,Small EDRK-rich factor 2 OS=Homo sapiens OX=9606 GN=SERF2 PE=1 SV=1,17.491480133307313,17.657142863374606,-0.16566273006729304,0.5929978082605611,-0.5374720736023945,-0.1387746926742427,0.7420624576269237
MYBL1,P10243,Myb-related protein A OS=Homo sapiens OX=9606 GN=MYBL1 PE=1 SV=2,26.561989827644855,26.56557890640632,-0.003589078761464748,0.985054424704679,-0.018813539188620405,-0.004857634930716496,0.9931593028826289
PALMD,Q9NP74,Palmdelphin OS=Homo sapiens OX=9606 GN=PALMD PE=1 SV=1,21.310320760157857,21.61899068090161,-0.3086699207437533,0.015246803542086365,-2.5005782358370974,-0.6456465242190533,0.0628057465824313
BEND5,Q7L4P6,BEN domain-containing protein 5 OS=Homo sapiens OX=9606 GN=BEND5 PE=1 SV=1,20.825077539859368,20.024315484180764,0.8007620556786037,0.016170450686440817,2.4773746778050088,0.6396553912969842,0.06537951254695487
ZNF528,Q3MIS6,Zinc finger protein 528 OS=Homo sapiens OX=9606 GN=ZNF528 PE=1 SV=1,22.37582907178398,22.118477394932697,0.25735167685128246,0.1402768890740213,1.4952262443721245,0.38606575621769995,0.30080684136581193
MID1,A0A6Q8PF94,E3 ubiquitin-protein ligase Midline-1 OS=Homo sapiens OX=9606 GN=MID1 PE=1 SV=1,19.558010241386537,18.611245329938203,0.9467649114483336,0.0008948778988654483,3.502337442710368,0.9042996392277286,0.00766419619834763
DCAF13,A0A087WT20,DDB1- and CUL4-associated factor 13 OS=Homo sapiens OX=9606 GN=DCAF13 PE=1 SV=1,23.978626138812796,23.780685694764426,0.19794044404837052,0.27499405929697734,1.1020454930595933,0.28454692275884974,0.46751924915697424
RASAL3,Q86YV0,RAS protein activator like-3 OS=Homo sapiens OX=9606 GN=RASAL3 PE=1 SV=2,18.64524409440328,18.40131391582727,0.2439301785760115,0.260747456644416,1.1357142442484038,0.29324015693497407,0.45377236574648794
SAFB2,Q14151,Scaffold attachment factor B2 OS=Homo sapiens OX=9606 GN=SAFB2 PE=1 SV=1,23.707202523005645,23.693957176830065,0.013245346175580153,0.8677974153029817,0.16719598993522833,0.04316981897145348,0.9280344632611927
IGHE,P01854,Immunoglobulin heavy constant epsilon OS=Homo sapiens OX=9606 GN=IGHE PE=1 SV=2,23.603302760262057,24.11806096225495,-0.514758201992894,0.17521686420211574,-1.3724204243765772,-0.35435742984035995,0.35109492411820176
IZUMO3,Q5VZ72,Izumo sperm-egg fusion protein 3 OS=Homo sapiens OX=9606 GN=IZUMO3 PE=1 SV=4,25.446669300004924,25.621462150482994,-0.17479285047807025,0.22278247888982805,-1.2323722697134587,-0.3181971517952041,0.4093338971989574
OVCH2,A0A087X1V8,Ovochymase 2 OS=Homo sapiens OX=9606 GN=OVCH2 PE=1 SV=2,17.861100424618947,18.17660310922131,-0.3155026846023645,0.41688128174146644,-0.8176890394236733,-0.21112640213761513,0.5992238844228949
RYR3,Q15413,Ryanodine receptor 3 OS=Homo sapiens OX=9606 GN=RYR3 PE=1 SV=3,22.83982435870491,22.738781977519523,0.10104238118538689,0.6610861832886139,0.44067538780006693,0.11378189586887695,0.7927869549733184
ATP2A2,P16615,Sarcoplasmic/endoplasmic reticulum calcium ATPase 2 OS=Homo sapiens OX=9606 GN=ATP2A2 PE=1 SV=1,25.82577845266679,26.161599129597903,-0.33582067693111384,0.00846692647538331,-2.725835448620694,-0.7038076864673181,0.04150096577010958
RAPGEF4,Q8WZA2,Rap guanine nucleotide exchange factor 4 OS=Homo sapiens OX=9606 GN=RAPGEF4 PE=1 SV=1,24.21985489716802,23.989764819129334,0.23009007803868542,0.445049499038636,0.7689390505132093,0.1985392091257469,0.626260685265209
CUL4B,Q13620,Cullin-4B OS=Homo sapiens OX=9606 GN=CUL4B PE=1 SV=4,27.674745252853352,28.03313608125214,-0.35839082839878955,0.3432007156329214,-0.9556793638952601,-0.24675535071202934,0.5337464893463255
FSTL1,Q12841,Follistatin-related protein 1 OS=Homo sapiens OX=9606 GN=FSTL1 PE=1 SV=1,18.03664944180792,17.515369323048944,0.5212801187589768,0.22688611918665147,1.221373404750818,0.31535725707337126,0.4140086917117249
COG2,Q14746,Conserved oligomeric Golgi complex subunit 2 OS=Homo sapiens OX=9606 GN=COG2 PE=1 SV=1,19.258168746336107,18.431806880675637,0.8263618656604699,0.027885685611163103,2.2555643507800407,0.5823842111246827,0.09741953104427267
PCMT1,F6S8N6,Protein-L-isoaspartate(D-aspartate) O-methyltransferase OS=Homo sapiens OX=9606 GN=PCMT1 PE=1 SV=1,18.634433514865574,16.95080336291122,1.683630151954354,5.860908054282225e-11,8.011408205174511,2.068536703887356,4.668213265235793e-09
DYSF,O75923,Dysferlin OS=Homo sapiens OX=9606 GN=DYSF PE=1 SV=1,20.071824542147574,19.760792120745556,0.31103242140201814,0.22468611567529617,1.2272517020288247,0.31687502690415636,0.41114392721453513
BUD13,Q9BRD0,BUD13 homolog OS=Homo sapiens OX=9606 GN=BUD13 PE=1 SV=1,24.08681847152684,23.140921010051464,0.9458974614753757,0.23898641219445219,1.1897648287511613,0.30719595784377113,0.432619721165639
PRDM16,Q9HAZ2,Histone-lysine N-methyltransferase PRDM16 OS=Homo sapiens OX=9606 GN=PRDM16 PE=1 SV=3,19.52868128239732,19.53006028219909,-0.0013789998017728067,0.9961777441962938,-0.004811198306695482,-0.001242246061142195,0.9978028271057757
ZSWIM8,A7E2V4,Zinc finger SWIM domain-containing protein 8 OS=Homo sapiens OX=9606 GN=ZSWIM8 PE=1 SV=1,20.300333836810694,19.55081154472787,0.7495222920828226,0.004103884775963545,2.988672049838685,0.7716718050867206,0.025047848460191292
CCDC40,Q4G0X9,Coiled-coil domain-containing protein 40 OS=Homo sapiens OX=9606 GN=CCDC40 PE=1 SV=2,27.666711083269245,27.85858347058217,-0.19187238731292666,0.011738927659427419,-2.6021732401999116,-0.6718782415493899,0.0520894478035317
CEP192,Q8TEP8,Centrosomal protein of 192 kDa OS=Homo sapiens OX=9606 GN=CEP192 PE=1 SV=3,24.242824675644254,24.165851894598124,0.07697278104613048,0.7359228377341276,0.33888152915449066,0.08749883458350971,0.8470556940104518
GJC1,P36383,Gap junction gamma-1 protein OS=Homo sapiens OX=9606 GN=GJC1 PE=1 SV=2,19.4731449556806,19.38457388861239,0.08857106706820872,0.7581594683261808,0.3093558896708221,0.07987534724975155,0.8632938048917841
DYNC2H1,Q8NCM8,Cytoplasmic dynein 2 heavy chain 1 OS=Homo sapiens OX=9606 GN=DYNC2H1 PE=1 SV=4,25.307213110336413,25.488307148135366,-0.18109403779895317,0.11161788701391578,-1.6155547247397746,-0.41713443625359026,0.26071450735068596
SNX30,Q5VWJ9,Sorting nexin-30 OS=Homo sapiens OX=9606 GN=SNX30 PE=1 SV=1,20.57014751389037,20.385427994955986,0.18471951893438288,0.1967821642181612,1.3057823911343425,0.3371515636422805,0.3776795031319648
PRPS1,P60891,Ribose-phosphate pyrophosphokinase 1 OS=Homo sapiens OX=9606 GN=PRPS1 PE=1 SV=2,21.083298942638542,21.740694636728026,-0.6573956940894838,0.021461807723297182,-2.36375322378628,-0.6103184580178904,0.08025506972585073
CD6,P30203,T-cell differentiation antigen CD6 OS=Homo sapiens OX=9606 GN=CD6 PE=1 SV=3,19.42693293437271,19.036575292984033,0.3903576413886789,0.27305012297818243,1.1065660897959806,0.2857141358171796,0.4652073218227215
TRIM36,E9PBG3,RING-type E3 ubiquitin transferase OS=Homo sapiens OX=9606 GN=TRIM36 PE=1 SV=1,23.00186626888407,22.81042503585653,0.19144123302753968,0.19173204487336734,1.3208718736861689,0.34104765128402126,0.3733852658719733
ASXL2,Q76L83,Putative Polycomb group protein ASXL2 OS=Homo sapiens OX=9606 GN=ASXL2 PE=1 SV=1,18.956459864322273,19.321863708452845,-0.36540384413057225,0.21210621333999394,-1.261703221936313,-0.325770371094372,0.39518736590714654
CCDC7,Q96M83,Coiled-coil domain-containing protein 7 OS=Homo sapiens OX=9606 GN=CCDC7 PE=1 SV=3,24.00527917031569,23.711715231639506,0.2935639386761828,0.14418881000760528,1.480361178827875,0.382227612798156,0.30666592034995355
LYST,Q99698,Lysosomal-trafficking regulator OS=Homo sapiens OX=9606 GN=LYST PE=1 SV=3,22.19888530547339,20.908146046127932,1.2907392593454574,0.0008703037204752986,3.511333906535851,0.9066225161991189,0.0075009746569544705
CFAP46,Q8IYW2,Cilia- and flagella-associated protein 46 OS=Homo sapiens OX=9606 GN=CFAP46 PE=1 SV=3,27.23970235784492,27.10792862989005,0.13177372795486875,0.47002582654741887,0.7272046357813046,0.18776342957772152,0.6488311453119916
RAG1,P15918,V(D)J recombination-activating protein 1 OS=Homo sapiens OX=9606 GN=RAG1 PE=1 SV=2,22.96190035532011,23.554023050862444,-0.5921226955423329,0.008385290747080202,-2.729450121158344,-0.704740990903339,0.041227679506477655
SCN8A,Q9UQD0,Sodium channel protein type 8 subunit alpha OS=Homo sapiens OX=9606 GN=SCN8A PE=1 SV=1,20.271487123973596,19.98280776860139,0.28867935537220646,0.31823110067661664,1.0067616801968042,0.25994474806680135,0.5127643683707095
SYBU,A0A0C4DG86,Syntabulin OS=Homo sapiens OX=9606 GN=SYBU PE=1 SV=1,19.687466671476873,19.55166926705115,0.1357974044257233,0.6992111657104441,0.3883061441909175,0.10026021531209596,0.8220246398352306
GP2,P55259,Pancreatic secretory granule membrane major glycoprotein GP2 OS=Homo sapiens OX=9606 GN=GP2 PE=1 SV=3,24.260491101587952,23.991462906682482,0.26902819490547003,0.0032128605109696356,3.074453960599295,0.7938205992055001,0.020720999165889188
GCOM1,H8Y6P7,"GCOM1, MYZAP-POLR2M combined locus OS=Homo sapiens OX=9606 GN=GCOM1 PE=2 SV=1",20.5737187804443,21.708078353033024,-1.1343595725887248,0.0015102708034494298,-3.330847821329008,-0.8600212093839001,0.011413678513575127
APRT,P07741,Adenine phosphoribosyltransferase OS=Homo sapiens OX=9606 GN=APRT PE=1 SV=2,19.17802855912889,19.491269050413074,-0.3132404912841835,0.0978674168580261,-1.682403166393926,-0.43439462967002,0.24022002319697316
ZMYM2,Q9UBW7,Zinc finger MYM-type protein 2 OS=Homo sapiens OX=9606 GN=ZMYM2 PE=1 SV=1,18.89610912467822,18.611582516313543,0.2845266083646756,0.4150852464555834,0.8208634311291888,0.21194602655160183,0.598677074280177
MYOZ2,Q9NPC6,Myozenin-2 OS=Homo sapiens OX=9606 GN=MYOZ2 PE=1 SV=1,24.94133442419636,24.699044853291916,0.24228957090444325,0.09288819280333085,1.7085131244630227,0.4411361918548057,0.23120451739954073
UVRAG,Q9P2Y5,UV radiation resistance-associated gene protein OS=Homo sapiens OX=9606 GN=UVRAG PE=1 SV=1,22.34528881079519,22.028044756964427,0.3172440538307626,0.14048982421604775,1.49440874850876,0.38585467969340637,0.30080684136581193
SPART-AS1,P0CW21,Putative uncharacterized protein SPART-AS1 OS=Homo sapiens OX=9606 GN=SPART-AS1 PE=5 SV=1,22.005666647377527,22.097891647786632,-0.09222500040910475,0.3943407935832608,-0.8581524155139078,-0.22157400091953544,0.5800598832549266
SHISA7,A6NL88,Protein shisa-7 OS=Homo sapiens OX=9606 GN=SHISA7 PE=1 SV=3,27.1464631694583,26.880423438649196,0.2660397308091049,0.15454825660989965,1.4424710863505665,0.37244443298809765,0.3226675921095284
TTLL11,Q8NHH1,Tubulin polyglutamylase TTLL11 OS=Homo sapiens OX=9606 GN=TTLL11 PE=1 SV=3,21.09504218706035,21.562433667816233,-0.4673914807558823,0.0031846812279083202,-3.077515367936946,-0.7946110511811455,0.020706927330848793
FAM184A,Q8NB25,Protein FAM184A OS=Homo sapiens OX=9606 GN=FAM184A PE=1 SV=3,18.076293247096213,17.07626362505147,1.0000296220447424,0.00010041564244227414,4.177533260391237,1.0786344497148557,0.0013220009785995263
DDX46,A0A0C4DG89,RNA helicase OS=Homo sapiens OX=9606 GN=DDX46 PE=1 SV=1,25.380254263142113,25.303248370964262,0.07700589217785136,0.3519366859069607,0.9383876351651175,0.24229064555209742,0.5416764643959308
MAST2,Q6P0Q8,Microtubule-associated serine/threonine-protein kinase 2 OS=Homo sapiens OX=9606 GN=MAST2 PE=1 SV=2,24.484766042681585,23.78707445061305,0.6976915920685336,0.19251489714935663,1.3185132951631295,0.34043866892799096,0.3736968562953129
ALDH9A1,P49189,4-trimethylaminobutyraldehyde dehydrogenase OS=Homo sapiens OX=9606 GN=ALDH9A1 PE=1 SV=3,18.43208471588577,17.883957078166006,0.5481276377197659,0.09261639450419723,1.709971222931802,0.44151267126058663,0.23120451739954073
EXOC5,O00471,Exocyst complex component 5 OS=Homo sapiens OX=9606 GN=EXOC5 PE=1 SV=1,17.517934856287134,19.25651344898357,-1.7385785926964346,0.04632179374907063,-2.0360420751850374,-0.5257038032912825,0.14217845364599135
KMT2A,Q03164,Histone-lysine N-methyltransferase 2A OS=Homo sapiens OX=9606 GN=KMT2A PE=1 SV=5,25.077750892132077,25.070471393087633,0.0072794990444435825,0.9239170907773524,0.09591706172274747,0.024765678844623325,0.9607049122769727
ZNF385A,Q96PM9,Zinc finger protein 385A OS=Homo sapiens OX=9606 GN=ZNF385A PE=1 SV=2,20.2840229264201,20.16230662734352,0.12171629907658144,0.6150114585046833,0.5056604398259088,0.13056096415211083,0.758291991794087
WDR17,Q8IZU2,WD repeat-containing protein 17 OS=Homo sapiens OX=9606 GN=WDR17 PE=1 SV=2,20.928589534569344,20.7690285360457,0.15956099852364503,0.5717577788684274,0.5686963635658998,0.14683676967596324,0.7260169022391366
TRIM22,Q8IYM9,E3 ubiquitin-protein ligase TRIM22 OS=Homo sapiens OX=9606 GN=TRIM22 PE=1 SV=1,22.759603928510995,16.891513017783282,5.868090910727712,2.8511067439614456e-25,17.880481341955146,4.616720430637647,1.5139376810435277e-22
HLA-DPB1,A0A140T9Q1,"Major histocompatibility complex, class II, DP beta 1 (Fragment) OS=Homo sapiens OX=9606 GN=HLA-DPB1 PE=1 SV=1",23.120833662008454,22.896794391090626,0.22403927091782805,0.3374998976552581,0.9671193782267878,0.2497091497111214,0.5281309793367645
DKK2,Q9UBU2,Dickkopf-related protein 2 OS=Homo sapiens OX=9606 GN=DKK2 PE=1 SV=1,25.454403872789783,25.02983665313727,0.42456721965251276,0.1450986927333083,1.4769492691796093,0.3813466615150562,0.3073699701119151
CEP126,Q9P2H0,Centrosomal protein of 126 kDa OS=Homo sapiens OX=9606 GN=CEP126 PE=1 SV=4,20.4291851058307,20.38218264040305,0.0470024654276493,0.7655751399382378,0.2995712751207969,0.07734897063633112,0.8681349251888905
OSBPL8,F8VZ43,Oxysterol binding protein like 8 (Fragment) OS=Homo sapiens OX=9606 GN=OSBPL8 PE=1 SV=1,17.585341803490135,18.644302749794097,-1.0589609463039622,0.0013185707799324715,-3.3757798908807533,-0.8716226198562033,0.010450165434987198
PLEKHO2,Q8TD55,Pleckstrin homology domain-containing family O member 2 OS=Homo sapiens OX=9606 GN=PLEKHO2 PE=1 SV=1,18.458779083490878,18.521009955429463,-0.0622308719385849,0.791361227095375,-0.2657668194613243,-0.06862069771654815,0.8791711498586963
RS1,O15537,Retinoschisin OS=Homo sapiens OX=9606 GN=RS1 PE=1 SV=2,21.243877200612484,21.582497575625005,-0.3386203750125212,0.026942080288237816,-2.2699699762493863,-0.5861037276269812,0.09537496422036186
SLC25A51,Q9H1U9,Mitochondrial nicotinamide adenine dinucleotide transporter SLC25A51 OS=Homo sapiens OX=9606 GN=SLC25A51 PE=1 SV=1,18.624506003991467,18.432096318876173,0.19240968511529388,0.3890573767336901,0.8678421448430022,0.22407587827425818,0.5759533975550136
LMBR1,F8WDW0,Limb development membrane protein 1 OS=Homo sapiens OX=9606 GN=LMBR1 PE=1 SV=1,23.035292552707446,22.970549198813398,0.06474335389404828,0.6752959164918635,0.4210208872746074,0.10870712565466831,0.8021971625440257
FAXDC2,Q96IV6,Fatty acid hydroxylase domain-containing protein 2 OS=Homo sapiens OX=9606 GN=FAXDC2 PE=1 SV=1,17.82338005277232,15.305267524226053,2.518112528546265,4.644676769945213e-07,5.675295714690215,1.4653550525198349,1.3452672899132227e-05
GALNT15,Q8N3T1,Polypeptide N-acetylgalactosaminyltransferase 15 OS=Homo sapiens OX=9606 GN=GALNT15 PE=1 SV=2,25.84543538985643,26.28880005015375,-0.4433646602973198,0.012448301312540044,-2.5795882581510288,-0.666046824259409,0.05447841755735245
PHLDA1,Q8WV24,Pleckstrin homology-like domain family A member 1 OS=Homo sapiens OX=9606 GN=PHLDA1 PE=1 SV=4,21.629826028024443,22.749491132723254,-1.1196651046988109,1.0853288694326719e-10,-7.8518444584260845,-2.0273375216330147,7.85876767730112e-09
ERI2,A8K979,ERI1 exoribonuclease 2 OS=Homo sapiens OX=9606 GN=ERI2 PE=1 SV=2,23.756333908705514,23.8143202868976,-0.057986378192087074,0.7640825156874576,-0.30153834887596626,-0.07785686689596662,0.867557696001511
DNAH11,Q96DT5,Dynein axonemal heavy chain 11 OS=Homo sapiens OX=9606 GN=DNAH11 PE=1 SV=4,18.574388668321046,22.49919173650026,-3.924803068179216,4.605877715710361e-19,-13.159946680307215,-3.397883621987162,1.2228605335211008e-16
LRRC9,H3BUS4,Leucine rich repeat containing 9 OS=Homo sapiens OX=9606 GN=LRRC9 PE=4 SV=2,22.157984885699047,21.05496325087849,1.103021634820557,1.0753110523215654e-06,5.450513176366508,1.4073164506901052,2.5954098581034147e-05
HTR7,P34969,5-hydroxytryptamine receptor 7 OS=Homo sapiens OX=9606 GN=HTR7 PE=1 SV=2,19.099834029205553,18.494253637131084,0.6055803920744687,0.05632502024644478,1.9474681620109162,0.5028341172491629,0.16284166470523873
DDX55,Q8NHQ9,ATP-dependent RNA helicase DDX55 OS=Homo sapiens OX=9606 GN=DDX55 PE=1 SV=3,26.406575611985275,26.34962687544256,0.05694873654271504,0.6952415478533267,0.39370631703712916,0.10165453394543059,0.8185659909315222
STXBP5,Q5T5C0,Syntaxin-binding protein 5 OS=Homo sapiens OX=9606 GN=STXBP5 PE=1 SV=1,22.867438830785392,22.5867602487754,0.28067858200999396,0.15039870545881825,1.4574022384510834,0.3762996398830971,0.3156589430775988
CDADC1,Q9BWV3,Cytidine and dCMP deaminase domain-containing protein 1 OS=Homo sapiens OX=9606 GN=CDADC1 PE=1 SV=1,27.395031836531313,27.213512555437987,0.18151928109332616,0.1772548372858617,1.3658642478333827,0.3526646323359207,0.3525989316230955
FARP2,O94887,"FERM, ARHGEF and pleckstrin domain-containing protein 2 OS=Homo sapiens OX=9606 GN=FARP2 PE=1 SV=3",24.19463149486608,24.271314685105427,-0.076683190239347,0.39862956136025374,-0.8503459854907862,-0.21955838935467656,0.583655230925445
SKP2,D6RHY6,S-phase kinase associated protein 2 OS=Homo sapiens OX=9606 GN=SKP2 PE=1 SV=1,22.663872014063728,21.798722105233658,0.8651499088300696,0.01377334999368706,2.5403656837599344,0.655919599098603,0.0588229129757198
FAHD1,Q6P587,"Oxaloacetate tautomerase FAHD1, mitochondrial OS=Homo sapiens OX=9606 GN=FAHD1 PE=1 SV=3",29.654314070500448,29.687865923512344,-0.03355185301189678,0.8912536807401565,-0.13731971333197737,-0.035455797522715,0.9421148728726406
RIOK2,Q9BVS4,Serine/threonine-protein kinase RIO2 OS=Homo sapiens OX=9606 GN=RIOK2 PE=1 SV=2,22.810175165883972,21.99300704618131,0.8171681197026608,0.0002983219045301541,3.8487317676317376,0.9937382693371436,0.0032328353327655476
SETD1A,O15047,Histone-lysine N-methyltransferase SETD1A OS=Homo sapiens OX=9606 GN=SETD1A PE=1 SV=3,22.588678613075892,22.780033666510406,-0.19135505343451342,0.22426333461500286,-1.2283861779515661,-0.31716794732785303,0.41114392721453513
TEX14,Q8IWB6,Inactive serine/threonine-protein kinase TEX14 OS=Homo sapiens OX=9606 GN=TEX14 PE=1 SV=2,19.466216819088725,19.59125573658098,-0.1250389174922546,0.7774086223229844,-0.28401727257576365,-0.07333294444807902,0.8733511532866813
GTPBP4,Q9BZE4,GTP-binding protein 4 OS=Homo sapiens OX=9606 GN=GTPBP4 PE=1 SV=3,19.23389411375156,19.480261954764917,-0.24636784101335607,0.3686288657648501,-0.906105712325258,-0.23395548891594223,0.5602544822176028
NFIB,O00712,Nuclear factor 1 B-type OS=Homo sapiens OX=9606 GN=NFIB PE=1 SV=2,27.214529000894178,26.35084785425408,0.8636811466400971,8.029711370860197e-06,4.901038425755504,1.2654426801382455,0.0001541124122142204
HEXIM2,Q96MH2,Protein HEXIM2 OS=Homo sapiens OX=9606 GN=HEXIM2 PE=1 SV=1,16.280489300841975,16.766794128996256,-0.48630482815428167,0.2610128175223762,-1.1350753840741554,-0.2930752039472794,0.45377236574648794
ZKSCAN4,Q969J2,Zinc finger protein with KRAB and SCAN domains 4 OS=Homo sapiens OX=9606 GN=ZKSCAN4 PE=1 SV=1,24.060593503119712,27.985418560132384,-3.924825057012672,1.8076724383422202e-10,-7.719881291443655,-1.993264778430632,1.2520096496865899e-08
TRPM6,Q9BX84,Transient receptor potential cation channel subfamily M member 6 OS=Homo sapiens OX=9606 GN=TRPM6 PE=1 SV=2,18.331401229539754,19.05233634530289,-0.7209351157631367,0.19394814356082357,-1.314213882165933,-0.33932856526555033,0.3744623973430236
PDE6C,P51160,"Cone cGMP-specific 3',5'-cyclic phosphodiesterase subunit alpha' OS=Homo sapiens OX=9606 GN=PDE6C PE=1 SV=2",27.978450838108966,28.243504612113455,-0.26505377400448893,0.006956334949551203,-2.7985999547173726,-0.722595401154481,0.03633259532667235
PHLDB2,Q86SQ0,Pleckstrin homology-like domain family B member 2 OS=Homo sapiens OX=9606 GN=PHLDB2 PE=1 SV=2,25.877931924999935,25.65002675266868,0.22790517233125485,0.08135956385642286,1.7737169634204566,0.4579717506808678,0.21005799874113715
MED23,Q9ULK4,Mediator of RNA polymerase II transcription subunit 23 OS=Homo sapiens OX=9606 GN=MED23 PE=1 SV=2,20.078076426898505,19.662754506621003,0.4153219202775027,0.24439331464354955,1.176015330061866,0.30364585254761506,0.4387271449014868
HIP1,O00291,Huntingtin-interacting protein 1 OS=Homo sapiens OX=9606 GN=HIP1 PE=1 SV=5,23.782668915023006,23.986849234975853,-0.20418031995284736,0.049370351829608056,-2.00743547722205,-0.5183176114577958,0.14727897090742628
RALGAPA1,Q6GYQ0,Ral GTPase-activating protein subunit alpha-1 OS=Homo sapiens OX=9606 GN=RALGAPA1 PE=1 SV=1,21.37800686930086,21.208129862177465,0.1698770071233966,0.24612651282126088,1.1716543496175706,0.3025198522386889,0.4400443714077089
Unknown,A0A087WZY1,Uncharacterized protein OS=Homo sapiens OX=9606 PE=1 SV=1,20.56044267469989,20.818323233278917,-0.2578805585790285,0.45229480498658226,-0.7566961693051796,-0.19537811079052725,0.6325773699241664
ASCC3,Q8N3C0,Activating signal cointegrator 1 complex subunit 3 OS=Homo sapiens OX=9606 GN=ASCC3 PE=1 SV=3,25.273933252813208,25.089468873989173,0.18446437882403544,0.01469169157424205,2.5151419810126083,0.6494068670539309,0.061106696286599434
STRIP2,Q9ULQ0,Striatin-interacting protein 2 OS=Homo sapiens OX=9606 GN=STRIP2 PE=1 SV=2,25.45440767952011,25.70299150908955,-0.2485838295694407,0.013201818240209499,-2.556844216642998,-0.6601743379936721,0.057303805059002
CHD1,O14646,Chromodomain-helicase-DNA-binding protein 1 OS=Homo sapiens OX=9606 GN=CHD1 PE=1 SV=2,18.31352073520268,19.04432663855654,-0.7308059033538612,0.0667131814993714,-1.8687295543380267,-0.48250389616778566,0.1851185777472686
ZFYVE27,Q5T4F4,Protrudin OS=Homo sapiens OX=9606 GN=ZFYVE27 PE=1 SV=1,26.444402104526606,25.717507512404023,0.7268945921225836,2.6881259026858318e-05,4.560690822997852,1.1775653069781118,0.00045555154925303515
EMSY,Q7Z589,BRCA2-interacting transcriptional repressor EMSY OS=Homo sapiens OX=9606 GN=EMSY PE=1 SV=2,24.792146892995085,24.78143177720284,0.01071511579224449,0.9028817932285937,0.12255673645554405,0.031644013283856895,0.9493667964443233
KDM2A,Q9Y2K7,Lysine-specific demethylase 2A OS=Homo sapiens OX=9606 GN=KDM2A PE=1 SV=3,21.70894398114056,21.46975243195259,0.23919154918797148,0.30322439578036614,1.0387667806625862,0.2682084294733126,0.4954220127980752
SBNO1,A3KN83,Protein strawberry notch homolog 1 OS=Homo sapiens OX=9606 GN=SBNO1 PE=1 SV=1,22.085104901673557,22.104114644513697,-0.01900974284014012,0.9527594596334295,-0.059498669258926024,-0.015362490344088245,0.9772772683003567
ZNF43,P17038,Zinc finger protein 43 OS=Homo sapiens OX=9606 GN=ZNF43 PE=1 SV=4,20.236655060861086,20.64229783242744,-0.405642771566356,0.11590885546139931,-1.5960664306987753,-0.4121025803691381,0.26605591750721774
GTF2I,P78347,General transcription factor II-I OS=Homo sapiens OX=9606 GN=GTF2I PE=1 SV=2,26.27642732221695,25.876498850949385,0.3999284712675646,0.08472805699324813,1.7539127213675678,0.45285831737052795,0.2176964432100714
BRWD3,Q6RI45,Bromodomain and WD repeat-containing protein 3 OS=Homo sapiens OX=9606 GN=BRWD3 PE=1 SV=2,24.380099737798542,24.08370548576393,0.296394252034613,0.000847921181035625,3.5197407967554786,0.9087931659200529,0.007462643322595307
RBSN,Q9H1K0,Rabenosyn-5 OS=Homo sapiens OX=9606 GN=RBSN PE=1 SV=2,22.736177155155612,22.971344348832684,-0.2351671936770714,0.16257884882779988,-1.4144398509615186,-0.36520679913240417,0.3321454192382443
ZNF596,Q8TC21,Zinc finger protein 596 OS=Homo sapiens OX=9606 GN=ZNF596 PE=1 SV=2,19.87169132992175,22.340358276468308,-2.468666946546559,3.1397049880125643e-07,-5.779422233170594,-1.492240403984706,9.618365472892337e-06
DAB2IP,A0A3B3ITG3,DAB2 interacting protein OS=Homo sapiens OX=9606 GN=DAB2IP PE=1 SV=1,22.19851298604852,23.052587873504994,-0.8540748874564734,0.17981977341066224,-1.3576941919743954,-0.3505551329839579,0.35540061916027915
TET1,Q8NFU7,Methylcytosine dioxygenase TET1 OS=Homo sapiens OX=9606 GN=TET1 PE=1 SV=2,25.0825116713606,25.177098041927213,-0.09458637056661345,0.5504670129011531,-0.6005686320826947,-0.15506615402072307,0.710589866368092
CFAP58,Q5T655,Cilia- and flagella-associated protein 58 OS=Homo sapiens OX=9606 GN=CFAP58 PE=1 SV=1,22.287538617700275,22.05730353945977,0.23023507824050427,0.10736245409274194,1.6354901334168535,0.42228173664066804,0.2566098829892663
CCNB3,Q8WWL7,G2/mitotic-specific cyclin-B3 OS=Homo sapiens OX=9606 GN=CCNB3 PE=1 SV=2,23.449496689683652,23.36784362362322,0.08165306606043288,0.5792258133249917,0.5576553702452957,0.1439859974588774,0.7328885787344811
CHD2,O14647,Chromodomain-helicase-DNA-binding protein 2 OS=Homo sapiens OX=9606 GN=CHD2 PE=1 SV=2,22.423413274600886,22.954666243902984,-0.5312529693020984,0.16646934082037695,-1.4012442466390673,-0.3617997087468044,0.3382470152128323
PROB1,E7EW31,Proline-rich basic protein 1 OS=Homo sapiens OX=9606 GN=PROB1 PE=1 SV=2,22.59988941866635,21.289847286362754,1.3100421323035967,0.027660560800646862,2.258961599984598,0.5832613770974938,0.09726991910691048
INTS6,Q9UL03,Integrator complex subunit 6 OS=Homo sapiens OX=9606 GN=INTS6 PE=1 SV=1,20.306096476408882,21.082127192189102,-0.7760307157802195,0.016634839779351263,-2.4661567269243716,-0.6367589288343656,0.06658115519725266
SLC28A1,O00337,Sodium/nucleoside cotransporter 1 OS=Homo sapiens OX=9606 GN=SLC28A1 PE=1 SV=2,23.525304556152175,23.529616439648237,-0.004311883496061597,0.9814187086934123,-0.023390956487858126,-0.0060395189952891235,0.9931593028826289
BNC2,Q6ZN30,Zinc finger protein basonuclin-2 OS=Homo sapiens OX=9606 GN=BNC2 PE=1 SV=1,28.207843651622156,28.35381474974229,-0.14597109812013542,0.36638490702339377,-0.9103900069168711,-0.23506168902284647,0.5590528322684544
DST,Q03001,Dystonin OS=Homo sapiens OX=9606 GN=DST PE=1 SV=4,25.634275954433154,25.89282886469687,-0.25855291026371674,0.16870174648093617,-1.3937796091425279,-0.35987234763283293,0.3414763432581084
BROX,Q5VW32,BRO1 domain-containing protein BROX OS=Homo sapiens OX=9606 GN=BROX PE=1 SV=1,18.730163867964315,21.74577563110518,-3.015611763140864,1.7409572164365298e-06,-5.3203998889898925,-1.3737213443481096,3.906119501103369e-05
ZFC3H1,O60293,Zinc finger C3H1 domain-containing protein OS=Homo sapiens OX=9606 GN=ZFC3H1 PE=1 SV=3,25.829707176971475,25.53215051700948,0.29755665996199454,0.0113444699251662,2.6152750009418235,0.6752611016266846,0.05119473255181234
NWD1,Q149M9,NACHT domain- and WD repeat-containing protein 1 OS=Homo sapiens OX=9606 GN=NWD1 PE=1 SV=3,18.138082876815428,17.370608302003873,0.7674745748115548,0.004686265317792411,2.9415614247529205,0.7595078939942814,0.027345130590634835
ATF6B,H0Y7D7,Activating transcription factor 6 beta OS=Homo sapiens OX=9606 GN=ATF6B PE=1 SV=2,19.289225485259855,20.335185468537965,-1.0459599832781095,0.04678666137534185,-2.0315768853762375,-0.5245508962401401,0.14305403372537343
PLEKHA7,Q6IQ23,Pleckstrin homology domain-containing family A member 7 OS=Homo sapiens OX=9606 GN=PLEKHA7 PE=1 SV=2,27.026163168043308,27.099293599348734,-0.07313043130542596,0.8544410763179636,-0.18427427898848495,-0.04757941424378544,0.9203006318962245
SPART,Q8N0X7,Spartin OS=Homo sapiens OX=9606 GN=SPART PE=1 SV=1,19.88359054792583,20.019501067004665,-0.1359105190788341,0.5872406829135342,-0.5458819100534604,-0.14094610310886316,0.7377558421776498
MTCL2,O94964,Microtubule cross-linking factor 2 OS=Homo sapiens OX=9606 GN=MTCL2 PE=1 SV=3,19.412943679551876,20.695926823961205,-1.2829831444093287,0.26707014807018786,-1.120615777609601,-0.28934174961195064,0.4574653181460315
HOOK1,Q9UJC3,Protein Hook homolog 1 OS=Homo sapiens OX=9606 GN=HOOK1 PE=1 SV=2,20.188109056637224,18.1258071350021,2.0623019216351253,1.768475196880566e-17,12.083511970670202,3.1199493750735776,3.1302010984786017e-15
POLR2B,P30876,DNA-directed RNA polymerase II subunit RPB2 OS=Homo sapiens OX=9606 GN=POLR2B PE=1 SV=1,18.477383106286542,20.905452302456055,-2.4280691961695133,5.329983418922811e-24,-16.83879002976514,-4.347756890370926,2.1226658965860092e-21
NPIPB11,E5RHQ5,Nuclear pore complex-interacting protein family member B11 OS=Homo sapiens OX=9606 GN=NPIPB11 PE=3 SV=1,19.422981475429467,18.584554045946508,0.8384274294829588,0.0022891370136408715,3.1910302557337284,0.8239204691800484,0.015923996780479947
RSPH3,Q86UC2,Radial spoke head protein 3 homolog OS=Homo sapiens OX=9606 GN=RSPH3 PE=1 SV=1,25.76606554248832,25.74624018912827,0.019825353360051423,0.9298052033179316,0.08847340483533837,0.022843734900635484,0.9649379080687069
FNDC1,Q4ZHG4,Fibronectin type III domain-containing protein 1 OS=Homo sapiens OX=9606 GN=FNDC1 PE=1 SV=4,28.148053972159733,28.340939432117302,-0.19288545995756934,0.25756486609439333,-1.143412607952984,-0.2952278658963665,0.4526977301622674
NUP214,P35658,Nuclear pore complex protein Nup214 OS=Homo sapiens OX=9606 GN=NUP214 PE=1 SV=2,25.00890735697032,24.554264317636562,0.4546430393337566,0.07795574612088442,1.7944349908093642,0.46332112235043516,0.20470597995206272
MED13L,Q71F56,Mediator of RNA polymerase II transcription subunit 13-like OS=Homo sapiens OX=9606 GN=MED13L PE=1 SV=1,21.981922595727536,21.49295796415176,0.48896463157577585,0.03548108090951111,2.15310462275643,0.5559292231051904,0.11775283726844
RASA1,P20936,Ras GTPase-activating protein 1 OS=Homo sapiens OX=9606 GN=RASA1 PE=1 SV=1,20.981792186973006,21.12284807108563,-0.1410558841126246,0.2944671005637365,-1.0579446239755725,-0.27316012732447065,0.48758098731938304
MUC7,Q8TAX7,Mucin-7 OS=Homo sapiens OX=9606 GN=MUC7 PE=1 SV=2,23.272156088204664,23.23806307863867,0.034093009565992816,0.7872927137652005,0.27107900883083136,0.06999229911388155,0.8765188048931501
EXT1,Q16394,Exostosin-1 OS=Homo sapiens OX=9606 GN=EXT1 PE=1 SV=2,21.06259034660609,21.042470812331732,0.02011953427435742,0.918279125779847,0.10304954995883901,0.02660727938831684,0.9596168577405851
RBCK1,A0A8V8TMZ2,RanBP-type and C3HC4-type zinc finger-containing protein 1 OS=Homo sapiens OX=9606 GN=RBCK1 PE=1 SV=1,23.51109885704545,23.973078549808278,-0.4619796927628279,9.95530271761314e-07,-5.471252201042941,-1.412671243835999,2.517269401453608e-05
ATAD3B,Q5T9A4,ATPase family AAA domain-containing protein 3B OS=Homo sapiens OX=9606 GN=ATAD3B PE=1 SV=1,27.71918556048776,26.61160424243263,1.1075813180551286,7.997382861265726e-08,6.1401159198613415,1.5853711134270672,3.3525870784200794e-06
TNRC18,O15417,Trinucleotide repeat-containing gene 18 protein OS=Homo sapiens OX=9606 GN=TNRC18 PE=1 SV=3,25.893195274441855,25.364958234188137,0.5282370402537175,0.05791098680554219,1.9346869641975417,0.49953402616411097,0.16622018374996164
UTP20,O75691,Small subunit processome component 20 homolog OS=Homo sapiens OX=9606 GN=UTP20 PE=1 SV=3,21.249746292672903,19.6793092646471,1.570437028025804,0.009216806186379248,2.6940500023785683,0.6956007195374831,0.044062035589883156
NET1,Q5SQI6,Neuroepithelial cell transforming 1 (Fragment) OS=Homo sapiens OX=9606 GN=NET1 PE=1 SV=1,23.358105207151997,22.924913525867307,0.4331916812846899,0.33407704079345457,0.9740494186817366,0.25149847846249207,0.5253551095596971
CAAP1,Q9H8G2,Caspase activity and apoptosis inhibitor 1 OS=Homo sapiens OX=9606 GN=CAAP1 PE=1 SV=2,25.59539887391897,26.046642680426928,-0.45124380650795715,0.008922880164875585,-2.706215997052988,-0.6987419658550881,0.043311888809890474
TTK,P33981,Dual specificity protein kinase TTK OS=Homo sapiens OX=9606 GN=TTK PE=1 SV=2,24.42892148669454,24.44305226399824,-0.014130777303698494,0.8935712942932721,-0.13437496102664764,-0.03469546574689847,0.9426881270259486
CDK12,H0YLT2,Cyclin-dependent kinase 12 OS=Homo sapiens OX=9606 GN=CDK12 PE=1 SV=2,21.763119155147912,21.466574587276867,0.2965445678710452,0.10789242010251665,1.6329728208950514,0.42163176934239205,0.25690975369702396
AFAP1L1,Q8TED9,Actin filament-associated protein 1-like 1 OS=Homo sapiens OX=9606 GN=AFAP1L1 PE=1 SV=2,25.350492185063008,25.65239481271877,-0.3019026276557639,0.4622669941960126,-0.7400298214339017,-0.19107487827402334,0.6415303201004495
CDK12,Q9NYV4,Cyclin-dependent kinase 12 OS=Homo sapiens OX=9606 GN=CDK12 PE=1 SV=2,19.592539595370827,18.71145236055555,0.8810872348152756,0.014067567606748963,2.5321229190258046,0.6537913263958035,0.05967557313437192
HEXA-AS1,Q9H8Q6,Putative uncharacterized protein encoded by HEXA-AS1 OS=Homo sapiens OX=9606 GN=HEXA-AS1 PE=5 SV=1,23.073808908965475,22.98028046222218,0.09352844674329575,0.5521602734228136,0.5980115551002939,0.15440591958286917,0.7110358743765665
JAM2,P57087,Junctional adhesion molecule B OS=Homo sapiens OX=9606 GN=JAM2 PE=1 SV=1,20.699881142639565,20.48876832098929,0.2111128216502749,0.552627624336012,0.5973064815153238,0.15422387036603982,0.7110358743765665
WDHD1,O75717,WD repeat and HMG-box DNA-binding protein 1 OS=Homo sapiens OX=9606 GN=WDHD1 PE=1 SV=1,24.361076849996362,24.310355489949924,0.050721360046438235,0.7860116073552931,0.2727533308730062,0.07042460720625028,0.8762186777585597
ECT2,Q9H8V3,Protein ECT2 OS=Homo sapiens OX=9606 GN=ECT2 PE=1 SV=4,23.2272414492102,23.485042373126298,-0.257800923916097,0.006477899216527755,-2.8247051811230537,-0.7293357416290263,0.03515178599070421
TTC21B,Q7Z4L5,Tetratricopeptide repeat protein 21B OS=Homo sapiens OX=9606 GN=TTC21B PE=1 SV=2,25.105340836717765,25.207503836911364,-0.10216300019359892,0.7162962929760978,-0.36519223775627097,-0.09429223033295046,0.8341081832682191
CD96,P40200,T-cell surface protein tactile OS=Homo sapiens OX=9606 GN=CD96 PE=1 SV=2,26.64992312965156,26.60611319362677,0.04380993602479322,0.671777047056228,0.4258724489891802,0.10995979350291084,0.8010036197309665
CADPS2,Q86UW7,Calcium-dependent secretion activator 2 OS=Homo sapiens OX=9606 GN=CADPS2 PE=1 SV=2,26.77243841108411,26.376912009874456,0.3955264012096542,0.3218478939713049,0.999201004143327,0.2579925899040556,0.515798486012363
EPG5,Q9HCE0,Ectopic P granules protein 5 homolog OS=Homo sapiens OX=9606 GN=EPG5 PE=1 SV=2,24.154894264136214,24.08612974744351,0.06876451669270267,0.4974235806283388,0.6828445527068655,0.1763097053788095,0.668688408388982
THAP4,Q8WY91,Peroxynitrite isomerase THAP4 OS=Homo sapiens OX=9606 GN=THAP4 PE=1 SV=2,23.92804126815763,23.913035222982526,0.015006045175105953,0.8814052589005014,0.14984692434297045,0.03869030949738182,0.93667683617645
RBM22,Q9NW64,Pre-mRNA-splicing factor RBM22 OS=Homo sapiens OX=9606 GN=RBM22 PE=1 SV=1,21.768627621061682,22.988690140429092,-1.22006251936741,0.0030257043850331474,-3.0952763376830124,-0.7991969138504128,0.01991713671635456
CYB5R3,A0A8I5KW26,cytochrome-b5 reductase OS=Homo sapiens OX=9606 GN=CYB5R3 PE=1 SV=1,23.527378449603034,23.74667701920243,-0.21929856959939542,0.4543352873432912,-0.7532688251043386,-0.1944931743230887,0.6346668558823733
LAMB1,P07942,Laminin subunit beta-1 OS=Homo sapiens OX=9606 GN=LAMB1 PE=1 SV=2,24.272787241223096,24.102265018300223,0.1705222229228731,0.04447118803167154,2.0542107067889477,0.5303949237996374,0.13863523000871383
TEX15,Q9BXT5,Testis-expressed protein 15 OS=Homo sapiens OX=9606 GN=TEX15 PE=1 SV=2,23.76155369872021,23.65086150749126,0.11069219122894935,0.2379963336505233,1.1923068523594818,0.30785230551715054,0.4313175876055559
HMGN4,O00479,High mobility group nucleosome-binding domain-containing protein 4 OS=Homo sapiens OX=9606 GN=HMGN4 PE=1 SV=3,15.68334824856476,15.940063097305272,-0.2567148487405113,0.5713142691246988,-0.5693542612860228,-0.14700663813686618,0.7260169022391366
BLTP2,Q14667,Bridge-like lipid transfer protein family member 2 OS=Homo sapiens OX=9606 GN=BLTP2 PE=1 SV=3,23.447786508862016,23.378705888791316,0.06908062007070015,0.6477865869916333,0.4592285644430466,0.11857230547937729,0.7831639350462583
AGPAT5,Q9NUQ2,1-acyl-sn-glycerol-3-phosphate acyltransferase epsilon OS=Homo sapiens OX=9606 GN=AGPAT5 PE=1 SV=3,23.247049739171,23.06390113734887,0.1831486018221291,0.20771262190170173,1.2740915980559249,0.32896903605422606,0.3900547780186226
PIK3C2B,O00750,Phosphatidylinositol 4-phosphate 3-kinase C2 domain-containing subunit beta OS=Homo sapiens OX=9606 GN=PIK3C2B PE=1 SV=2,19.826959537347633,20.069636610948727,-0.2426770736010937,0.020933063467535578,-2.373899644742089,-0.6129382526435876,0.07864709930137777
MAP3K13,O43283,Mitogen-activated protein kinase kinase kinase 13 OS=Homo sapiens OX=9606 GN=MAP3K13 PE=1 SV=1,27.471107986586443,26.654661445608294,0.8164465409781485,1.0849858595421085e-05,4.817083202533725,1.2437655347139072,0.00020097470630820683
OR10T2,Q8NGX3,Olfactory receptor 10T2 OS=Homo sapiens OX=9606 GN=OR10T2 PE=3 SV=1,19.268808569715077,21.141206923985276,-1.8723983542701994,6.2604718411019885e-09,-6.8035839610308,-1.7566778250397455,2.93321518908102e-07
DLC1,Q96QB1,Rho GTPase-activating protein 7 OS=Homo sapiens OX=9606 GN=DLC1 PE=1 SV=4,23.73171157965686,23.090813053054482,0.6408985266023777,0.02552758796254115,2.2924247608743844,0.5919015280866675,0.09179559283144029
RYR2,Q92736,Ryanodine receptor 2 OS=Homo sapiens OX=9606 GN=RYR2 PE=1 SV=3,24.07010874646198,24.03054716117505,0.0395615852869291,0.7273405390416352,0.350356305921936,0.0904616092049606,0.8420405905164117
CNOT1,A5YKK6,CCR4-NOT transcription complex subunit 1 OS=Homo sapiens OX=9606 GN=CNOT1 PE=1 SV=2,23.445377653527842,23.329367930028386,0.11600972349945593,0.6978698483078922,0.39012954737729344,0.10073101599037967,0.8210536693903046
SETD2,Q9BYW2,Histone-lysine N-methyltransferase SETD2 OS=Homo sapiens OX=9606 GN=SETD2 PE=1 SV=3,27.38557928203018,27.31527264276722,0.07030663926295944,0.6427528355152852,0.4662923972193481,0.12039617925957792,0.7804155998291533
PEG3,Q9GZU2,Paternally-expressed gene 3 protein OS=Homo sapiens OX=9606 GN=PEG3 PE=1 SV=1,24.994996104022956,25.17170217734426,-0.17670607332130572,0.3055853136334859,-1.0336614539833122,-0.2668902397929275,0.4982573230482529
TIAM2,Q8IVF5,Rho guanine nucleotide exchange factor TIAM2 OS=Homo sapiens OX=9606 GN=TIAM2 PE=1 SV=4,21.906365622999985,21.328616053831826,0.5777495691681587,0.5055628442266888,0.6699270299211679,0.17297441533725877,0.6735993640659889
TMPRSS13,Q9BYE2,Transmembrane protease serine 13 OS=Homo sapiens OX=9606 GN=TMPRSS13 PE=1 SV=5,14.925600068440556,16.212474496636904,-1.2868744281963487,0.00452141493971385,-2.9543180557666795,-0.7628016419589483,0.026676348144311714
OPTN,Q96CV9,Optineurin OS=Homo sapiens OX=9606 GN=OPTN PE=1 SV=3,23.01308904819205,23.056641882101808,-0.04355283390975728,0.67321015301637,-0.42389536596846483,-0.10944931286202417,0.8015125364387724
DNAH10,Q8IVF4,Dynein axonemal heavy chain 10 OS=Homo sapiens OX=9606 GN=DNAH10 PE=1 SV=4,25.90815210088514,25.83153142206039,0.07662067882474943,0.6464782582231534,0.4610622873457968,0.11904577069697131,0.7831481865775539
GRK3,P35626,G protein-coupled receptor kinase 3 OS=Homo sapiens OX=9606 GN=GRK3 PE=1 SV=2,27.368863012767235,27.34705467328972,0.02180833947751637,0.8634728114775806,0.17272004107767874,0.044596122843340705,0.92637671054269
FLT3,P36888,Receptor-type tyrosine-protein kinase FLT3 OS=Homo sapiens OX=9606 GN=FLT3 PE=1 SV=2,23.945867684917648,23.851314819925516,0.09455286499213145,0.26052713345446177,1.136245026227009,0.2933772042525477,0.45377236574648794
Unknown,H0Y858,Toll-like receptor 9 (Fragment) OS=Homo sapiens OX=9606 PE=3 SV=1,23.5673891380542,23.287309952988092,0.2800791850661071,0.21583770125070828,1.251330304730061,0.3230920953882786,0.3998016954562538
CEP63,Q96MT8,Centrosomal protein of 63 kDa OS=Homo sapiens OX=9606 GN=CEP63 PE=1 SV=1,24.433324376579304,24.09063975713706,0.34268461944224526,0.0022062754144126797,3.2035629071333873,0.8271563858570283,0.015414897961225433
CCPG1,Q9ULG6,Cell cycle progression protein 1 OS=Homo sapiens OX=9606 GN=CCPG1 PE=1 SV=3,28.921488803581664,28.809390512470944,0.11209829111071912,0.2395454515976487,1.1883328629566787,0.30682622586547986,0.4328415768753749
PRDM2,Q13029,PR domain zinc finger protein 2 OS=Homo sapiens OX=9606 GN=PRDM2 PE=1 SV=3,24.855470281404457,24.960197234878276,-0.10472695347381844,0.2616669010373553,-1.1335026338499872,-0.2926691215855496,0.4540690341530577
PIM1,P11309,Serine/threonine-protein kinase pim-1 OS=Homo sapiens OX=9606 GN=PIM1 PE=1 SV=4,25.66089557535712,25.402916591890925,0.2579789834661952,0.007246494594965568,2.7835628852248027,0.7187128465064485,0.03723763190251661
HSD3B2,P26439,3 beta-hydroxysteroid dehydrogenase/Delta 5-->4-isomerase type 2 OS=Homo sapiens OX=9606 GN=HSD3B2 PE=1 SV=2,27.332696390792833,27.31628440368769,0.01641198710514402,0.8461095335790163,0.19495495263141874,0.05033715232014271,0.9150390271496083
MCM5,P33992,DNA replication licensing factor MCM5 OS=Homo sapiens OX=9606 GN=MCM5 PE=1 SV=5,26.566236217887287,26.65228411265967,-0.08604789477238484,0.1373439725038263,-1.5065871869903273,-0.38899913898820115,0.2972675926611349
NUAK2,Q9H093,NUAK family SNF1-like kinase 2 OS=Homo sapiens OX=9606 GN=NUAK2 PE=1 SV=1,18.88283382148801,19.23047561436708,-0.34764179287907027,0.046058391616942,-2.0385893361567047,-0.5263615032460633,0.1416428915941865
TSHZ3,Q63HK5,Teashirt homolog 3 OS=Homo sapiens OX=9606 GN=TSHZ3 PE=1 SV=2,24.320126284925248,24.14978088451268,0.17034540041256818,0.034694444090283806,2.1627676687397845,0.5584242108496684,0.11604879192593263
PPM1D,O15297,Protein phosphatase 1D OS=Homo sapiens OX=9606 GN=PPM1D PE=1 SV=1,27.535933382248672,27.52566802151838,0.010265360730290496,0.8891033900202364,0.14005294858699416,0.03616151583097813,0.9414734901289165
TTC13,Q8NBP0,Tetratricopeptide repeat protein 13 OS=Homo sapiens OX=9606 GN=TTC13 PE=1 SV=3,24.45052972482019,24.55438964927523,-0.10385992445504044,0.5782163969368246,-0.5591436815592913,-0.14437027778774922,0.73219294143113
TMC8,Q8IU68,Transmembrane channel-like protein 8 OS=Homo sapiens OX=9606 GN=TMC8 PE=1 SV=1,25.212607268138775,25.096612763321108,0.11599450481766738,0.35120701780489505,0.9398211382168296,0.24266077444849865,0.5410761889392629
UNC13C,Q8NB66,Protein unc-13 homolog C OS=Homo sapiens OX=9606 GN=UNC13C PE=1 SV=3,24.485841213822017,24.46019970276921,0.02564151105280743,0.8373888338143732,0.20615880016540258,0.053229973314313804,0.9120120137372187
ABCA12,Q86UK0,Glucosylceramide transporter ABCA12 OS=Homo sapiens OX=9606 GN=ABCA12 PE=1 SV=3,25.63974136475967,25.567071698772903,0.07266966598676561,0.7283941831334685,0.34894506054392055,0.09009722721519621,0.8420405905164117
CILP,O75339,Cartilage intermediate layer protein 1 OS=Homo sapiens OX=9606 GN=CILP PE=1 SV=4,24.591628752555028,24.866078961860556,-0.27445020930552744,0.08032751506019578,-1.7799211507724737,-0.4595736649669421,0.20840672881252748
CHRNE,Q04844,Acetylcholine receptor subunit epsilon OS=Homo sapiens OX=9606 GN=CHRNE PE=1 SV=2,21.73857470289444,21.95525627849291,-0.21668157559847145,0.4880505806141543,-0.6978640930827579,-0.1801877340283776,0.6641636796408211
CCDC168,Q8NDH2,Leucine-rich repeat transmembrane protein CCDC168 OS=Homo sapiens OX=9606 GN=CCDC168 PE=1 SV=3,24.42597446900179,23.998346676991844,0.4276277920099467,0.18453339831365168,1.3429086770851089,0.34673752945520403,0.3615765110868968
RAD54B,Q9Y620,DNA repair and recombination protein RAD54B OS=Homo sapiens OX=9606 GN=RAD54B PE=1 SV=1,20.992137181314327,21.06459601839075,-0.07245883707642164,0.7335628260152071,-0.34203235409099714,-0.08831237408390336,0.8467866535088585
TSC2,A0A2R8Y670,TSC complex subunit 2 OS=Homo sapiens OX=9606 GN=TSC2 PE=1 SV=2,18.237040673573908,18.53280852019537,-0.2957678466214624,0.298543440291176,-1.0489698181044869,-0.27084284241286005,0.49148203136357727
ZNF32,P17041,Zinc finger protein 32 OS=Homo sapiens OX=9606 GN=ZNF32 PE=1 SV=2,26.80828915961323,26.916200569601145,-0.10791140998791349,0.19516994980022823,-1.3105675978270748,-0.3383870986975547,0.37549001211565647
CKMT1A; CKMT1B,P12532,"Creatine kinase U-type, mitochondrial OS=Homo sapiens OX=9606 GN=CKMT1A PE=1 SV=1",21.963529418043773,21.82126240687359,0.14226701117018337,0.42090571100955587,0.8106059825614964,0.20929756471978503,0.601887610088171
ATP9B,O43861,Probable phospholipid-transporting ATPase IIB OS=Homo sapiens OX=9606 GN=ATP9B PE=1 SV=4,28.052780377282364,27.93568264866537,0.11709772861699363,0.6562776173102225,0.44736535180282044,0.11550923714683638,0.7895214175793385
PPM1G,O15355,Protein phosphatase 1G OS=Homo sapiens OX=9606 GN=PPM1G PE=1 SV=1,23.969508673075005,24.01182663653048,-0.04231796345547423,0.7465832987050469,-0.32469081768296343,-0.08383480863683906,0.8550015778843564
TOP3B,F2Z2A5,DNA topoisomerase OS=Homo sapiens OX=9606 GN=TOP3B PE=1 SV=1,23.964498891603412,23.79131083186505,0.1731880597383615,0.5031151575965541,0.6737997143660678,0.173974338161273,0.6723678238685492
DNAH14,A0A804HLD3,Dynein axonemal heavy chain 14 OS=Homo sapiens OX=9606 GN=DNAH14 PE=1 SV=1,22.34954901377987,21.730477035538605,0.6190719782412657,0.01791132982415139,2.4367143310191284,0.6291569349001355,0.07097698609421184
MRPS31,Q92665,Small ribosomal subunit protein mS31 OS=Homo sapiens OX=9606 GN=MRPS31 PE=1 SV=3,21.009229038448765,21.5535261178265,-0.5442970793777349,0.014638125282066811,-2.51657352801766,-0.6497764909012561,0.061106696286599434
ADGRV1,Q8WXG9,Adhesion G-protein coupled receptor V1 OS=Homo sapiens OX=9606 GN=ADGRV1 PE=1 SV=2,19.80817753197378,19.653415463515334,0.15476206845844587,0.625986158856753,0.48999454796535863,0.12651604826681767,0.7661130322752895
DDA1,Q9BW61,DET1- and DDB1-associated protein 1 OS=Homo sapiens OX=9606 GN=DDA1 PE=1 SV=1,27.198931626599787,26.74954103258923,0.4493905940105556,0.0026495590582461723,3.1410495852594367,0.8110155155547674,0.018037382819598942
RIMS1,Q86UR5,Regulating synaptic membrane exocytosis protein 1 OS=Homo sapiens OX=9606 GN=RIMS1 PE=1 SV=1,24.43149157729853,24.19771365030387,0.2337779269946587,0.035240251206256144,2.15604287878032,0.5566878775483517,0.11744292922921765
GLI1,P08151,Zinc finger protein GLI1 OS=Homo sapiens OX=9606 GN=GLI1 PE=1 SV=1,19.02283314866368,18.541880283564804,0.4809528650988746,0.09964995696992052,1.6733206724062184,0.43204953980625865,0.24309706194959171
OPA1,O60313,"Dynamin-like GTPase OPA1, mitochondrial OS=Homo sapiens OX=9606 GN=OPA1 PE=1 SV=3",23.80647467083183,24.152123535699207,-0.34564886486737834,0.026262084533232546,-2.280630864082378,-0.5888563570291787,0.09401236103694259
BICRA,Q9NZM4,BRD4-interacting chromatin-remodeling complex-associated protein OS=Homo sapiens OX=9606 GN=BICRA PE=1 SV=2,25.827767380469762,25.92511853972475,-0.09735115925498761,0.4549840234888075,-0.7521810269152306,-0.1942123060383921,0.6346668558823733
TRHDE,Q9UKU6,Thyrotropin-releasing hormone-degrading ectoenzyme OS=Homo sapiens OX=9606 GN=TRHDE PE=1 SV=2,22.063501366008847,21.732613053744085,0.33088831226476145,0.2184832081614386,1.2440562581409405,0.32121394463499847,0.4032951918901178
MAP7D3,Q8IWC1,MAP7 domain-containing protein 3 OS=Homo sapiens OX=9606 GN=MAP7D3 PE=1 SV=2,19.90025313415222,21.487596641167883,-1.5873435070156638,9.021895582517402e-05,-4.209216213194139,-1.0868149529524767,0.0012389551433577778
UTP25,Q68CQ4,U3 small nucleolar RNA-associated protein 25 homolog OS=Homo sapiens OX=9606 GN=UTP25 PE=1 SV=2,19.434757779399863,18.895577265990678,0.5391805134091854,0.04084168754667483,2.0918326854705875,0.5401088769253282,0.13038238128627858
NLRP2,A0A0G2JLQ8,NLR family pyrin domain containing 2 (Fragment) OS=Homo sapiens OX=9606 GN=NLRP2 PE=1 SV=1,19.542521179225396,20.018795855791673,-0.47627467656627687,0.03545223094389778,-2.1534556862108376,-0.5560198672993493,0.11775283726844
ABTB1,Q969K4,Ankyrin repeat and BTB/POZ domain-containing protein 1 OS=Homo sapiens OX=9606 GN=ABTB1 PE=1 SV=1,28.26982862100008,28.189298520882115,0.08053010011796502,0.33030296075324916,0.981745239574011,0.25348553087257036,0.5230035361761666
SMC5,Q8IY18,Structural maintenance of chromosomes protein 5 OS=Homo sapiens OX=9606 GN=SMC5 PE=1 SV=2,27.080752307852904,26.441044703178427,0.6397076046744772,2.8646898507372503e-07,5.803737127824377,1.498518482788632,9.126901864448878e-06
MAP7D1,Q3KQU3,MAP7 domain-containing protein 1 OS=Homo sapiens OX=9606 GN=MAP7D1 PE=1 SV=1,23.19297847715178,22.278921077971788,0.9140573991799918,5.1222106487350295e-05,4.375011406753863,1.129623087855013,0.0007555260706884169
DNAAF5,Q86Y56,Dynein axonemal assembly factor 5 OS=Homo sapiens OX=9606 GN=DNAAF5 PE=1 SV=4,25.332458605080515,25.797787792784355,-0.4653291877038406,0.01363409564547758,-2.544322772180915,-0.6569413149355314,0.058542087232468426
TRPC6,Q9Y210,Short transient receptor potential channel 6 OS=Homo sapiens OX=9606 GN=TRPC6 PE=1 SV=1,23.00882823131174,22.72966083107764,0.2791674002340976,0.09405059872759501,1.7023166017580513,0.4395362565720891,0.2330056046237307
TRAF5,O00463,TNF receptor-associated factor 5 OS=Homo sapiens OX=9606 GN=TRAF5 PE=1 SV=2,17.845740402027182,19.329252525290308,-1.4835121232631252,0.0017299529988976318,-3.285557125730728,-0.8483272020645476,0.012817744777878733
DDB1,Q16531,DNA damage-binding protein 1 OS=Homo sapiens OX=9606 GN=DDB1 PE=1 SV=1,21.16869941610343,23.660832963358125,-2.4921335472546957,7.709147748322896e-07,-5.539895321571203,-1.4303948213451767,2.1545039233470833e-05
SLC44A5,Q8NCS7,Choline transporter-like protein 5 OS=Homo sapiens OX=9606 GN=SLC44A5 PE=1 SV=5,22.583544247471824,22.19800109789026,0.3855431495815651,0.11218394501845243,1.6129495467696133,0.4164617821941009,0.26088908673634265
LINC03122,Q2M2E5,Uncharacterized protein encoded by LINC03122 OS=Homo sapiens OX=9606 GN=LINC03122 PE=5 SV=2,21.570386885096504,21.783118333449057,-0.2127314483525531,0.5887426760208043,-0.5436840977290193,-0.1403786304068198,0.7390599550048395
GRK4,P32298,G protein-coupled receptor kinase 4 OS=Homo sapiens OX=9606 GN=GRK4 PE=1 SV=3,25.966642721275417,25.924024197965117,0.04261852331029914,0.6195386725796724,0.49918302903786715,0.1288885038782022,0.7609291483573001
RALGAPB,Q86X10,Ral GTPase-activating protein subunit beta OS=Homo sapiens OX=9606 GN=RALGAPB PE=1 SV=1,25.7276828853286,25.87814910316304,-0.15046621783443825,0.6926527742483866,-0.39723429802655563,-0.10256545471994957,0.8167252919153811
AGAP2,F8VVT9,"ArfGAP with GTPase domain, ankyrin repeat and PH domain 2 OS=Homo sapiens OX=9606 GN=AGAP2 PE=1 SV=1",17.747553696410574,17.36178582404544,0.38576787236513255,0.15952504274714008,1.424969884219665,0.3679256420286582,0.32976666616866795
ABCA8,O94911,ABC-type organic anion transporter ABCA8 OS=Homo sapiens OX=9606 GN=ABCA8 PE=1 SV=4,20.522918607906394,20.232646426900462,0.2902721810059319,0.48525321747605255,0.70237745222697,0.18135307834844336,0.6641636796408211
PLEKHM1,Q9Y4G2,Pleckstrin homology domain-containing family M member 1 OS=Homo sapiens OX=9606 GN=PLEKHM1 PE=1 SV=3,20.692409782959693,24.309568737911498,-3.6171589549518046,1.0941561671440428e-06,-5.445836399381205,-1.4061089120649048,2.6014787675529255e-05
OSBPL5,Q9H0X9,Oxysterol-binding protein-related protein 5 OS=Homo sapiens OX=9606 GN=OSBPL5 PE=1 SV=1,18.579810155411057,18.284143455419937,0.29566669999111994,0.3600914011728238,0.9224963744263056,0.23818753967265355,0.5520939384680541
ZNF83,P51522,Zinc finger protein 83 OS=Homo sapiens OX=9606 GN=ZNF83 PE=1 SV=3,21.330966318603945,21.750076526861168,-0.4191102082572229,0.123381398970496,-1.5634742425928712,-0.403687313585763,0.2768147392722806
NFXL1,Q6ZNB6,NF-X1-type zinc finger protein NFXL1 OS=Homo sapiens OX=9606 GN=NFXL1 PE=1 SV=2,19.784487016279382,20.11255069922817,-0.3280636829487875,0.4373167806811942,-0.7821349110876685,-0.2019463656753306,0.6197914872109807
GFPT1,Q06210,Glutamine--fructose-6-phosphate aminotransferase [isomerizing] 1 OS=Homo sapiens OX=9606 GN=GFPT1 PE=1 SV=3,23.91548092334095,23.9241032377502,-0.008622314409247878,0.9607589369597399,-0.049414263307159534,-0.012758707923582475,0.9798264958878782
PRB1,P04280,Basic salivary proline-rich protein 1 OS=Homo sapiens OX=9606 GN=PRB1 PE=1 SV=3,23.541803895613473,23.523203942194428,0.01859995341904508,0.9378096433439035,0.07836223014521007,0.02023304082160476,0.9700849102901548
WDPCP,O95876,WD repeat-containing and planar cell polarity effector protein fritz homolog OS=Homo sapiens OX=9606 GN=WDPCP PE=1 SV=2,24.79725184221915,24.91192688742399,-0.11467504520484084,0.17091029020628146,-1.3864692260676337,-0.35798481483926875,0.34506982547351883
LRRCC1,Q9C099,Leucine-rich repeat and coiled-coil domain-containing protein 1 OS=Homo sapiens OX=9606 GN=LRRCC1 PE=1 SV=2,19.313566298296955,19.046996524840097,0.2665697734568582,0.3770142895902089,0.8902412256586485,0.229859296072215,0.5649894292730036
NPHP1,O15259,Nephrocystin-1 OS=Homo sapiens OX=9606 GN=NPHP1 PE=1 SV=1,25.85342612815459,26.017912314558714,-0.1644861864041225,0.29776133077156514,-1.0506852270669127,-0.2712857591024207,0.49102877838416487
TESPA1,A2RU30,Protein TESPA1 OS=Homo sapiens OX=9606 GN=TESPA1 PE=1 SV=2,26.531228443103817,27.035245529944998,-0.5040170868411806,0.110819519895811,-1.6192473044940467,-0.4180878562464462,0.26071450735068596
ACSL1,P33121,Long-chain-fatty-acid--CoA ligase 1 OS=Homo sapiens OX=9606 GN=ACSL1 PE=1 SV=1,24.465591898022602,24.19921408938052,0.2663778086420834,0.07690275358636615,1.8009971742199453,0.4650154708213644,0.2033024787115936
IGHV2-5,P01817,Immunoglobulin heavy variable 2-5 OS=Homo sapiens OX=9606 GN=IGHV2-5 PE=1 SV=2,25.155428621371033,25.401981616455416,-0.24655299508438233,0.17247873300058983,-1.3813215767119225,-0.35665569749081644,0.34691745160345905
ZNF292,O60281,Zinc finger protein 292 OS=Homo sapiens OX=9606 GN=ZNF292 PE=1 SV=3,19.300126497050556,20.86185288071117,-1.5617263836606128,0.0050732233032338625,-2.913182005971706,-0.7521803595733023,0.028966468537819152
DNAH12,Q6ZR08,Dynein axonemal heavy chain 12 OS=Homo sapiens OX=9606 GN=DNAH12 PE=1 SV=2,29.02011644119526,29.093652108025616,-0.07353566683035595,0.2174690239880444,-1.2468371208326627,-0.3219319602945405,0.40235558096742713
XPO6,Q96QU8,Exportin-6 OS=Homo sapiens OX=9606 GN=XPO6 PE=1 SV=1,23.040172353838383,20.72990183455921,2.3102705192791717,1.27416314380243e-09,7.215330701965026,1.8629903764059743,7.384275046651541e-08
SPATA31H1,C9JG08,SPATA31 subfamily H member 1 OS=Homo sapiens OX=9606 GN=SPATA31H1 PE=1 SV=2,25.28119302716886,25.297625840740867,-0.01643281357200621,0.8082984446237456,-0.24373200456939806,-0.0629313329756686,0.8898544728995347
TTC6,G3V3A5,Tetratricopeptide repeat domain 6 OS=Homo sapiens OX=9606 GN=TTC6 PE=1 SV=1,22.012878916759284,22.102597122715416,-0.08971820595613167,0.6164978858049512,-0.5035313445556353,-0.13001123411716028,0.7595368384279098
SLC7A8,Q9UHI5,Large neutral amino acids transporter small subunit 2 OS=Homo sapiens OX=9606 GN=SLC7A8 PE=1 SV=1,20.0051572368977,18.534035041256672,1.4711221956410263,9.113894668036802e-05,4.206218822986641,1.0860410301287615,0.0012408918124942414
MOV10,Q9HCE1,Helicase MOV-10 OS=Homo sapiens OX=9606 GN=MOV10 PE=1 SV=2,28.61579859991637,28.696812188606582,-0.08101358869021169,0.3557944008215249,-0.9308406632223084,-0.24034202577551117,0.5460312914341899
PRRG3,H7C0C2,Proline rich and Gla domain 3 (Fragment) OS=Homo sapiens OX=9606 GN=PRRG3 PE=4 SV=1,25.08332134495829,25.254000529139937,-0.17067918418164751,0.13294301667666872,-1.5240004934450548,-0.3934952353816389,0.29241634551327095
C3AR1,Q16581,C3a anaphylatoxin chemotactic receptor OS=Homo sapiens OX=9606 GN=C3AR1 PE=1 SV=2,24.76475593897855,24.747080038751662,0.017675900226887364,0.8795747696476108,0.1521778877871594,0.03929216167071263,0.9353555460938878
SZT2,Q5T011,KICSTOR complex protein SZT2 OS=Homo sapiens OX=9606 GN=SZT2 PE=1 SV=3,24.512537627545065,24.96736859088193,-0.4548309633368639,0.0604852339745891,-1.914562791181635,-0.49433798703432397,0.17083861298141922
BAHCC1,Q9P281,BAH and coiled-coil domain-containing protein 1 OS=Homo sapiens OX=9606 GN=BAHCC1 PE=1 SV=4,26.63608550104271,27.031012460570896,-0.3949269595281848,0.00022802267574825329,-3.931082518724617,-1.0150011418391698,0.002670883253433584
IMUP,Q9GZP8,Immortalization up-regulated protein OS=Homo sapiens OX=9606 GN=IMUP PE=1 SV=1,22.100240984694395,17.16978735513405,4.930453629560343,9.800321052615765e-07,5.475470709786665,1.4137604581100172,2.517269401453608e-05
DENND1B,Q6P3S1,DENN domain-containing protein 1B OS=Homo sapiens OX=9606 GN=DENND1B PE=1 SV=2,25.38324894241462,25.42744243617348,-0.04419349375885773,0.9186539284710561,-0.10257523240024277,-0.026484811121299714,0.9596168577405851
MAGEE1,Q9HCI5,Melanoma-associated antigen E1 OS=Homo sapiens OX=9606 GN=MAGEE1 PE=1 SV=2,23.569405297465618,22.721384532710125,0.8480207647554927,0.006323360880816223,2.8335183512310516,0.7316112923660641,0.03473487545910429
ARHGAP22,D6R9V6,Rho GTPase activating protein 22 OS=Homo sapiens OX=9606 GN=ARHGAP22 PE=1 SV=1,23.329028238628617,23.849247784694125,-0.5202195460655084,0.0012894847784489071,-3.383131997833529,-0.8735209257087124,0.010270746260345544
VEPH1,Q14D04,Ventricular zone-expressed PH domain-containing protein homolog 1 OS=Homo sapiens OX=9606 GN=VEPH1 PE=1 SV=1,26.171875997925383,26.54136194556221,-0.3694859476368251,0.001414946577260621,-3.3524703188861804,-0.8656041142467229,0.011049068125373379
ZMYM5,Q9UJ78,Zinc finger MYM-type protein 5 OS=Homo sapiens OX=9606 GN=ZMYM5 PE=1 SV=4,22.976967314717353,23.36666908891063,-0.3897017741932771,0.0002939157051176192,-3.8533141065377654,-0.9949214241551251,0.0032069021798107355
NPHP3,Q7Z494,Nephrocystin-3 OS=Homo sapiens OX=9606 GN=NPHP3 PE=1 SV=1,20.928509660762963,21.210374513234335,-0.2818648524713723,0.092765987165928,-1.709168277605505,-0.4413053516688091,0.23120451739954073
MLIP,E9PFJ4,Muscular LMNA interacting protein (Fragment) OS=Homo sapiens OX=9606 GN=MLIP PE=1 SV=1,26.365354713940846,26.848389260057775,-0.4830345461169294,0.31557020049832324,-1.0123610675838899,-0.26139050367341116,0.5108773672701513
DIXDC1,Q155Q3,Dixin OS=Homo sapiens OX=9606 GN=DIXDC1 PE=1 SV=2,23.986605404871753,23.459225746255626,0.5273796586161268,0.0098449024581629,2.6691996974936116,0.6891843984063089,0.045990995940919356
MBTD1,Q05BQ5,MBT domain-containing protein 1 OS=Homo sapiens OX=9606 GN=MBTD1 PE=1 SV=2,30.040810547035456,30.332124028156436,-0.2913134811209801,0.005153133105676675,-2.907572595630921,-0.7507320160511752,0.029270485687727086
TARBP1,Q13395,Probable methyltransferase TARBP1 OS=Homo sapiens OX=9606 GN=TARBP1 PE=1 SV=1,23.870624493945417,23.943695951422693,-0.07307145747727617,0.5386213888459254,-0.6185701520904922,-0.15971412650049768,0.7021471951158421
